,x,y,Cancer.cells,Fibroblast,MoMacDC
cosmx_bcc_xdonor_spot_0000000024,-440319.7054651777,33724.54977811941,0.5294117647058824,0.1176470588235294,0.0
cosmx_bcc_xdonor_spot_0000000025,-440281.1270338053,34069.38311145274,0.1666666666666666,0.0,0.3333333333333333
cosmx_bcc_xdonor_spot_0000000027,-440325.1270338053,34875.21644478606,0.3333333333333333,0.0,0.0
cosmx_bcc_xdonor_spot_0000000028,-440366.293700472,35259.2497781194,0.0,0.0,0.0
cosmx_bcc_xdonor_spot_0000000029,-440286.87264784024,35642.49714654047,0.4736842105263157,0.0,0.0
cosmx_bcc_xdonor_spot_0000000030,-440270.67831585655,36049.8574704271,0.4615384615384615,0.5384615384615384,0.0
cosmx_bcc_xdonor_spot_0000000031,-440262.6466416483,36349.608601648826,0.5882352941176471,0.3529411764705882,0.0588235294117647
cosmx_bcc_xdonor_spot_0000000032,-440274.97370047175,36785.82977811942,0.6,0.4,0.0
cosmx_bcc_xdonor_spot_0000000033,-440296.96036713856,37085.88311145275,0.0666666666666666,0.5333333333333333,0.2666666666666666
cosmx_bcc_xdonor_spot_0000000189,-439915.4365576148,33374.97834954797,0.0,0.1428571428571428,0.2857142857142857
cosmx_bcc_xdonor_spot_0000000190,-439939.193700472,33723.94977811941,0.1,0.2,0.3
cosmx_bcc_xdonor_spot_0000000191,-439919.668700472,34091.7997781194,0.375,0.0,0.25
cosmx_bcc_xdonor_spot_0000000193,-439924.168700472,34918.0497781194,0.25,0.0,0.375
cosmx_bcc_xdonor_spot_0000000194,-439923.293700472,35285.21644478608,0.75,0.0,0.0833333333333333
cosmx_bcc_xdonor_spot_0000000195,-439909.59804829786,35636.114995510725,1.0,0.0,0.0
cosmx_bcc_xdonor_spot_0000000196,-439938.2437004718,35998.74977811942,1.0,0.0,0.0
cosmx_bcc_xdonor_spot_0000000197,-439931.5937004717,36404.61644478609,0.9333333333333332,0.0,0.0
cosmx_bcc_xdonor_spot_0000000198,-439930.1794147574,36778.664063833705,0.9428571428571428,0.0,0.0
cosmx_bcc_xdonor_spot_0000000199,-439909.98120047187,37053.11227811941,0.8125,0.0625,0.0
cosmx_bcc_xdonor_spot_0000000300,-439865.3797394117,75520.3375731006,0.0,0.0,0.0
cosmx_bcc_xdonor_spot_0000000301,-439959.01307274506,75798.53757310056,0.0,0.0,0.0
cosmx_bcc_xdonor_spot_0000000302,-439947.7130727451,76211.67090643391,0.0,0.0,0.0
cosmx_bcc_xdonor_spot_0000000304,-439919.213072745,77049.93757310059,0.0,0.0,0.0
cosmx_bcc_xdonor_spot_0000000305,-439916.3380727451,77389.58757310058,0.0,0.0,0.0
cosmx_bcc_xdonor_spot_0000000306,-439885.49878703075,77790.48043024343,0.0,0.0,0.0
cosmx_bcc_xdonor_spot_0000000308,-439908.5880727451,78468.96257310058,0.0,0.0,0.0
cosmx_bcc_xdonor_spot_0000000309,-439835.2130727451,78959.50423976725,0.0,0.0,0.0
cosmx_bcc_xdonor_spot_0000000345,-439609.66232861107,29562.252314613565,0.5,0.0,0.0
cosmx_bcc_xdonor_spot_0000000350,-439507.7178841669,31468.363425724674,0.0,0.2222222222222222,0.1111111111111111
cosmx_bcc_xdonor_spot_0000000351,-439585.6385190874,31834.728505089755,0.1428571428571428,0.0,0.0
cosmx_bcc_xdonor_spot_0000000355,-439523.793700472,33310.6747781194,0.25,0.125,0.125
cosmx_bcc_xdonor_spot_0000000356,-439543.5794147577,33733.406920976544,0.4285714285714285,0.4285714285714285,0.1428571428571428
cosmx_bcc_xdonor_spot_0000000357,-439538.193700472,34119.7497781194,0.4,0.4,0.1
cosmx_bcc_xdonor_spot_0000000358,-439484.29370047204,34515.822505392134,0.7272727272727273,0.0,0.1818181818181818
cosmx_bcc_xdonor_spot_0000000359,-439512.73814491625,34892.827555897195,0.9444444444444444,0.0,0.0
cosmx_bcc_xdonor_spot_0000000360,-439560.67465285276,35230.64501621466,0.8571428571428571,0.0,0.1428571428571428
cosmx_bcc_xdonor_spot_0000000361,-439549.2460814242,35628.025968595604,0.9523809523809524,0.0,0.0
cosmx_bcc_xdonor_spot_0000000362,-439552.4090850871,36016.54977811942,1.0,0.0,0.0
cosmx_bcc_xdonor_spot_0000000363,-439532.0137004717,36393.70977811942,1.0,0.0,0.0
cosmx_bcc_xdonor_spot_0000000364,-439548.15084332885,36785.08549240513,1.0,0.0,0.0
cosmx_bcc_xdonor_spot_0000000365,-439539.3413195194,37067.025968595604,1.0,0.0,0.0
cosmx_bcc_xdonor_spot_0000000452,-439485.967242244,70237.82923339261,0.0,0.0,0.0
cosmx_bcc_xdonor_spot_0000000453,-439517.66724224394,70536.86256672595,0.0,0.0,0.0
cosmx_bcc_xdonor_spot_0000000454,-439531.06724224397,70932.7292333926,0.0,0.0,0.0
cosmx_bcc_xdonor_spot_0000000455,-439526.3100993868,71318.60066196404,0.0,0.0,0.0
cosmx_bcc_xdonor_spot_0000000456,-439485.36724224396,71737.52923339259,0.0,0.0,0.1
cosmx_bcc_xdonor_spot_0000000457,-439444.56724224397,72052.82923339261,0.0,0.0,0.0
cosmx_bcc_xdonor_spot_0000000458,-439498.167242244,72350.0292333926,0.0,0.0,0.0
cosmx_bcc_xdonor_spot_0000000465,-439458.39489092684,75114.61030037332,0.0,0.0,0.0909090909090909
cosmx_bcc_xdonor_spot_0000000466,-439479.5464060784,75543.33757310057,0.0,0.0,0.0
cosmx_bcc_xdonor_spot_0000000467,-439538.7130727451,75834.25423976724,0.0,0.0,0.0
cosmx_bcc_xdonor_spot_0000000468,-439538.5464060784,76281.00423976725,0.0,0.0,0.0
cosmx_bcc_xdonor_spot_0000000469,-439535.2130727451,76616.33757310058,0.0,0.0,0.0
cosmx_bcc_xdonor_spot_0000000470,-439530.7130727451,77008.83757310057,0.0,0.0,0.0
cosmx_bcc_xdonor_spot_0000000471,-439479.413072745,77425.83757310058,0.0,0.0,0.0
cosmx_bcc_xdonor_spot_0000000472,-439549.8797394117,77746.50423976725,0.0,0.0,0.0
cosmx_bcc_xdonor_spot_0000000473,-439566.9403454723,78134.3375731006,0.0,0.0,0.0
cosmx_bcc_xdonor_spot_0000000474,-439502.39489092684,78499.24666400968,0.0,0.0,0.0
cosmx_bcc_xdonor_spot_0000000475,-439483.87973941176,78880.78201754502,0.0,0.0,0.0
cosmx_bcc_xdonor_spot_0000000476,-439531.01307274506,79165.93757310059,0.0,0.0,0.0
cosmx_bcc_xdonor_spot_0000000516,-439177.82899527816,31432.80787016912,0.0,0.5555555555555556,0.2222222222222222
cosmx_bcc_xdonor_spot_0000000517,-439156.37066194456,31851.085647946897,0.0,0.625,0.375
cosmx_bcc_xdonor_spot_0000000518,-439141.49566194473,32237.80787016912,0.3333333333333333,0.6666666666666666,0.0
cosmx_bcc_xdonor_spot_0000000519,-439199.92423337314,32516.87136223261,0.5714285714285714,0.1428571428571428,0.0
cosmx_bcc_xdonor_spot_0000000520,-439120.3744850609,32999.7641260504,0.8,0.0,0.1
cosmx_bcc_xdonor_spot_0000000521,-439154.41134753067,33361.90271929588,0.1764705882352941,0.4705882352941176,0.1176470588235294
cosmx_bcc_xdonor_spot_0000000522,-439133.76036713854,33741.683111452745,0.0,0.4666666666666667,0.0666666666666666
cosmx_bcc_xdonor_spot_0000000523,-439143.793700472,34111.549778119406,0.0,0.8333333333333334,0.0833333333333333
cosmx_bcc_xdonor_spot_0000000524,-439157.93655761477,34531.19263526227,0.5714285714285714,0.2142857142857142,0.2142857142857142
cosmx_bcc_xdonor_spot_0000000525,-439176.8321620104,34863.39593196556,0.8461538461538461,0.0,0.0769230769230769
cosmx_bcc_xdonor_spot_0000000526,-439163.1398543181,35275.78054735018,0.9230769230769232,0.0,0.0
cosmx_bcc_xdonor_spot_0000000527,-439169.5937004718,35629.449778119415,1.0,0.0,0.0
cosmx_bcc_xdonor_spot_0000000528,-439177.17370047176,36010.86977811942,0.96,0.0,0.0
cosmx_bcc_xdonor_spot_0000000529,-439186.5714782496,36376.27200034164,1.0,0.0,0.0
cosmx_bcc_xdonor_spot_0000000530,-439151.810941851,36757.30839880907,1.0,0.0,0.0
cosmx_bcc_xdonor_spot_0000000531,-439182.92527941917,37087.60240969836,0.9473684210526316,0.0,0.0
cosmx_bcc_xdonor_spot_0000000546,-439184.36388677434,42879.0639058216,0.0,0.0,0.1666666666666666
cosmx_bcc_xdonor_spot_0000000547,-439217.73055344104,43299.513905821594,0.0,0.6,0.0
cosmx_bcc_xdonor_spot_0000000548,-439232.93055344105,43690.7139058216,0.0,0.0,0.0
cosmx_bcc_xdonor_spot_0000000549,-439139.36388677434,43968.5639058216,0.0,0.0,0.0
cosmx_bcc_xdonor_spot_0000000550,-439097.530553441,44358.3139058216,0.0,0.0,0.0
cosmx_bcc_xdonor_spot_0000000551,-439073.36388677434,44720.8139058216,0.0,0.0,0.0
cosmx_bcc_xdonor_spot_0000000615,-439196.967242244,69101.0292333926,0.2,0.0,0.0
cosmx_bcc_xdonor_spot_0000000616,-439166.91724224394,69474.4042333926,0.0,0.0,0.0
cosmx_bcc_xdonor_spot_0000000617,-439140.16724224394,69725.19590005928,0.0,0.1666666666666666,0.0
cosmx_bcc_xdonor_spot_0000000618,-439167.66724224394,70213.1542333926,0.0,0.125,0.125
cosmx_bcc_xdonor_spot_0000000619,-439120.9450200217,70525.47367783704,0.0,0.0,0.1111111111111111
cosmx_bcc_xdonor_spot_0000000620,-439118.5958136725,70950.88637624975,0.0,0.0,0.0
cosmx_bcc_xdonor_spot_0000000621,-439143.16724224394,71367.6542333926,0.0,0.375,0.0
cosmx_bcc_xdonor_spot_0000000622,-439145.5201834204,71686.91158633376,0.4705882352941176,0.1176470588235294,0.0
cosmx_bcc_xdonor_spot_0000000623,-439143.9854240622,72056.39286975622,0.0909090909090909,0.5454545454545454,0.0
cosmx_bcc_xdonor_spot_0000000624,-439099.3100993868,72366.0292333926,0.5714285714285714,0.2857142857142857,0.0
cosmx_bcc_xdonor_spot_0000000631,-439140.0464060784,75163.42090643388,0.0,0.0,0.0
cosmx_bcc_xdonor_spot_0000000632,-439162.39489092684,75482.70120946421,0.0,0.1818181818181818,0.1818181818181818
cosmx_bcc_xdonor_spot_0000000633,-439160.3380727451,75893.02507310058,0.0,0.4375,0.125
cosmx_bcc_xdonor_spot_0000000634,-439137.1542492157,76264.92580839468,0.2352941176470588,0.0,0.0
cosmx_bcc_xdonor_spot_0000000635,-439129.4511679831,76655.81376357676,0.4761904761904761,0.0,0.0
cosmx_bcc_xdonor_spot_0000000636,-439098.560898832,77019.68539918754,0.6956521739130435,0.0,0.0
cosmx_bcc_xdonor_spot_0000000637,-439160.7130727451,77397.46257310058,0.0,0.5,0.0
cosmx_bcc_xdonor_spot_0000000638,-439159.99878703075,77797.90900167199,0.0,0.4285714285714285,0.0714285714285714
cosmx_bcc_xdonor_spot_0000000639,-439172.2130727451,78136.19471595772,0.0,0.6428571428571429,0.2142857142857142
cosmx_bcc_xdonor_spot_0000000640,-439159.1297394117,78549.00423976725,0.0,0.5,0.0833333333333333
cosmx_bcc_xdonor_spot_0000000641,-439130.67973941175,78941.60423976724,0.4666666666666667,0.2,0.0666666666666666
cosmx_bcc_xdonor_spot_0000000642,-439093.9630727451,79172.58757310058,0.5,0.5,0.0
cosmx_bcc_xdonor_spot_0000000675,-438702.2734397223,28879.80787016912,0.0,0.3333333333333333,0.5555555555555556
cosmx_bcc_xdonor_spot_0000000676,-438705.1623286114,29198.168981280236,0.0,0.3333333333333333,0.5
cosmx_bcc_xdonor_spot_0000000677,-438721.7099476589,29557.94279080405,0.0714285714285714,0.1428571428571428,0.5714285714285714
cosmx_bcc_xdonor_spot_0000000678,-438817.89566194423,29877.5856479469,0.2,0.0,0.2
cosmx_bcc_xdonor_spot_0000000679,-438777.0956619444,30288.1856479469,0.0,0.0,0.4
cosmx_bcc_xdonor_spot_0000000680,-438844.3528048018,30703.299933661183,0.0,0.0,0.2857142857142857
cosmx_bcc_xdonor_spot_0000000681,-438714.34181579086,31119.047186408443,0.4615384615384615,0.0769230769230769,0.1538461538461538
cosmx_bcc_xdonor_spot_0000000682,-438748.5670905161,31457.728505089763,0.3571428571428571,0.5,0.1428571428571428
cosmx_bcc_xdonor_spot_0000000683,-438787.41873886756,31783.431801793056,0.2307692307692307,0.6923076923076923,0.0769230769230769
cosmx_bcc_xdonor_spot_0000000684,-438799.4956619445,32235.773147946908,0.8125,0.125,0.0
cosmx_bcc_xdonor_spot_0000000685,-438756.40475285373,32587.312920674172,0.9090909090909092,0.0,0.0
cosmx_bcc_xdonor_spot_0000000686,-438787.67326725257,32994.297947538624,0.8947368421052632,0.0,0.0
cosmx_bcc_xdonor_spot_0000000687,-438774.8799073683,33341.13598501597,0.0,0.6896551724137931,0.3103448275862069
cosmx_bcc_xdonor_spot_0000000688,-438795.0714782496,33702.438667008304,0.0,0.5,0.1666666666666666
cosmx_bcc_xdonor_spot_0000000689,-438804.7167773948,34147.51131658096,0.6538461538461539,0.2307692307692307,0.0769230769230769
cosmx_bcc_xdonor_spot_0000000690,-438764.3937004718,34501.59977811942,1.0,0.0,0.0
cosmx_bcc_xdonor_spot_0000000691,-438805.3437004718,34897.949778119415,0.9,0.0,0.0
cosmx_bcc_xdonor_spot_0000000692,-438781.2937004718,35241.91819917205,1.0,0.0,0.0
cosmx_bcc_xdonor_spot_0000000693,-438804.34633205074,35628.44451496152,0.8947368421052632,0.0,0.0
cosmx_bcc_xdonor_spot_0000000694,-438809.51109177613,35996.46282159768,1.0,0.0,0.0
cosmx_bcc_xdonor_spot_0000000695,-438785.8137004718,36390.70977811942,0.92,0.0,0.0
cosmx_bcc_xdonor_spot_0000000696,-438770.2937004718,36780.025968595604,1.0,0.0,0.0
cosmx_bcc_xdonor_spot_0000000697,-438755.92527941917,37084.76030443521,0.9473684210526316,0.0,0.0
cosmx_bcc_xdonor_spot_0000000712,-438777.405553441,42884.4389058216,0.0,0.625,0.0
cosmx_bcc_xdonor_spot_0000000713,-438771.4779218623,43275.36653740056,0.0,0.0,0.0
cosmx_bcc_xdonor_spot_0000000714,-438804.7658475588,43637.66684699809,0.0,0.0,0.0
cosmx_bcc_xdonor_spot_0000000715,-438746.6214625319,43960.95026945796,0.0,0.2727272727272727,0.0
cosmx_bcc_xdonor_spot_0000000716,-438747.530553441,44411.61390582159,0.0,0.0,0.0
cosmx_bcc_xdonor_spot_0000000717,-438746.280553441,44748.48057248827,0.0,0.0,0.0
cosmx_bcc_xdonor_spot_0000000718,-438815.93055344105,45142.11390582159,0.2,0.0,0.0
cosmx_bcc_xdonor_spot_0000000779,-438759.5005755773,68336.36256672595,0.0,0.0,0.0
cosmx_bcc_xdonor_spot_0000000780,-438783.967242244,68662.02923339259,0.0,0.0,0.0
cosmx_bcc_xdonor_spot_0000000781,-438782.04224224394,69108.6542333926,0.125,0.25,0.125
cosmx_bcc_xdonor_spot_0000000782,-438778.1005755773,69398.82923339258,0.0,0.3333333333333333,0.2666666666666666
cosmx_bcc_xdonor_spot_0000000783,-438776.04224224394,69811.6542333926,0.0,0.875,0.125
cosmx_bcc_xdonor_spot_0000000784,-438792.5958136725,70208.88637624975,0.0,0.1428571428571428,0.0
cosmx_bcc_xdonor_spot_0000000785,-438738.36724224396,70537.2292333926,0.0,0.0,0.0
cosmx_bcc_xdonor_spot_0000000786,-438781.5958136725,70933.17209053545,0.0,0.5,0.0714285714285714
cosmx_bcc_xdonor_spot_0000000787,-438790.8731245969,71340.67629221611,0.5294117647058824,0.2352941176470588,0.0
cosmx_bcc_xdonor_spot_0000000788,-438748.7126967894,71719.02923339259,0.1818181818181818,0.6363636363636364,0.0
cosmx_bcc_xdonor_spot_0000000789,-438763.0958136725,72085.3149476783,0.6428571428571429,0.3571428571428571,0.0
cosmx_bcc_xdonor_spot_0000000790,-438803.04224224394,72356.5292333926,0.875,0.0,0.0
cosmx_bcc_xdonor_spot_0000000797,-438772.4630727451,75131.46257310057,0.125,0.25,0.25
cosmx_bcc_xdonor_spot_0000000798,-438800.2130727451,75530.90900167201,0.0,0.2857142857142857,0.1428571428571428
cosmx_bcc_xdonor_spot_0000000799,-438768.01307274506,75904.58757310058,0.0,0.0,0.0
cosmx_bcc_xdonor_spot_0000000800,-438788.0880727451,76265.33757310061,0.875,0.0,0.0
cosmx_bcc_xdonor_spot_0000000801,-438795.0592265912,76627.56834233136,0.8461538461538461,0.0,0.0384615384615384
cosmx_bcc_xdonor_spot_0000000802,-438787.5464060784,76969.93757310059,0.4666666666666667,0.3333333333333333,0.0666666666666666
cosmx_bcc_xdonor_spot_0000000803,-438795.1297394117,77379.50423976725,0.1666666666666666,0.5833333333333334,0.25
cosmx_bcc_xdonor_spot_0000000804,-438758.213072745,77781.83757310058,0.1,0.7,0.2
cosmx_bcc_xdonor_spot_0000000805,-438804.6836609804,78157.0434554535,0.1176470588235294,0.7647058823529411,0.1176470588235294
cosmx_bcc_xdonor_spot_0000000806,-438767.0255727451,78544.15007310057,0.5,0.5,0.0
cosmx_bcc_xdonor_spot_0000000807,-438787.6505727451,78902.4625731006,0.9375,0.0,0.0
cosmx_bcc_xdonor_spot_0000000808,-438768.6297394117,79184.42090643391,0.8333333333333334,0.0,0.0
cosmx_bcc_xdonor_spot_0000000830,-438352.6697058124,24599.050089202978,0.0,0.0,0.0
cosmx_bcc_xdonor_spot_0000000831,-438380.2093883521,24972.399295552183,0.0,0.0,0.0
cosmx_bcc_xdonor_spot_0000000832,-438350.098277241,25388.82151777441,0.0666666666666666,0.0666666666666666,0.0666666666666666
cosmx_bcc_xdonor_spot_0000000833,-438355.95542009815,25724.12151777441,0.1428571428571428,0.1428571428571428,0.3571428571428571
cosmx_bcc_xdonor_spot_0000000834,-438402.0394537116,26145.15092953912,0.2941176470588235,0.0,0.4117647058823529
cosmx_bcc_xdonor_spot_0000000835,-438339.96494390763,26548.42151777441,0.0666666666666666,0.4666666666666667,0.2666666666666666
cosmx_bcc_xdonor_spot_0000000836,-438363.098277241,26916.72151777441,0.05,0.35,0.45
cosmx_bcc_xdonor_spot_0000000837,-438398.223277241,27283.434017774412,0.25,0.0,0.5625
cosmx_bcc_xdonor_spot_0000000838,-438372.91645905917,27663.98515413805,0.4545454545454545,0.0,0.3181818181818182
cosmx_bcc_xdonor_spot_0000000839,-438381.3255499683,28016.71242686532,0.1363636363636363,0.1363636363636363,0.5909090909090909
cosmx_bcc_xdonor_spot_0000000840,-438383.098277241,28432.71242686532,0.0,0.0,0.5454545454545454
cosmx_bcc_xdonor_spot_0000000841,-438474.6959888569,28805.590131675344,0.0,0.25,0.375
cosmx_bcc_xdonor_spot_0000000842,-438404.99566194485,29196.835647946904,0.0,0.3333333333333333,0.25
cosmx_bcc_xdonor_spot_0000000843,-438378.43316194456,29568.460647946908,0.4375,0.125,0.375
cosmx_bcc_xdonor_spot_0000000844,-438363.0789952779,29904.335647946904,0.25,0.0,0.0
cosmx_bcc_xdonor_spot_0000000845,-438338.5865710357,30288.222011583264,0.1818181818181818,0.0909090909090909,0.0909090909090909
cosmx_bcc_xdonor_spot_0000000846,-438327.37066194456,30711.335647946897,0.25,0.0,0.375
cosmx_bcc_xdonor_spot_0000000847,-438413.96232861135,31090.78564794691,0.5333333333333333,0.0,0.0666666666666666
cosmx_bcc_xdonor_spot_0000000848,-438394.8434880316,31461.237821859955,1.0,0.0,0.0
cosmx_bcc_xdonor_spot_0000000849,-438404.13566194446,31858.305647946912,1.0,0.0,0.0
cosmx_bcc_xdonor_spot_0000000850,-438417.4123286112,32219.918981280247,0.9583333333333334,0.0416666666666666,0.0
cosmx_bcc_xdonor_spot_0000000851,-438430.12066194456,32574.960647946908,1.0,0.0,0.0
cosmx_bcc_xdonor_spot_0000000852,-438401.29442694306,32967.7482484259,1.0,0.0,0.0
cosmx_bcc_xdonor_spot_0000000853,-438438.82311223657,33359.90271929588,0.0,0.5882352941176471,0.4117647058823529
cosmx_bcc_xdonor_spot_0000000854,-438383.8437004718,33731.29977811941,0.0,0.7,0.2
cosmx_bcc_xdonor_spot_0000000855,-438420.96036713844,34131.04977811942,0.4166666666666667,0.4583333333333333,0.125
cosmx_bcc_xdonor_spot_0000000856,-438410.93006410816,34499.27705084669,0.9090909090909092,0.0,0.0
cosmx_bcc_xdonor_spot_0000000857,-438414.7937004718,34857.327555897195,0.9444444444444444,0.0,0.0
cosmx_bcc_xdonor_spot_0000000858,-438395.3937004718,35264.84977811942,1.0,0.0,0.0
cosmx_bcc_xdonor_spot_0000000859,-438402.2460814242,35658.40692097656,1.0,0.0,0.0
cosmx_bcc_xdonor_spot_0000000860,-438438.6270338051,36010.216444786085,1.0,0.0,0.0
cosmx_bcc_xdonor_spot_0000000861,-438392.44754662557,36417.4728550425,1.0,0.0,0.0
cosmx_bcc_xdonor_spot_0000000862,-438407.5664277445,36753.77705084669,1.0,0.0,0.0
cosmx_bcc_xdonor_spot_0000000863,-438365.82703380525,37084.01644478608,1.0,0.0,0.0
cosmx_bcc_xdonor_spot_0000000878,-438402.6972201077,42902.48057248826,0.0,0.75,0.25
cosmx_bcc_xdonor_spot_0000000879,-438397.1972201077,43237.20279471049,0.1111111111111111,0.1111111111111111,0.1111111111111111
cosmx_bcc_xdonor_spot_0000000880,-438411.96805344115,43544.688905821604,0.0,0.0,0.0
cosmx_bcc_xdonor_spot_0000000881,-438445.0638867745,44001.91390582161,0.0,0.0,0.0
cosmx_bcc_xdonor_spot_0000000882,-438374.530553441,44359.14723915493,0.0,0.3333333333333333,0.0
cosmx_bcc_xdonor_spot_0000000883,-438380.5305534411,44701.242477250176,0.0,0.0,0.0
cosmx_bcc_xdonor_spot_0000000884,-438391.88769629825,45092.742477250176,0.0,0.0,0.0
cosmx_bcc_xdonor_spot_0000000885,-438335.530553441,45445.913905821595,0.0,0.0,0.0
cosmx_bcc_xdonor_spot_0000000886,-438344.330553441,45881.913905821595,0.4,0.0,0.0
cosmx_bcc_xdonor_spot_0000000945,-438384.267242244,68312.02923339259,0.0,0.0,0.0
cosmx_bcc_xdonor_spot_0000000946,-438417.83390891063,68673.14034450371,0.0,0.4444444444444444,0.1111111111111111
cosmx_bcc_xdonor_spot_0000000947,-438394.79224224394,69055.4042333926,0.0,0.5,0.0
cosmx_bcc_xdonor_spot_0000000948,-438397.91724224394,69371.0292333926,0.0,0.375,0.125
cosmx_bcc_xdonor_spot_0000000949,-438339.16724224394,69813.9042333926,0.0,0.875,0.0
cosmx_bcc_xdonor_spot_0000000950,-438413.16724224394,70203.95231031567,0.3846153846153846,0.0,0.0
cosmx_bcc_xdonor_spot_0000000951,-438406.767242244,70567.37923339258,0.6,0.1,0.0
cosmx_bcc_xdonor_spot_0000000952,-438346.6287807055,70933.18307954643,0.3076923076923077,0.6923076923076923,0.0
cosmx_bcc_xdonor_spot_0000000953,-438406.41724224394,71359.02923339259,0.6666666666666666,0.3333333333333333,0.0
cosmx_bcc_xdonor_spot_0000000954,-438391.6910517678,71752.12447148783,0.4761904761904761,0.4285714285714285,0.0952380952380952
cosmx_bcc_xdonor_spot_0000000955,-438436.38152795826,72064.88637624973,0.2142857142857142,0.6428571428571429,0.0714285714285714
cosmx_bcc_xdonor_spot_0000000956,-438433.66724224394,72355.9042333926,0.25,0.75,0.0
cosmx_bcc_xdonor_spot_0000000963,-438415.8559298879,75147.98043024342,0.0,0.5714285714285714,0.1428571428571428
cosmx_bcc_xdonor_spot_0000000964,-438354.49878703075,75497.48043024342,0.0,0.6428571428571429,0.0714285714285714
cosmx_bcc_xdonor_spot_0000000965,-438423.0464060784,75892.78201754502,0.0,0.6111111111111112,0.0555555555555555
cosmx_bcc_xdonor_spot_0000000966,-438455.63412537664,76251.75862573215,0.1578947368421052,0.0526315789473684,0.0
cosmx_bcc_xdonor_spot_0000000967,-438435.73938853457,76635.23230994269,0.3684210526315789,0.631578947368421,0.0
cosmx_bcc_xdonor_spot_0000000968,-438427.2755727451,77011.0250731006,0.4375,0.4375,0.125
cosmx_bcc_xdonor_spot_0000000969,-438413.27189627447,77400.04345545352,0.7058823529411765,0.2941176470588235,0.0
cosmx_bcc_xdonor_spot_0000000970,-438381.6892632212,77804.48043024343,1.0,0.0,0.0
cosmx_bcc_xdonor_spot_0000000971,-438402.0702156022,78154.95662071962,1.0,0.0,0.0
cosmx_bcc_xdonor_spot_0000000972,-438417.13614966813,78522.60680386981,1.0,0.0,0.0
cosmx_bcc_xdonor_spot_0000000973,-438429.6478553537,78943.42452962232,0.8260869565217391,0.1739130434782608,0.0
cosmx_bcc_xdonor_spot_0000000974,-438357.92735845933,79192.19471595774,0.4285714285714285,0.4285714285714285,0.1428571428571428
cosmx_bcc_xdonor_spot_0000000996,-437937.5268486696,24647.62151777441,0.0,0.0714285714285714,0.1428571428571428
cosmx_bcc_xdonor_spot_0000000997,-438014.1852337627,25019.143256904845,0.0434782608695652,0.0,0.0
cosmx_bcc_xdonor_spot_0000000998,-438031.898277241,25398.941517774412,0.56,0.16,0.04
cosmx_bcc_xdonor_spot_0000000999,-438032.83740767575,25765.099778643977,0.0434782608695652,0.5217391304347826,0.2608695652173913
cosmx_bcc_xdonor_spot_0000001000,-438021.2905849333,26134.544594697487,0.5,0.0769230769230769,0.1538461538461538
cosmx_bcc_xdonor_spot_0000001001,-438032.6500013789,26516.345655705445,0.6551724137931034,0.1724137931034483,0.1379310344827586
cosmx_bcc_xdonor_spot_0000001002,-437994.6200163714,26908.317169948325,0.0434782608695652,0.391304347826087,0.1304347826086956
cosmx_bcc_xdonor_spot_0000001003,-438017.46669829363,27304.832044090203,0.8947368421052632,0.0,0.0
cosmx_bcc_xdonor_spot_0000001004,-438043.160777241,27677.809017774412,0.5,0.125,0.375
cosmx_bcc_xdonor_spot_0000001005,-438030.285777241,27998.809017774412,0.0625,0.375,0.1875
cosmx_bcc_xdonor_spot_0000001006,-438055.86750801024,28416.698440851334,0.0,0.0,0.2307692307692307
cosmx_bcc_xdonor_spot_0000001007,-438045.3129824356,28792.01128207044,0.0,0.3333333333333333,0.0
cosmx_bcc_xdonor_spot_0000001008,-437981.02507370943,29160.526824417495,0.0,0.2941176470588235,0.0588235294117647
cosmx_bcc_xdonor_spot_0000001009,-438029.6808471297,29571.99305535432,0.7777777777777778,0.1851851851851851,0.037037037037037
cosmx_bcc_xdonor_spot_0000001010,-437991.82899527793,29947.852314613574,0.8666666666666667,0.0,0.0
cosmx_bcc_xdonor_spot_0000001011,-438029.32899527805,30273.168981280236,0.75,0.0,0.0
cosmx_bcc_xdonor_spot_0000001012,-437965.40870542283,30722.06390881648,0.5652173913043478,0.0,0.0
cosmx_bcc_xdonor_spot_0000001013,-437991.2556619445,31091.025647946914,0.8,0.0,0.0
cosmx_bcc_xdonor_spot_0000001014,-438022.9956619446,31434.585647946908,0.8888888888888888,0.0,0.0555555555555555
cosmx_bcc_xdonor_spot_0000001015,-438013.13566194446,31834.465647946912,0.88,0.0,0.0
cosmx_bcc_xdonor_spot_0000001016,-437995.16232861124,32222.014219375484,0.9523809523809524,0.0,0.0476190476190476
cosmx_bcc_xdonor_spot_0000001017,-438007.0512175003,32591.141203502466,1.0,0.0,0.0
cosmx_bcc_xdonor_spot_0000001018,-438032.2561656545,33012.03621711775,0.6666666666666666,0.238095238095238,0.0476190476190476
cosmx_bcc_xdonor_spot_0000001019,-438025.6937004717,33352.083111452754,0.0,0.5,0.3
cosmx_bcc_xdonor_spot_0000001020,-438004.58536713844,33760.54977811942,0.0,0.5833333333333334,0.1666666666666666
cosmx_bcc_xdonor_spot_0000001021,-438019.554570037,34154.46282159768,0.391304347826087,0.5217391304347826,0.0
cosmx_bcc_xdonor_spot_0000001022,-438030.29370047175,34492.15847377159,0.8695652173913043,0.0434782608695652,0.0434782608695652
cosmx_bcc_xdonor_spot_0000001023,-438022.54370047187,34891.11227811941,0.9375,0.0,0.0
cosmx_bcc_xdonor_spot_0000001024,-438040.18843731395,35267.18135706679,1.0,0.0,0.0
cosmx_bcc_xdonor_spot_0000001025,-438043.86512904323,35579.502159071795,1.0,0.0,0.0
cosmx_bcc_xdonor_spot_0000001026,-438013.3321620102,36013.85747042711,1.0,0.0,0.0
cosmx_bcc_xdonor_spot_0000001027,-438010.60620047187,36410.98727811941,1.0,0.0,0.0
cosmx_bcc_xdonor_spot_0000001028,-438020.83536713844,36755.841444786085,1.0,0.0,0.0
cosmx_bcc_xdonor_spot_0000001029,-438028.60144127975,37169.79783292888,1.0,0.0,0.0
cosmx_bcc_xdonor_spot_0000001030,-438028.68219358573,37550.9486909006,0.9130434782608696,0.0434782608695652,0.0
cosmx_bcc_xdonor_spot_0000001031,-438025.81958489004,37931.273908291914,0.8,0.04,0.0
cosmx_bcc_xdonor_spot_0000001032,-438005.73291822337,38314.30557495858,0.9583333333333334,0.0,0.0
cosmx_bcc_xdonor_spot_0000001033,-438008.5149695054,38691.36006213805,0.2307692307692307,0.6153846153846154,0.1538461538461538
cosmx_bcc_xdonor_spot_0000001034,-438038.5245848901,39038.4514082919,0.0,0.8125,0.0625
cosmx_bcc_xdonor_spot_0000001035,-437991.3662515568,39457.18057495856,0.3333333333333333,0.4,0.0
cosmx_bcc_xdonor_spot_0000001036,-437989.96625155676,39816.5139082919,1.0,0.0,0.0
cosmx_bcc_xdonor_spot_0000001037,-437987.73291822337,40144.51390829189,1.0,0.0,0.0
cosmx_bcc_xdonor_spot_0000001038,-438009.6773626677,40489.06946384745,0.7777777777777778,0.1111111111111111,0.1111111111111111
cosmx_bcc_xdonor_spot_0000001040,-437999.8226618131,41364.05236983035,0.2307692307692307,0.6923076923076923,0.0769230769230769
cosmx_bcc_xdonor_spot_0000001044,-437980.3876962982,42850.3139058216,0.0,0.8571428571428571,0.0
cosmx_bcc_xdonor_spot_0000001045,-437984.81626772677,43196.885334393024,0.0,0.1428571428571428,0.2857142857142857
cosmx_bcc_xdonor_spot_0000001046,-438027.4779218623,43613.103379505825,0.0,0.1578947368421052,0.0
cosmx_bcc_xdonor_spot_0000001047,-438016.2805534412,44012.41390582162,0.0,0.0,0.0
cosmx_bcc_xdonor_spot_0000001048,-438004.71805344115,44337.62640582161,0.0625,0.1875,0.0625
cosmx_bcc_xdonor_spot_0000001049,-438045.58610899677,44771.14723915495,0.0,0.0555555555555555,0.0555555555555555
cosmx_bcc_xdonor_spot_0000001050,-438011.2147639675,45090.524432137405,0.0,0.0,0.0
cosmx_bcc_xdonor_spot_0000001051,-438021.6843995949,45522.16005966776,0.0,0.0,0.0
cosmx_bcc_xdonor_spot_0000001053,-438000.030553441,46267.0639058216,0.0,0.0,0.0
cosmx_bcc_xdonor_spot_0000001054,-437963.6972201077,46577.8139058216,0.0,0.0,0.0
cosmx_bcc_xdonor_spot_0000001111,-438036.9450200217,68356.25145561482,0.0,0.7777777777777778,0.0
cosmx_bcc_xdonor_spot_0000001112,-438005.47974224394,68674.02923339259,0.0,0.3125,0.0625
cosmx_bcc_xdonor_spot_0000001113,-438017.8731245969,69077.32335103965,0.0588235294117647,0.0,0.0
cosmx_bcc_xdonor_spot_0000001114,-438033.29224224394,69396.84173339259,0.375,0.0,0.0
cosmx_bcc_xdonor_spot_0000001115,-437999.7672422439,69793.42923339258,0.8,0.2,0.0
cosmx_bcc_xdonor_spot_0000001116,-437988.16724224394,70186.02923339259,0.8666666666666667,0.0,0.0
cosmx_bcc_xdonor_spot_0000001117,-438015.89451497124,70556.57468793803,1.0,0.0,0.0
cosmx_bcc_xdonor_spot_0000001118,-438009.9040843492,70937.13449655048,0.631578947368421,0.3157894736842105,0.0
cosmx_bcc_xdonor_spot_0000001119,-437995.60474224394,71343.02923339259,0.25,0.75,0.0
cosmx_bcc_xdonor_spot_0000001120,-438067.2725054018,71667.9239702347,0.7894736842105263,0.2105263157894736,0.0
cosmx_bcc_xdonor_spot_0000001121,-438069.66724224394,72049.60066196401,0.2142857142857142,0.5714285714285714,0.0
cosmx_bcc_xdonor_spot_0000001129,-437982.80398183595,75170.29211855512,0.6363636363636364,0.1818181818181818,0.0
cosmx_bcc_xdonor_spot_0000001130,-438004.0551780082,75463.8112573111,0.4736842105263157,0.3157894736842105,0.1578947368421052
cosmx_bcc_xdonor_spot_0000001131,-438018.01307274506,75909.33757310057,0.0,0.4,0.2
cosmx_bcc_xdonor_spot_0000001132,-438000.3669188989,76238.95295771594,0.0,0.6153846153846154,0.0
cosmx_bcc_xdonor_spot_0000001133,-438074.81307274505,76634.93757310059,0.4666666666666667,0.4,0.1333333333333333
cosmx_bcc_xdonor_spot_0000001134,-438029.0592265912,77031.33757310058,0.5384615384615384,0.4615384615384615,0.0
cosmx_bcc_xdonor_spot_0000001135,-438044.81307274505,77376.07090643392,0.9333333333333332,0.0,0.0
cosmx_bcc_xdonor_spot_0000001136,-438037.9352949673,77820.72646198946,1.0,0.0,0.0
cosmx_bcc_xdonor_spot_0000001137,-438031.7547394117,78150.67090643392,1.0,0.0,0.0
cosmx_bcc_xdonor_spot_0000001138,-438054.1078095872,78557.7059941532,0.9473684210526316,0.0,0.0
cosmx_bcc_xdonor_spot_0000001139,-438038.8380727451,78911.83757310058,0.7083333333333334,0.25,0.0
cosmx_bcc_xdonor_spot_0000001140,-437995.7130727451,79181.1709064339,0.5,0.4166666666666667,0.0
cosmx_bcc_xdonor_spot_0000001162,-437655.44610332797,24607.230213426585,0.0869565217391304,0.217391304347826,0.3043478260869565
cosmx_bcc_xdonor_spot_0000001163,-437660.750451154,25013.75195255702,0.4347826086956521,0.0434782608695652,0.0869565217391304
cosmx_bcc_xdonor_spot_0000001164,-437643.67403481674,25380.16697231987,0.4242424242424242,0.2424242424242424,0.2121212121212121
cosmx_bcc_xdonor_spot_0000001165,-437655.879527241,25758.027767774412,0.15625,0.34375,0.1875
cosmx_bcc_xdonor_spot_0000001166,-437620.5566105743,26157.163184441077,0.5416666666666666,0.375,0.0833333333333333
cosmx_bcc_xdonor_spot_0000001167,-437626.1399439077,26505.413184441077,0.875,0.0416666666666666,0.0833333333333333
cosmx_bcc_xdonor_spot_0000001168,-437634.998277241,26908.32151777441,0.1,0.25,0.4
cosmx_bcc_xdonor_spot_0000001169,-437629.39239488804,27294.562694245,0.8235294117647058,0.0,0.0588235294117647
cosmx_bcc_xdonor_spot_0000001170,-437614.5073681501,27663.21242686532,0.1363636363636363,0.2727272727272727,0.1363636363636363
cosmx_bcc_xdonor_spot_0000001171,-437668.4828926256,28069.852287005182,0.0,0.1538461538461538,0.0
cosmx_bcc_xdonor_spot_0000001172,-437648.95542009815,28406.050089202985,0.0714285714285714,0.1428571428571428,0.0714285714285714
cosmx_bcc_xdonor_spot_0000001173,-437610.1600115707,28785.368157899866,0.0,0.2272727272727272,0.4090909090909091
cosmx_bcc_xdonor_spot_0000001174,-437631.8885190873,29193.2999336612,0.0,0.25,0.3571428571428571
cosmx_bcc_xdonor_spot_0000001175,-437648.5646274617,29566.24082036071,0.4482758620689655,0.3448275862068966,0.1724137931034483
cosmx_bcc_xdonor_spot_0000001176,-437673.40475285373,29936.67655703782,0.9545454545454546,0.0454545454545454,0.0
cosmx_bcc_xdonor_spot_0000001177,-437602.9956619447,30317.085647946908,1.0,0.0,0.0
cosmx_bcc_xdonor_spot_0000001178,-437651.8505006541,30722.005002785623,0.8064516129032258,0.032258064516129,0.064516129032258
cosmx_bcc_xdonor_spot_0000001179,-437648.4047528535,31060.994738856003,0.9545454545454546,0.0,0.0
cosmx_bcc_xdonor_spot_0000001180,-437656.3845508335,31428.530092391353,0.9444444444444444,0.0,0.0555555555555555
cosmx_bcc_xdonor_spot_0000001181,-437625.40042384935,31828.58564794691,1.0,0.0,0.0
cosmx_bcc_xdonor_spot_0000001182,-437655.68613813526,32224.538028899293,1.0,0.0,0.0
cosmx_bcc_xdonor_spot_0000001183,-437633.3104767592,32593.585647946915,0.925925925925926,0.0,0.0
cosmx_bcc_xdonor_spot_0000001184,-437633.65768049465,32947.38319210405,0.9629629629629628,0.037037037037037,0.0
cosmx_bcc_xdonor_spot_0000001185,-437631.2502222109,33373.8541259455,0.0,0.3478260869565217,0.0434782608695652
cosmx_bcc_xdonor_spot_0000001186,-437668.39896362973,33703.97083075099,0.0526315789473684,0.4736842105263157,0.1052631578947368
cosmx_bcc_xdonor_spot_0000001187,-437633.08536713844,34119.466444786085,0.5833333333333334,0.375,0.0
cosmx_bcc_xdonor_spot_0000001188,-437628.0584063542,34495.84389576648,1.0,0.0,0.0
cosmx_bcc_xdonor_spot_0000001189,-437681.2937004718,34896.64977811942,1.0,0.0,0.0
cosmx_bcc_xdonor_spot_0000001190,-437629.25203380507,35248.63311145275,1.0,0.0,0.0
cosmx_bcc_xdonor_spot_0000001191,-437647.90481158294,35623.88311145275,1.0,0.0,0.0
cosmx_bcc_xdonor_spot_0000001192,-437660.10620047187,36002.17477811941,1.0,0.0,0.0
cosmx_bcc_xdonor_spot_0000001193,-437639.66870047175,36384.42477811942,1.0,0.0,0.0
cosmx_bcc_xdonor_spot_0000001194,-437640.85891786305,36782.767169423765,1.0,0.0,0.0
cosmx_bcc_xdonor_spot_0000001195,-437661.7394998237,37186.317557491384,1.0,0.0,0.0
cosmx_bcc_xdonor_spot_0000001196,-437633.42339441396,37539.18057495858,1.0,0.0,0.0
cosmx_bcc_xdonor_spot_0000001197,-437632.0662515565,37915.79168606969,0.9722222222222222,0.0277777777777777,0.0
cosmx_bcc_xdonor_spot_0000001198,-437651.23291822313,38283.719036497045,1.0,0.0,0.0
cosmx_bcc_xdonor_spot_0000001199,-437649.2329182234,38642.713908291895,0.6666666666666666,0.2666666666666666,0.0
cosmx_bcc_xdonor_spot_0000001200,-437683.7567277471,39021.22819400619,0.0,0.7142857142857143,0.1428571428571428
cosmx_bcc_xdonor_spot_0000001201,-437606.661489652,39461.13295591095,1.0,0.0,0.0
cosmx_bcc_xdonor_spot_0000001202,-437653.0995848902,39816.9639082919,1.0,0.0,0.0
cosmx_bcc_xdonor_spot_0000001203,-437644.9948229854,40188.60914638714,0.9523809523809524,0.0,0.0
cosmx_bcc_xdonor_spot_0000001204,-437641.6773626679,40508.736130514124,0.8888888888888888,0.0,0.0
cosmx_bcc_xdonor_spot_0000001206,-437661.8226618131,41311.12929290727,0.0,0.3846153846153846,0.2307692307692307
cosmx_bcc_xdonor_spot_0000001210,-437621.155553441,42923.1889058216,0.0,0.75,0.0
cosmx_bcc_xdonor_spot_0000001211,-437591.6972201077,43200.5639058216,0.0,0.0833333333333333,0.0833333333333333
cosmx_bcc_xdonor_spot_0000001212,-437661.93055344105,43641.61390582159,0.0,0.4,0.3
cosmx_bcc_xdonor_spot_0000001213,-437677.94434654474,44000.86562995955,0.0344827586206896,0.0,0.0
cosmx_bcc_xdonor_spot_0000001214,-437625.33055344125,44312.99390582162,0.04,0.08,0.0
cosmx_bcc_xdonor_spot_0000001215,-437684.4472201077,44769.5639058216,0.1666666666666666,0.4166666666666667,0.1666666666666666
cosmx_bcc_xdonor_spot_0000001216,-437647.2448391554,45133.242477250176,0.0,0.0,0.0
cosmx_bcc_xdonor_spot_0000001217,-437662.7658475588,45485.72567052749,0.0,0.0,0.0
cosmx_bcc_xdonor_spot_0000001218,-437642.6019820125,45887.17104867875,0.0,0.0,0.0
cosmx_bcc_xdonor_spot_0000001219,-437653.73055344104,46289.3139058216,0.0,0.0,0.0
cosmx_bcc_xdonor_spot_0000001220,-437641.36388677434,46654.73057248827,0.0,0.0,0.0
cosmx_bcc_xdonor_spot_0000001277,-437617.56724224397,68339.9292333926,0.0,0.2,0.0
cosmx_bcc_xdonor_spot_0000001278,-437659.22974224394,68641.96673339259,0.0,0.0,0.0
cosmx_bcc_xdonor_spot_0000001279,-437621.7386708154,69065.55304291639,0.7142857142857143,0.0,0.0
cosmx_bcc_xdonor_spot_0000001280,-437658.6455031135,69414.33358121867,1.0,0.0,0.0
cosmx_bcc_xdonor_spot_0000001281,-437670.06724224397,69778.12923339258,0.95,0.0,0.0
cosmx_bcc_xdonor_spot_0000001282,-437634.56724224397,70172.69590005926,1.0,0.0,0.0
cosmx_bcc_xdonor_spot_0000001283,-437651.7227977995,70567.91812228148,1.0,0.0,0.0
cosmx_bcc_xdonor_spot_0000001284,-437602.461359891,70948.14688045142,0.9411764705882352,0.0588235294117647,0.0
cosmx_bcc_xdonor_spot_0000001285,-437640.88152795826,71329.74351910687,0.7857142857142857,0.1428571428571428,0.0
cosmx_bcc_xdonor_spot_0000001286,-437617.9319481263,71681.6174686867,0.6470588235294118,0.2941176470588235,0.0
cosmx_bcc_xdonor_spot_0000001287,-437643.41724224394,72096.7792333926,0.0,0.875,0.125
cosmx_bcc_xdonor_spot_0000001295,-437657.4762306398,75157.916520469,1.0,0.0,0.0
cosmx_bcc_xdonor_spot_0000001296,-437661.0880727451,75514.67090643391,0.875,0.0,0.0416666666666666
cosmx_bcc_xdonor_spot_0000001297,-437654.06307274505,75870.78757310056,0.15,0.6,0.1
cosmx_bcc_xdonor_spot_0000001298,-437650.3669188989,76237.79911156211,0.0,0.0,0.0769230769230769
cosmx_bcc_xdonor_spot_0000001299,-437662.4130727451,76659.87090643392,0.2,0.2666666666666666,0.0666666666666666
cosmx_bcc_xdonor_spot_0000001300,-437669.2845013165,77025.48043024345,0.2142857142857142,0.7142857142857143,0.0
cosmx_bcc_xdonor_spot_0000001301,-437638.8241838562,77381.55979532281,0.8333333333333334,0.0,0.0
cosmx_bcc_xdonor_spot_0000001302,-437630.92735845933,77775.90900167203,1.0,0.0,0.0
cosmx_bcc_xdonor_spot_0000001303,-437635.4711372612,78149.33757310062,1.0,0.0,0.0
cosmx_bcc_xdonor_spot_0000001304,-437647.5923830899,78527.61343516954,1.0,0.0,0.0
cosmx_bcc_xdonor_spot_0000001305,-437662.8076673397,78904.85108661414,0.972972972972973,0.0,0.0
cosmx_bcc_xdonor_spot_0000001306,-437644.42359906086,79188.07441520585,1.0,0.0,0.0
cosmx_bcc_xdonor_spot_0000001316,-437636.28271832305,83052.81989111629,0.0,0.3,0.5
cosmx_bcc_xdonor_spot_0000001324,-437532.4493849897,86160.78655778295,0.3333333333333333,0.0,0.0
cosmx_bcc_xdonor_spot_0000001325,-437545.11605165637,86508.95322444962,0.6666666666666666,0.0,0.0
cosmx_bcc_xdonor_spot_0000001328,-437267.36494390765,24606.054851107747,0.2666666666666666,0.4666666666666667,0.1
cosmx_bcc_xdonor_spot_0000001329,-437245.1752003179,25013.46767162056,0.6153846153846154,0.0,0.0
cosmx_bcc_xdonor_spot_0000001330,-437246.298277241,25365.39294634584,0.6285714285714286,0.1428571428571428,0.0857142857142857
cosmx_bcc_xdonor_spot_0000001331,-437262.14373178646,25777.894245047137,0.4545454545454545,0.2727272727272727,0.1363636363636363
cosmx_bcc_xdonor_spot_0000001332,-437275.798277241,26114.571517774413,0.85,0.1,0.05
cosmx_bcc_xdonor_spot_0000001333,-437274.1891863319,26541.166972319865,0.3181818181818182,0.3181818181818182,0.1363636363636363
cosmx_bcc_xdonor_spot_0000001334,-437245.14373178646,26885.439699592593,0.9090909090909092,0.0454545454545454,0.0
cosmx_bcc_xdonor_spot_0000001335,-437258.098277241,27294.186735165717,0.6521739130434783,0.1304347826086956,0.0434782608695652
cosmx_bcc_xdonor_spot_0000001336,-437281.098277241,27665.44504718618,0.2352941176470588,0.1764705882352941,0.0
cosmx_bcc_xdonor_spot_0000001337,-437254.27474782924,28017.85681189206,0.0588235294117647,0.2352941176470588,0.1176470588235294
cosmx_bcc_xdonor_spot_0000001338,-437246.798277241,28408.28818444108,0.0,0.3666666666666666,0.2666666666666666
cosmx_bcc_xdonor_spot_0000001339,-437276.0559234742,28807.08923492966,0.0,0.25,0.5
cosmx_bcc_xdonor_spot_0000001340,-437269.74566194444,29195.58564794691,0.0,0.125,0.1666666666666666
cosmx_bcc_xdonor_spot_0000001341,-437234.38027732907,29546.162571023837,0.0,0.1153846153846153,0.1923076923076923
cosmx_bcc_xdonor_spot_0000001342,-437262.0865710353,29969.312920674183,0.1363636363636363,0.5454545454545454,0.2727272727272727
cosmx_bcc_xdonor_spot_0000001343,-437236.92423337325,30299.442790804052,0.6190476190476191,0.2857142857142857,0.0952380952380952
cosmx_bcc_xdonor_spot_0000001344,-437250.5725850215,30715.931801793067,0.5769230769230769,0.4230769230769231,0.0
cosmx_bcc_xdonor_spot_0000001345,-437286.4572004059,31080.54718640845,1.0,0.0,0.0
cosmx_bcc_xdonor_spot_0000001346,-437280.5865710354,31449.494738856003,0.9545454545454546,0.0,0.0
cosmx_bcc_xdonor_spot_0000001347,-437269.2556619446,31846.025647946914,0.96,0.0,0.0
cosmx_bcc_xdonor_spot_0000001348,-437280.1798724709,32181.901437420594,0.9473684210526316,0.0526315789473684,0.0
cosmx_bcc_xdonor_spot_0000001349,-437294.95020739915,32568.540193401455,0.7727272727272727,0.2272727272727272,0.0
cosmx_bcc_xdonor_spot_0000001350,-437247.72801454156,32960.17882414427,0.6666666666666666,0.3333333333333333,0.0
cosmx_bcc_xdonor_spot_0000001351,-437255.73814491625,33341.04977811941,0.0,0.2777777777777778,0.0555555555555555
cosmx_bcc_xdonor_spot_0000001352,-437267.0079861862,33715.54977811941,0.0,0.5714285714285714,0.0
cosmx_bcc_xdonor_spot_0000001353,-437287.554570037,34106.89760420637,0.6086956521739131,0.3043478260869565,0.0434782608695652
cosmx_bcc_xdonor_spot_0000001354,-437299.70279138087,34462.45886902851,1.0,0.0,0.0
cosmx_bcc_xdonor_spot_0000001355,-437260.10322428134,34872.216444786085,1.0,0.0,0.0
cosmx_bcc_xdonor_spot_0000001356,-437261.3971487476,35263.170467774595,0.9655172413793104,0.0,0.0
cosmx_bcc_xdonor_spot_0000001357,-437253.1783158564,35617.39593196557,1.0,0.0,0.0
cosmx_bcc_xdonor_spot_0000001358,-437267.0270338052,36016.28311145274,1.0,0.0,0.0
cosmx_bcc_xdonor_spot_0000001359,-437263.5437004718,36398.99977811942,1.0,0.0,0.0
cosmx_bcc_xdonor_spot_0000001360,-437279.0714782496,36779.77200034164,1.0,0.0,0.0
cosmx_bcc_xdonor_spot_0000001361,-437279.0771747465,37167.105833907626,1.0,0.0,0.0
cosmx_bcc_xdonor_spot_0000001362,-437260.9933348899,37542.51390829191,0.96875,0.0,0.0
cosmx_bcc_xdonor_spot_0000001363,-437288.3281563184,37930.71390829192,0.9714285714285714,0.0,0.0
cosmx_bcc_xdonor_spot_0000001364,-437277.2898287922,38276.416347316306,0.926829268292683,0.0,0.0
cosmx_bcc_xdonor_spot_0000001365,-437292.44958489016,38627.41390829191,0.45,0.15,0.05
cosmx_bcc_xdonor_spot_0000001366,-437251.14958489005,39100.347241625226,0.5833333333333334,0.1666666666666666,0.25
cosmx_bcc_xdonor_spot_0000001367,-437277.5245848899,39426.98265829191,1.0,0.0,0.0
cosmx_bcc_xdonor_spot_0000001368,-437241.5424420328,39808.58533686334,0.9285714285714286,0.0,0.0
cosmx_bcc_xdonor_spot_0000001369,-437262.7924420328,40218.51390829191,0.9642857142857144,0.0,0.0
cosmx_bcc_xdonor_spot_0000001370,-437218.2329182235,40515.736130514124,1.0,0.0,0.0
cosmx_bcc_xdonor_spot_0000001371,-437280.5149695054,41019.36006213805,0.0,0.3846153846153846,0.0
cosmx_bcc_xdonor_spot_0000001372,-437275.09958488995,41291.3139082919,0.0,0.8,0.2
cosmx_bcc_xdonor_spot_0000001376,-437319.86388677434,42905.48057248826,0.0,0.6666666666666666,0.0
cosmx_bcc_xdonor_spot_0000001377,-437254.78055344115,43241.501405821604,0.0625,0.4375,0.125
cosmx_bcc_xdonor_spot_0000001378,-437261.6972201077,43590.98057248826,0.0,0.4166666666666667,0.0833333333333333
cosmx_bcc_xdonor_spot_0000001379,-437287.0690149795,44009.23698274468,0.1538461538461538,0.6153846153846154,0.0
cosmx_bcc_xdonor_spot_0000001380,-437299.73055344104,44338.513905821594,0.1,0.3,0.2
cosmx_bcc_xdonor_spot_0000001381,-437195.7527756633,44725.425016932706,0.0,0.6666666666666666,0.1111111111111111
cosmx_bcc_xdonor_spot_0000001382,-437277.6734105839,45197.813905821604,0.0,0.3571428571428571,0.0714285714285714
cosmx_bcc_xdonor_spot_0000001383,-437288.81626772694,45480.07581058353,0.0,0.1904761904761904,0.0476190476190476
cosmx_bcc_xdonor_spot_0000001384,-437269.3162677268,45881.09962010732,0.0,0.0,0.0
cosmx_bcc_xdonor_spot_0000001385,-437267.15555344115,46211.81390582161,0.0,0.0,0.0
cosmx_bcc_xdonor_spot_0000001386,-437274.7972201078,46641.580572488274,0.0,0.0,0.0
cosmx_bcc_xdonor_spot_0000001387,-437289.030553441,46927.8139058216,0.0,0.0,0.0
cosmx_bcc_xdonor_spot_0000001443,-437260.267242244,68325.6292333926,0.0,0.0,0.0
cosmx_bcc_xdonor_spot_0000001444,-437249.88152795826,68701.45780482116,0.0476190476190476,0.0,0.0
cosmx_bcc_xdonor_spot_0000001445,-437287.1005755773,69012.49590005925,0.3333333333333333,0.1333333333333333,0.1333333333333333
cosmx_bcc_xdonor_spot_0000001446,-437291.3437128322,69418.79393927494,1.0,0.0,0.0
cosmx_bcc_xdonor_spot_0000001447,-437279.1005755773,69776.89590005924,1.0,0.0,0.0
cosmx_bcc_xdonor_spot_0000001448,-437251.7126967894,70152.30196066533,1.0,0.0,0.0
cosmx_bcc_xdonor_spot_0000001449,-437260.97974224394,70585.27923339259,1.0,0.0,0.0
cosmx_bcc_xdonor_spot_0000001450,-437290.6455031135,70928.42053774041,0.9130434782608696,0.0,0.0
cosmx_bcc_xdonor_spot_0000001451,-437279.56724224397,71304.47923339259,0.9,0.0,0.0
cosmx_bcc_xdonor_spot_0000001452,-437255.00057557726,71687.86256672592,1.0,0.0,0.0
cosmx_bcc_xdonor_spot_0000001453,-437268.08390891063,72050.44590005926,0.6666666666666666,0.25,0.0833333333333333
cosmx_bcc_xdonor_spot_0000001454,-437230.04224224394,72368.1542333926,0.25,0.625,0.125
cosmx_bcc_xdonor_spot_0000001461,-437243.4438419758,75164.49141925442,1.0,0.0,0.0
cosmx_bcc_xdonor_spot_0000001462,-437253.26069179265,75486.3851921482,1.0,0.0,0.0
cosmx_bcc_xdonor_spot_0000001463,-437279.4762306398,75876.86388889006,0.8421052631578947,0.1052631578947368,0.0
cosmx_bcc_xdonor_spot_0000001464,-437238.0464060784,76224.05979532278,0.5555555555555556,0.1666666666666666,0.0
cosmx_bcc_xdonor_spot_0000001465,-437293.11307274504,76660.8375731006,0.0,0.5,0.1
cosmx_bcc_xdonor_spot_0000001466,-437318.9630727451,76999.9625731006,0.375,0.375,0.25
cosmx_bcc_xdonor_spot_0000001467,-437272.94991485035,77394.44283625847,0.0526315789473684,0.9473684210526316,0.0
cosmx_bcc_xdonor_spot_0000001468,-437251.6416441736,77797.24233500534,0.7619047619047619,0.238095238095238,0.0
cosmx_bcc_xdonor_spot_0000001469,-437267.5834431154,78160.78201754503,1.0,0.0,0.0
cosmx_bcc_xdonor_spot_0000001470,-437267.57021560223,78539.19471595774,0.9642857142857144,0.0,0.0
cosmx_bcc_xdonor_spot_0000001471,-437286.8797394117,78916.07831384131,1.0,0.0,0.0
cosmx_bcc_xdonor_spot_0000001472,-437254.413072745,79176.73757310057,1.0,0.0,0.0
cosmx_bcc_xdonor_spot_0000001482,-437274.6160516564,83106.2198911163,0.0666666666666666,0.5333333333333333,0.2
cosmx_bcc_xdonor_spot_0000001483,-437191.7271627675,83432.39766889407,0.3333333333333333,0.2222222222222222,0.2222222222222222
cosmx_bcc_xdonor_spot_0000001484,-437265.03271832305,83793.1198911163,0.375,0.25,0.25
cosmx_bcc_xdonor_spot_0000001489,-437279.2827183231,85802.98352747993,0.1818181818181818,0.0909090909090909,0.4545454545454545
cosmx_bcc_xdonor_spot_0000001490,-437235.61605165637,86038.95322444962,0.1666666666666666,0.0,0.1666666666666666
cosmx_bcc_xdonor_spot_0000001491,-437253.00999105035,86542.8017092981,0.2727272727272727,0.0909090909090909,0.2727272727272727
cosmx_bcc_xdonor_spot_0000001494,-436882.12858027127,24598.803335956232,0.7575757575757576,0.0909090909090909,0.0
cosmx_bcc_xdonor_spot_0000001495,-436892.898277241,25034.988184441077,1.0,0.0,0.0
cosmx_bcc_xdonor_spot_0000001496,-436892.6466643378,25376.460227451833,0.4516129032258064,0.3548387096774194,0.0
cosmx_bcc_xdonor_spot_0000001497,-436915.9316105743,25732.954851107745,0.0,0.2777777777777778,0.0555555555555555
cosmx_bcc_xdonor_spot_0000001498,-436892.3363724791,26153.0977082506,0.3333333333333333,0.4285714285714285,0.0476190476190476
cosmx_bcc_xdonor_spot_0000001499,-436876.21366185637,26533.31382546672,0.7307692307692307,0.2692307692307692,0.0
cosmx_bcc_xdonor_spot_0000001500,-436883.03161057434,26885.254851107744,0.9333333333333332,0.0,0.0
cosmx_bcc_xdonor_spot_0000001501,-436895.0547989801,27304.66499603528,0.5217391304347826,0.2608695652173913,0.1739130434782608
cosmx_bcc_xdonor_spot_0000001502,-436877.71366185637,27639.31382546672,0.1538461538461538,0.4230769230769231,0.0769230769230769
cosmx_bcc_xdonor_spot_0000001503,-436863.0566105743,28020.496517774412,0.8333333333333334,0.1666666666666666,0.0
cosmx_bcc_xdonor_spot_0000001504,-436861.9948289651,28410.207724670963,0.5862068965517241,0.2413793103448276,0.1034482758620689
cosmx_bcc_xdonor_spot_0000001505,-436897.5084888565,28817.90263167535,0.15625,0.5,0.15625
cosmx_bcc_xdonor_spot_0000001506,-436878.0670905159,29192.692790804056,0.0,0.3214285714285714,0.2142857142857142
cosmx_bcc_xdonor_spot_0000001507,-436901.7873286112,29559.418981280247,0.0,0.2083333333333333,0.2083333333333333
cosmx_bcc_xdonor_spot_0000001508,-436865.45862490736,29953.696759058024,0.0,0.4444444444444444,0.2222222222222222
cosmx_bcc_xdonor_spot_0000001509,-436886.2956619447,30334.93564794691,0.3,0.5,0.1
cosmx_bcc_xdonor_spot_0000001510,-436888.7734397224,30705.69675905802,0.4444444444444444,0.5555555555555556,0.0
cosmx_bcc_xdonor_spot_0000001511,-436877.9718524209,31077.442790804052,1.0,0.0,0.0
cosmx_bcc_xdonor_spot_0000001512,-436896.9331619447,31421.523147946908,0.5625,0.1875,0.0625
cosmx_bcc_xdonor_spot_0000001513,-436887.99566194473,31831.535647946912,0.15,0.85,0.0
cosmx_bcc_xdonor_spot_0000001514,-436857.6289952779,32166.985647946905,0.0,0.9333333333333332,0.0666666666666666
cosmx_bcc_xdonor_spot_0000001515,-436891.4956619448,32623.29993366119,0.0,0.8571428571428571,0.0714285714285714
cosmx_bcc_xdonor_spot_0000001516,-436903.730777371,32963.65373078395,0.3636363636363636,0.4545454545454545,0.0
cosmx_bcc_xdonor_spot_0000001517,-436851.75203380507,33357.67477811942,0.0,0.7083333333333334,0.0
cosmx_bcc_xdonor_spot_0000001518,-436878.6415265587,33729.07151724985,0.0,0.1739130434782608,0.0
cosmx_bcc_xdonor_spot_0000001519,-436899.9127480908,34130.2640638337,0.3809523809523809,0.5238095238095238,0.0476190476190476
cosmx_bcc_xdonor_spot_0000001520,-436904.7147531034,34448.33925180363,0.9473684210526316,0.0,0.0526315789473684
cosmx_bcc_xdonor_spot_0000001521,-436894.48600816407,34859.31900888865,0.9615384615384616,0.0,0.0
cosmx_bcc_xdonor_spot_0000001522,-436884.29370047175,35251.105333674976,0.925925925925926,0.0,0.0
cosmx_bcc_xdonor_spot_0000001523,-436886.40084332885,35629.12120669085,0.7142857142857143,0.0,0.0
cosmx_bcc_xdonor_spot_0000001524,-436891.1937004718,36007.29977811941,0.85,0.0,0.0
cosmx_bcc_xdonor_spot_0000001525,-436885.083174156,36397.28662022468,1.0,0.0,0.0
cosmx_bcc_xdonor_spot_0000001526,-436884.0714782495,36782.84607441571,1.0,0.0,0.0
cosmx_bcc_xdonor_spot_0000001527,-436876.52546579746,37134.68901717117,1.0,0.0,0.0
cosmx_bcc_xdonor_spot_0000001528,-436872.64958489005,37554.05557495858,1.0,0.0,0.0
cosmx_bcc_xdonor_spot_0000001529,-436851.7632212537,37888.877544655545,0.8636363636363636,0.0454545454545454,0.0
cosmx_bcc_xdonor_spot_0000001530,-436867.0662515567,38314.680574958555,0.1666666666666666,0.5833333333333334,0.1666666666666666
cosmx_bcc_xdonor_spot_0000001531,-436856.32815631863,38656.44247972046,0.0,0.5,0.2142857142857142
cosmx_bcc_xdonor_spot_0000001532,-436814.14958488994,39091.8889082919,0.125,0.875,0.0
cosmx_bcc_xdonor_spot_0000001533,-436934.4785322586,39446.04022408138,0.8421052631578947,0.0,0.0
cosmx_bcc_xdonor_spot_0000001534,-436892.0734979335,39804.90521263974,0.9565217391304348,0.0,0.0434782608695652
cosmx_bcc_xdonor_spot_0000001535,-436876.62180711236,40170.40279718079,1.0,0.0,0.0
cosmx_bcc_xdonor_spot_0000001536,-436848.8440293346,40596.90279718079,1.0,0.0,0.0
cosmx_bcc_xdonor_spot_0000001537,-436846.7416901533,40948.829697765585,0.8947368421052632,0.0526315789473684,0.0
cosmx_bcc_xdonor_spot_0000001538,-436886.49958488997,41230.113908291896,0.0,0.6,0.2
cosmx_bcc_xdonor_spot_0000001542,-436840.6972201077,42958.48057248826,0.0,0.1666666666666666,0.0
cosmx_bcc_xdonor_spot_0000001543,-436924.8162677268,43255.24247725017,0.0,0.5,0.2142857142857142
cosmx_bcc_xdonor_spot_0000001544,-436923.86388677434,43617.8139058216,0.0,0.3333333333333333,0.0
cosmx_bcc_xdonor_spot_0000001545,-436852.1972201077,43930.86946137715,0.0,0.5555555555555556,0.1111111111111111
cosmx_bcc_xdonor_spot_0000001546,-436887.7527756633,44378.09168359937,0.0,0.2222222222222222,0.1111111111111111
cosmx_bcc_xdonor_spot_0000001547,-436882.1305534411,44749.44723915494,0.0,0.4666666666666667,0.1333333333333333
cosmx_bcc_xdonor_spot_0000001548,-436880.405553441,45089.4389058216,0.0,0.75,0.0
cosmx_bcc_xdonor_spot_0000001549,-436917.8941898046,45538.76845127614,0.0,0.6363636363636364,0.2727272727272727
cosmx_bcc_xdonor_spot_0000001550,-436872.63581659907,45930.15601108477,0.0,0.1052631578947368,0.0
cosmx_bcc_xdonor_spot_0000001551,-436879.5972201078,46247.713905821605,0.0,0.1333333333333333,0.0666666666666666
cosmx_bcc_xdonor_spot_0000001552,-436896.7123716228,46619.49572400341,0.0,0.2727272727272727,0.0909090909090909
cosmx_bcc_xdonor_spot_0000001553,-436934.86388677434,46912.64723915493,0.0,0.0,0.0
cosmx_bcc_xdonor_spot_0000001609,-436868.7672422439,68341.42923339258,0.0666666666666666,0.0,0.0
cosmx_bcc_xdonor_spot_0000001610,-436909.08390891063,68653.44590005926,0.1666666666666666,0.25,0.0833333333333333
cosmx_bcc_xdonor_spot_0000001611,-436833.70057557727,69054.56256672592,0.5333333333333333,0.2666666666666666,0.0666666666666666
cosmx_bcc_xdonor_spot_0000001612,-436842.2148612916,69435.12447148783,1.0,0.0,0.0
cosmx_bcc_xdonor_spot_0000001613,-436883.5561311328,69805.30701117037,1.0,0.0,0.0
cosmx_bcc_xdonor_spot_0000001614,-436890.5958136725,70180.45780482116,0.8571428571428571,0.0,0.0
cosmx_bcc_xdonor_spot_0000001615,-436837.33390891063,70522.61256672592,1.0,0.0,0.0
cosmx_bcc_xdonor_spot_0000001616,-436888.5356632966,70940.18712812943,1.0,0.0,0.0
cosmx_bcc_xdonor_spot_0000001617,-436872.2339089106,71304.02923339259,1.0,0.0,0.0
cosmx_bcc_xdonor_spot_0000001618,-436868.70057557727,71702.36256672592,1.0,0.0,0.0
cosmx_bcc_xdonor_spot_0000001619,-436868.66724224394,72086.86256672592,0.7777777777777778,0.2222222222222222,0.0
cosmx_bcc_xdonor_spot_0000001620,-436894.56724224397,72361.52923339259,1.0,0.0,0.0
cosmx_bcc_xdonor_spot_0000001627,-436899.30398183595,75139.42848219149,0.9090909090909092,0.0,0.0
cosmx_bcc_xdonor_spot_0000001628,-436872.4630727451,75486.65007310058,0.9375,0.0,0.0
cosmx_bcc_xdonor_spot_0000001629,-436887.3854865382,75877.99274551438,1.0,0.0,0.0
cosmx_bcc_xdonor_spot_0000001630,-436902.2443227451,76267.05632310062,0.9375,0.0,0.0
cosmx_bcc_xdonor_spot_0000001631,-436867.0880727451,76642.3375731006,0.1875,0.6875,0.0
cosmx_bcc_xdonor_spot_0000001632,-436922.31307274505,77064.93757310059,0.0,0.9,0.1
cosmx_bcc_xdonor_spot_0000001633,-436887.8559298879,77432.90900167201,0.5714285714285714,0.4285714285714285,0.0
cosmx_bcc_xdonor_spot_0000001634,-436879.36307274504,77758.03757310056,0.8,0.2,0.0
cosmx_bcc_xdonor_spot_0000001635,-436860.3241838562,78170.93016569318,1.0,0.0,0.0
cosmx_bcc_xdonor_spot_0000001636,-436894.9438419758,78523.41449617752,0.9615384615384616,0.0,0.0
cosmx_bcc_xdonor_spot_0000001637,-436887.31652102096,78913.23412482474,1.0,0.0,0.0
cosmx_bcc_xdonor_spot_0000001638,-436884.13614966813,79183.7221884852,0.8461538461538461,0.0,0.0
cosmx_bcc_xdonor_spot_0000001648,-436877.2827183231,83097.23527573167,0.0769230769230769,0.2307692307692307,0.1538461538461538
cosmx_bcc_xdonor_spot_0000001649,-436881.1398611803,83459.405605402,0.5714285714285714,0.0,0.0714285714285714
cosmx_bcc_xdonor_spot_0000001650,-436887.8827183231,83830.95322444964,0.0666666666666666,0.0,0.6666666666666666
cosmx_bcc_xdonor_spot_0000001651,-436854.06049610086,84250.50878000518,0.1111111111111111,0.0,0.2222222222222222
cosmx_bcc_xdonor_spot_0000001652,-436873.53271832305,84591.6198911163,0.25,0.0,0.25
cosmx_bcc_xdonor_spot_0000001658,-436858.482718323,86865.81989111629,0.4,0.0,0.2
cosmx_bcc_xdonor_spot_0000001660,-436494.96494390763,24599.18818444108,1.0,0.0,0.0
cosmx_bcc_xdonor_spot_0000001661,-436523.81827724096,25020.66151777441,0.72,0.28,0.0
cosmx_bcc_xdonor_spot_0000001662,-436512.8710045137,25376.257881410773,0.5454545454545454,0.2727272727272727,0.0909090909090909
cosmx_bcc_xdonor_spot_0000001663,-436483.35914680624,25772.83890907876,0.4347826086956521,0.4347826086956521,0.0869565217391304
cosmx_bcc_xdonor_spot_0000001664,-436485.2093883521,26139.5104066633,0.0,0.4444444444444444,0.074074074074074
cosmx_bcc_xdonor_spot_0000001665,-436489.1816105743,26492.163184441077,0.2083333333333333,0.3333333333333333,0.0416666666666666
cosmx_bcc_xdonor_spot_0000001666,-436504.298277241,26902.27151777441,0.25,0.25,0.05
cosmx_bcc_xdonor_spot_0000001667,-436507.3710045137,27292.98515413805,0.0454545454545454,0.5909090909090909,0.2727272727272727
cosmx_bcc_xdonor_spot_0000001668,-436477.4059695487,27686.352287005182,0.5,0.4230769230769231,0.0
cosmx_bcc_xdonor_spot_0000001669,-436508.0376711804,28024.71242686532,0.9696969696969696,0.0,0.0
cosmx_bcc_xdonor_spot_0000001670,-436506.9258634479,28432.759448808894,1.0,0.0,0.0
cosmx_bcc_xdonor_spot_0000001671,-436498.8561102809,28779.9917970602,0.8571428571428571,0.0571428571428571,0.0285714285714285
cosmx_bcc_xdonor_spot_0000001672,-436525.8869662924,29168.542169686043,0.0,0.4782608695652174,0.0869565217391304
cosmx_bcc_xdonor_spot_0000001673,-436482.75492120377,29547.73379609506,0.0,0.0,0.1111111111111111
cosmx_bcc_xdonor_spot_0000001674,-436508.2873286113,29958.168981280247,0.0,0.1666666666666666,0.0833333333333333
cosmx_bcc_xdonor_spot_0000001675,-436529.8802773291,30298.77795563922,0.4615384615384615,0.2692307692307692,0.1923076923076923
cosmx_bcc_xdonor_spot_0000001676,-436496.7456619446,30692.773147946908,0.5,0.375,0.125
cosmx_bcc_xdonor_spot_0000001677,-436519.2456619447,31051.023147946908,0.9375,0.0625,0.0
cosmx_bcc_xdonor_spot_0000001678,-436503.4956619445,31498.538028899293,0.0476190476190476,0.9523809523809524,0.0
cosmx_bcc_xdonor_spot_0000001679,-436493.55121750024,31850.69675905802,0.0,0.5555555555555556,0.1666666666666666
cosmx_bcc_xdonor_spot_0000001680,-436502.74566194456,32265.773147946908,0.0,0.4375,0.0
cosmx_bcc_xdonor_spot_0000001681,-436503.61330900335,32584.468000888086,0.0,0.9411764705882352,0.0
cosmx_bcc_xdonor_spot_0000001682,-436491.26890639303,32961.955388352966,1.0,0.0,0.0
cosmx_bcc_xdonor_spot_0000001683,-436526.543700472,33356.13311145274,0.3333333333333333,0.5,0.0833333333333333
cosmx_bcc_xdonor_spot_0000001684,-436498.0937004718,33721.89977811942,0.0,0.55,0.15
cosmx_bcc_xdonor_spot_0000001685,-436478.6270338052,34141.10533367497,0.9444444444444444,0.0555555555555555,0.0
cosmx_bcc_xdonor_spot_0000001686,-436514.54370047175,34479.88311145275,1.0,0.0,0.0
cosmx_bcc_xdonor_spot_0000001687,-436478.6270338052,34866.77200034164,1.0,0.0,0.0
cosmx_bcc_xdonor_spot_0000001688,-436498.2537004717,35252.74977811942,0.92,0.0,0.0
cosmx_bcc_xdonor_spot_0000001689,-436480.61188228993,35625.45886902851,0.9545454545454546,0.0,0.0
cosmx_bcc_xdonor_spot_0000001690,-436569.388938567,36022.88311145275,0.9523809523809524,0.0,0.0
cosmx_bcc_xdonor_spot_0000001691,-436490.1337004717,36396.26977811942,1.0,0.0,0.0
cosmx_bcc_xdonor_spot_0000001692,-436521.2937004718,36768.59739716704,0.9523809523809524,0.0,0.0
cosmx_bcc_xdonor_spot_0000001693,-436501.448718502,37160.772412297934,1.0,0.0,0.0
cosmx_bcc_xdonor_spot_0000001694,-436490.81958489004,37532.43390829191,0.96,0.0,0.0
cosmx_bcc_xdonor_spot_0000001695,-436487.21958489,37909.11390829191,1.0,0.0,0.0
cosmx_bcc_xdonor_spot_0000001696,-436490.29958489013,38267.1139082919,0.35,0.55,0.05
cosmx_bcc_xdonor_spot_0000001697,-436530.13487900776,38676.63155535072,0.0,0.6470588235294118,0.1764705882352941
cosmx_bcc_xdonor_spot_0000001698,-436504.23291822325,39013.06946384745,0.0,0.3333333333333333,0.5555555555555556
cosmx_bcc_xdonor_spot_0000001699,-436484.27458489005,39425.01390829191,0.9166666666666666,0.0,0.0
cosmx_bcc_xdonor_spot_0000001700,-436471.13958489,39835.39390829191,1.0,0.0,0.0
cosmx_bcc_xdonor_spot_0000001701,-436500.4352991757,40197.83533686334,0.9642857142857144,0.0,0.0
cosmx_bcc_xdonor_spot_0000001702,-436505.0424420328,40554.54962257762,1.0,0.0,0.0
cosmx_bcc_xdonor_spot_0000001703,-436517.1958811863,40931.25464903265,0.9629629629629628,0.0,0.0
cosmx_bcc_xdonor_spot_0000001708,-436513.530553441,42867.11390582159,0.0,0.6,0.0
cosmx_bcc_xdonor_spot_0000001709,-436510.530553441,43183.86946137715,0.0,0.6666666666666666,0.0
cosmx_bcc_xdonor_spot_0000001711,-436551.6214625319,43993.85936036705,0.1818181818181818,0.2727272727272727,0.0
cosmx_bcc_xdonor_spot_0000001712,-436559.80328071374,44340.76845127614,0.0,0.6363636363636364,0.0
cosmx_bcc_xdonor_spot_0000001713,-436508.280553441,44712.48057248827,0.0833333333333333,0.25,0.0833333333333333
cosmx_bcc_xdonor_spot_0000001714,-436485.86388677434,45138.09168359937,0.1111111111111111,0.7777777777777778,0.0
cosmx_bcc_xdonor_spot_0000001715,-436497.15555344115,45493.25140582161,0.0,0.75,0.125
cosmx_bcc_xdonor_spot_0000001716,-436475.030553441,45827.64723915493,0.0,0.6666666666666666,0.1666666666666666
cosmx_bcc_xdonor_spot_0000001717,-436488.530553441,46242.3139058216,0.0,0.8333333333333334,0.0833333333333333
cosmx_bcc_xdonor_spot_0000001718,-436485.330553441,46732.513905821594,0.0,0.5,0.2
cosmx_bcc_xdonor_spot_0000001719,-436507.130553441,46881.11390582159,0.0,0.6,0.4
cosmx_bcc_xdonor_spot_0000001775,-436515.8100993868,68311.10066196401,0.0714285714285714,0.2857142857142857,0.0
cosmx_bcc_xdonor_spot_0000001776,-436530.6116866884,68682.58478894815,0.0,0.4444444444444444,0.3333333333333333
cosmx_bcc_xdonor_spot_0000001777,-436493.9364730132,69121.02923339259,0.9230769230769232,0.0769230769230769,0.0
cosmx_bcc_xdonor_spot_0000001778,-436523.64092645445,69422.34502286627,1.0,0.0,0.0
cosmx_bcc_xdonor_spot_0000001779,-436530.4281118092,69803.07271165345,1.0,0.0,0.0
cosmx_bcc_xdonor_spot_0000001780,-436492.50057557726,70144.86256672592,1.0,0.0,0.0
cosmx_bcc_xdonor_spot_0000001781,-436517.64092645445,70545.608180761,1.0,0.0,0.0
cosmx_bcc_xdonor_spot_0000001782,-436475.16724224394,70925.8149476783,0.7142857142857143,0.2142857142857142,0.0
cosmx_bcc_xdonor_spot_0000001783,-436522.2339089106,71298.8292333926,0.3333333333333333,0.3333333333333333,0.0666666666666666
cosmx_bcc_xdonor_spot_0000001784,-436497.9005755773,71732.22923339259,0.6,0.3333333333333333,0.0
cosmx_bcc_xdonor_spot_0000001785,-436522.89801147475,72068.64461800797,0.8846153846153846,0.0769230769230769,0.0
cosmx_bcc_xdonor_spot_0000001786,-436502.83390891063,72368.69590005926,1.0,0.0,0.0
cosmx_bcc_xdonor_spot_0000001793,-436521.7585272905,75142.33757310058,0.8181818181818182,0.0,0.0909090909090909
cosmx_bcc_xdonor_spot_0000001794,-436519.713072745,75508.98757310056,0.9,0.0,0.0
cosmx_bcc_xdonor_spot_0000001795,-436487.01307274506,75889.08757310058,0.95,0.0,0.0
cosmx_bcc_xdonor_spot_0000001796,-436517.3948909269,76264.1557549188,0.9393939393939394,0.0,0.0
cosmx_bcc_xdonor_spot_0000001797,-436483.2387137707,76633.56834233142,0.9230769230769232,0.0256410256410256,0.0256410256410256
cosmx_bcc_xdonor_spot_0000001798,-436506.6505727451,76935.77507310057,0.1875,0.75,0.0625
cosmx_bcc_xdonor_spot_0000001799,-436487.0366021568,77409.33757310058,0.9411764705882352,0.0588235294117647,0.0
cosmx_bcc_xdonor_spot_0000001800,-436489.265704324,77740.7059941532,0.2105263157894736,0.7368421052631579,0.0526315789473684
cosmx_bcc_xdonor_spot_0000001801,-436527.3307198039,78186.4552201594,0.8235294117647058,0.1764705882352941,0.0
cosmx_bcc_xdonor_spot_0000001802,-436517.79371790634,78554.43434729415,0.967741935483871,0.0,0.0
cosmx_bcc_xdonor_spot_0000001803,-436524.0366021568,78889.10227898299,1.0,0.0,0.0
cosmx_bcc_xdonor_spot_0000001804,-436516.2130727451,79191.7125731006,0.75,0.125,0.0
cosmx_bcc_xdonor_spot_0000001814,-436484.91908195947,83084.25625475269,0.1818181818181818,0.6818181818181818,0.0909090909090909
cosmx_bcc_xdonor_spot_0000001815,-436514.9702183231,83475.55739111631,0.75,0.0,0.0625
cosmx_bcc_xdonor_spot_0000001816,-436493.8090341126,83876.14620690579,0.3157894736842105,0.0,0.2105263157894736
cosmx_bcc_xdonor_spot_0000001817,-436499.8660516564,84230.6198911163,0.3333333333333333,0.0,0.3333333333333333
cosmx_bcc_xdonor_spot_0000001818,-436502.4932446389,84642.51462795843,0.5263157894736842,0.0526315789473684,0.2105263157894736
cosmx_bcc_xdonor_spot_0000001819,-436480.5684326088,84973.00084349728,0.0,0.2857142857142857,0.5714285714285714
cosmx_bcc_xdonor_spot_0000001820,-436504.28271832305,85412.16989111633,0.0,0.4,0.35
cosmx_bcc_xdonor_spot_0000001821,-436485.8281728685,85761.07443657084,0.2727272727272727,0.0909090909090909,0.2727272727272727
cosmx_bcc_xdonor_spot_0000001822,-436504.1827183231,86139.6198911163,0.0,0.0,0.2
cosmx_bcc_xdonor_spot_0000001823,-436411.882718323,86483.6198911163,0.0,0.2,0.8
cosmx_bcc_xdonor_spot_0000001826,-436121.6134287561,24587.71242686532,1.0,0.0,0.0
cosmx_bcc_xdonor_spot_0000001827,-436127.83740767575,24987.88238733963,0.0,0.6086956521739131,0.0
cosmx_bcc_xdonor_spot_0000001828,-436122.25827724097,25376.38151777441,0.24,0.24,0.08
cosmx_bcc_xdonor_spot_0000001829,-436129.5528226955,25768.80333595623,0.1818181818181818,0.5909090909090909,0.1363636363636363
cosmx_bcc_xdonor_spot_0000001830,-436144.9444310871,26126.506133159026,0.0769230769230769,0.5769230769230769,0.1923076923076923
cosmx_bcc_xdonor_spot_0000001831,-436166.8066105743,26500.704851107745,0.3333333333333333,0.6666666666666666,0.0
cosmx_bcc_xdonor_spot_0000001832,-436126.5268486696,26915.69294634584,0.0,0.8571428571428571,0.0
cosmx_bcc_xdonor_spot_0000001833,-436146.8390179817,27320.54744370034,0.1111111111111111,0.6666666666666666,0.074074074074074
cosmx_bcc_xdonor_spot_0000001834,-436134.750451154,27662.4910829918,0.2608695652173913,0.6086956521739131,0.0
cosmx_bcc_xdonor_spot_0000001835,-436133.858277241,28041.301517774413,1.0,0.0,0.0
cosmx_bcc_xdonor_spot_0000001836,-436150.598277241,28427.913184441077,1.0,0.0,0.0
cosmx_bcc_xdonor_spot_0000001837,-436147.81984508224,28797.54315316036,1.0,0.0,0.0
cosmx_bcc_xdonor_spot_0000001838,-436102.9456619447,29204.285647946912,0.05,0.35,0.05
cosmx_bcc_xdonor_spot_0000001839,-436141.2782706401,29574.75956099039,0.0,0.1304347826086956,0.0434782608695652
cosmx_bcc_xdonor_spot_0000001840,-436160.10677305586,29929.752314613575,0.0,0.0,0.0555555555555555
cosmx_bcc_xdonor_spot_0000001841,-436150.44010638905,30331.418981280243,0.1666666666666666,0.4444444444444444,0.1666666666666666
cosmx_bcc_xdonor_spot_0000001842,-436138.80816194473,30675.023147946908,0.1875,0.5625,0.125
cosmx_bcc_xdonor_spot_0000001843,-436146.08389723854,31072.409177358673,0.5294117647058824,0.3529411764705882,0.1176470588235294
cosmx_bcc_xdonor_spot_0000001844,-436154.66957498813,31485.67260446865,0.0,0.6521739130434783,0.217391304347826
cosmx_bcc_xdonor_spot_0000001845,-436123.54566194455,31845.38564794691,0.0,0.7,0.05
cosmx_bcc_xdonor_spot_0000001846,-436102.3191913562,32189.115059711614,0.0,0.4705882352941176,0.2941176470588235
cosmx_bcc_xdonor_spot_0000001847,-436151.1427207681,32598.997412652792,0.3529411764705882,0.6470588235294118,0.0
cosmx_bcc_xdonor_spot_0000001848,-436128.32048935443,32977.001715863,0.9565217391304348,0.0,0.0
cosmx_bcc_xdonor_spot_0000001849,-436118.0458142168,33338.04977811941,0.8888888888888888,0.1111111111111111,0.0
cosmx_bcc_xdonor_spot_0000001850,-436127.53443295794,33763.812936014154,0.1578947368421052,0.4210526315789473,0.1052631578947368
cosmx_bcc_xdonor_spot_0000001851,-436115.29047377437,34127.70602811942,0.96875,0.03125,0.0
cosmx_bcc_xdonor_spot_0000001852,-436131.6261203366,34490.593256380285,1.0,0.0,0.0
cosmx_bcc_xdonor_spot_0000001853,-436108.00383112667,34859.309778119416,0.96,0.0,0.0
cosmx_bcc_xdonor_spot_0000001854,-436133.11376408505,35274.79977811942,0.9583333333333334,0.0,0.0
cosmx_bcc_xdonor_spot_0000001855,-436104.74429677293,35646.00139102265,0.935483870967742,0.032258064516129,0.0
cosmx_bcc_xdonor_spot_0000001856,-436129.22579176875,36042.740254309894,1.0,0.0,0.0
cosmx_bcc_xdonor_spot_0000001857,-436122.5132141415,36388.025968595604,0.9047619047619048,0.0,0.0
cosmx_bcc_xdonor_spot_0000001858,-436116.37035699864,36749.502159071795,1.0,0.0,0.0
cosmx_bcc_xdonor_spot_0000001859,-436122.6600524693,37161.459058955,1.0,0.0,0.0
cosmx_bcc_xdonor_spot_0000001860,-436129.01069600106,37517.95835273636,0.8518518518518519,0.037037037037037,0.0
cosmx_bcc_xdonor_spot_0000001861,-436146.8440293346,37891.40279718079,0.4444444444444444,0.3333333333333333,0.1666666666666666
cosmx_bcc_xdonor_spot_0000001862,-436091.2745848901,38280.2639082919,0.4375,0.5625,0.0
cosmx_bcc_xdonor_spot_0000001863,-436092.99958489015,38649.2139082919,0.45,0.5,0.0
cosmx_bcc_xdonor_spot_0000001864,-436148.32815631863,39026.871051149035,0.0,0.7857142857142857,0.0714285714285714
cosmx_bcc_xdonor_spot_0000001865,-436109.6688156593,39432.43698521497,0.3846153846153846,0.1538461538461538,0.0
cosmx_bcc_xdonor_spot_0000001866,-436159.8469533112,39780.250750397165,0.7368421052631579,0.1578947368421052,0.0
cosmx_bcc_xdonor_spot_0000001867,-436224.59958488995,40222.613908291896,0.6,0.3,0.0
cosmx_bcc_xdonor_spot_0000001868,-436179.7329182233,40556.0139082919,0.3333333333333333,0.3333333333333333,0.1666666666666666
cosmx_bcc_xdonor_spot_0000001869,-436142.69958489,40997.5139082919,0.2,0.6,0.0
cosmx_bcc_xdonor_spot_0000001875,-436135.86388677434,43091.8139058216,0.0,0.3333333333333333,0.0
cosmx_bcc_xdonor_spot_0000001876,-436172.530553441,43606.7139058216,0.0,0.6,0.2
cosmx_bcc_xdonor_spot_0000001877,-436138.530553441,43919.64723915493,0.1666666666666666,0.3333333333333333,0.0
cosmx_bcc_xdonor_spot_0000001878,-436203.2448391553,44312.17104867874,0.2857142857142857,0.1428571428571428,0.1428571428571428
cosmx_bcc_xdonor_spot_0000001879,-436143.030553441,44743.48057248827,0.0,0.6666666666666666,0.1666666666666666
cosmx_bcc_xdonor_spot_0000001880,-436227.030553441,45124.3139058216,0.0,0.8333333333333334,0.0
cosmx_bcc_xdonor_spot_0000001881,-436123.3162677268,45507.742477250176,0.0,0.3571428571428571,0.2857142857142857
cosmx_bcc_xdonor_spot_0000001882,-436153.94231814705,45875.372729351024,0.0,0.7647058823529411,0.0588235294117647
cosmx_bcc_xdonor_spot_0000001883,-436099.155553441,46275.3139058216,0.0,0.75,0.25
cosmx_bcc_xdonor_spot_0000001884,-436148.86388677434,46630.23057248827,0.0,0.6666666666666666,0.25
cosmx_bcc_xdonor_spot_0000001941,-436191.56724224397,68328.0292333926,0.0,0.8,0.2
cosmx_bcc_xdonor_spot_0000001942,-436102.38946446613,68704.69590005926,0.0,0.5555555555555556,0.0
cosmx_bcc_xdonor_spot_0000001943,-436128.267242244,69044.8292333926,0.3,0.4,0.1
cosmx_bcc_xdonor_spot_0000001944,-436179.167242244,69402.02923339259,0.8095238095238095,0.1428571428571428,0.0476190476190476
cosmx_bcc_xdonor_spot_0000001945,-436149.48867081536,69802.74351910687,0.8928571428571429,0.0714285714285714,0.0
cosmx_bcc_xdonor_spot_0000001946,-436130.7461896124,70164.34502286627,1.0,0.0,0.0
cosmx_bcc_xdonor_spot_0000001947,-436163.7461896124,70561.608180761,0.7894736842105263,0.1578947368421052,0.0
cosmx_bcc_xdonor_spot_0000001948,-436106.7505755773,70945.44590005926,0.0833333333333333,0.6666666666666666,0.1666666666666666
cosmx_bcc_xdonor_spot_0000001949,-436108.69665400864,71321.79393927494,0.2352941176470588,0.5882352941176471,0.0
cosmx_bcc_xdonor_spot_0000001950,-436130.16724224394,71702.8553203491,1.0,0.0,0.0
cosmx_bcc_xdonor_spot_0000001951,-436141.16724224394,72074.14688045142,0.8823529411764706,0.0,0.0
cosmx_bcc_xdonor_spot_0000001952,-436149.33390891063,72374.69590005928,0.8333333333333334,0.0,0.0
cosmx_bcc_xdonor_spot_0000001959,-436094.6505727451,75145.0875731006,0.9375,0.0,0.0
cosmx_bcc_xdonor_spot_0000001960,-436121.90872491896,75494.68539918754,0.9130434782608696,0.0,0.0
cosmx_bcc_xdonor_spot_0000001961,-436144.1178346498,75852.19471595772,0.9523809523809524,0.0,0.0
cosmx_bcc_xdonor_spot_0000001962,-436103.4214060784,76241.12923976725,0.9166666666666666,0.0,0.0
cosmx_bcc_xdonor_spot_0000001963,-436113.49307274504,76630.61757310058,0.92,0.0,0.0
cosmx_bcc_xdonor_spot_0000001964,-436083.49878703075,76984.55185881487,0.2857142857142857,0.5714285714285714,0.1428571428571428
cosmx_bcc_xdonor_spot_0000001965,-436113.52076505276,77439.56834233135,0.5384615384615384,0.4615384615384615,0.0
cosmx_bcc_xdonor_spot_0000001966,-436087.16044116614,77762.0217836269,0.0,0.6842105263157895,0.0526315789473684
cosmx_bcc_xdonor_spot_0000001967,-436122.7130727451,78096.50423976724,0.0,1.0,0.0
cosmx_bcc_xdonor_spot_0000001968,-436134.11307274504,78483.3375731006,0.0,1.0,0.0
cosmx_bcc_xdonor_spot_0000001969,-436140.7755727451,78891.27507310058,0.0,1.0,0.0
cosmx_bcc_xdonor_spot_0000001970,-436087.4352949673,79181.89312865614,0.0,1.0,0.0
cosmx_bcc_xdonor_spot_0000001980,-436141.15228354046,83087.05467372503,0.0,0.4347826086956521,0.3043478260869565
cosmx_bcc_xdonor_spot_0000001981,-436103.3827183231,83454.81989111635,0.3333333333333333,0.2333333333333333,0.4333333333333333
cosmx_bcc_xdonor_spot_0000001982,-436131.91908195947,83849.3471638436,0.5,0.1818181818181818,0.3181818181818182
cosmx_bcc_xdonor_spot_0000001983,-436132.71128975163,84219.23893873538,0.5714285714285714,0.0,0.3333333333333333
cosmx_bcc_xdonor_spot_0000001984,-436147.86166569154,84601.19883848475,0.7368421052631579,0.0,0.1578947368421052
cosmx_bcc_xdonor_spot_0000001985,-436166.2238947937,84975.50224405748,0.0,0.1764705882352941,0.3529411764705882
cosmx_bcc_xdonor_spot_0000001986,-436130.6827183231,85359.9198911163,0.0,0.3,0.2
cosmx_bcc_xdonor_spot_0000001987,-436135.28271832305,85655.81989111629,0.0,0.5,0.2
cosmx_bcc_xdonor_spot_0000001988,-436150.73271832307,86150.01989111633,0.0,0.35,0.35
cosmx_bcc_xdonor_spot_0000001989,-436095.48271832307,86449.51989111629,0.0,0.2,0.4
cosmx_bcc_xdonor_spot_0000001990,-436132.9970040373,86821.04846254487,0.1428571428571428,0.0,0.8571428571428571
cosmx_bcc_xdonor_spot_0000001992,-435773.24113438383,24594.407232060126,0.8214285714285714,0.1428571428571428,0.0
cosmx_bcc_xdonor_spot_0000001993,-435784.3614351357,24997.989938827042,0.0,0.3684210526315789,0.1578947368421052
cosmx_bcc_xdonor_spot_0000001994,-435779.3066105743,25402.996517774412,0.6666666666666666,0.2083333333333333,0.0416666666666666
cosmx_bcc_xdonor_spot_0000001995,-435720.65383279655,25756.065962218858,0.7407407407407407,0.2222222222222222,0.037037037037037
cosmx_bcc_xdonor_spot_0000001996,-435802.69827724097,26056.121517774405,0.0,0.7,0.1
cosmx_bcc_xdonor_spot_0000001997,-435740.2093883521,26470.065962218854,0.1111111111111111,0.8888888888888888,0.0
cosmx_bcc_xdonor_spot_0000001998,-435793.95542009815,26926.47866063155,0.1428571428571428,0.4285714285714285,0.1428571428571428
cosmx_bcc_xdonor_spot_0000001999,-435763.8601820029,27306.19294634584,0.8571428571428571,0.0952380952380952,0.0476190476190476
cosmx_bcc_xdonor_spot_0000002000,-435740.7649439077,27659.021517774414,0.1333333333333333,0.5333333333333333,0.0666666666666666
cosmx_bcc_xdonor_spot_0000002001,-435779.4316105743,28061.454851107745,0.5555555555555556,0.3888888888888889,0.0
cosmx_bcc_xdonor_spot_0000002002,-435710.998277241,28436.02151777441,0.35,0.35,0.0
cosmx_bcc_xdonor_spot_0000002003,-435763.61746412975,28812.590772207983,0.8928571428571429,0.0,0.0
cosmx_bcc_xdonor_spot_0000002004,-435742.3475137963,29171.585647946915,0.5925925925925926,0.2592592592592592,0.0
cosmx_bcc_xdonor_spot_0000002005,-435757.2289952779,29564.25231461357,0.0666666666666666,0.2666666666666666,0.0666666666666666
cosmx_bcc_xdonor_spot_0000002006,-435747.8033542524,29947.816417177673,0.0,0.0,0.0
cosmx_bcc_xdonor_spot_0000002007,-435763.71788416686,30328.585647946908,0.0,0.2222222222222222,0.0
cosmx_bcc_xdonor_spot_0000002008,-435755.2456619445,30669.38564794691,0.25,0.7,0.0
cosmx_bcc_xdonor_spot_0000002009,-435724.65355668153,31081.58564794691,0.0,0.7894736842105263,0.0526315789473684
cosmx_bcc_xdonor_spot_0000002010,-435702.84860312095,31455.820942064554,0.0,1.0,0.0
cosmx_bcc_xdonor_spot_0000002011,-435729.45720040606,31852.00872486999,0.0,0.9230769230769232,0.0769230769230769
cosmx_bcc_xdonor_spot_0000002012,-435745.8170905159,32223.72850508977,0.3214285714285714,0.6428571428571429,0.0357142857142857
cosmx_bcc_xdonor_spot_0000002013,-435710.14950809826,32571.50872486999,0.8461538461538461,0.1153846153846153,0.0384615384615384
cosmx_bcc_xdonor_spot_0000002014,-435755.82934529067,32967.04207500844,0.9565217391304348,0.0434782608695652,0.0
cosmx_bcc_xdonor_spot_0000002015,-435748.329570299,33332.44451496152,0.8421052631578947,0.1578947368421052,0.0
cosmx_bcc_xdonor_spot_0000002016,-435750.329570299,33743.67477811942,0.2083333333333333,0.5416666666666666,0.0833333333333333
cosmx_bcc_xdonor_spot_0000002017,-435749.5416915111,34108.792202361845,0.9696969696969696,0.0,0.0
cosmx_bcc_xdonor_spot_0000002018,-435743.7413350049,34478.78507223707,0.9705882352941176,0.0,0.0
cosmx_bcc_xdonor_spot_0000002019,-435753.3640530576,34847.92908846425,1.0,0.0,0.0
cosmx_bcc_xdonor_spot_0000002020,-435739.67572414514,35265.85747042711,0.9230769230769232,0.0769230769230769,0.0
cosmx_bcc_xdonor_spot_0000002021,-435741.26290363236,35633.14977811942,0.8333333333333334,0.1,0.0666666666666666
cosmx_bcc_xdonor_spot_0000002022,-435755.47771844716,36015.95718552683,1.0,0.0,0.0
cosmx_bcc_xdonor_spot_0000002023,-435748.360820299,36406.42477811942,0.9375,0.0,0.0
cosmx_bcc_xdonor_spot_0000002024,-435750.329570299,36766.239433291834,1.0,0.0,0.0
cosmx_bcc_xdonor_spot_0000002025,-435770.24743265304,37142.036967466716,0.5714285714285714,0.2857142857142857,0.1428571428571428
cosmx_bcc_xdonor_spot_0000002026,-435692.8995848901,37496.125019403014,0.0555555555555555,0.6111111111111112,0.3333333333333333
cosmx_bcc_xdonor_spot_0000002027,-435686.76915010746,37955.16608220495,0.8695652173913043,0.0434782608695652,0.0434782608695652
cosmx_bcc_xdonor_spot_0000002028,-435731.5870848899,38278.88890829191,0.90625,0.0,0.0
cosmx_bcc_xdonor_spot_0000002029,-435731.8995848899,38688.64294054997,0.967741935483871,0.0,0.0
cosmx_bcc_xdonor_spot_0000002030,-435746.44958489016,39007.9639082919,0.8,0.1,0.0
cosmx_bcc_xdonor_spot_0000002031,-435792.4620848901,39431.3889082919,0.0,0.5,0.0625
cosmx_bcc_xdonor_spot_0000002032,-435793.98291822337,39784.430574958555,0.0,0.75,0.0833333333333333
cosmx_bcc_xdonor_spot_0000002033,-435734.52458488994,40188.2639082919,0.0,0.75,0.125
cosmx_bcc_xdonor_spot_0000002034,-435745.77458488994,40586.5139082919,0.0,0.625,0.25
cosmx_bcc_xdonor_spot_0000002041,-435727.530553441,43259.3139058216,0.0,0.625,0.125
cosmx_bcc_xdonor_spot_0000002043,-435762.280553441,43934.4389058216,0.25,0.625,0.0
cosmx_bcc_xdonor_spot_0000002045,-435784.6972201077,44805.14723915493,0.0,0.5,0.0
cosmx_bcc_xdonor_spot_0000002046,-435731.530553441,45154.8139058216,0.0,0.625,0.125
cosmx_bcc_xdonor_spot_0000002047,-435780.280553441,45581.3139058216,0.0,0.75,0.25
cosmx_bcc_xdonor_spot_0000002048,-435763.09305344115,45900.12640582161,0.0,0.3125,0.125
cosmx_bcc_xdonor_spot_0000002049,-435741.23055344104,46289.61390582159,0.0,0.8,0.0
cosmx_bcc_xdonor_spot_0000002050,-435755.36388677434,46678.8139058216,0.0,0.75,0.1666666666666666
cosmx_bcc_xdonor_spot_0000002108,-435705.767242244,68687.62923339261,0.2,0.8,0.0
cosmx_bcc_xdonor_spot_0000002109,-435728.767242244,69005.3292333926,0.0,0.2,0.3
cosmx_bcc_xdonor_spot_0000002110,-435771.16724224394,69432.7792333926,0.0,0.625,0.25
cosmx_bcc_xdonor_spot_0000002111,-435736.54224224394,69808.1542333926,0.0,0.625,0.375
cosmx_bcc_xdonor_spot_0000002112,-435709.56724224397,70185.52923339259,0.1,0.5,0.0
cosmx_bcc_xdonor_spot_0000002113,-435753.91724224394,70548.9042333926,0.0,0.75,0.25
cosmx_bcc_xdonor_spot_0000002114,-435762.7672422439,70973.02923339259,0.7333333333333333,0.2666666666666666,0.0
cosmx_bcc_xdonor_spot_0000002115,-435737.5356632966,71331.76607549784,0.9473684210526316,0.0,0.0
cosmx_bcc_xdonor_spot_0000002116,-435741.4529565297,71683.55304291639,1.0,0.0,0.0
cosmx_bcc_xdonor_spot_0000002117,-435789.04224224394,72078.02923339259,0.875,0.0,0.0
cosmx_bcc_xdonor_spot_0000002118,-435724.3100993868,72363.31494767833,1.0,0.0,0.0
cosmx_bcc_xdonor_spot_0000002146,-435770.5684326088,83087.54846254487,0.0,0.4285714285714285,0.3571428571428571
cosmx_bcc_xdonor_spot_0000002147,-435737.81605165644,83507.08655778297,0.0,0.4666666666666667,0.3333333333333333
cosmx_bcc_xdonor_spot_0000002148,-435751.93489223614,83856.22858676851,0.0,0.8695652173913043,0.0869565217391304
cosmx_bcc_xdonor_spot_0000002149,-435756.3303373707,84244.19131968776,0.0476190476190476,0.7142857142857143,0.1904761904761904
cosmx_bcc_xdonor_spot_0000002150,-435745.3327183231,84603.61989111632,0.15,0.6,0.25
cosmx_bcc_xdonor_spot_0000002151,-435739.8660516564,84993.70322444967,0.125,0.4583333333333333,0.0
cosmx_bcc_xdonor_spot_0000002152,-435754.72716276755,85375.56433556076,0.1666666666666666,0.3333333333333333,0.3333333333333333
cosmx_bcc_xdonor_spot_0000002153,-435673.94938498974,85744.6198911163,0.75,0.0,0.0
cosmx_bcc_xdonor_spot_0000002154,-435718.1009001413,86126.75625475269,0.2272727272727272,0.2727272727272727,0.2727272727272727
cosmx_bcc_xdonor_spot_0000002155,-435710.89382943424,86487.50878000521,0.2222222222222222,0.3888888888888889,0.1111111111111111
cosmx_bcc_xdonor_spot_0000002156,-435716.1398611802,86881.85798635443,0.0952380952380952,0.2857142857142857,0.238095238095238
cosmx_bcc_xdonor_spot_0000002158,-435378.65383279655,24580.84373999663,0.0555555555555555,0.6111111111111112,0.0
cosmx_bcc_xdonor_spot_0000002159,-435362.5330598497,25030.447604730933,0.1304347826086956,0.6086956521739131,0.2608695652173913
cosmx_bcc_xdonor_spot_0000002160,-435385.80415959394,25375.68034130382,0.2941176470588235,0.5882352941176471,0.0588235294117647
cosmx_bcc_xdonor_spot_0000002161,-435376.87605501874,25730.065962218847,0.0,0.6666666666666666,0.2222222222222222
cosmx_bcc_xdonor_spot_0000002163,-435435.498277241,26499.421517774404,0.0,0.8,0.2
cosmx_bcc_xdonor_spot_0000002164,-435414.223277241,26908.49651777441,0.25,0.625,0.125
cosmx_bcc_xdonor_spot_0000002165,-435349.6697058124,27265.907232060126,0.0714285714285714,0.7142857142857143,0.2142857142857142
cosmx_bcc_xdonor_spot_0000002166,-435359.65383279655,27685.454851107745,0.3888888888888889,0.5,0.1111111111111111
cosmx_bcc_xdonor_spot_0000002167,-435349.848277241,28050.621517774412,0.0833333333333333,0.75,0.0833333333333333
cosmx_bcc_xdonor_spot_0000002168,-435342.473277241,28412.871517774412,0.125,0.375,0.0
cosmx_bcc_xdonor_spot_0000002169,-435436.00617937924,28711.51430421645,0.3636363636363636,0.1818181818181818,0.0
cosmx_bcc_xdonor_spot_0000002170,-435517.6956619446,29206.1856479469,1.0,0.0,0.0
cosmx_bcc_xdonor_spot_0000002175,-435532.69566194434,30989.785647946897,0.0,0.2,0.0
cosmx_bcc_xdonor_spot_0000002176,-435530.29566194443,31419.1856479469,0.0,0.8,0.2
cosmx_bcc_xdonor_spot_0000002178,-435529.99566194485,32260.085647946897,1.0,0.0,0.0
cosmx_bcc_xdonor_spot_0000002179,-435524.3845508335,32541.80787016912,1.0,0.0,0.0
cosmx_bcc_xdonor_spot_0000002180,-435423.63503001776,33016.444645312884,1.0,0.0,0.0
cosmx_bcc_xdonor_spot_0000002181,-435373.84957029903,33345.50977811942,0.92,0.04,0.0
cosmx_bcc_xdonor_spot_0000002182,-435351.704570299,33776.04977811941,0.3125,0.6875,0.0
cosmx_bcc_xdonor_spot_0000002183,-435345.829570299,34112.41644478609,0.9666666666666668,0.0,0.0
cosmx_bcc_xdonor_spot_0000002184,-435383.3883938284,34499.020366354714,1.0,0.0,0.0
cosmx_bcc_xdonor_spot_0000002185,-435360.9834164529,34850.203624273265,0.9615384615384616,0.0384615384615384,0.0
cosmx_bcc_xdonor_spot_0000002186,-435392.47242744185,35296.478349547986,0.5,0.3571428571428571,0.0714285714285714
cosmx_bcc_xdonor_spot_0000002187,-435351.69068141014,35620.41088923053,0.9444444444444444,0.0555555555555555,0.0
cosmx_bcc_xdonor_spot_0000002188,-435385.2184591879,36018.99422256386,0.5,0.2222222222222222,0.2222222222222222
cosmx_bcc_xdonor_spot_0000002189,-435389.44068141014,36383.77200034164,1.0,0.0,0.0
cosmx_bcc_xdonor_spot_0000002190,-435377.6212369657,36751.67477811942,0.9166666666666666,0.0,0.0
cosmx_bcc_xdonor_spot_0000002191,-435345.04324328824,37170.26756786084,0.7666666666666667,0.1333333333333333,0.0666666666666666
cosmx_bcc_xdonor_spot_0000002192,-435333.71439970477,37506.476871254876,0.9629629629629628,0.0,0.037037037037037
cosmx_bcc_xdonor_spot_0000002193,-435373.05343104363,37913.51390829192,1.0,0.0,0.0
cosmx_bcc_xdonor_spot_0000002194,-435366.7525260663,38281.71979064486,1.0,0.0,0.0
cosmx_bcc_xdonor_spot_0000002195,-435378.9412515567,38690.18057495858,0.9583333333333334,0.0,0.0416666666666666
cosmx_bcc_xdonor_spot_0000002196,-435367.33436749876,39070.90521263974,1.0,0.0,0.0
cosmx_bcc_xdonor_spot_0000002197,-435324.39958489005,39368.930574958555,0.5,0.25,0.0833333333333333
cosmx_bcc_xdonor_spot_0000002198,-435392.73291822337,39840.430574958555,0.0,0.75,0.0
cosmx_bcc_xdonor_spot_0000002199,-435324.7567277472,40172.94247972046,0.0,0.2857142857142857,0.0714285714285714
cosmx_bcc_xdonor_spot_0000002200,-435346.5870848901,40584.2014082919,0.0,0.3125,0.125
cosmx_bcc_xdonor_spot_0000002201,-435369.47101346136,41016.08533686333,0.0,0.8571428571428571,0.0
cosmx_bcc_xdonor_spot_0000002202,-435347.89958489005,41271.51390829189,0.0,0.4285714285714285,0.5
cosmx_bcc_xdonor_spot_0000002207,-435371.905553441,43262.4389058216,0.125,0.5,0.0
cosmx_bcc_xdonor_spot_0000002208,-435376.530553441,43551.425016932706,0.0,0.6666666666666666,0.2222222222222222
cosmx_bcc_xdonor_spot_0000002211,-435303.905553441,44758.5639058216,0.125,0.125,0.25
cosmx_bcc_xdonor_spot_0000002212,-435403.3876962982,45151.45676296445,0.0,0.1428571428571428,0.0
cosmx_bcc_xdonor_spot_0000002213,-435339.7527756633,45504.536128043816,0.0,0.6666666666666666,0.1111111111111111
cosmx_bcc_xdonor_spot_0000002214,-435323.2147639675,45885.103379505825,0.0,0.4736842105263157,0.3157894736842105
cosmx_bcc_xdonor_spot_0000002215,-435398.46805344115,46278.56390582161,0.0,0.6875,0.1875
cosmx_bcc_xdonor_spot_0000002216,-435351.8941898046,46624.13208763977,0.0,0.7272727272727273,0.0909090909090909
cosmx_bcc_xdonor_spot_0000002280,-435520.767242244,70980.2292333926,0.8,0.0,0.2
cosmx_bcc_xdonor_spot_0000002281,-435519.5005755773,71328.0292333926,1.0,0.0,0.0
cosmx_bcc_xdonor_spot_0000002282,-435519.56724224397,71745.42923339261,1.0,0.0,0.0
cosmx_bcc_xdonor_spot_0000002312,-435355.8090341126,83074.19883848475,0.1052631578947368,0.631578947368421,0.0526315789473684
cosmx_bcc_xdonor_spot_0000002313,-435346.1650712643,83486.5610675869,0.1764705882352941,0.6470588235294118,0.1176470588235294
cosmx_bcc_xdonor_spot_0000002314,-435361.07438498974,83874.74489111634,0.7916666666666666,0.125,0.0
cosmx_bcc_xdonor_spot_0000002315,-435368.34723445214,84220.74892337441,1.0,0.0,0.0
cosmx_bcc_xdonor_spot_0000002316,-435328.7564025337,84608.46199637948,0.7894736842105263,0.0,0.0526315789473684
cosmx_bcc_xdonor_spot_0000002317,-435363.23726377764,84996.3471638436,0.7272727272727273,0.1363636363636363,0.1363636363636363
cosmx_bcc_xdonor_spot_0000002318,-435373.6463546867,85373.02898202543,0.3636363636363636,0.5909090909090909,0.0454545454545454
cosmx_bcc_xdonor_spot_0000002319,-435354.98271832307,85732.36989111632,1.0,0.0,0.0
cosmx_bcc_xdonor_spot_0000002320,-435340.7112897517,86127.19131968777,0.5,0.4642857142857143,0.0
cosmx_bcc_xdonor_spot_0000002321,-435354.9627183231,86497.77989111634,0.24,0.56,0.12
cosmx_bcc_xdonor_spot_0000002322,-435358.91908195947,86861.57443657088,0.5454545454545454,0.1818181818181818,0.0909090909090909
cosmx_bcc_xdonor_spot_0000002323,-435363.61605165637,87101.1198911163,0.5,0.0,0.1666666666666666
cosmx_bcc_xdonor_spot_0000002324,-434981.35753650026,24590.843739996635,0.5185185185185185,0.2222222222222222,0.1481481481481481
cosmx_bcc_xdonor_spot_0000002325,-434965.2800954228,24965.576063228957,0.0909090909090909,0.4090909090909091,0.4090909090909091
cosmx_bcc_xdonor_spot_0000002326,-434986.348277241,25415.24651777441,0.3125,0.1875,0.25
cosmx_bcc_xdonor_spot_0000002327,-434997.36494390765,25749.421517774408,0.0,0.4,0.2
cosmx_bcc_xdonor_spot_0000002329,-434936.298277241,26464.221517774404,0.0,1.0,0.0
cosmx_bcc_xdonor_spot_0000002330,-434947.24113438383,26915.335803488695,0.0,0.8571428571428571,0.1428571428571428
cosmx_bcc_xdonor_spot_0000002331,-435021.54272168543,27332.065962218854,0.0,0.7777777777777778,0.0
cosmx_bcc_xdonor_spot_0000002332,-435006.23161057435,27726.021517774414,0.2666666666666666,0.4666666666666667,0.0
cosmx_bcc_xdonor_spot_0000002333,-434972.098277241,28043.47866063155,0.1428571428571428,0.8571428571428571,0.0
cosmx_bcc_xdonor_spot_0000002334,-434978.7649439077,28455.954851107745,0.5,0.5,0.0
cosmx_bcc_xdonor_spot_0000002335,-434990.898277241,28638.421517774404,1.0,0.0,0.0
cosmx_bcc_xdonor_spot_0000002346,-434991.17167556216,33067.655041277314,0.9473684210526316,0.0,0.0526315789473684
cosmx_bcc_xdonor_spot_0000002347,-435001.84808881755,33365.92014848979,1.0,0.0,0.0
cosmx_bcc_xdonor_spot_0000002348,-434945.767070299,33724.92477811941,0.6875,0.3125,0.0
cosmx_bcc_xdonor_spot_0000002349,-435020.18142215087,34136.17940774905,0.7777777777777778,0.1111111111111111,0.074074074074074
cosmx_bcc_xdonor_spot_0000002350,-434974.1780551475,34499.580081149725,0.9696969696969696,0.0,0.0303030303030303
cosmx_bcc_xdonor_spot_0000002351,-434977.2413350049,34872.69683694295,1.0,0.0,0.0
cosmx_bcc_xdonor_spot_0000002352,-434998.2184591879,35238.716444786085,0.1666666666666666,0.5,0.2777777777777778
cosmx_bcc_xdonor_spot_0000002353,-435001.38220187795,35655.655041277314,0.0,0.5789473684210527,0.4210526315789473
cosmx_bcc_xdonor_spot_0000002354,-434972.329570299,36016.13801341353,0.0588235294117647,0.6470588235294118,0.2352941176470588
cosmx_bcc_xdonor_spot_0000002355,-434945.329570299,36347.1651627348,0.1538461538461538,0.6153846153846154,0.2307692307692307
cosmx_bcc_xdonor_spot_0000002356,-435015.4962369657,36758.38311145274,0.4166666666666667,0.4166666666666667,0.1666666666666666
cosmx_bcc_xdonor_spot_0000002357,-434990.85392320005,37153.99382339681,1.0,0.0,0.0
cosmx_bcc_xdonor_spot_0000002358,-434973.8651021313,37480.51390829191,0.9655172413793104,0.0,0.0
cosmx_bcc_xdonor_spot_0000002359,-434969.55475730373,37891.54839105053,1.0,0.0,0.0
cosmx_bcc_xdonor_spot_0000002360,-435011.73958489,38288.55390829191,0.96,0.0,0.0
cosmx_bcc_xdonor_spot_0000002361,-435001.53291822324,38671.84724162524,0.9666666666666668,0.0,0.0
cosmx_bcc_xdonor_spot_0000002362,-434986.2051404454,39046.59724162525,0.9722222222222222,0.0,0.0
cosmx_bcc_xdonor_spot_0000002363,-434968.7072771977,39379.05236983037,0.7307692307692307,0.2307692307692307,0.0
cosmx_bcc_xdonor_spot_0000002364,-434982.3440293344,39803.73613051412,0.0,0.7777777777777778,0.2222222222222222
cosmx_bcc_xdonor_spot_0000002365,-435018.6268576173,40219.332090110074,0.0,0.6363636363636364,0.1818181818181818
cosmx_bcc_xdonor_spot_0000002366,-434991.8995848901,40585.16096711543,0.0,0.4117647058823529,0.0
cosmx_bcc_xdonor_spot_0000002367,-435026.43291822344,40919.78057495856,0.0,0.5333333333333333,0.0666666666666666
cosmx_bcc_xdonor_spot_0000002368,-435087.14958488994,41278.0139082919,0.0,0.625,0.25
cosmx_bcc_xdonor_spot_0000002478,-434968.3281728685,83066.8471638436,0.1363636363636363,0.7272727272727273,0.0454545454545454
cosmx_bcc_xdonor_spot_0000002479,-434974.1088052796,83490.35902155112,0.2608695652173913,0.6521739130434783,0.0
cosmx_bcc_xdonor_spot_0000002480,-434999.7827183231,83859.67544667187,0.0555555555555555,0.4444444444444444,0.0
cosmx_bcc_xdonor_spot_0000002481,-434986.2827183231,84234.23753817518,0.9705882352941176,0.0294117647058823,0.0
cosmx_bcc_xdonor_spot_0000002482,-434970.6160516564,84602.24952074597,0.4444444444444444,0.3703703703703703,0.037037037037037
cosmx_bcc_xdonor_spot_0000002483,-434970.35964140005,84970.08142957788,0.5384615384615384,0.3076923076923077,0.0
cosmx_bcc_xdonor_spot_0000002484,-434982.4827183231,85339.29989111634,0.12,0.72,0.12
cosmx_bcc_xdonor_spot_0000002485,-435010.2238947937,85764.79636170455,1.0,0.0,0.0
cosmx_bcc_xdonor_spot_0000002486,-434977.0027183231,86145.77989111634,0.96,0.0,0.04
cosmx_bcc_xdonor_spot_0000002487,-434986.1160516564,86502.82822444967,0.8333333333333334,0.1666666666666666,0.0
cosmx_bcc_xdonor_spot_0000002488,-434990.66367070406,86867.76274825919,0.7142857142857143,0.2857142857142857,0.0
cosmx_bcc_xdonor_spot_0000002490,-434653.0149439077,24634.371517774405,0.1666666666666666,0.1666666666666666,0.3333333333333333
cosmx_bcc_xdonor_spot_0000002491,-434671.498277241,24994.288184441077,0.0,0.5333333333333333,0.2
cosmx_bcc_xdonor_spot_0000002492,-434638.45542009815,25401.621517774412,0.0,0.3571428571428571,0.2142857142857142
cosmx_bcc_xdonor_spot_0000002493,-434605.0030391457,25765.335803488695,0.0,0.238095238095238,0.4285714285714285
cosmx_bcc_xdonor_spot_0000002494,-434614.86298312334,26128.797988362647,0.0588235294117647,0.2941176470588235,0.2941176470588235
cosmx_bcc_xdonor_spot_0000002495,-434649.798277241,26507.42151777441,0.0,0.9,0.1
cosmx_bcc_xdonor_spot_0000002496,-434622.69827724097,26916.621517774405,0.0,1.0,0.0
cosmx_bcc_xdonor_spot_0000002497,-434655.723277241,27354.87151777441,0.0,0.625,0.0
cosmx_bcc_xdonor_spot_0000002499,-434652.98716612987,28004.177073329964,0.1111111111111111,0.8888888888888888,0.0
cosmx_bcc_xdonor_spot_0000002500,-434646.098277241,28442.166972319865,0.3636363636363636,0.5454545454545454,0.0
cosmx_bcc_xdonor_spot_0000002512,-434657.329570299,33046.10533367496,0.7777777777777778,0.2222222222222222,0.0
cosmx_bcc_xdonor_spot_0000002513,-434637.8001585343,33366.31448400177,0.7647058823529411,0.2352941176470588,0.0
cosmx_bcc_xdonor_spot_0000002514,-434642.129570299,33670.34977811941,0.7333333333333333,0.2666666666666666,0.0
cosmx_bcc_xdonor_spot_0000002515,-434612.329570299,34127.42477811941,0.0625,0.8125,0.125
cosmx_bcc_xdonor_spot_0000002516,-434650.0568430263,34460.82250539214,0.7272727272727273,0.2272727272727272,0.0454545454545454
cosmx_bcc_xdonor_spot_0000002517,-434599.1351258546,34890.18866700831,0.9722222222222222,0.0,0.0
cosmx_bcc_xdonor_spot_0000002518,-434585.5379036323,35199.716444786085,0.9166666666666666,0.0,0.0
cosmx_bcc_xdonor_spot_0000002519,-434595.7911087606,35608.93439350402,0.0,0.6923076923076923,0.1538461538461538
cosmx_bcc_xdonor_spot_0000002520,-434604.6629036323,35995.54977811941,0.0,0.3333333333333333,0.6111111111111112
cosmx_bcc_xdonor_spot_0000002521,-434606.7962369657,36391.683111452745,0.0,0.6666666666666666,0.3333333333333333
cosmx_bcc_xdonor_spot_0000002522,-434583.4129036323,36794.71644478608,0.0833333333333333,0.6666666666666666,0.25
cosmx_bcc_xdonor_spot_0000002523,-434646.75290849584,37155.704488176925,0.9,0.0333333333333333,0.0333333333333333
cosmx_bcc_xdonor_spot_0000002524,-434617.45130902785,37479.031149671224,0.896551724137931,0.0,0.0689655172413793
cosmx_bcc_xdonor_spot_0000002525,-434619.6495848899,37912.07640829191,0.9375,0.0,0.0
cosmx_bcc_xdonor_spot_0000002526,-434586.63035412075,38299.43698521499,0.9615384615384616,0.0,0.0
cosmx_bcc_xdonor_spot_0000002527,-434614.89958489,38652.24467752268,1.0,0.0,0.0
cosmx_bcc_xdonor_spot_0000002528,-434615.5995848899,39067.64724162524,1.0,0.0,0.0
cosmx_bcc_xdonor_spot_0000002529,-434660.12180711236,39395.29168606968,0.4444444444444444,0.4444444444444444,0.0555555555555555
cosmx_bcc_xdonor_spot_0000002530,-434612.0662515567,39803.430574958555,0.0,0.8333333333333334,0.1666666666666666
cosmx_bcc_xdonor_spot_0000002531,-434610.71776670817,40228.6048173828,0.0,0.6363636363636364,0.1818181818181818
cosmx_bcc_xdonor_spot_0000002532,-434617.8995848901,40556.64724162523,0.0,0.7333333333333333,0.1333333333333333
cosmx_bcc_xdonor_spot_0000002533,-434695.29958488996,40889.613908291896,0.0,0.7,0.1
cosmx_bcc_xdonor_spot_0000002644,-434596.3660516564,83105.78655778301,0.75,0.25,0.0
cosmx_bcc_xdonor_spot_0000002645,-434596.025575466,83447.59131968778,0.8285714285714286,0.1142857142857142,0.0
cosmx_bcc_xdonor_spot_0000002646,-434584.9750260154,83858.08142957783,0.4615384615384615,0.3076923076923077,0.0769230769230769
cosmx_bcc_xdonor_spot_0000002647,-434661.6160516564,84247.53655778302,0.8888888888888888,0.1111111111111111,0.0
cosmx_bcc_xdonor_spot_0000002648,-434636.21605165646,84620.95322444964,0.4,0.6,0.0
cosmx_bcc_xdonor_spot_0000002649,-434630.1088052796,84994.40249981199,0.6086956521739131,0.2608695652173913,0.0434782608695652
cosmx_bcc_xdonor_spot_0000002650,-434611.1577183231,85365.99489111634,0.0,0.625,0.125
cosmx_bcc_xdonor_spot_0000002651,-434649.7827183231,85731.93807293451,0.5909090909090909,0.2272727272727272,0.1818181818181818
cosmx_bcc_xdonor_spot_0000002652,-434602.13457017497,86119.1754466719,1.0,0.0,0.0
cosmx_bcc_xdonor_spot_0000002653,-434607.91908195947,86500.98352747998,0.9696969696969696,0.0,0.0
cosmx_bcc_xdonor_spot_0000002654,-434602.34723445214,86897.29731047119,0.967741935483871,0.0,0.0
cosmx_bcc_xdonor_spot_0000002655,-434606.282718323,87116.4198911163,1.0,0.0,0.0
cosmx_bcc_xdonor_spot_0000002678,-434214.6372626067,33066.24208581172,0.0,0.6923076923076923,0.0
cosmx_bcc_xdonor_spot_0000002679,-434206.51138848084,33393.913414483046,0.0,0.3636363636363636,0.0909090909090909
cosmx_bcc_xdonor_spot_0000002680,-434220.329570299,33704.683111452745,0.0,0.6666666666666666,0.0666666666666666
cosmx_bcc_xdonor_spot_0000002681,-434225.6629036323,34099.683111452745,0.0,0.4666666666666667,0.0666666666666666
cosmx_bcc_xdonor_spot_0000002682,-434280.4129036323,34443.299778119406,0.25,0.75,0.0
cosmx_bcc_xdonor_spot_0000002683,-434273.7119232402,34886.667425178246,0.8235294117647058,0.1764705882352941,0.0
cosmx_bcc_xdonor_spot_0000002684,-434268.4834164529,35205.35747042711,0.8076923076923077,0.1153846153846153,0.0
cosmx_bcc_xdonor_spot_0000002685,-434247.529570299,35641.54977811941,0.0,0.7333333333333333,0.2
cosmx_bcc_xdonor_spot_0000002686,-434202.9611492464,35995.54977811941,0.1052631578947368,0.6842105263157895,0.2105263157894736
cosmx_bcc_xdonor_spot_0000002687,-434242.2119232402,36410.43213106059,0.6470588235294118,0.1176470588235294,0.1764705882352941
cosmx_bcc_xdonor_spot_0000002688,-434228.267070299,36763.11227811941,0.5625,0.3125,0.125
cosmx_bcc_xdonor_spot_0000002689,-434206.2489480349,37119.10555252675,0.0,0.5625,0.3125
cosmx_bcc_xdonor_spot_0000002690,-434231.2567277472,37525.08533686332,0.1428571428571428,0.1428571428571428,0.5714285714285714
cosmx_bcc_xdonor_spot_0000002691,-434242.28847377904,37931.79168606968,0.3888888888888889,0.2222222222222222,0.2222222222222222
cosmx_bcc_xdonor_spot_0000002692,-434261.17544695886,38290.203563464325,0.7586206896551724,0.0689655172413793,0.0689655172413793
cosmx_bcc_xdonor_spot_0000002693,-434252.71439970477,38659.73613051413,0.8888888888888888,0.037037037037037,0.0
cosmx_bcc_xdonor_spot_0000002694,-434270.8162515567,38991.347241625226,0.75,0.0833333333333333,0.0
cosmx_bcc_xdonor_spot_0000002695,-434207.99958488997,39433.01390829189,0.1,0.5,0.1
cosmx_bcc_xdonor_spot_0000002696,-434227.09958488995,39852.41390829189,0.0,0.7,0.0
cosmx_bcc_xdonor_spot_0000002697,-434265.09958488995,40192.31390829189,0.0,0.7,0.2
cosmx_bcc_xdonor_spot_0000002698,-434201.976507967,40558.97544675343,0.0,0.5384615384615384,0.3846153846153846
cosmx_bcc_xdonor_spot_0000002699,-434227.89958489,40946.31390829189,0.0,0.9,0.1
cosmx_bcc_xdonor_spot_0000002810,-434203.8827183231,83076.81989111633,0.88,0.04,0.0
cosmx_bcc_xdonor_spot_0000002811,-434234.1088052796,83464.83728242069,0.5217391304347826,0.391304347826087,0.0434782608695652
cosmx_bcc_xdonor_spot_0000002812,-434212.44061305997,83849.14620690579,0.4210526315789473,0.5263157894736842,0.0526315789473684
cosmx_bcc_xdonor_spot_0000002813,-434242.6327183231,84219.71989111633,0.5,0.35,0.05
cosmx_bcc_xdonor_spot_0000002814,-434233.65308869345,84599.36063185708,0.4444444444444444,0.5185185185185185,0.0
cosmx_bcc_xdonor_spot_0000002815,-434219.9970040374,84975.29846254492,0.9642857142857144,0.0357142857142857,0.0
cosmx_bcc_xdonor_spot_0000002816,-434244.96692884946,85357.77778585316,0.4736842105263157,0.4210526315789473,0.0526315789473684
cosmx_bcc_xdonor_spot_0000002817,-434220.6827183231,85794.61989111632,0.05,0.7,0.2
cosmx_bcc_xdonor_spot_0000002818,-434226.4827183231,86184.69989111634,0.96,0.0,0.0
cosmx_bcc_xdonor_spot_0000002819,-434215.4493849898,86507.61989111635,1.0,0.0,0.0
cosmx_bcc_xdonor_spot_0000002820,-434204.3827183231,86891.46989111633,0.85,0.1,0.05
cosmx_bcc_xdonor_spot_0000002821,-434226.53271832305,87106.1198911163,1.0,0.0,0.0
cosmx_bcc_xdonor_spot_0000002844,-433818.642070299,33048.67477811941,0.5625,0.25,0.0
cosmx_bcc_xdonor_spot_0000002845,-433830.1867131562,33314.54977811941,0.0714285714285714,0.9285714285714286,0.0
cosmx_bcc_xdonor_spot_0000002846,-433829.56033952977,33750.39593196556,0.0,0.5384615384615384,0.0769230769230769
cosmx_bcc_xdonor_spot_0000002847,-433834.7581417276,34123.26406383368,0.0,0.1428571428571428,0.0
cosmx_bcc_xdonor_spot_0000002848,-433866.9962369657,34494.21644478608,0.0,0.5833333333333334,0.1666666666666666
cosmx_bcc_xdonor_spot_0000002849,-433828.329570299,34857.5497781194,0.4,0.6,0.0
cosmx_bcc_xdonor_spot_0000002850,-433835.429570299,35270.54977811941,0.7,0.15,0.05
cosmx_bcc_xdonor_spot_0000002851,-433807.249570299,35618.94977811942,0.8,0.12,0.08
cosmx_bcc_xdonor_spot_0000002852,-433851.629570299,36004.199778119415,1.0,0.0,0.0
cosmx_bcc_xdonor_spot_0000002853,-433863.36803183745,36381.4728550425,1.0,0.0,0.0
cosmx_bcc_xdonor_spot_0000002854,-433898.06290363235,36767.01644478608,0.3333333333333333,0.4666666666666667,0.2
cosmx_bcc_xdonor_spot_0000002855,-433871.9417141984,37089.40435884601,0.0,0.5,0.4285714285714285
cosmx_bcc_xdonor_spot_0000002856,-434012.09958488995,37502.5139082919,0.0,0.0,1.0
cosmx_bcc_xdonor_spot_0000002857,-433994.47101346136,37892.08533686333,0.0,0.0,0.4285714285714285
cosmx_bcc_xdonor_spot_0000002860,-434000.39958488994,39041.18057495857,0.0,0.6666666666666666,0.1666666666666666
cosmx_bcc_xdonor_spot_0000002975,-433718.61858815013,82655.9211987647,1.0,0.0,0.0
cosmx_bcc_xdonor_spot_0000002976,-433823.2970662537,83048.94041417567,0.3333333333333333,0.6,0.0
cosmx_bcc_xdonor_spot_0000002977,-433878.12800826534,83425.4703269991,0.25,0.5,0.1666666666666666
cosmx_bcc_xdonor_spot_0000002978,-433865.4934792711,83834.81028341086,1.0,0.0,0.0
cosmx_bcc_xdonor_spot_0000002979,-433885.5761190002,84203.7915998981,0.3571428571428571,0.5714285714285714,0.0
cosmx_bcc_xdonor_spot_0000002980,-433877.59330438,84597.32446635954,0.9130434782608696,0.0869565217391304,0.0
cosmx_bcc_xdonor_spot_0000002981,-433838.17415866046,84988.15382378853,0.5416666666666666,0.2916666666666667,0.0833333333333333
cosmx_bcc_xdonor_spot_0000002982,-433835.5744454779,85362.93151075736,0.6111111111111112,0.2777777777777778,0.0
cosmx_bcc_xdonor_spot_0000002983,-433847.54168577975,85759.25771802841,0.0,0.5,0.1875
cosmx_bcc_xdonor_spot_0000002984,-433839.8586695081,86114.79538148447,0.1875,0.4375,0.25
cosmx_bcc_xdonor_spot_0000002985,-433902.40669535135,86493.34953364251,0.7647058823529411,0.1764705882352941,0.0
cosmx_bcc_xdonor_spot_0000002986,-433942.1009001413,86884.8017092981,0.5454545454545454,0.2727272727272727,0.0909090909090909
cosmx_bcc_xdonor_spot_0000002987,-433911.482718323,87101.01989111629,0.8,0.2,0.0
cosmx_bcc_xdonor_spot_0000003010,-433513.129570299,33050.149778119405,0.7,0.2,0.0
cosmx_bcc_xdonor_spot_0000003011,-433471.4834164529,33336.78054735018,0.3076923076923077,0.4615384615384615,0.1538461538461538
cosmx_bcc_xdonor_spot_0000003012,-433466.0218779913,33688.31900888864,0.0,0.3846153846153846,0.0
cosmx_bcc_xdonor_spot_0000003013,-433469.0218779913,34101.39593196556,0.0,0.2307692307692307,0.0
cosmx_bcc_xdonor_spot_0000003014,-433532.78411575354,34471.913414483046,0.0,0.4545454545454545,0.0909090909090909
cosmx_bcc_xdonor_spot_0000003015,-433487.1629036323,34875.38311145274,0.0,0.6666666666666666,0.0
cosmx_bcc_xdonor_spot_0000003016,-433530.392070299,35277.73727811941,0.75,0.1875,0.0
cosmx_bcc_xdonor_spot_0000003017,-433499.90099887043,35592.31168288132,0.8095238095238095,0.0952380952380952,0.0952380952380952
cosmx_bcc_xdonor_spot_0000003018,-433527.7462369657,35987.88311145274,0.75,0.25,0.0
cosmx_bcc_xdonor_spot_0000003019,-433533.1629036323,36415.883111452735,0.1666666666666666,0.8333333333333334,0.0
cosmx_bcc_xdonor_spot_0000003020,-433446.9962369657,36791.38311145274,0.1666666666666666,0.4166666666666667,0.4166666666666667
cosmx_bcc_xdonor_spot_0000003021,-433505.61528458475,37089.12120669083,0.0,0.5714285714285714,0.1428571428571428
cosmx_bcc_xdonor_spot_0000003140,-433528.7630325945,82441.86564320914,0.6666666666666666,0.1111111111111111,0.2222222222222222
cosmx_bcc_xdonor_spot_0000003141,-433464.31858815,82723.27834162186,0.2142857142857142,0.7142857142857143,0.0
cosmx_bcc_xdonor_spot_0000003142,-433476.6519214834,83080.83786543137,0.0,0.75,0.1666666666666666
cosmx_bcc_xdonor_spot_0000003143,-433437.3185881499,83487.07119876475,0.0,0.45,0.1
cosmx_bcc_xdonor_spot_0000003144,-433461.5538822676,83901.59766935297,0.5294117647058824,0.2941176470588235,0.1764705882352941
cosmx_bcc_xdonor_spot_0000003145,-433412.1757310071,84237.3497701933,0.0,0.6428571428571429,0.0
cosmx_bcc_xdonor_spot_0000003146,-433444.1421175617,84634.59766935297,0.0,0.6470588235294118,0.0588235294117647
cosmx_bcc_xdonor_spot_0000003147,-433491.98525481665,84989.15453209805,0.5333333333333333,0.4,0.0666666666666666
cosmx_bcc_xdonor_spot_0000003148,-433452.84799991467,85397.06825758827,0.0,0.2941176470588235,0.0588235294117647
cosmx_bcc_xdonor_spot_0000003149,-433473.42385130783,85721.52646192264,0.0,0.3157894736842105,0.0526315789473684
cosmx_bcc_xdonor_spot_0000003150,-433476.1281119595,86139.89738924094,0.0,0.8095238095238095,0.1428571428571428
cosmx_bcc_xdonor_spot_0000003151,-433479.84799991467,86477.95061052944,0.0,0.7647058823529411,0.1176470588235294
cosmx_bcc_xdonor_spot_0000003176,-433105.529570299,33041.3497781194,0.0,0.8,0.1
cosmx_bcc_xdonor_spot_0000003177,-433055.90099887043,33350.12120669084,0.0,0.5,0.1428571428571428
cosmx_bcc_xdonor_spot_0000003178,-433056.079570299,33774.7997781194,0.0,0.625,0.125
cosmx_bcc_xdonor_spot_0000003179,-433087.4834164529,34127.1651627348,0.3076923076923077,0.3846153846153846,0.0769230769230769
cosmx_bcc_xdonor_spot_0000003180,-433059.28609203815,34487.767169423765,0.9565217391304348,0.0434782608695652,0.0
cosmx_bcc_xdonor_spot_0000003181,-433086.28609203815,34862.593256380285,0.9565217391304348,0.0,0.0
cosmx_bcc_xdonor_spot_0000003182,-433069.079570299,35240.7640638337,0.9285714285714286,0.0714285714285714,0.0
cosmx_bcc_xdonor_spot_0000003183,-433048.5438560133,35593.54977811941,0.9285714285714286,0.0714285714285714,0.0
cosmx_bcc_xdonor_spot_0000003184,-433122.129570299,35979.34977811941,0.2,0.6666666666666666,0.1333333333333333
cosmx_bcc_xdonor_spot_0000003185,-433105.929570299,36325.3497781194,0.0,0.4,0.3
cosmx_bcc_xdonor_spot_0000003186,-433049.2526472221,36783.472855042484,0.0,0.4615384615384615,0.3076923076923077
cosmx_bcc_xdonor_spot_0000003187,-433082.8851258546,37110.43866700829,0.0,0.4444444444444444,0.0
cosmx_bcc_xdonor_spot_0000003307,-433084.01089584234,82686.80581414932,0.0769230769230769,0.8461538461538461,0.0
cosmx_bcc_xdonor_spot_0000003308,-433127.6043024357,83101.92119876471,0.0,0.7857142857142857,0.0714285714285714
cosmx_bcc_xdonor_spot_0000003309,-433079.9852548166,83471.23072257427,0.1904761904761904,0.4285714285714285,0.0
cosmx_bcc_xdonor_spot_0000003310,-433066.01089584234,83860.26735261086,0.2307692307692307,0.5384615384615384,0.1538461538461538
cosmx_bcc_xdonor_spot_0000003311,-433100.6043024357,84241.99262733615,0.0,0.8571428571428571,0.0714285714285714
cosmx_bcc_xdonor_spot_0000003312,-433073.7630325944,84614.19897654251,0.0,0.6111111111111112,0.1111111111111111
cosmx_bcc_xdonor_spot_0000003313,-433088.9852548167,84978.71286543143,0.0,0.2916666666666667,0.0833333333333333
cosmx_bcc_xdonor_spot_0000003314,-433062.8519214833,85381.08786543139,0.0,0.0,0.0
cosmx_bcc_xdonor_spot_0000003315,-433109.81858814997,85694.73369876473,0.0,0.1875,0.0625
cosmx_bcc_xdonor_spot_0000003316,-433067.4519214833,86112.4878654314,0.0,0.6,0.0666666666666666
cosmx_bcc_xdonor_spot_0000003317,-433078.1519214833,86485.86564320918,0.0,0.5,0.1666666666666666
cosmx_bcc_xdonor_spot_0000003342,-432723.4962369657,33035.0497781194,0.0,0.6666666666666666,0.1666666666666666
cosmx_bcc_xdonor_spot_0000003343,-432762.61528458475,33257.97834954797,0.0,0.4285714285714285,0.2857142857142857
cosmx_bcc_xdonor_spot_0000003344,-432726.429570299,33716.549778119406,0.0,0.5,0.1
cosmx_bcc_xdonor_spot_0000003345,-432728.1867131562,34136.83549240512,0.2857142857142857,0.4285714285714285,0.2857142857142857
cosmx_bcc_xdonor_spot_0000003346,-432764.46593393537,34501.18614175578,0.9545454545454546,0.0454545454545454,0.0
cosmx_bcc_xdonor_spot_0000003347,-432707.529570299,34849.70977811942,1.0,0.0,0.0
cosmx_bcc_xdonor_spot_0000003348,-432728.4962369657,35241.716444786085,1.0,0.0,0.0
cosmx_bcc_xdonor_spot_0000003349,-432728.86290363234,35632.28311145274,0.9333333333333332,0.0,0.0
cosmx_bcc_xdonor_spot_0000003350,-432726.0081417276,36002.22834954799,0.8928571428571429,0.0357142857142857,0.0357142857142857
cosmx_bcc_xdonor_spot_0000003351,-432735.329570299,36362.74977811941,0.0666666666666666,0.6,0.2
cosmx_bcc_xdonor_spot_0000003352,-432711.90099887043,36729.764063833696,0.0,0.1428571428571428,0.8571428571428571
cosmx_bcc_xdonor_spot_0000003353,-432724.829570299,37092.23727811941,0.0,0.3125,0.0
cosmx_bcc_xdonor_spot_0000003473,-432766.56858815,82691.6711987647,0.1666666666666666,0.5,0.1666666666666666
cosmx_bcc_xdonor_spot_0000003474,-432701.6343776236,83147.05277771212,0.631578947368421,0.3157894736842105,0.0
cosmx_bcc_xdonor_spot_0000003475,-432716.18815336743,83441.94293789519,0.9130434782608696,0.0434782608695652,0.0
cosmx_bcc_xdonor_spot_0000003476,-432738.3685881499,83838.77119876475,0.75,0.2,0.0
cosmx_bcc_xdonor_spot_0000003477,-432691.0878189193,84288.03658338009,0.0,0.4615384615384615,0.0
cosmx_bcc_xdonor_spot_0000003478,-432729.58525481663,84626.02119876472,0.0,0.2,0.0666666666666666
cosmx_bcc_xdonor_spot_0000003479,-432738.04081037216,84997.53230987585,0.0,0.1666666666666666,0.0555555555555555
cosmx_bcc_xdonor_spot_0000003480,-432709.7396407815,85350.15804087001,0.0,0.1578947368421052,0.2631578947368421
cosmx_bcc_xdonor_spot_0000003481,-432715.20747703884,85736.03230987585,0.0,0.6111111111111112,0.0
cosmx_bcc_xdonor_spot_0000003482,-432700.08049291186,86124.61167495523,0.0,0.2857142857142857,0.1428571428571428
cosmx_bcc_xdonor_spot_0000003483,-432713.88108814997,86496.35869876473,0.0,0.375,0.125
cosmx_bcc_xdonor_spot_0000003508,-432417.329570299,33074.3497781194,0.0,0.4,0.2
cosmx_bcc_xdonor_spot_0000003509,-432337.44068141014,33412.43866700829,0.0,0.3333333333333333,0.2222222222222222
cosmx_bcc_xdonor_spot_0000003510,-432285.72957029904,33816.549778119406,0.0,0.5,0.0
cosmx_bcc_xdonor_spot_0000003511,-432334.6022975717,34065.09523266486,0.0,0.4545454545454545,0.1818181818181818
cosmx_bcc_xdonor_spot_0000003512,-432317.129570299,34469.149778119405,0.0,0.7,0.0
cosmx_bcc_xdonor_spot_0000003513,-432307.8851258546,34882.883111452735,0.0,0.8888888888888888,0.0
cosmx_bcc_xdonor_spot_0000003514,-432347.329570299,35278.14977811941,0.0,0.9333333333333332,0.0666666666666666
cosmx_bcc_xdonor_spot_0000003515,-432286.23866120813,35645.73159630122,0.0,0.9090909090909092,0.0909090909090909
cosmx_bcc_xdonor_spot_0000003516,-432403.579570299,36065.63311145274,0.9166666666666666,0.0833333333333333,0.0
cosmx_bcc_xdonor_spot_0000003517,-432368.47242744185,36393.54977811941,0.5,0.2142857142857142,0.2857142857142857
cosmx_bcc_xdonor_spot_0000003518,-432326.4629036324,36800.683111452745,0.0,0.1333333333333333,0.7333333333333333
cosmx_bcc_xdonor_spot_0000003519,-432407.329570299,37069.83549240512,0.1428571428571428,0.4285714285714285,0.1428571428571428
cosmx_bcc_xdonor_spot_0000003638,-432314.74715957866,82450.56405590755,0.0,0.2857142857142857,0.0
cosmx_bcc_xdonor_spot_0000003640,-432348.6519214834,83102.92119876476,0.7083333333333334,0.2916666666666667,0.0
cosmx_bcc_xdonor_spot_0000003641,-432329.25976462057,83470.3035517059,0.4117647058823529,0.5882352941176471,0.0
cosmx_bcc_xdonor_spot_0000003642,-432284.8185881501,83880.5211987647,0.0,0.2,0.0
cosmx_bcc_xdonor_spot_0000003643,-432331.6262804577,84211.7288910724,0.0,0.0769230769230769,0.0
cosmx_bcc_xdonor_spot_0000003644,-432338.2416650731,84599.88273722625,0.0,0.3076923076923077,0.0
cosmx_bcc_xdonor_spot_0000003645,-432339.4549517864,85020.55756240111,0.0,0.0454545454545454,0.0
cosmx_bcc_xdonor_spot_0000003646,-432313.3852548167,85383.28786543138,0.0,0.0666666666666666,0.0666666666666666
cosmx_bcc_xdonor_spot_0000003647,-432327.9852548167,85728.1711987647,0.0,0.5,0.0
cosmx_bcc_xdonor_spot_0000003648,-432323.41858814994,86115.92119876474,0.0,0.3,0.1
cosmx_bcc_xdonor_spot_0000003649,-432332.9852548166,86500.53230987585,0.0,0.1111111111111111,0.0555555555555555
cosmx_bcc_xdonor_spot_0000003678,-432049.929570299,34468.9497781194,0.0,0.6,0.0
cosmx_bcc_xdonor_spot_0000003679,-432056.90099887043,34915.12120669083,0.0,0.4285714285714285,0.0
cosmx_bcc_xdonor_spot_0000003680,-432076.0438560133,35269.478349547986,0.0714285714285714,0.0,0.0714285714285714
cosmx_bcc_xdonor_spot_0000003681,-432060.77401474345,35610.21644478607,0.1111111111111111,0.1111111111111111,0.0
cosmx_bcc_xdonor_spot_0000003684,-432068.329570299,36771.383111452735,0.0,0.8333333333333334,0.0
cosmx_bcc_xdonor_spot_0000003805,-431942.21858814993,82705.22119876475,0.0,0.45,0.1
cosmx_bcc_xdonor_spot_0000003806,-431964.9501670973,83057.73698823842,0.2631578947368421,0.4736842105263157,0.1052631578947368
cosmx_bcc_xdonor_spot_0000003807,-431917.81858815,83431.27834162186,0.1428571428571428,0.5,0.0
cosmx_bcc_xdonor_spot_0000003808,-431927.81858814997,83839.79619876473,0.0,0.25,0.0
cosmx_bcc_xdonor_spot_0000003809,-431911.4852548167,84192.75453209803,0.0,0.25,0.4166666666666667
cosmx_bcc_xdonor_spot_0000003810,-431972.5913154228,84590.87574421924,0.0,0.2727272727272727,0.1818181818181818
cosmx_bcc_xdonor_spot_0000003811,-431935.1281119595,84986.75453209809,0.0,0.0952380952380952,0.0
cosmx_bcc_xdonor_spot_0000003812,-431942.78917638527,85392.42119876473,0.0,0.3529411764705882,0.1176470588235294
cosmx_bcc_xdonor_spot_0000003813,-431927.2352548167,85802.08786543137,0.0,0.4166666666666667,0.0833333333333333
cosmx_bcc_xdonor_spot_0000003814,-431941.2519214833,86133.42119876473,0.0,0.8666666666666667,0.0666666666666666
cosmx_bcc_xdonor_spot_0000003815,-431975.1080618341,86478.63172508053,0.0,0.4736842105263157,0.2631578947368421
cosmx_bcc_xdonor_spot_0000003971,-431663.7630325945,82683.86564320914,0.0,0.7777777777777778,0.0
cosmx_bcc_xdonor_spot_0000003972,-431607.70320353465,83085.11350645701,0.0,0.2307692307692307,0.1538461538461538
cosmx_bcc_xdonor_spot_0000003973,-431594.1757310071,83477.23072257427,0.0476190476190476,0.0952380952380952,0.0952380952380952
cosmx_bcc_xdonor_spot_0000003974,-431566.5185881499,83829.82119876475,0.0,0.35,0.25
cosmx_bcc_xdonor_spot_0000003975,-431551.5004063319,84254.78483512833,0.0,0.2727272727272727,0.2727272727272727
cosmx_bcc_xdonor_spot_0000003976,-431546.87414370565,84612.31008765359,0.0,0.6666666666666666,0.0
cosmx_bcc_xdonor_spot_0000003977,-431599.5004063319,84947.51210785561,0.0,0.3636363636363636,0.0
cosmx_bcc_xdonor_spot_0000003978,-431566.5538822676,85405.71531641179,0.0,0.2941176470588235,0.1176470588235294
cosmx_bcc_xdonor_spot_0000003979,-431572.4852548166,85722.25453209807,0.0,0.1666666666666666,0.1666666666666666
cosmx_bcc_xdonor_spot_0000003980,-431564.56858815,86114.00453209809,0.0,0.25,0.1666666666666666
cosmx_bcc_xdonor_spot_0000003981,-431553.3685881499,86489.72119876475,0.0,0.3,0.4
cosmx_bcc_xdonor_spot_0000004137,-431192.9185881501,82643.0211987647,0.0,0.9,0.0
cosmx_bcc_xdonor_spot_0000004139,-431222.7630325944,83491.75453209807,0.0,0.1666666666666666,0.1111111111111111
cosmx_bcc_xdonor_spot_0000004140,-431202.66858814994,83809.97119876475,0.0,0.05,0.05
cosmx_bcc_xdonor_spot_0000004141,-431188.08049291186,84215.84977019332,0.0,0.1904761904761904,0.0952380952380952
cosmx_bcc_xdonor_spot_0000004142,-431154.7801266116,84576.34427568779,0.0,0.6153846153846154,0.2307692307692307
cosmx_bcc_xdonor_spot_0000004143,-431244.9852548167,85005.75453209803,0.0,0.6666666666666666,0.1666666666666666
cosmx_bcc_xdonor_spot_0000004144,-431237.6519214834,85402.58786543137,0.0,0.8333333333333334,0.1666666666666666
cosmx_bcc_xdonor_spot_0000004145,-431217.31858814997,85761.67119876473,0.0,0.125,0.5
cosmx_bcc_xdonor_spot_0000004146,-431207.96564697346,86129.89178700003,0.0,0.0588235294117647,0.0
cosmx_bcc_xdonor_spot_0000004147,-431211.9852548167,86487.25453209803,0.0,0.3333333333333333,0.25
cosmx_bcc_xdonor_spot_0000004302,-430814.6519214834,82474.08786543137,0.0,0.3333333333333333,0.3333333333333333
cosmx_bcc_xdonor_spot_0000004303,-430805.3185881501,82701.5461987647,0.0,1.0,0.0
cosmx_bcc_xdonor_spot_0000004304,-430774.0685881501,83090.6711987647,0.0,0.5,0.125
cosmx_bcc_xdonor_spot_0000004305,-430857.8185881501,83507.1211987647,0.0,0.1,0.1
cosmx_bcc_xdonor_spot_0000004306,-430818.6185881499,83839.87119876474,0.0,0.5,0.2
cosmx_bcc_xdonor_spot_0000004307,-430828.81858815,84239.135484479,0.0,0.2857142857142857,0.0714285714285714
cosmx_bcc_xdonor_spot_0000004308,-430787.3185881499,84609.94751455421,0.0,0.4210526315789473,0.3157894736842105
cosmx_bcc_xdonor_spot_0000004309,-430793.81858815,84996.08786543137,0.0,0.0,0.0
cosmx_bcc_xdonor_spot_0000004310,-430771.5538822676,85371.06825758827,0.0,0.1176470588235294,0.1176470588235294
cosmx_bcc_xdonor_spot_0000004311,-430798.3185881499,85757.31593560685,0.0,0.1052631578947368,0.0
cosmx_bcc_xdonor_spot_0000004312,-430835.85704968846,86126.88273722625,0.0,0.3076923076923077,0.0769230769230769
cosmx_bcc_xdonor_spot_0000004313,-430871.0519214833,86437.22119876472,0.0,0.3333333333333333,0.2666666666666666
cosmx_bcc_xdonor_spot_0000004470,-430457.2009410911,83094.3035517059,0.0588235294117647,0.4705882352941176,0.1764705882352941
cosmx_bcc_xdonor_spot_0000004471,-430410.3185881501,83430.64342098692,0.0,0.5555555555555556,0.0
cosmx_bcc_xdonor_spot_0000004472,-430415.6757310071,83921.99262733615,0.0,0.5,0.0
cosmx_bcc_xdonor_spot_0000004473,-430441.2685881499,84247.27119876475,0.0,0.25,0.1
cosmx_bcc_xdonor_spot_0000004474,-430442.9094972409,84593.78483512839,0.0,0.0909090909090909,0.1363636363636363
cosmx_bcc_xdonor_spot_0000004475,-430397.75608814997,84973.17119876473,0.0625,0.4375,0.0625
cosmx_bcc_xdonor_spot_0000004476,-430418.1757310071,85384.75453209809,0.0,0.1904761904761904,0.1428571428571428
cosmx_bcc_xdonor_spot_0000004477,-430431.2769214834,85730.37953209809,0.0,0.2083333333333333,0.0
cosmx_bcc_xdonor_spot_0000004478,-430432.0963659277,86124.19897654251,0.0555555555555555,0.2777777777777778,0.1666666666666666
cosmx_bcc_xdonor_spot_0000004479,-430435.6043024357,86485.27834162186,0.1428571428571428,0.2857142857142857,0.2857142857142857
cosmx_bcc_xdonor_spot_0000004635,-430084.03287386434,82661.99262733613,0.0,0.5714285714285714,0.0
cosmx_bcc_xdonor_spot_0000004636,-430059.5913154228,83124.78483512833,0.0,0.6363636363636364,0.1818181818181818
cosmx_bcc_xdonor_spot_0000004637,-430056.6229359761,83442.81250311258,0.0434782608695652,0.217391304347826,0.0869565217391304
cosmx_bcc_xdonor_spot_0000004638,-430031.81858815,83791.42119876471,0.0,0.2142857142857142,0.0714285714285714
cosmx_bcc_xdonor_spot_0000004639,-430093.56858815,84272.4211987647,0.0833333333333333,0.0833333333333333,0.0
cosmx_bcc_xdonor_spot_0000004640,-430038.5685881499,84603.47119876475,0.0,0.1,0.05
cosmx_bcc_xdonor_spot_0000004641,-430072.0963659277,84997.31008765363,0.0,0.3888888888888889,0.0
cosmx_bcc_xdonor_spot_0000004642,-430063.75608814997,85408.67119876473,0.0,0.1875,0.125
cosmx_bcc_xdonor_spot_0000004643,-430074.5185881499,85775.22119876475,0.0,0.0,0.1
cosmx_bcc_xdonor_spot_0000004644,-430047.88108814997,86125.85869876473,0.0,0.1875,0.1875
cosmx_bcc_xdonor_spot_0000004645,-430084.54081037233,86489.19897654248,0.1111111111111111,0.2222222222222222,0.4444444444444444
cosmx_bcc_xdonor_spot_0000004802,-429740.7185881501,83084.9211987647,0.0,0.8,0.1
cosmx_bcc_xdonor_spot_0000004803,-429711.5913154228,83429.23938058288,0.0,0.7272727272727273,0.1818181818181818
cosmx_bcc_xdonor_spot_0000004804,-429680.2352548167,83807.25453209803,0.0,0.3333333333333333,0.0833333333333333
cosmx_bcc_xdonor_spot_0000004805,-429669.22767905914,84245.23938058288,0.0,0.0,0.0
cosmx_bcc_xdonor_spot_0000004806,-429684.7685881499,84617.47119876475,0.0,0.1,0.0
cosmx_bcc_xdonor_spot_0000004807,-429678.22767905914,84952.05756240107,0.0,0.2727272727272727,0.0
cosmx_bcc_xdonor_spot_0000004808,-429704.11858815,85412.6211987647,0.0,0.4,0.0
cosmx_bcc_xdonor_spot_0000004809,-429664.03287386434,85762.56405590755,0.0,0.2857142857142857,0.0
cosmx_bcc_xdonor_spot_0000004810,-429694.04081037216,86122.53230987585,0.0,0.0,0.2222222222222222
cosmx_bcc_xdonor_spot_0000004811,-429697.4019214834,86463.08786543137,0.0,0.25,0.1666666666666666
