,x,y,Cancer.cells,Fibroblast,MoMacDC
cosmx_bcc_xdonor_spot_0000000111,-132631.87192749573,83365.7435265988,0.5,0.0,0.0833333333333333
cosmx_bcc_xdonor_spot_0000000112,-132651.34414971794,83700.7435265988,0.5555555555555556,0.0,0.0
cosmx_bcc_xdonor_spot_0000000114,-132569.95526082904,84428.41019326546,0.3333333333333333,0.0,0.0833333333333333
cosmx_bcc_xdonor_spot_0000000115,-132604.8124036862,84803.67209802738,0.6428571428571429,0.0,0.0
cosmx_bcc_xdonor_spot_0000000116,-132593.78859416238,85199.67685993215,0.7333333333333333,0.0,0.0
cosmx_bcc_xdonor_spot_0000000117,-132577.56637194016,85609.29908215435,0.5555555555555556,0.0,0.0
cosmx_bcc_xdonor_spot_0000000118,-132625.92894503957,85968.21721080935,0.3157894736842105,0.0,0.1052631578947368
cosmx_bcc_xdonor_spot_0000000119,-132613.70526082904,86241.32685993213,0.6666666666666666,0.0,0.0833333333333333
cosmx_bcc_xdonor_spot_0000000120,-132518.45526082904,86716.57685993213,0.5,0.0,0.0
cosmx_bcc_xdonor_spot_0000000234,-132201.05526082902,83763.3435265988,0.0,0.0,0.0
cosmx_bcc_xdonor_spot_0000000235,-132163.16954654333,84036.88638374166,0.7142857142857143,0.0,0.0
cosmx_bcc_xdonor_spot_0000000237,-132165.05526082902,84861.3435265988,0.4,0.0,0.0
cosmx_bcc_xdonor_spot_0000000238,-132169.45526082904,85175.2435265988,0.4,0.0,0.1
cosmx_bcc_xdonor_spot_0000000239,-132231.3124036862,85544.7435265988,0.4285714285714285,0.1428571428571428,0.0714285714285714
cosmx_bcc_xdonor_spot_0000000240,-132263.60910698288,85978.35891121418,0.1538461538461538,0.0,0.0
cosmx_bcc_xdonor_spot_0000000241,-132195.67748305126,86349.18797104324,0.0,0.0,0.0
cosmx_bcc_xdonor_spot_0000000242,-132268.28859416235,86656.07685993213,0.1666666666666666,0.0,0.0
cosmx_bcc_xdonor_spot_0000000355,-131842.25526082903,83247.7435265988,0.6,0.0,0.0
cosmx_bcc_xdonor_spot_0000000359,-131912.65526082902,84782.5435265988,0.2,0.2,0.0
cosmx_bcc_xdonor_spot_0000000361,-131876.53859416238,85551.9935265988,0.0,0.0,0.0
cosmx_bcc_xdonor_spot_0000000362,-131827.20526082904,85946.36852659882,0.0,0.0625,0.0
cosmx_bcc_xdonor_spot_0000000363,-131828.45526082904,86356.7435265988,0.5,0.0714285714285714,0.0
cosmx_bcc_xdonor_spot_0000000364,-131828.62917387253,86695.5261352945,0.4347826086956521,0.4782608695652174,0.0
cosmx_bcc_xdonor_spot_0000000365,-131806.78859416235,86939.91019326546,0.0,0.6666666666666666,0.1666666666666666
cosmx_bcc_xdonor_spot_0000000477,-131433.1219274957,83324.2435265988,0.1666666666666666,0.1666666666666666,0.0
cosmx_bcc_xdonor_spot_0000000479,-131500.45526082904,84076.02924088451,0.4285714285714285,0.0,0.0
cosmx_bcc_xdonor_spot_0000000482,-131386.74097511475,85207.17209802738,0.1428571428571428,0.0,0.0
cosmx_bcc_xdonor_spot_0000000483,-131460.5981179719,85598.17209802738,0.0,0.2857142857142857,0.0
cosmx_bcc_xdonor_spot_0000000484,-131409.26776082904,85921.43102659882,0.5,0.25,0.0625
cosmx_bcc_xdonor_spot_0000000485,-131437.01776082904,86342.68102659882,0.625,0.375,0.0
cosmx_bcc_xdonor_spot_0000000486,-131435.01776082904,86684.68102659882,0.4375,0.5625,0.0
cosmx_bcc_xdonor_spot_0000000487,-131468.05526082905,86969.4435265988,0.0,0.8,0.1
cosmx_bcc_xdonor_spot_0000000600,-131022.855260829,83728.3435265988,0.0,0.0,0.0
cosmx_bcc_xdonor_spot_0000000601,-131077.85526082903,84116.9435265988,0.0,0.0,0.0
cosmx_bcc_xdonor_spot_0000000602,-131002.81889719264,84445.65261750789,0.0,0.0909090909090909,0.0
cosmx_bcc_xdonor_spot_0000000603,-131041.52192749569,84864.87685993215,0.2666666666666666,0.3333333333333333,0.0666666666666666
cosmx_bcc_xdonor_spot_0000000604,-131082.8763134606,85172.79615817778,0.0,0.2631578947368421,0.1052631578947368
cosmx_bcc_xdonor_spot_0000000605,-131098.3219274957,85569.31019326553,0.0333333333333333,0.5,0.0333333333333333
cosmx_bcc_xdonor_spot_0000000606,-131108.142760829,85921.43102659882,0.3125,0.375,0.125
cosmx_bcc_xdonor_spot_0000000607,-131097.70526082904,86363.64352659884,1.0,0.0,0.0
cosmx_bcc_xdonor_spot_0000000608,-131078.63707901086,86680.8798902352,0.9545454545454546,0.0454545454545454,0.0
cosmx_bcc_xdonor_spot_0000000609,-131126.6219274957,86940.41019326546,0.1666666666666666,0.6666666666666666,0.1666666666666666
cosmx_bcc_xdonor_spot_0000000720,-130764.055260829,82916.3435265988,0.0,0.0,0.0
cosmx_bcc_xdonor_spot_0000000721,-130692.59811797184,83352.60066945595,0.0,0.0,0.0
cosmx_bcc_xdonor_spot_0000000722,-130707.95526082901,83734.57685993213,0.0,0.0,0.0
cosmx_bcc_xdonor_spot_0000000723,-130717.00526082903,84087.19352659883,0.05,0.45,0.1
cosmx_bcc_xdonor_spot_0000000724,-130744.39276082903,84425.55602659882,0.0625,0.6875,0.125
cosmx_bcc_xdonor_spot_0000000725,-130725.3219274957,84833.81019326548,0.4,0.5333333333333333,0.0
cosmx_bcc_xdonor_spot_0000000726,-130735.10231965255,85213.33176189294,0.0588235294117647,0.7647058823529411,0.0588235294117647
cosmx_bcc_xdonor_spot_0000000727,-130699.89004343773,85575.26526572928,0.0869565217391304,0.6086956521739131,0.0434782608695652
cosmx_bcc_xdonor_spot_0000000728,-130713.16954654331,85920.69590755121,0.0952380952380952,0.7619047619047619,0.0
cosmx_bcc_xdonor_spot_0000000729,-130612.62192749568,86302.07685993213,0.9166666666666666,0.0,0.0
cosmx_bcc_xdonor_spot_0000000730,-130687.80820200549,86686.97882071647,0.9411764705882352,0.0588235294117647,0.0
cosmx_bcc_xdonor_spot_0000000731,-130713.08026082898,86949.2435265988,1.0,0.0,0.0
cosmx_bcc_xdonor_spot_0000000841,-130322.59317093133,82628.11272975962,0.0,0.0,0.0
cosmx_bcc_xdonor_spot_0000000842,-130309.055260829,82891.1435265988,0.0,0.0,0.0
cosmx_bcc_xdonor_spot_0000000843,-130308.155260829,83281.3435265988,0.0,0.4,0.0
cosmx_bcc_xdonor_spot_0000000844,-130365.83026082903,83705.57685993217,0.0416666666666666,0.7083333333333334,0.1666666666666666
cosmx_bcc_xdonor_spot_0000000845,-130398.99372236748,84067.12814198341,0.0769230769230769,0.4615384615384615,0.1538461538461538
cosmx_bcc_xdonor_spot_0000000846,-130407.78859416235,84495.34352659881,0.3333333333333333,0.5333333333333333,0.0666666666666666
cosmx_bcc_xdonor_spot_0000000847,-130348.39970527346,84819.5213043766,0.5555555555555556,0.4444444444444444,0.0
cosmx_bcc_xdonor_spot_0000000848,-130327.50789240797,85237.2698423883,0.8947368421052632,0.1052631578947368,0.0
cosmx_bcc_xdonor_spot_0000000849,-130356.67748305124,85528.24352659883,0.7777777777777778,0.1666666666666666,0.0555555555555555
cosmx_bcc_xdonor_spot_0000000850,-130325.62192749568,85960.74352659883,0.6666666666666666,0.2777777777777778,0.0555555555555555
cosmx_bcc_xdonor_spot_0000000851,-130334.01081638457,86328.79908215438,0.3333333333333333,0.5555555555555556,0.0
cosmx_bcc_xdonor_spot_0000000852,-130318.51408435842,86704.91999718705,0.6470588235294118,0.1764705882352941,0.1176470588235294
cosmx_bcc_xdonor_spot_0000000853,-130327.12192749565,86957.91019326546,0.3333333333333333,0.5,0.0
cosmx_bcc_xdonor_spot_0000000960,-129997.65983759801,81470.37939642629,0.0,0.0,0.0
cosmx_bcc_xdonor_spot_0000000962,-129973.59317093133,82200.94606309295,0.0,0.0,0.0
cosmx_bcc_xdonor_spot_0000000963,-129965.61698045516,82610.20796785488,0.0714285714285714,0.1428571428571428,0.0714285714285714
cosmx_bcc_xdonor_spot_0000000964,-129931.80141467518,82958.82044967577,0.1153846153846153,0.4230769230769231,0.0769230769230769
cosmx_bcc_xdonor_spot_0000000965,-129969.35526082902,83317.94352659883,0.0,0.6,0.1
cosmx_bcc_xdonor_spot_0000000966,-129978.89970527346,83722.63241548772,0.5,0.5,0.0
cosmx_bcc_xdonor_spot_0000000967,-129985.66578714481,84086.42773712515,0.9473684210526316,0.0526315789473684,0.0
cosmx_bcc_xdonor_spot_0000000968,-129952.67748305124,84465.46574882105,1.0,0.0,0.0
cosmx_bcc_xdonor_spot_0000000969,-129952.70526082901,84793.4935265988,1.0,0.0,0.0
cosmx_bcc_xdonor_spot_0000000970,-129957.59162446539,85181.51625387157,1.0,0.0,0.0
cosmx_bcc_xdonor_spot_0000000971,-129958.95526082901,85577.68797104327,1.0,0.0,0.0
cosmx_bcc_xdonor_spot_0000000972,-129967.37192749568,85961.57685993213,0.9166666666666666,0.0,0.0
cosmx_bcc_xdonor_spot_0000000973,-129946.26776082903,86323.61852659882,1.0,0.0,0.0
cosmx_bcc_xdonor_spot_0000000974,-129952.81526082903,86707.54352659885,1.0,0.0,0.0
cosmx_bcc_xdonor_spot_0000000975,-129929.59811797184,86946.7435265988,0.8571428571428571,0.1428571428571428,0.0
cosmx_bcc_xdonor_spot_0000001077,-129669.059837598,79511.9793964263,0.8,0.0,0.0
cosmx_bcc_xdonor_spot_0000001082,-129621.059837598,81423.5793964263,0.0,0.0,0.0
cosmx_bcc_xdonor_spot_0000001083,-129535.42650426466,81823.44606309295,0.0,0.0,0.0
cosmx_bcc_xdonor_spot_0000001084,-129603.85983759802,82194.51272975963,0.0,0.0666666666666666,0.0
cosmx_bcc_xdonor_spot_0000001085,-129561.85074668894,82607.27939642634,0.1818181818181818,0.4545454545454545,0.1363636363636363
cosmx_bcc_xdonor_spot_0000001086,-129588.93145130521,82938.31495517027,0.0,0.5714285714285714,0.0476190476190476
cosmx_bcc_xdonor_spot_0000001087,-129597.80526082902,83315.64352659884,0.4,0.25,0.05
cosmx_bcc_xdonor_spot_0000001088,-129581.00071537447,83686.01625387152,0.2727272727272727,0.6363636363636364,0.0
cosmx_bcc_xdonor_spot_0000001089,-129625.05526082902,84069.64352659884,0.9,0.05,0.0
cosmx_bcc_xdonor_spot_0000001090,-129647.52668940045,84500.17209802738,1.0,0.0,0.0
cosmx_bcc_xdonor_spot_0000001091,-129585.74097511474,84813.45781231309,0.9285714285714286,0.0714285714285714,0.0
cosmx_bcc_xdonor_spot_0000001092,-129597.45526082903,85248.68102659882,1.0,0.0,0.0
cosmx_bcc_xdonor_spot_0000001093,-129592.21996671136,85630.21411483412,1.0,0.0,0.0
cosmx_bcc_xdonor_spot_0000001094,-129564.23303860679,85965.07685993216,1.0,0.0,0.0
cosmx_bcc_xdonor_spot_0000001095,-129574.3964372996,86330.97882071647,1.0,0.0,0.0
cosmx_bcc_xdonor_spot_0000001096,-129624.85526082902,86724.74352659883,0.95,0.05,0.0
cosmx_bcc_xdonor_spot_0000001097,-129565.95526082901,86956.16019326546,0.9166666666666666,0.0833333333333333,0.0
cosmx_bcc_xdonor_spot_0000001203,-129163.42650426466,81078.2793964263,0.0,0.0,0.0
cosmx_bcc_xdonor_spot_0000001205,-129175.259837598,81861.4793964263,0.2,0.1,0.1
cosmx_bcc_xdonor_spot_0000001206,-129201.02906836725,82155.08708873398,0.0,0.7692307692307693,0.0
cosmx_bcc_xdonor_spot_0000001207,-129174.80529214347,82618.9612146081,0.1818181818181818,0.3636363636363636,0.0
cosmx_bcc_xdonor_spot_0000001208,-129211.01081638457,82950.07685993216,0.8333333333333334,0.1666666666666666,0.0
cosmx_bcc_xdonor_spot_0000001209,-129207.28859416235,83295.68797104327,0.6111111111111112,0.3888888888888889,0.0
cosmx_bcc_xdonor_spot_0000001210,-129197.92192749568,83697.87685993215,0.8666666666666667,0.1333333333333333,0.0
cosmx_bcc_xdonor_spot_0000001211,-129191.27879024077,84098.6847030694,1.0,0.0,0.0
cosmx_bcc_xdonor_spot_0000001212,-129242.0706454444,84461.51275736802,1.0,0.0,0.0
cosmx_bcc_xdonor_spot_0000001213,-129179.12192749568,84809.68797104327,1.0,0.0,0.0
cosmx_bcc_xdonor_spot_0000001214,-129256.70526082898,85218.9935265988,0.875,0.0,0.0
cosmx_bcc_xdonor_spot_0000001215,-129192.89526082903,85593.46352659885,1.0,0.0,0.0
cosmx_bcc_xdonor_spot_0000001216,-129226.12192749568,85880.66019326546,0.9166666666666666,0.0833333333333333,0.0
cosmx_bcc_xdonor_spot_0000001217,-129197.23651082904,86321.96227659886,1.0,0.0,0.0
cosmx_bcc_xdonor_spot_0000001218,-129223.45526082903,86705.55602659882,0.875,0.0625,0.0625
cosmx_bcc_xdonor_spot_0000001219,-129256.655260829,86958.8435265988,1.0,0.0,0.0
cosmx_bcc_xdonor_spot_0000001323,-128787.059837598,80369.37939642629,0.0,0.0,0.0
cosmx_bcc_xdonor_spot_0000001325,-128788.259837598,81055.9793964263,0.0,0.0,0.0
cosmx_bcc_xdonor_spot_0000001326,-128841.92650426466,81459.66828531519,0.0,0.0,0.0
cosmx_bcc_xdonor_spot_0000001327,-128803.20720601908,81805.56887011054,0.0,0.6842105263157895,0.0
cosmx_bcc_xdonor_spot_0000001328,-128822.4741233123,82217.49368214059,0.0,0.7857142857142857,0.0714285714285714
cosmx_bcc_xdonor_spot_0000001329,-128793.6884090266,82571.68415833109,0.8095238095238095,0.0952380952380952,0.0
cosmx_bcc_xdonor_spot_0000001330,-128810.80526082902,82958.24352659883,0.85,0.15,0.0
cosmx_bcc_xdonor_spot_0000001331,-128820.51776082903,83344.80602659882,1.0,0.0,0.0
cosmx_bcc_xdonor_spot_0000001332,-128884.70526082903,83678.14352659884,1.0,0.0,0.0
cosmx_bcc_xdonor_spot_0000001333,-128841.70526082903,84105.43102659882,1.0,0.0,0.0
cosmx_bcc_xdonor_spot_0000001334,-128763.455260829,84390.52130437658,1.0,0.0,0.0
cosmx_bcc_xdonor_spot_0000001335,-128828.33761377019,84798.80235012823,1.0,0.0,0.0
cosmx_bcc_xdonor_spot_0000001337,-128849.28284703594,85569.50214728851,1.0,0.0,0.0
cosmx_bcc_xdonor_spot_0000001338,-128755.09811797188,85961.02924088451,1.0,0.0,0.0
cosmx_bcc_xdonor_spot_0000001339,-128846.16114318196,86262.74352659882,1.0,0.0,0.0
cosmx_bcc_xdonor_spot_0000001445,-128508.42650426466,80330.44606309295,0.0,0.0,0.0
cosmx_bcc_xdonor_spot_0000001446,-128405.59317093133,80729.94606309295,0.0,0.0,0.0
cosmx_bcc_xdonor_spot_0000001447,-128399.25983759799,81108.49368214059,0.1428571428571428,0.0,0.0
cosmx_bcc_xdonor_spot_0000001448,-128473.67650426469,81476.7793964263,0.0,0.75,0.0833333333333333
cosmx_bcc_xdonor_spot_0000001449,-128441.89141654539,81846.30571221579,0.0,0.7894736842105263,0.1052631578947368
cosmx_bcc_xdonor_spot_0000001450,-128495.3265042647,82168.97939642631,0.0666666666666666,0.8666666666666667,0.0
cosmx_bcc_xdonor_spot_0000001451,-128478.6808902296,82579.72676484738,0.5789473684210527,0.3684210526315789,0.0
cosmx_bcc_xdonor_spot_0000001452,-128485.85267947092,82965.86852659882,0.875,0.0625,0.0
cosmx_bcc_xdonor_spot_0000001453,-128465.3629336481,83310.6847030694,1.0,0.0,0.0
cosmx_bcc_xdonor_spot_0000001454,-128429.48344426452,83641.2435265988,0.9285714285714286,0.0714285714285714,0.0
cosmx_bcc_xdonor_spot_0000001455,-128466.76659641977,84110.69590755121,1.0,0.0,0.0
cosmx_bcc_xdonor_spot_0000001456,-128469.5654965326,84404.4935265988,1.0,0.0,0.0
cosmx_bcc_xdonor_spot_0000001457,-128423.8839566906,84821.1435265988,0.9,0.1,0.0
cosmx_bcc_xdonor_spot_0000001458,-128493.64584071365,85255.07685993213,0.6666666666666666,0.3333333333333333,0.0
cosmx_bcc_xdonor_spot_0000001459,-128443.55856216958,85579.891674747,1.0,0.0,0.0
cosmx_bcc_xdonor_spot_0000001460,-128458.63669915748,85925.89737275265,0.9230769230769232,0.0769230769230769,0.0
cosmx_bcc_xdonor_spot_0000001461,-128472.59028515809,86365.6324154877,0.7777777777777778,0.1111111111111111,0.1111111111111111
cosmx_bcc_xdonor_spot_0000001462,-128448.07575217598,86689.5953784507,0.925925925925926,0.037037037037037,0.037037037037037
cosmx_bcc_xdonor_spot_0000001463,-128415.02407375956,86957.4358342911,1.0,0.0,0.0
cosmx_bcc_xdonor_spot_0000001568,-128067.65983759801,80718.5793964263,0.0,0.0,0.0
cosmx_bcc_xdonor_spot_0000001569,-128053.8752222134,81114.93324258014,0.0,0.7692307692307693,0.0
cosmx_bcc_xdonor_spot_0000001570,-128091.63483759803,81459.21689642631,0.0,0.875,0.0625
cosmx_bcc_xdonor_spot_0000001571,-128118.50983759803,81824.52939642631,0.0,0.8125,0.125
cosmx_bcc_xdonor_spot_0000001572,-128105.67650426469,82225.94606309295,0.0,0.75,0.0
cosmx_bcc_xdonor_spot_0000001573,-128120.25983759802,82571.08708873398,0.3076923076923077,0.5384615384615384,0.1538461538461538
cosmx_bcc_xdonor_spot_0000001574,-128089.99113065604,82941.18102659882,0.4375,0.5625,0.0
cosmx_bcc_xdonor_spot_0000001575,-128106.70165697184,83315.79615817778,0.8947368421052632,0.0526315789473684,0.0
cosmx_bcc_xdonor_spot_0000001576,-128129.65779732268,83679.32685993213,1.0,0.0,0.0
cosmx_bcc_xdonor_spot_0000001577,-128099.65779732268,84103.41019326546,0.9166666666666666,0.0833333333333333,0.0
cosmx_bcc_xdonor_spot_0000001578,-128025.49113065601,84398.47079932607,1.0,0.0,0.0
cosmx_bcc_xdonor_spot_0000001579,-128104.24113065602,84837.2435265988,0.9166666666666666,0.0,0.0
cosmx_bcc_xdonor_spot_0000001580,-128035.54113065606,85197.29352659883,0.95,0.05,0.0
cosmx_bcc_xdonor_spot_0000001581,-128067.99113065604,85545.43102659882,1.0,0.0,0.0
cosmx_bcc_xdonor_spot_0000001582,-128002.291130656,85915.5435265988,1.0,0.0,0.0
cosmx_bcc_xdonor_spot_0000001583,-128075.94567611055,86264.10716296243,0.9090909090909092,0.0909090909090909,0.0
cosmx_bcc_xdonor_spot_0000001584,-128138.59639381395,86698.3751055462,0.9473684210526316,0.0526315789473684,0.0
cosmx_bcc_xdonor_spot_0000001585,-128135.32446398934,86964.7435265988,0.8333333333333334,0.1666666666666666,0.0
cosmx_bcc_xdonor_spot_0000001689,-127680.259837598,80407.37939642629,0.0,0.0,0.0
cosmx_bcc_xdonor_spot_0000001690,-127678.25983759799,80728.63653928344,0.0,0.5714285714285714,0.0
cosmx_bcc_xdonor_spot_0000001691,-127685.14219053919,81113.13233760279,0.0,0.8235294117647058,0.0588235294117647
cosmx_bcc_xdonor_spot_0000001692,-127697.42650426469,81452.44606309295,0.25,0.4166666666666667,0.0
cosmx_bcc_xdonor_spot_0000001693,-127700.0515042647,81826.57106309301,0.2083333333333333,0.375,0.1666666666666666
cosmx_bcc_xdonor_spot_0000001694,-127692.57233759803,82185.90439642631,0.6875,0.125,0.0625
cosmx_bcc_xdonor_spot_0000001695,-127708.47036391382,82577.35834379475,0.1052631578947368,0.8421052631578947,0.0526315789473684
cosmx_bcc_xdonor_spot_0000001696,-127697.87574604063,82986.7435265988,0.8461538461538461,0.0769230769230769,0.0769230769230769
cosmx_bcc_xdonor_spot_0000001697,-127684.99113065605,83293.97079932611,1.0,0.0,0.0
cosmx_bcc_xdonor_spot_0000001698,-127707.36613065604,83698.74352659882,1.0,0.0,0.0
cosmx_bcc_xdonor_spot_0000001699,-127719.18678282997,84046.13483094667,0.9130434782608696,0.0,0.0434782608695652
cosmx_bcc_xdonor_spot_0000001700,-127712.53279732272,84489.49352659885,0.9583333333333334,0.0,0.0
cosmx_bcc_xdonor_spot_0000001701,-127698.59639381395,84832.79615817778,0.9473684210526316,0.0526315789473684,0.0
cosmx_bcc_xdonor_spot_0000001702,-127698.07936595017,85224.44940895177,0.8823529411764706,0.1176470588235294,0.0
cosmx_bcc_xdonor_spot_0000001703,-127695.4384990771,85557.21721080935,0.8947368421052632,0.1052631578947368,0.0
cosmx_bcc_xdonor_spot_0000001704,-127663.59639381395,85944.32247396726,1.0,0.0,0.0
cosmx_bcc_xdonor_spot_0000001705,-127725.38586749816,86366.3751055462,0.9473684210526316,0.0,0.0526315789473684
cosmx_bcc_xdonor_spot_0000001706,-127692.77684494175,86655.38638374166,0.6428571428571429,0.3571428571428571,0.0
cosmx_bcc_xdonor_spot_0000001798,-127245.42454669255,75534.25971069814,0.6666666666666666,0.0,0.0
cosmx_bcc_xdonor_spot_0000001799,-127254.42454669255,75817.7041551426,0.5555555555555556,0.0,0.0
cosmx_bcc_xdonor_spot_0000001809,-127414.59317093133,79495.44606309295,0.0,0.0,0.0
cosmx_bcc_xdonor_spot_0000001811,-127347.83126616942,80374.92225356915,0.1428571428571428,0.8571428571428571,0.0
cosmx_bcc_xdonor_spot_0000001812,-127387.65983759802,80661.71272975965,0.0,0.9333333333333332,0.0
cosmx_bcc_xdonor_spot_0000001813,-127329.1265042647,81081.77939642631,0.1333333333333333,0.7333333333333333,0.0
cosmx_bcc_xdonor_spot_0000001814,-127345.13483759803,81423.84189642631,0.0,0.75,0.0625
cosmx_bcc_xdonor_spot_0000001815,-127326.88483759803,81785.27939642631,0.0,0.75,0.1875
cosmx_bcc_xdonor_spot_0000001816,-127372.79317093136,82194.04606309297,0.4,0.2666666666666666,0.2
cosmx_bcc_xdonor_spot_0000001817,-127312.98205982025,82572.50161864854,0.0555555555555555,0.8333333333333334,0.0555555555555555
cosmx_bcc_xdonor_spot_0000001818,-127341.58203974697,82949.15261750793,0.3636363636363636,0.5909090909090909,0.0454545454545454
cosmx_bcc_xdonor_spot_0000001819,-127338.8244639894,83332.20185993217,1.0,0.0,0.0
cosmx_bcc_xdonor_spot_0000001820,-127347.02959219452,83709.32044967577,0.8846153846153846,0.0,0.0
cosmx_bcc_xdonor_spot_0000001821,-127345.05113065607,84077.38352659885,1.0,0.0,0.0
cosmx_bcc_xdonor_spot_0000001822,-127330.90022156514,84457.2889811443,1.0,0.0,0.0
cosmx_bcc_xdonor_spot_0000001823,-127352.66504369954,84800.17830920753,1.0,0.0,0.0
cosmx_bcc_xdonor_spot_0000001824,-127351.88001954493,85259.91019326549,1.0,0.0,0.0
cosmx_bcc_xdonor_spot_0000001825,-127313.85955170868,85571.95405291462,1.0,0.0,0.0
cosmx_bcc_xdonor_spot_0000001826,-127327.63398779891,85954.45781231312,1.0,0.0,0.0
cosmx_bcc_xdonor_spot_0000001827,-127337.63398779891,86361.17209802741,1.0,0.0,0.0
cosmx_bcc_xdonor_spot_0000001828,-127318.49113065605,86632.42773712515,0.8947368421052632,0.1052631578947368,0.0
cosmx_bcc_xdonor_spot_0000001829,-127352.04668621154,86958.7435265988,1.0,0.0,0.0
cosmx_bcc_xdonor_spot_0000001920,-126973.868991137,75468.1998816383,0.6923076923076923,0.0,0.0
cosmx_bcc_xdonor_spot_0000001921,-126948.73565780367,75805.4152662537,0.6666666666666666,0.0,0.0
cosmx_bcc_xdonor_spot_0000001923,-126988.743991137,76523.3152662537,0.75,0.125,0.0
cosmx_bcc_xdonor_spot_0000001929,-126943.759837598,78828.61272975962,0.0,0.0,0.0
cosmx_bcc_xdonor_spot_0000001930,-126921.15983759801,79184.37939642629,0.2,0.1,0.0
cosmx_bcc_xdonor_spot_0000001932,-126935.92650426466,79938.00161864852,0.1111111111111111,0.4444444444444444,0.0
cosmx_bcc_xdonor_spot_0000001933,-126949.75983759803,80303.96689642631,0.0,1.0,0.0
cosmx_bcc_xdonor_spot_0000001934,-126960.4741233123,80678.065110712,0.0714285714285714,0.5,0.1428571428571428
cosmx_bcc_xdonor_spot_0000001935,-126942.12347396166,81107.59757824452,0.0454545454545454,0.7727272727272727,0.0
cosmx_bcc_xdonor_spot_0000001936,-126956.72137605958,81442.16401181096,0.1153846153846153,0.6923076923076923,0.0384615384615384
cosmx_bcc_xdonor_spot_0000001937,-126959.6884090266,81806.82701547394,0.238095238095238,0.3809523809523809,0.1428571428571428
cosmx_bcc_xdonor_spot_0000001938,-126950.7861533875,82213.04255432106,0.2631578947368421,0.4210526315789473,0.1052631578947368
cosmx_bcc_xdonor_spot_0000001939,-126958.59317093136,82571.33495198187,0.0555555555555555,0.8333333333333334,0.1111111111111111
cosmx_bcc_xdonor_spot_0000001940,-126957.67294883788,82962.92534478065,0.6363636363636364,0.3636363636363636,0.0
cosmx_bcc_xdonor_spot_0000001941,-126968.25113065606,83333.42352659885,0.88,0.12,0.0
cosmx_bcc_xdonor_spot_0000001942,-126947.49113065605,83701.42352659885,1.0,0.0,0.0
cosmx_bcc_xdonor_spot_0000001943,-126966.45409361903,84065.33611919144,0.9629629629629628,0.037037037037037,0.0
cosmx_bcc_xdonor_spot_0000001944,-126957.62749429242,84451.7889811443,1.0,0.0,0.0
cosmx_bcc_xdonor_spot_0000001945,-126970.7085219604,84817.0913526858,1.0,0.0,0.0
cosmx_bcc_xdonor_spot_0000001946,-126933.06805373299,85208.47429582963,1.0,0.0,0.0
cosmx_bcc_xdonor_spot_0000001947,-126945.80692012973,85559.69089501988,1.0,0.0,0.0
cosmx_bcc_xdonor_spot_0000001948,-126972.91970208462,85984.45781231312,0.9523809523809524,0.0476190476190476,0.0
cosmx_bcc_xdonor_spot_0000001949,-126966.65779732271,86304.46574882105,0.7777777777777778,0.1111111111111111,0.1111111111111111
cosmx_bcc_xdonor_spot_0000001950,-126960.69113065605,86675.69352659883,0.95,0.0,0.05
cosmx_bcc_xdonor_spot_0000001951,-127017.34827351314,86952.7435265988,0.4285714285714285,0.4285714285714285,0.1428571428571428
cosmx_bcc_xdonor_spot_0000002047,-126529.70232447033,77386.98193292037,0.0,0.0,0.0
cosmx_bcc_xdonor_spot_0000002048,-126554.068991137,77729.11526625369,0.1,0.0,0.0
cosmx_bcc_xdonor_spot_0000002049,-126570.14171840972,78095.26981170823,0.5454545454545454,0.0,0.0
cosmx_bcc_xdonor_spot_0000002050,-126596.06593711612,78479.79871094874,0.5384615384615384,0.0,0.0769230769230769
cosmx_bcc_xdonor_spot_0000002051,-126657.79122369662,78885.1543964263,0.625,0.0,0.0
cosmx_bcc_xdonor_spot_0000002052,-126555.38661651593,79203.9612146081,0.3636363636363636,0.4545454545454545,0.0909090909090909
cosmx_bcc_xdonor_spot_0000002053,-126556.18459631389,79557.44606309297,0.0,1.0,0.0
cosmx_bcc_xdonor_spot_0000002054,-126600.795707425,79974.9043964263,0.0,0.875,0.125
cosmx_bcc_xdonor_spot_0000002055,-126557.2047983341,80302.23394188084,0.2727272727272727,0.6363636363636364,0.0909090909090909
cosmx_bcc_xdonor_spot_0000002056,-126538.93207106138,80649.41576006265,0.2727272727272727,0.7272727272727273,0.0
cosmx_bcc_xdonor_spot_0000002057,-126577.11062834984,81102.32485097175,0.2727272727272727,0.2727272727272727,0.0
cosmx_bcc_xdonor_spot_0000002058,-126567.14186127119,81447.08708873398,0.3076923076923077,0.5384615384615384,0.0
cosmx_bcc_xdonor_spot_0000002059,-126559.29570742503,81865.13653928344,0.5714285714285714,0.3571428571428571,0.0714285714285714
cosmx_bcc_xdonor_spot_0000002060,-126583.49570742501,82182.67939642629,0.4,0.6,0.0
cosmx_bcc_xdonor_spot_0000002061,-126586.54570742504,82595.34189642631,0.3125,0.5625,0.0
cosmx_bcc_xdonor_spot_0000002062,-126562.72642477369,82963.03764424588,0.3529411764705882,0.4117647058823529,0.1764705882352941
cosmx_bcc_xdonor_spot_0000002063,-126584.21113065605,83336.42352659885,0.6,0.32,0.04
cosmx_bcc_xdonor_spot_0000002064,-126585.19483435976,83703.74352659885,1.0,0.0,0.0
cosmx_bcc_xdonor_spot_0000002065,-126580.60224176718,84080.63241548774,1.0,0.0,0.0
cosmx_bcc_xdonor_spot_0000002066,-126593.60224176718,84433.44723030255,1.0,0.0,0.0
cosmx_bcc_xdonor_spot_0000002067,-126591.19113065605,84839.49352659883,0.95,0.0,0.0
cosmx_bcc_xdonor_spot_0000002068,-126582.74113065605,85177.94352659883,1.0,0.0,0.0
cosmx_bcc_xdonor_spot_0000002069,-126563.01494017986,85598.45781231312,1.0,0.0,0.0
cosmx_bcc_xdonor_spot_0000002070,-126582.20541637034,85959.6482885036,1.0,0.0,0.0
cosmx_bcc_xdonor_spot_0000002071,-126574.4456761106,86312.01625387157,1.0,0.0,0.0
cosmx_bcc_xdonor_spot_0000002072,-126591.02959219452,86680.589680445,1.0,0.0,0.0
cosmx_bcc_xdonor_spot_0000002073,-126551.85476701964,86961.92534478061,1.0,0.0,0.0
cosmx_bcc_xdonor_spot_0000002166,-126140.268991137,76286.41526625371,0.0,0.0,0.0
cosmx_bcc_xdonor_spot_0000002167,-126156.243991137,76638.3152662537,0.0,0.0,0.0
cosmx_bcc_xdonor_spot_0000002168,-126191.86899113699,76993.59304403147,0.0,0.2222222222222222,0.2222222222222222
cosmx_bcc_xdonor_spot_0000002169,-126191.00232447033,77320.01526625369,0.2,0.4,0.1333333333333333
cosmx_bcc_xdonor_spot_0000002170,-126167.16899113699,77676.31526625369,0.2,0.5,0.2
cosmx_bcc_xdonor_spot_0000002171,-126241.9801022481,78037.7041551426,0.4444444444444444,0.4444444444444444,0.1111111111111111
cosmx_bcc_xdonor_spot_0000002172,-126213.88234928102,78499.09733133999,0.0,0.6,0.1
cosmx_bcc_xdonor_spot_0000002173,-126210.29570742504,78844.02939642631,0.25,0.625,0.125
cosmx_bcc_xdonor_spot_0000002174,-126227.38661651593,79194.59757824447,0.3636363636363636,0.5454545454545454,0.0
cosmx_bcc_xdonor_spot_0000002175,-126160.22427885361,79562.2793964263,0.7142857142857143,0.0,0.2142857142857142
cosmx_bcc_xdonor_spot_0000002176,-126194.095707425,79959.5793964263,0.6,0.4,0.0
cosmx_bcc_xdonor_spot_0000002177,-126236.920707425,80345.0293964263,0.75,0.0,0.0
cosmx_bcc_xdonor_spot_0000002178,-126193.55886531979,80685.46360695265,0.2631578947368421,0.6842105263157895,0.0526315789473684
cosmx_bcc_xdonor_spot_0000002179,-126204.795707425,81115.2793964263,0.625,0.25,0.0
cosmx_bcc_xdonor_spot_0000002180,-126218.58142171075,81473.13653928344,0.5714285714285714,0.2142857142857142,0.1428571428571428
cosmx_bcc_xdonor_spot_0000002181,-126191.58142171075,81809.99368214059,0.0,0.7142857142857143,0.0714285714285714
cosmx_bcc_xdonor_spot_0000002182,-126225.75724588658,82194.70247334937,0.7692307692307693,0.0769230769230769,0.0769230769230769
cosmx_bcc_xdonor_spot_0000002183,-126224.76939163558,82597.04255432106,0.5789473684210527,0.3684210526315789,0.0
cosmx_bcc_xdonor_spot_0000002184,-126178.45541637034,82954.27924088457,0.0357142857142857,0.6785714285714286,0.1785714285714285
cosmx_bcc_xdonor_spot_0000002185,-126212.02959219452,83319.39737275269,0.0769230769230769,0.5769230769230769,0.1538461538461538
cosmx_bcc_xdonor_spot_0000002186,-126219.57113065606,83674.66352659884,0.4,0.44,0.12
cosmx_bcc_xdonor_spot_0000002187,-126189.42216513882,84070.29525073679,1.0,0.0,0.0
cosmx_bcc_xdonor_spot_0000002188,-126206.55363065604,84435.05602659882,0.75,0.25,0.0
cosmx_bcc_xdonor_spot_0000002189,-126209.15779732272,84818.4101932655,0.6190476190476191,0.3333333333333333,0.0
cosmx_bcc_xdonor_spot_0000002190,-126222.40779732272,85204.24352659885,0.75,0.25,0.0
cosmx_bcc_xdonor_spot_0000002191,-126151.15779732272,85586.36257421788,0.7142857142857143,0.2857142857142857,0.0
cosmx_bcc_xdonor_spot_0000002192,-126185.21113065605,85933.78352659885,1.0,0.0,0.0
cosmx_bcc_xdonor_spot_0000002193,-126208.81255922749,86343.27924088457,1.0,0.0,0.0
cosmx_bcc_xdonor_spot_0000002194,-126209.41113065607,86701.90352659885,1.0,0.0,0.0
cosmx_bcc_xdonor_spot_0000002195,-126231.49113065602,86970.16019326546,1.0,0.0,0.0
cosmx_bcc_xdonor_spot_0000002284,-125722.53565780366,74692.14859958705,0.1666666666666666,0.0,0.0
cosmx_bcc_xdonor_spot_0000002285,-125707.15470542271,75118.95812339657,0.1428571428571428,0.0,0.0
cosmx_bcc_xdonor_spot_0000002286,-125743.93565780367,75473.68193292036,0.0,0.2666666666666666,0.1333333333333333
cosmx_bcc_xdonor_spot_0000002287,-125842.48437575238,75850.04603548445,0.0,0.2307692307692307,0.0
cosmx_bcc_xdonor_spot_0000002288,-125810.24994351795,76214.95812339654,0.4761904761904761,0.0476190476190476,0.1428571428571428
cosmx_bcc_xdonor_spot_0000002289,-125821.57487348992,76598.05056037134,0.5882352941176471,0.0588235294117647,0.3529411764705882
cosmx_bcc_xdonor_spot_0000002290,-125834.868991137,76965.67890261732,0.7272727272727273,0.2272727272727272,0.0454545454545454
cosmx_bcc_xdonor_spot_0000002291,-125873.71514498316,77315.507573946,0.6153846153846154,0.3076923076923077,0.0
cosmx_bcc_xdonor_spot_0000002292,-125812.73565780367,77706.61526625369,0.1333333333333333,0.5333333333333333,0.2666666666666666
cosmx_bcc_xdonor_spot_0000002293,-125815.92454669255,78114.48193292035,0.0,0.8333333333333334,0.0
cosmx_bcc_xdonor_spot_0000002294,-125827.99091007645,78444.47168439828,0.0,0.5238095238095238,0.0476190476190476
cosmx_bcc_xdonor_spot_0000002295,-125813.94276624858,78839.7205728969,0.0,0.4117647058823529,0.0
cosmx_bcc_xdonor_spot_0000002296,-125791.49570742504,79200.1793964263,0.0,0.4,0.1333333333333333
cosmx_bcc_xdonor_spot_0000002297,-125820.91109204042,79591.85631950322,0.7692307692307693,0.1538461538461538,0.0769230769230769
cosmx_bcc_xdonor_spot_0000002298,-125866.19570742501,79961.67939642629,0.5,0.1,0.4
cosmx_bcc_xdonor_spot_0000002299,-125839.65285028217,80325.2793964263,0.5,0.3571428571428571,0.0
cosmx_bcc_xdonor_spot_0000002300,-125783.75025287956,80696.50666915356,0.9090909090909092,0.0909090909090909,0.0
cosmx_bcc_xdonor_spot_0000002301,-125834.095707425,81064.37939642629,0.8,0.2,0.0
cosmx_bcc_xdonor_spot_0000002302,-125858.67070742504,81442.34189642631,0.4375,0.4375,0.0
cosmx_bcc_xdonor_spot_0000002303,-125826.96237409167,81873.7793964263,0.5,0.3333333333333333,0.1666666666666666
cosmx_bcc_xdonor_spot_0000002304,-125816.65285028217,82201.065110712,0.7142857142857143,0.2857142857142857,0.0
cosmx_bcc_xdonor_spot_0000002305,-125830.94276624858,82601.48527877926,0.5294117647058824,0.4117647058823529,0.0588235294117647
cosmx_bcc_xdonor_spot_0000002306,-125778.72642477369,82947.27293836353,0.5882352941176471,0.2941176470588235,0.1176470588235294
cosmx_bcc_xdonor_spot_0000002307,-125870.54995418545,83289.21411483412,0.3529411764705882,0.4705882352941176,0.0588235294117647
cosmx_bcc_xdonor_spot_0000002308,-125872.543762235,83702.05931607251,0.0,0.7894736842105263,0.0526315789473684
cosmx_bcc_xdonor_spot_0000002309,-125822.37574604068,84070.47429582963,0.1923076923076923,0.4615384615384615,0.1153846153846153
cosmx_bcc_xdonor_spot_0000002310,-125819.29113065606,84449.50352659886,0.0,0.64,0.04
cosmx_bcc_xdonor_spot_0000002311,-125805.49113065605,84846.74352659883,0.0,0.6,0.05
cosmx_bcc_xdonor_spot_0000002312,-125823.26385792879,85237.51625387157,0.6818181818181818,0.3181818181818182,0.0
cosmx_bcc_xdonor_spot_0000002313,-125821.41970208463,85572.67209802743,0.8928571428571429,0.1071428571428571,0.0
cosmx_bcc_xdonor_spot_0000002314,-125835.979502749,85950.46445683143,1.0,0.0,0.0
cosmx_bcc_xdonor_spot_0000002315,-125836.88001954493,86322.38241548775,1.0,0.0,0.0
cosmx_bcc_xdonor_spot_0000002316,-125864.4456761106,86701.10716296248,0.8181818181818182,0.1818181818181818,0.0
cosmx_bcc_xdonor_spot_0000002317,-125853.49113065601,86943.5435265988,0.8,0.2,0.0
cosmx_bcc_xdonor_spot_0000002397,-125330.772914082,71268.01780274787,0.6666666666666666,0.0,0.0
cosmx_bcc_xdonor_spot_0000002398,-125368.64791408202,71688.6011360812,0.625,0.0,0.0
cosmx_bcc_xdonor_spot_0000002399,-125329.072914082,72048.0511360812,0.2,0.0,0.0
cosmx_bcc_xdonor_spot_0000002400,-125361.71735852647,72484.74002497009,0.4444444444444444,0.0,0.0
cosmx_bcc_xdonor_spot_0000002403,-125379.0910959002,73611.57840880846,0.2727272727272727,0.0,0.0909090909090909
cosmx_bcc_xdonor_spot_0000002404,-125413.522914082,73947.00113608118,0.45,0.2,0.0
cosmx_bcc_xdonor_spot_0000002405,-125419.79208512478,74320.87879288202,0.6666666666666666,0.1111111111111111,0.0555555555555555
cosmx_bcc_xdonor_spot_0000002406,-125455.75788002588,74704.25971069813,0.4444444444444444,0.5,0.0
cosmx_bcc_xdonor_spot_0000002407,-125455.768991137,75050.51526625369,0.6,0.3,0.0
cosmx_bcc_xdonor_spot_0000002408,-125488.00692217148,75421.43595590886,0.2758620689655172,0.5172413793103449,0.0
cosmx_bcc_xdonor_spot_0000002409,-125477.056491137,75840.94026625369,0.8125,0.1875,0.0
cosmx_bcc_xdonor_spot_0000002410,-125458.77375304175,76212.67240911082,1.0,0.0,0.0
cosmx_bcc_xdonor_spot_0000002411,-125465.018991137,76595.86526625368,1.0,0.0,0.0
cosmx_bcc_xdonor_spot_0000002412,-125477.056491137,76946.56526625369,1.0,0.0,0.0
cosmx_bcc_xdonor_spot_0000002413,-125446.86899113699,77343.33907577749,1.0,0.0,0.0
cosmx_bcc_xdonor_spot_0000002414,-125442.86899113699,77696.99173684193,0.9411764705882352,0.0588235294117647,0.0
cosmx_bcc_xdonor_spot_0000002415,-125496.548991137,78081.49526625368,0.08,0.84,0.0
cosmx_bcc_xdonor_spot_0000002416,-125477.46956323303,78459.51164297793,0.0416666666666666,0.375,0.0
cosmx_bcc_xdonor_spot_0000002417,-125453.74570742506,78807.47939642632,0.35,0.45,0.0
cosmx_bcc_xdonor_spot_0000002418,-125444.94570742505,79197.82939642633,0.65,0.25,0.1
cosmx_bcc_xdonor_spot_0000002419,-125435.04570742506,79587.62939642633,0.9,0.1,0.0
cosmx_bcc_xdonor_spot_0000002420,-125447.70747213093,79956.24998466161,0.9411764705882352,0.0588235294117647,0.0
cosmx_bcc_xdonor_spot_0000002421,-125474.29570742503,80337.86272975962,0.4166666666666667,0.5,0.0
cosmx_bcc_xdonor_spot_0000002422,-125509.795707425,80663.61272975962,0.8333333333333334,0.1666666666666666,0.0
cosmx_bcc_xdonor_spot_0000002423,-125445.18459631389,81035.44606309297,0.7777777777777778,0.1111111111111111,0.0
cosmx_bcc_xdonor_spot_0000002424,-125461.295707425,81389.22384087073,1.0,0.0,0.0
cosmx_bcc_xdonor_spot_0000002425,-125443.84116197047,81795.50666915356,0.6363636363636364,0.2727272727272727,0.0
cosmx_bcc_xdonor_spot_0000002426,-125451.595707425,82268.0793964263,0.8,0.2,0.0
cosmx_bcc_xdonor_spot_0000002427,-125443.69570742505,82577.57939642633,0.9,0.1,0.0
cosmx_bcc_xdonor_spot_0000002428,-125441.53460891693,82931.04787442493,1.0,0.0,0.0
cosmx_bcc_xdonor_spot_0000002429,-125458.31255922749,83306.42209802743,0.9642857142857144,0.0357142857142857,0.0
cosmx_bcc_xdonor_spot_0000002430,-125425.54113065606,83689.49352659883,0.85,0.1,0.0
cosmx_bcc_xdonor_spot_0000002431,-125461.25303541796,84098.07685993217,0.9523809523809524,0.0476190476190476,0.0
cosmx_bcc_xdonor_spot_0000002432,-125443.65779732272,84457.24352659885,0.8333333333333334,0.1666666666666666,0.0
cosmx_bcc_xdonor_spot_0000002433,-125459.78279732272,84850.82685993217,0.9583333333333334,0.0416666666666666,0.0
cosmx_bcc_xdonor_spot_0000002434,-125472.03658520151,85187.24352659885,1.0,0.0,0.0
cosmx_bcc_xdonor_spot_0000002435,-125479.5780871778,85599.70004833797,1.0,0.0,0.0
cosmx_bcc_xdonor_spot_0000002436,-125474.3244639894,85958.24352659886,1.0,0.0,0.0
cosmx_bcc_xdonor_spot_0000002437,-125470.3482735132,86328.97209802743,0.2571428571428571,0.6285714285714286,0.0285714285714285
cosmx_bcc_xdonor_spot_0000002438,-125450.49113065605,86703.14352659885,0.0,0.76,0.0
cosmx_bcc_xdonor_spot_0000002439,-125489.291130656,86947.3435265988,0.2,0.7,0.0
cosmx_bcc_xdonor_spot_0000002516,-125049.43958074869,70200.10113608118,0.3333333333333333,0.0,0.0
cosmx_bcc_xdonor_spot_0000002517,-125079.27291408203,70566.53863608118,0.375,0.0,0.0
cosmx_bcc_xdonor_spot_0000002518,-125047.74910455818,70951.70827893831,0.6666666666666666,0.0,0.0
cosmx_bcc_xdonor_spot_0000002519,-125077.67291408197,71352.97113608118,0.4,0.0,0.0
cosmx_bcc_xdonor_spot_0000002520,-125072.07291408202,71687.75113608119,0.4,0.1,0.0
cosmx_bcc_xdonor_spot_0000002521,-125089.60624741529,72084.81409904413,0.5185185185185185,0.0,0.0
cosmx_bcc_xdonor_spot_0000002522,-125060.27291408203,72431.06542179546,0.8571428571428571,0.0,0.0
cosmx_bcc_xdonor_spot_0000002523,-125023.33173761144,72853.08643019883,0.7647058823529411,0.0,0.0
cosmx_bcc_xdonor_spot_0000002524,-125080.3562474153,73195.72613608117,0.875,0.0,0.0
cosmx_bcc_xdonor_spot_0000002525,-125106.90254371158,73597.22150645155,0.9629629629629628,0.0,0.0
cosmx_bcc_xdonor_spot_0000002526,-125064.4547322638,73958.66931789936,0.9545454545454546,0.0,0.0454545454545454
cosmx_bcc_xdonor_spot_0000002527,-125095.15889708571,74316.3430843571,0.9629629629629628,0.037037037037037,0.0
cosmx_bcc_xdonor_spot_0000002528,-125084.30377374569,74708.42396190585,0.9565217391304348,0.0434782608695652,0.0
cosmx_bcc_xdonor_spot_0000002529,-125094.10899113699,75096.49526625368,0.96,0.04,0.0
cosmx_bcc_xdonor_spot_0000002530,-125078.91661018462,75446.38669482511,0.8571428571428571,0.0476190476190476,0.0476190476190476
cosmx_bcc_xdonor_spot_0000002531,-125109.48803875604,75818.00574244416,1.0,0.0,0.0
cosmx_bcc_xdonor_spot_0000002532,-125102.81635955804,76203.07842414842,1.0,0.0,0.0
cosmx_bcc_xdonor_spot_0000002533,-125042.57487348992,76564.63879566545,0.9411764705882352,0.0,0.0
cosmx_bcc_xdonor_spot_0000002534,-125047.868991137,76982.2152662537,1.0,0.0,0.0
cosmx_bcc_xdonor_spot_0000002535,-125077.17668344469,77388.12295856138,1.0,0.0,0.0
cosmx_bcc_xdonor_spot_0000002536,-125071.13565780366,77708.81526625369,0.9333333333333332,0.0,0.0666666666666666
cosmx_bcc_xdonor_spot_0000002537,-125089.39073026743,78067.5109184276,0.9565217391304348,0.0434782608695652,0.0
cosmx_bcc_xdonor_spot_0000002538,-125086.5317654241,78508.26475459053,0.8823529411764706,0.0,0.0
cosmx_bcc_xdonor_spot_0000002539,-125083.34570742506,78833.77939642633,1.0,0.0,0.0
cosmx_bcc_xdonor_spot_0000002540,-125108.87465479347,79194.2004490579,1.0,0.0,0.0
cosmx_bcc_xdonor_spot_0000002541,-125087.34332647268,79591.2079678549,1.0,0.0,0.0
cosmx_bcc_xdonor_spot_0000002542,-125090.81744655549,79959.30113555677,1.0,0.0,0.0
cosmx_bcc_xdonor_spot_0000002543,-125113.55886531979,80329.67413326843,0.6842105263157895,0.3157894736842105,0.0
cosmx_bcc_xdonor_spot_0000002544,-125078.02904075837,80709.3793964263,0.8,0.0666666666666666,0.0666666666666666
cosmx_bcc_xdonor_spot_0000002545,-125099.60339973272,81106.7793964263,0.7692307692307693,0.1538461538461538,0.0
cosmx_bcc_xdonor_spot_0000002546,-125088.07348520283,81471.22384087076,0.8888888888888888,0.0555555555555555,0.0555555555555555
cosmx_bcc_xdonor_spot_0000002547,-125057.29570742506,81828.0951859,1.0,0.0,0.0
cosmx_bcc_xdonor_spot_0000002548,-125064.19570742505,82195.62939642633,0.95,0.05,0.0
cosmx_bcc_xdonor_spot_0000002549,-125127.96237409173,82536.82701547394,0.9047619047619048,0.0952380952380952,0.0
cosmx_bcc_xdonor_spot_0000002550,-125114.37113065606,82937.98352659885,1.0,0.0,0.0
cosmx_bcc_xdonor_spot_0000002551,-125058.2737393517,83309.04787442493,1.0,0.0,0.0
cosmx_bcc_xdonor_spot_0000002552,-125099.19483435976,83721.70648956181,0.9629629629629628,0.0,0.037037037037037
cosmx_bcc_xdonor_spot_0000002553,-125085.9456761106,84054.69807205339,0.9090909090909092,0.0909090909090909,0.0
cosmx_bcc_xdonor_spot_0000002554,-125099.99113065602,84454.02924088451,0.5714285714285714,0.4285714285714285,0.0
cosmx_bcc_xdonor_spot_0000002555,-125109.19701300899,84839.86117365764,0.9411764705882352,0.0588235294117647,0.0
cosmx_bcc_xdonor_spot_0000002556,-125097.64497680991,85185.82044967577,0.9615384615384616,0.0,0.0384615384615384
cosmx_bcc_xdonor_spot_0000002557,-125086.49113065605,85576.74352659885,1.0,0.0,0.0
cosmx_bcc_xdonor_spot_0000002558,-125092.49113065607,85947.67209802743,0.9285714285714286,0.0714285714285714,0.0
cosmx_bcc_xdonor_spot_0000002559,-125095.83595824227,86321.08835418506,0.4827586206896552,0.4827586206896552,0.0
cosmx_bcc_xdonor_spot_0000002560,-125078.38001954496,86696.66945252477,0.6296296296296297,0.2962962962962963,0.0
cosmx_bcc_xdonor_spot_0000002561,-125092.12749429238,86963.56170841698,0.6363636363636364,0.3636363636363636,0.0
cosmx_bcc_xdonor_spot_0000002638,-124689.07291408203,70238.65113608119,0.8666666666666667,0.0,0.0
cosmx_bcc_xdonor_spot_0000002639,-124712.35987060372,70575.98157086378,0.782608695652174,0.0,0.0
cosmx_bcc_xdonor_spot_0000002640,-124674.422914082,70962.45113608117,0.8,0.0,0.0
cosmx_bcc_xdonor_spot_0000002641,-124703.22943582111,71330.28591868987,0.6956521739130435,0.0869565217391304,0.0
cosmx_bcc_xdonor_spot_0000002642,-124695.0348188439,71707.94637417642,0.7142857142857143,0.0476190476190476,0.0
cosmx_bcc_xdonor_spot_0000002643,-124731.70148551057,72089.6606598907,0.8571428571428571,0.0,0.0476190476190476
cosmx_bcc_xdonor_spot_0000002644,-124728.0395807486,72474.25113608119,0.8,0.0,0.0333333333333333
cosmx_bcc_xdonor_spot_0000002645,-124689.88005693909,72834.99399322402,0.9642857142857144,0.0,0.0357142857142857
cosmx_bcc_xdonor_spot_0000002646,-124732.38402519307,73200.40669163673,0.9629629629629628,0.0,0.037037037037037
cosmx_bcc_xdonor_spot_0000002647,-124714.35291408196,73586.25113608118,1.0,0.0,0.0
cosmx_bcc_xdonor_spot_0000002648,-124733.89196170104,73912.8987551288,1.0,0.0,0.0
cosmx_bcc_xdonor_spot_0000002649,-124707.30704523387,74324.12086213488,1.0,0.0,0.0
cosmx_bcc_xdonor_spot_0000002650,-124692.29004376857,74692.28895046421,0.5789473684210527,0.3157894736842105,0.0526315789473684
cosmx_bcc_xdonor_spot_0000002651,-124709.868991137,75078.54859958703,1.0,0.0,0.0
cosmx_bcc_xdonor_spot_0000002652,-124722.11899113699,75439.66526625368,1.0,0.0,0.0
cosmx_bcc_xdonor_spot_0000002653,-124712.868991137,75837.01526625369,1.0,0.0,0.0
cosmx_bcc_xdonor_spot_0000002654,-124732.39530692647,76200.18368730631,1.0,0.0,0.0
cosmx_bcc_xdonor_spot_0000002655,-124721.118991137,76592.87776625369,1.0,0.0,0.0
cosmx_bcc_xdonor_spot_0000002656,-124711.20232447033,76923.31526625369,1.0,0.0,0.0
cosmx_bcc_xdonor_spot_0000002657,-124713.41899113699,77326.86526625368,0.8,0.15,0.0
cosmx_bcc_xdonor_spot_0000002658,-124728.618991137,77694.62776625369,0.875,0.125,0.0
cosmx_bcc_xdonor_spot_0000002659,-124726.13214903174,78067.86789783264,1.0,0.0,0.0
cosmx_bcc_xdonor_spot_0000002660,-124721.34234251449,78464.80222268013,1.0,0.0,0.0
cosmx_bcc_xdonor_spot_0000002661,-124695.59570742506,78838.42939642633,1.0,0.0,0.0
cosmx_bcc_xdonor_spot_0000002662,-124724.61149689874,79189.77939642633,1.0,0.0,0.0
cosmx_bcc_xdonor_spot_0000002663,-124750.895707425,79527.9793964263,1.0,0.0,0.0
cosmx_bcc_xdonor_spot_0000002664,-124697.47752560688,79931.9157600627,1.0,0.0,0.0
cosmx_bcc_xdonor_spot_0000002665,-124723.50999313932,80315.63653928344,0.9285714285714286,0.0,0.0714285714285714
cosmx_bcc_xdonor_spot_0000002666,-124722.295707425,80690.20796785488,0.5714285714285714,0.1428571428571428,0.0
cosmx_bcc_xdonor_spot_0000002667,-124711.79570742502,81130.37939642629,0.5,0.1,0.1
cosmx_bcc_xdonor_spot_0000002668,-124716.1528502822,81469.63653928347,0.8095238095238095,0.0952380952380952,0.0
cosmx_bcc_xdonor_spot_0000002669,-124704.62904075839,81836.22384087076,1.0,0.0,0.0
cosmx_bcc_xdonor_spot_0000002670,-124718.64353351202,82179.38809207852,0.9565217391304348,0.0434782608695652,0.0
cosmx_bcc_xdonor_spot_0000002671,-124733.24307584611,82574.98992274211,1.0,0.0,0.0
cosmx_bcc_xdonor_spot_0000002672,-124719.34113065604,82937.89352659884,0.95,0.0,0.0
cosmx_bcc_xdonor_spot_0000002673,-124721.44113065605,83298.54352659883,1.0,0.0,0.0
cosmx_bcc_xdonor_spot_0000002674,-124735.4384990771,83683.2698423883,0.9473684210526316,0.0,0.0526315789473684
cosmx_bcc_xdonor_spot_0000002675,-124717.872083037,84051.55305040836,1.0,0.0,0.0
cosmx_bcc_xdonor_spot_0000002676,-124689.26036142526,84463.12814198341,0.4615384615384615,0.5384615384615384,0.0
cosmx_bcc_xdonor_spot_0000002677,-124733.11613065605,84850.70185993217,1.0,0.0,0.0
cosmx_bcc_xdonor_spot_0000002678,-124725.3244639894,85234.78519326552,0.9583333333333334,0.0416666666666666,0.0
cosmx_bcc_xdonor_spot_0000002679,-124730.37574604068,85570.89737275269,1.0,0.0,0.0
cosmx_bcc_xdonor_spot_0000002680,-124715.8244639894,85952.03519326552,1.0,0.0,0.0
cosmx_bcc_xdonor_spot_0000002681,-124718.14497680991,86314.01275736808,1.0,0.0,0.0
cosmx_bcc_xdonor_spot_0000002682,-124731.9526691176,86660.20506506039,0.9615384615384616,0.0,0.0384615384615384
cosmx_bcc_xdonor_spot_0000002683,-124731.191130656,86963.2435265988,1.0,0.0,0.0
cosmx_bcc_xdonor_spot_0000002760,-124335.71041408203,70204.03863608118,0.75,0.0625,0.1875
cosmx_bcc_xdonor_spot_0000002761,-124333.77291408197,70588.14280274784,1.0,0.0,0.0
cosmx_bcc_xdonor_spot_0000002762,-124322.73719979623,70953.74399322402,0.9285714285714286,0.0714285714285714,0.0
cosmx_bcc_xdonor_spot_0000002763,-124346.19291408196,71342.37113608117,0.84,0.08,0.04
cosmx_bcc_xdonor_spot_0000002764,-124334.31137562041,71718.23575146579,0.9615384615384616,0.0,0.0384615384615384
cosmx_bcc_xdonor_spot_0000002765,-124356.95291408196,72084.77113608117,0.92,0.0,0.08
cosmx_bcc_xdonor_spot_0000002766,-124337.772914082,72456.60113608118,0.95,0.05,0.0
cosmx_bcc_xdonor_spot_0000002767,-124353.99291408196,72791.69113608118,1.0,0.0,0.0
cosmx_bcc_xdonor_spot_0000002768,-124353.93958074866,73201.08923131927,1.0,0.0,0.0
cosmx_bcc_xdonor_spot_0000002769,-124312.06458074863,73571.26780274784,1.0,0.0,0.0
cosmx_bcc_xdonor_spot_0000002770,-124326.39791408197,73976.22613608117,0.9583333333333334,0.0,0.0416666666666666
cosmx_bcc_xdonor_spot_0000002771,-124319.06967338831,74337.38672187585,1.0,0.0,0.0
cosmx_bcc_xdonor_spot_0000002772,-124301.308991137,74712.57526625368,0.28,0.72,0.0
cosmx_bcc_xdonor_spot_0000002773,-124311.70232447033,75096.89859958702,0.9583333333333334,0.0416666666666666,0.0
cosmx_bcc_xdonor_spot_0000002774,-124361.04546172523,75448.05056037134,1.0,0.0,0.0
cosmx_bcc_xdonor_spot_0000002775,-124322.39530692647,75820.18368730631,1.0,0.0,0.0
cosmx_bcc_xdonor_spot_0000002776,-124307.22613399415,76213.45812339654,1.0,0.0,0.0
cosmx_bcc_xdonor_spot_0000002777,-124327.44041970842,76574.10098053938,0.9285714285714286,0.0357142857142857,0.0357142857142857
cosmx_bcc_xdonor_spot_0000002778,-124345.77808204609,76963.63344807187,1.0,0.0,0.0
cosmx_bcc_xdonor_spot_0000002779,-124345.29756256557,77337.99383768225,1.0,0.0,0.0
cosmx_bcc_xdonor_spot_0000002780,-124345.40470542271,77695.77955196798,1.0,0.0,0.0
cosmx_bcc_xdonor_spot_0000002781,-124336.48968079218,78087.91871452956,0.9655172413793104,0.0,0.0
cosmx_bcc_xdonor_spot_0000002782,-124343.27465697334,78477.68194672465,1.0,0.0,0.0
cosmx_bcc_xdonor_spot_0000002783,-124323.09570742506,78831.53939642635,1.0,0.0,0.0
cosmx_bcc_xdonor_spot_0000002784,-124325.59570742506,79181.67939642633,1.0,0.0,0.0
cosmx_bcc_xdonor_spot_0000002785,-124353.29570742504,79574.30880819102,1.0,0.0,0.0
cosmx_bcc_xdonor_spot_0000002786,-124358.4385645679,79902.35082499773,0.9285714285714286,0.0714285714285714,0.0
cosmx_bcc_xdonor_spot_0000002787,-124336.295707425,80272.61272975962,0.6666666666666666,0.0,0.1666666666666666
cosmx_bcc_xdonor_spot_0000002788,-124269.49570742501,80676.37939642629,0.4,0.4,0.0
cosmx_bcc_xdonor_spot_0000002789,-124296.46237409167,81067.44606309295,0.1666666666666666,0.3333333333333333,0.5
cosmx_bcc_xdonor_spot_0000002790,-124355.9623740917,81440.31272975964,0.8,0.1333333333333333,0.0
cosmx_bcc_xdonor_spot_0000002791,-124311.47752560688,81846.5066691536,0.9090909090909092,0.0454545454545454,0.0
cosmx_bcc_xdonor_spot_0000002792,-124331.70479833415,82188.87030551724,0.9090909090909092,0.0454545454545454,0.0
cosmx_bcc_xdonor_spot_0000002793,-124363.66412847769,82559.67413326843,1.0,0.0,0.0
cosmx_bcc_xdonor_spot_0000002794,-124367.45693687018,82968.78519326552,1.0,0.0,0.0
cosmx_bcc_xdonor_spot_0000002795,-124349.67284148818,83319.00439616406,1.0,0.0,0.0
cosmx_bcc_xdonor_spot_0000002796,-124336.78086504307,83669.13241548772,1.0,0.0,0.0
cosmx_bcc_xdonor_spot_0000002797,-124362.22655561696,84122.42534478065,1.0,0.0,0.0
cosmx_bcc_xdonor_spot_0000002798,-124317.46950808838,84427.63638374172,0.9642857142857144,0.0357142857142857,0.0
cosmx_bcc_xdonor_spot_0000002799,-124342.67815119367,84883.09646777529,0.9411764705882352,0.0588235294117647,0.0
cosmx_bcc_xdonor_spot_0000002800,-124318.6310764177,85195.24352659885,1.0,0.0,0.0
cosmx_bcc_xdonor_spot_0000002801,-124353.41825935576,85568.53519326552,1.0,0.0,0.0
cosmx_bcc_xdonor_spot_0000002802,-124337.00368509584,85940.94352659883,0.95,0.05,0.0
cosmx_bcc_xdonor_spot_0000002803,-124352.53746727809,86332.44723030255,0.8148148148148148,0.1851851851851851,0.0
cosmx_bcc_xdonor_spot_0000002804,-124353.60724097013,86720.13638374172,1.0,0.0,0.0
cosmx_bcc_xdonor_spot_0000002805,-124317.23470785045,86955.19807205335,0.9090909090909092,0.0,0.0909090909090909
cosmx_bcc_xdonor_spot_0000002882,-123952.00624741537,70238.18446941451,0.7333333333333333,0.0666666666666666,0.2
cosmx_bcc_xdonor_spot_0000002883,-123942.5506918598,70592.74002497007,0.9444444444444444,0.0,0.0555555555555555
cosmx_bcc_xdonor_spot_0000002884,-123973.672914082,70916.20113608117,0.9,0.1,0.0
cosmx_bcc_xdonor_spot_0000002885,-123956.74659829254,71320.27218871276,0.9473684210526316,0.0,0.0
cosmx_bcc_xdonor_spot_0000002886,-123947.14791408203,71712.28863608118,0.875,0.0625,0.0625
cosmx_bcc_xdonor_spot_0000002887,-123975.27291408203,72088.12386335392,1.0,0.0,0.0
cosmx_bcc_xdonor_spot_0000002888,-123971.472914082,72425.55113608118,1.0,0.0,0.0
cosmx_bcc_xdonor_spot_0000002889,-123973.37291408199,72844.05113608118,0.95,0.05,0.0
cosmx_bcc_xdonor_spot_0000002890,-123952.68958074863,73210.35113608117,0.7916666666666666,0.2083333333333333,0.0
cosmx_bcc_xdonor_spot_0000002891,-123970.46522177427,73586.69728992732,0.9615384615384616,0.0,0.0384615384615384
cosmx_bcc_xdonor_spot_0000002892,-123969.15291408196,73964.09113608117,0.64,0.36,0.0
cosmx_bcc_xdonor_spot_0000002893,-123942.29529878534,74305.41055619618,0.0416666666666666,0.7083333333333334,0.0416666666666666
cosmx_bcc_xdonor_spot_0000002894,-123969.368991137,74703.00757394599,0.0,0.5384615384615384,0.1153846153846153
cosmx_bcc_xdonor_spot_0000002895,-123968.52116505004,75083.38048364499,0.391304347826087,0.6086956521739131,0.0
cosmx_bcc_xdonor_spot_0000002896,-123968.55320166331,75448.02579256948,1.0,0.0,0.0
cosmx_bcc_xdonor_spot_0000002897,-123962.34725200656,75832.20657060151,0.9565217391304348,0.0434782608695652,0.0
cosmx_bcc_xdonor_spot_0000002898,-123981.77808204609,76198.08799352641,1.0,0.0,0.0
cosmx_bcc_xdonor_spot_0000002899,-123967.868991137,76568.44026625367,0.9166666666666666,0.0416666666666666,0.0
cosmx_bcc_xdonor_spot_0000002900,-123952.30232447034,76931.2152662537,0.9333333333333332,0.0,0.0666666666666666
cosmx_bcc_xdonor_spot_0000002901,-123983.53565780366,77316.73193292035,1.0,0.0,0.0
cosmx_bcc_xdonor_spot_0000002902,-123973.368991137,77690.98193292035,1.0,0.0,0.0
cosmx_bcc_xdonor_spot_0000002903,-123964.61899113699,78084.41526625368,1.0,0.0,0.0
cosmx_bcc_xdonor_spot_0000002904,-123965.59599889323,78466.89342347877,0.9523809523809524,0.0,0.0476190476190476
cosmx_bcc_xdonor_spot_0000002905,-123981.38661651597,78820.96121460815,1.0,0.0,0.0
cosmx_bcc_xdonor_spot_0000002906,-123972.74570742506,79221.37939642633,0.9,0.1,0.0
cosmx_bcc_xdonor_spot_0000002907,-123982.37263050195,79577.93324258014,0.7692307692307693,0.0769230769230769,0.0769230769230769
cosmx_bcc_xdonor_spot_0000002908,-123947.8341689635,79955.24093488783,0.9230769230769232,0.0,0.0
cosmx_bcc_xdonor_spot_0000002909,-123948.43856456786,80279.92225356915,0.2857142857142857,0.0,0.0
cosmx_bcc_xdonor_spot_0000002911,-123954.795707425,81136.1543964263,0.25,0.125,0.375
cosmx_bcc_xdonor_spot_0000002912,-123948.96237409167,81535.2793964263,0.1666666666666666,0.5,0.1666666666666666
cosmx_bcc_xdonor_spot_0000002913,-123959.72427885361,81811.49368214059,0.9285714285714286,0.0,0.0
cosmx_bcc_xdonor_spot_0000002914,-123927.58982507211,82204.30880819102,0.9411764705882352,0.0588235294117647,0.0
cosmx_bcc_xdonor_spot_0000002915,-123951.41335448387,82594.1911611322,1.0,0.0,0.0
cosmx_bcc_xdonor_spot_0000002916,-123973.87482657077,82958.26526572928,1.0,0.0,0.0
cosmx_bcc_xdonor_spot_0000002917,-123936.05641224846,83289.03764424588,0.9411764705882352,0.0,0.0
cosmx_bcc_xdonor_spot_0000002918,-123972.40200048387,83676.66019326552,1.0,0.0,0.0
cosmx_bcc_xdonor_spot_0000002919,-123966.41588937269,84067.48426733959,1.0,0.0,0.0
cosmx_bcc_xdonor_spot_0000002920,-123979.62700048387,84414.49352659883,0.9,0.05,0.0
cosmx_bcc_xdonor_spot_0000002921,-123979.7901583786,84822.11194765146,1.0,0.0,0.0
cosmx_bcc_xdonor_spot_0000002922,-123974.10392356079,85202.43583429116,1.0,0.0,0.0
cosmx_bcc_xdonor_spot_0000002923,-123962.21930817605,85571.51275736808,1.0,0.0,0.0
cosmx_bcc_xdonor_spot_0000002924,-123958.43609139282,85980.69807205339,0.9545454545454546,0.0454545454545454,0.0
cosmx_bcc_xdonor_spot_0000002925,-123943.72700048384,86352.58352659884,0.76,0.12,0.0
cosmx_bcc_xdonor_spot_0000002926,-123944.76700048389,86671.78352659885,0.56,0.44,0.0
cosmx_bcc_xdonor_spot_0000002927,-123957.15200048388,86955.4935265988,0.25,0.625,0.125
cosmx_bcc_xdonor_spot_0000003004,-123600.54564135475,70234.30568153573,0.9090909090909092,0.0909090909090909,0.0
cosmx_bcc_xdonor_spot_0000003005,-123605.64791408203,70577.60113608118,0.9375,0.0625,0.0
cosmx_bcc_xdonor_spot_0000003006,-123612.90449302937,70977.00903081802,0.9473684210526316,0.0526315789473684,0.0
cosmx_bcc_xdonor_spot_0000003007,-123561.3205331296,71331.70827893831,1.0,0.0,0.0
cosmx_bcc_xdonor_spot_0000003008,-123552.97879643497,71692.55701843412,0.9411764705882352,0.0588235294117647,0.0
cosmx_bcc_xdonor_spot_0000003009,-123583.8562474153,72079.68446941451,0.9583333333333334,0.0,0.0416666666666666
cosmx_bcc_xdonor_spot_0000003010,-123574.77291408202,72458.51780274784,1.0,0.0,0.0
cosmx_bcc_xdonor_spot_0000003011,-123580.46041408203,72847.16363608118,1.0,0.0,0.0
cosmx_bcc_xdonor_spot_0000003012,-123575.8591209785,73204.98906711566,1.0,0.0,0.0
cosmx_bcc_xdonor_spot_0000003013,-123590.53217334121,73556.40669163673,1.0,0.0,0.0
cosmx_bcc_xdonor_spot_0000003014,-123564.309951119,73938.59187682191,0.925925925925926,0.074074074074074,0.0
cosmx_bcc_xdonor_spot_0000003015,-123594.88467771737,74344.71212621534,0.6296296296296297,0.2962962962962963,0.0
cosmx_bcc_xdonor_spot_0000003016,-123617.11899113699,74732.56526625369,0.15,0.8,0.0
cosmx_bcc_xdonor_spot_0000003017,-123597.13214903174,75074.81526625369,0.1052631578947368,0.631578947368421,0.1052631578947368
cosmx_bcc_xdonor_spot_0000003018,-123572.75788002589,75459.07452551293,0.8888888888888888,0.1111111111111111,0.0
cosmx_bcc_xdonor_spot_0000003019,-123586.67851494651,75830.38669482511,0.9047619047619048,0.0,0.0952380952380952
cosmx_bcc_xdonor_spot_0000003020,-123592.468991137,76198.21526625368,0.96,0.04,0.0
cosmx_bcc_xdonor_spot_0000003021,-123595.428991137,76569.69526625368,1.0,0.0,0.0
cosmx_bcc_xdonor_spot_0000003022,-123576.368991137,76913.19026625369,0.9375,0.0625,0.0
cosmx_bcc_xdonor_spot_0000003023,-123574.228991137,77332.09526625367,1.0,0.0,0.0
cosmx_bcc_xdonor_spot_0000003024,-123583.16899113699,77714.16526625368,0.95,0.0,0.05
cosmx_bcc_xdonor_spot_0000003025,-123586.83195409997,78083.22267366109,0.9629629629629628,0.0,0.0
cosmx_bcc_xdonor_spot_0000003026,-123582.6014587381,78474.73186033426,1.0,0.0,0.0
cosmx_bcc_xdonor_spot_0000003027,-123580.58142171077,78826.16034880729,1.0,0.0,0.0
cosmx_bcc_xdonor_spot_0000003028,-123557.29570742506,79205.9157600627,1.0,0.0,0.0
cosmx_bcc_xdonor_spot_0000003029,-123564.96237409172,79603.89050753744,0.9444444444444444,0.0,0.0
cosmx_bcc_xdonor_spot_0000003030,-123555.44955357887,79962.62555027244,0.8461538461538461,0.0,0.0
cosmx_bcc_xdonor_spot_0000003031,-123610.58142171071,80337.63653928344,0.2857142857142857,0.0,0.0
cosmx_bcc_xdonor_spot_0000003034,-123618.095707425,81389.37939642629,0.2,0.2,0.0
cosmx_bcc_xdonor_spot_0000003035,-123590.72427885358,81827.35082499773,0.5714285714285714,0.0,0.0
cosmx_bcc_xdonor_spot_0000003036,-123666.795707425,82214.11272975962,0.6666666666666666,0.0,0.0
cosmx_bcc_xdonor_spot_0000003037,-123613.71676005663,82601.72676484738,0.8947368421052632,0.0,0.0
cosmx_bcc_xdonor_spot_0000003038,-123603.65200048382,82964.05602659882,0.8125,0.0,0.0
cosmx_bcc_xdonor_spot_0000003039,-123579.84278995749,83328.69089501988,1.0,0.0,0.0
cosmx_bcc_xdonor_spot_0000003040,-123608.36910574685,83716.00668449356,1.0,0.0,0.0
cosmx_bcc_xdonor_spot_0000003041,-123672.1698576265,84078.10066945595,0.6428571428571429,0.3571428571428571,0.0
cosmx_bcc_xdonor_spot_0000003042,-123591.79015837872,84500.95405291462,0.9473684210526316,0.0526315789473684,0.0
cosmx_bcc_xdonor_spot_0000003043,-123582.52700048384,84843.74352659885,1.0,0.0,0.0
cosmx_bcc_xdonor_spot_0000003044,-123597.98533381714,85205.95185993217,1.0,0.0,0.0
cosmx_bcc_xdonor_spot_0000003045,-123618.02700048381,85574.66019326552,1.0,0.0,0.0
cosmx_bcc_xdonor_spot_0000003046,-123613.20881866552,85953.06170841702,1.0,0.0,0.0
cosmx_bcc_xdonor_spot_0000003047,-123573.20700048376,86315.10352659885,1.0,0.0,0.0
cosmx_bcc_xdonor_spot_0000003048,-123584.93876518961,86709.33176189294,1.0,0.0,0.0
cosmx_bcc_xdonor_spot_0000003049,-123584.52700048382,86960.65261750789,0.8181818181818182,0.1818181818181818,0.0
cosmx_bcc_xdonor_spot_0000003126,-123252.77291408202,70229.45113608119,0.6,0.2,0.0
cosmx_bcc_xdonor_spot_0000003127,-123233.67291408202,70660.65113608119,0.8,0.1,0.1
cosmx_bcc_xdonor_spot_0000003128,-123190.77291408202,70928.79558052562,1.0,0.0,0.0
cosmx_bcc_xdonor_spot_0000003129,-123202.10624741536,71330.40669163673,1.0,0.0,0.0
cosmx_bcc_xdonor_spot_0000003130,-123205.08243789151,71735.08923131927,1.0,0.0,0.0
cosmx_bcc_xdonor_spot_0000003131,-123197.20624741536,72032.18446941451,1.0,0.0,0.0
cosmx_bcc_xdonor_spot_0000003132,-123189.50820819968,72460.4393713753,0.7647058823529411,0.1176470588235294,0.1176470588235294
cosmx_bcc_xdonor_spot_0000003133,-123192.56458074863,72828.55946941451,1.0,0.0,0.0
cosmx_bcc_xdonor_spot_0000003134,-123223.63291408196,73206.33113608118,0.92,0.04,0.0
cosmx_bcc_xdonor_spot_0000003135,-123214.6657712248,73559.35113608117,1.0,0.0,0.0
cosmx_bcc_xdonor_spot_0000003136,-123219.47981063367,73948.92010159841,1.0,0.0,0.0
cosmx_bcc_xdonor_spot_0000003137,-123223.73738382301,74325.78885731367,1.0,0.0,0.0
cosmx_bcc_xdonor_spot_0000003138,-123195.84190427473,74707.33526625368,1.0,0.0,0.0
cosmx_bcc_xdonor_spot_0000003139,-123192.97960201524,75093.43431387273,0.8095238095238095,0.1428571428571428,0.0476190476190476
cosmx_bcc_xdonor_spot_0000003140,-123223.03759989548,75458.57526625368,0.24,0.64,0.0
cosmx_bcc_xdonor_spot_0000003141,-123206.46756693942,75807.40147315024,1.0,0.0,0.0
cosmx_bcc_xdonor_spot_0000003142,-123205.91848954532,76167.1998816383,1.0,0.0,0.0
cosmx_bcc_xdonor_spot_0000003143,-123225.66790424936,76560.44684520105,1.0,0.0,0.0
cosmx_bcc_xdonor_spot_0000003144,-123157.20510786869,76968.31526625367,1.0,0.0,0.0
cosmx_bcc_xdonor_spot_0000003145,-123232.19422003884,77344.97316099053,0.8947368421052632,0.1052631578947368,0.0
cosmx_bcc_xdonor_spot_0000003146,-123202.630947746,77710.23193292035,1.0,0.0,0.0
cosmx_bcc_xdonor_spot_0000003147,-123233.35977220327,78094.66711810554,0.925925925925926,0.0,0.0
cosmx_bcc_xdonor_spot_0000003148,-123179.96998092339,78463.19912483137,1.0,0.0,0.0
cosmx_bcc_xdonor_spot_0000003149,-123243.17806036622,78827.07351407337,1.0,0.0,0.0
cosmx_bcc_xdonor_spot_0000003150,-123198.19570742505,79204.57939642633,0.95,0.0,0.0
cosmx_bcc_xdonor_spot_0000003151,-123216.59570742508,79571.34606309302,1.0,0.0,0.0
cosmx_bcc_xdonor_spot_0000003152,-123179.7623740917,79949.51272975963,0.9333333333333332,0.0,0.0
cosmx_bcc_xdonor_spot_0000003153,-123227.795707425,80323.44606309295,0.6666666666666666,0.0,0.0
cosmx_bcc_xdonor_spot_0000003154,-123216.295707425,80692.94606309295,0.1666666666666666,0.0,0.0
cosmx_bcc_xdonor_spot_0000003156,-123166.545707425,81481.5293964263,0.25,0.125,0.0
cosmx_bcc_xdonor_spot_0000003157,-123144.545707425,81897.4043964263,0.375,0.0,0.0
cosmx_bcc_xdonor_spot_0000003158,-123194.69570742501,82163.5793964263,0.3,0.0,0.2
cosmx_bcc_xdonor_spot_0000003159,-123212.96237409167,82592.11272975962,0.0,0.1666666666666666,0.0
cosmx_bcc_xdonor_spot_0000003160,-123136.127000484,82940.9435265988,0.6,0.0,0.0
cosmx_bcc_xdonor_spot_0000003161,-123284.52700048401,83292.91019326546,0.6666666666666666,0.1666666666666666,0.0
cosmx_bcc_xdonor_spot_0000003162,-123250.65200048377,83673.8685265988,0.625,0.0,0.0
cosmx_bcc_xdonor_spot_0000003163,-123187.07245502938,84090.56170841698,0.5454545454545454,0.2727272727272727,0.0
cosmx_bcc_xdonor_spot_0000003164,-123227.29972775657,84440.15261750793,0.9545454545454546,0.0454545454545454,0.0
cosmx_bcc_xdonor_spot_0000003165,-123225.2770004839,84867.93102659882,0.9375,0.0625,0.0
cosmx_bcc_xdonor_spot_0000003166,-123221.13811159477,85217.96574882105,1.0,0.0,0.0
cosmx_bcc_xdonor_spot_0000003167,-123213.36700048385,85587.10352659885,1.0,0.0,0.0
cosmx_bcc_xdonor_spot_0000003168,-123208.98154593847,85943.56170841702,0.9545454545454546,0.0454545454545454,0.0
cosmx_bcc_xdonor_spot_0000003169,-123209.08700048373,86304.18352659885,1.0,0.0,0.0
cosmx_bcc_xdonor_spot_0000003170,-123208.60700048391,86685.70352659885,1.0,0.0,0.0
cosmx_bcc_xdonor_spot_0000003171,-123229.27700048377,86960.1185265988,1.0,0.0,0.0
cosmx_bcc_xdonor_spot_0000003249,-122882.41577122489,70622.06542179546,1.0,0.0,0.0
cosmx_bcc_xdonor_spot_0000003250,-122843.70148551057,70965.70827893831,1.0,0.0,0.0
cosmx_bcc_xdonor_spot_0000003251,-122815.40927771834,71324.30568153573,1.0,0.0,0.0
cosmx_bcc_xdonor_spot_0000003252,-122832.95148551052,71701.4225646526,1.0,0.0,0.0
cosmx_bcc_xdonor_spot_0000003253,-122831.27291408196,72059.58190531193,0.6923076923076923,0.2692307692307692,0.0
cosmx_bcc_xdonor_spot_0000003254,-122864.46522177427,72451.00498223501,0.7307692307692307,0.1923076923076923,0.0384615384615384
cosmx_bcc_xdonor_spot_0000003255,-122851.62291408199,72808.65113608117,1.0,0.0,0.0
cosmx_bcc_xdonor_spot_0000003256,-122844.2312474153,73195.14280274784,0.9583333333333334,0.0416666666666666,0.0
cosmx_bcc_xdonor_spot_0000003257,-122838.73445254349,73570.42805915809,1.0,0.0,0.0
cosmx_bcc_xdonor_spot_0000003258,-122821.7312474153,73961.51780274784,1.0,0.0,0.0
cosmx_bcc_xdonor_spot_0000003259,-122826.9164342256,74300.16055619618,1.0,0.0,0.0
cosmx_bcc_xdonor_spot_0000003260,-122810.79771810689,74721.77955196796,0.9642857142857144,0.0,0.0357142857142857
cosmx_bcc_xdonor_spot_0000003261,-122839.62486096403,75098.57526625368,1.0,0.0,0.0
cosmx_bcc_xdonor_spot_0000003262,-122822.69057524974,75442.27955196796,0.9642857142857144,0.0357142857142857,0.0
cosmx_bcc_xdonor_spot_0000003263,-122828.60051313794,75818.90222277542,1.0,0.0,0.0
cosmx_bcc_xdonor_spot_0000003264,-122850.82152763069,76205.27359958702,1.0,0.0,0.0
cosmx_bcc_xdonor_spot_0000003265,-122844.46486096403,76572.97526625368,1.0,0.0,0.0
cosmx_bcc_xdonor_spot_0000003266,-122836.0787740075,76964.11961407977,0.9565217391304348,0.0,0.0
cosmx_bcc_xdonor_spot_0000003267,-122823.90486096402,77313.06526625369,1.0,0.0,0.0
cosmx_bcc_xdonor_spot_0000003268,-122839.01597207513,77701.81526625369,1.0,0.0,0.0
cosmx_bcc_xdonor_spot_0000003269,-122828.57152763069,78085.19621863464,0.9523809523809524,0.0,0.0476190476190476
cosmx_bcc_xdonor_spot_0000003270,-122827.46119954842,78458.80091832273,1.0,0.0,0.0
cosmx_bcc_xdonor_spot_0000003271,-122831.7540407584,78843.73772975967,1.0,0.0,0.0
cosmx_bcc_xdonor_spot_0000003272,-122852.43856456791,79198.11272975967,1.0,0.0,0.0
cosmx_bcc_xdonor_spot_0000003273,-122833.93207106143,79571.73394188088,0.9090909090909092,0.0454545454545454,0.0
cosmx_bcc_xdonor_spot_0000003274,-122844.84116197047,79877.9612146081,0.7272727272727273,0.0909090909090909,0.0
cosmx_bcc_xdonor_spot_0000003276,-122916.095707425,80759.7793964263,0.4,0.2,0.0
cosmx_bcc_xdonor_spot_0000003277,-122865.420707425,81002.7793964263,0.25,0.0,0.0
cosmx_bcc_xdonor_spot_0000003278,-122803.795707425,81418.7793964263,0.25,0.0,0.0
cosmx_bcc_xdonor_spot_0000003279,-122805.19570742501,81768.2793964263,0.5,0.2,0.0
cosmx_bcc_xdonor_spot_0000003281,-122834.095707425,82545.37939642629,0.0,0.0,0.0
cosmx_bcc_xdonor_spot_0000003283,-122861.12700048341,83313.5435265988,0.0,0.2,0.0
cosmx_bcc_xdonor_spot_0000003284,-122905.5270004838,83659.3435265988,0.0,0.2,0.0
cosmx_bcc_xdonor_spot_0000003285,-122810.47144492822,84132.07685993216,0.6666666666666666,0.1666666666666666,0.0555555555555555
cosmx_bcc_xdonor_spot_0000003286,-122857.98154593843,84434.3798902352,0.9545454545454546,0.0454545454545454,0.0
cosmx_bcc_xdonor_spot_0000003287,-122842.84278995737,84834.63826344094,1.0,0.0,0.0
cosmx_bcc_xdonor_spot_0000003288,-122835.18084663767,85221.51275736808,1.0,0.0,0.0
cosmx_bcc_xdonor_spot_0000003289,-122868.68489522071,85579.84878975672,1.0,0.0,0.0
cosmx_bcc_xdonor_spot_0000003290,-122832.1270004838,85953.38352659885,1.0,0.0,0.0
cosmx_bcc_xdonor_spot_0000003291,-122815.23288283685,86321.39058542236,1.0,0.0,0.0
cosmx_bcc_xdonor_spot_0000003292,-122846.28890524563,86684.21971707503,1.0,0.0,0.0
cosmx_bcc_xdonor_spot_0000003293,-122868.19366715041,86956.14352659881,1.0,0.0,0.0
cosmx_bcc_xdonor_spot_0000003373,-122491.07291408196,71334.85113608117,0.96,0.0,0.0
cosmx_bcc_xdonor_spot_0000003374,-122439.27291408193,71716.27049091988,1.0,0.0,0.0
cosmx_bcc_xdonor_spot_0000003375,-122469.922914082,72115.55113608118,0.1,0.8,0.05
cosmx_bcc_xdonor_spot_0000003376,-122451.18958074869,72517.35113608118,0.5,0.4166666666666667,0.0833333333333333
cosmx_bcc_xdonor_spot_0000003377,-122455.52291408194,72813.56542179546,1.0,0.0,0.0
cosmx_bcc_xdonor_spot_0000003378,-122460.40334886458,73198.63374477683,1.0,0.0,0.0
cosmx_bcc_xdonor_spot_0000003379,-122469.27291408194,73576.71320504669,1.0,0.0,0.0
cosmx_bcc_xdonor_spot_0000003380,-122490.81836862744,73972.1238633539,0.9545454545454546,0.0454545454545454,0.0
cosmx_bcc_xdonor_spot_0000003381,-122459.25136387086,74314.44956170549,1.0,0.0,0.0
cosmx_bcc_xdonor_spot_0000003382,-122441.74357064145,74708.04107270531,1.0,0.0,0.0
cosmx_bcc_xdonor_spot_0000003383,-122442.25101481019,75052.77680471522,1.0,0.0,0.0
cosmx_bcc_xdonor_spot_0000003384,-122457.33964357272,75471.20657060151,1.0,0.0,0.0
cosmx_bcc_xdonor_spot_0000003385,-122460.44652763069,75831.56526625367,1.0,0.0,0.0
cosmx_bcc_xdonor_spot_0000003386,-122453.11538727982,76190.76263467474,1.0,0.0,0.0
cosmx_bcc_xdonor_spot_0000003387,-122459.07152763069,76596.9263773648,1.0,0.0,0.0
cosmx_bcc_xdonor_spot_0000003388,-122453.99577005493,76936.95162989004,1.0,0.0,0.0
cosmx_bcc_xdonor_spot_0000003389,-122454.58907149034,77353.28895046421,1.0,0.0,0.0
cosmx_bcc_xdonor_spot_0000003390,-122468.77442618142,77715.38048364499,1.0,0.0,0.0
cosmx_bcc_xdonor_spot_0000003391,-122461.09004614921,78072.3337847722,0.925925925925926,0.0,0.037037037037037
cosmx_bcc_xdonor_spot_0000003392,-122467.25106339261,78456.80160155756,0.8571428571428571,0.0476190476190476,0.0952380952380952
cosmx_bcc_xdonor_spot_0000003393,-122489.95964616761,78816.42645524985,1.0,0.0,0.0
cosmx_bcc_xdonor_spot_0000003394,-122477.08636961177,79204.9157600627,1.0,0.0,0.0
cosmx_bcc_xdonor_spot_0000003395,-122452.47248101872,79544.0951859,1.0,0.0,0.0
cosmx_bcc_xdonor_spot_0000003396,-122488.55915861053,79942.6543964263,0.5,0.0,0.0
cosmx_bcc_xdonor_spot_0000003399,-122498.45393735131,81076.49368214059,0.0,0.1428571428571428,0.0
cosmx_bcc_xdonor_spot_0000003400,-122444.19312606752,81519.2793964263,0.625,0.0,0.0
cosmx_bcc_xdonor_spot_0000003403,-122480.56364233902,82549.4043964263,0.5,0.0,0.0
cosmx_bcc_xdonor_spot_0000003407,-122548.27700048388,84100.2435265988,0.625,0.125,0.0
cosmx_bcc_xdonor_spot_0000003408,-122487.60107455784,84474.55834141366,0.925925925925926,0.0,0.037037037037037
cosmx_bcc_xdonor_spot_0000003409,-122470.19366715051,84831.1879710433,1.0,0.0,0.0
cosmx_bcc_xdonor_spot_0000003410,-122465.05331627338,85201.3751055462,1.0,0.0,0.0
cosmx_bcc_xdonor_spot_0000003411,-122448.60700048374,85570.26352659885,1.0,0.0,0.0
cosmx_bcc_xdonor_spot_0000003412,-122472.38414334087,85954.26733612265,1.0,0.0,0.0
cosmx_bcc_xdonor_spot_0000003413,-122469.83134830998,86352.5261352945,0.9565217391304348,0.0434782608695652,0.0
cosmx_bcc_xdonor_spot_0000003414,-122469.91161586854,86688.62814198347,1.0,0.0,0.0
cosmx_bcc_xdonor_spot_0000003415,-122486.97144492822,86948.52130437658,1.0,0.0,0.0
cosmx_bcc_xdonor_spot_0000003496,-122198.77291408203,71747.66363608118,0.9375,0.0,0.0
cosmx_bcc_xdonor_spot_0000003497,-122122.02291408203,72103.18446941451,0.1666666666666666,0.5,0.0
cosmx_bcc_xdonor_spot_0000003498,-122091.27291408203,72456.00498223503,0.2307692307692307,0.7692307692307693,0.0
cosmx_bcc_xdonor_spot_0000003499,-122074.31291408197,72810.49113608117,0.96,0.04,0.0
cosmx_bcc_xdonor_spot_0000003500,-122071.08772889676,73208.59187682191,1.0,0.0,0.0
cosmx_bcc_xdonor_spot_0000003501,-122085.03291408197,73603.65113608117,1.0,0.0,0.0
cosmx_bcc_xdonor_spot_0000003502,-122082.15170196071,73957.36628759635,0.696969696969697,0.2727272727272727,0.0
cosmx_bcc_xdonor_spot_0000003503,-122102.660752629,74343.73305287855,0.6060606060606061,0.2121212121212121,0.0909090909090909
cosmx_bcc_xdonor_spot_0000003504,-122067.62899889506,74710.29802487437,1.0,0.0,0.0
cosmx_bcc_xdonor_spot_0000003505,-122085.48178404095,75075.6998816383,1.0,0.0,0.0
cosmx_bcc_xdonor_spot_0000003506,-122104.49106786058,75447.71181797782,1.0,0.0,0.0
cosmx_bcc_xdonor_spot_0000003507,-122091.94332250248,75810.62295856138,1.0,0.0,0.0
cosmx_bcc_xdonor_spot_0000003508,-122108.55870711787,76174.46911240752,1.0,0.0,0.0
cosmx_bcc_xdonor_spot_0000003509,-122075.57152763069,76543.48193292035,1.0,0.0,0.0
cosmx_bcc_xdonor_spot_0000003510,-122066.23819429736,76941.81526625369,1.0,0.0,0.0
cosmx_bcc_xdonor_spot_0000003511,-122075.2937498529,77323.81526625369,1.0,0.0,0.0
cosmx_bcc_xdonor_spot_0000003512,-122097.27986096403,77710.64859958702,1.0,0.0,0.0
cosmx_bcc_xdonor_spot_0000003513,-122096.14486096402,78071.53526625368,1.0,0.0,0.0
cosmx_bcc_xdonor_spot_0000003514,-122090.8817187395,78441.85657051875,1.0,0.0,0.0
cosmx_bcc_xdonor_spot_0000003515,-122108.63157725304,78821.37939642633,1.0,0.0,0.0
cosmx_bcc_xdonor_spot_0000003516,-122150.43157725304,79218.32939642633,1.0,0.0,0.0
cosmx_bcc_xdonor_spot_0000003517,-122104.25465417613,79572.4717041186,1.0,0.0,0.0
cosmx_bcc_xdonor_spot_0000003518,-122050.48947198987,79936.46360695265,1.0,0.0,0.0
cosmx_bcc_xdonor_spot_0000003519,-122038.77602169749,80323.44606309297,0.5555555555555556,0.0,0.0
cosmx_bcc_xdonor_spot_0000003520,-122044.58157725303,80737.7793964263,0.0,0.0,0.0
cosmx_bcc_xdonor_spot_0000003521,-122069.9982439197,81061.8905075374,0.3333333333333333,0.0,0.0
cosmx_bcc_xdonor_spot_0000003524,-122103.9982439197,82184.11272975962,0.6666666666666666,0.0,0.0
cosmx_bcc_xdonor_spot_0000003525,-122078.16491058636,82495.7793964263,0.5,0.0,0.0
cosmx_bcc_xdonor_spot_0000003526,-122116.127000484,82941.1435265988,0.4,0.0,0.0
cosmx_bcc_xdonor_spot_0000003530,-122045.4743689049,84518.84878975672,0.7368421052631579,0.1052631578947368,0.1052631578947368
cosmx_bcc_xdonor_spot_0000003531,-122089.24128619795,84816.10066945599,0.9642857142857144,0.0,0.0
cosmx_bcc_xdonor_spot_0000003532,-122065.80477826158,85193.29908215438,0.8888888888888888,0.0555555555555555,0.0
cosmx_bcc_xdonor_spot_0000003533,-122079.7353338173,85567.74352659885,1.0,0.0,0.0
cosmx_bcc_xdonor_spot_0000003534,-122109.49251772513,85960.05387142644,1.0,0.0,0.0
cosmx_bcc_xdonor_spot_0000003535,-122079.49366715051,86305.51019326552,1.0,0.0,0.0
cosmx_bcc_xdonor_spot_0000003536,-122085.00700048386,86676.66352659884,1.0,0.0,0.0
cosmx_bcc_xdonor_spot_0000003537,-122106.97144492822,86958.07685993213,1.0,0.0,0.0
cosmx_bcc_xdonor_spot_0000003621,-121742.65386646295,72827.8987551288,0.9523809523809524,0.0476190476190476,0.0
cosmx_bcc_xdonor_spot_0000003622,-121752.60624741536,73211.35113608118,1.0,0.0,0.0
cosmx_bcc_xdonor_spot_0000003623,-121748.172914082,73586.70113608117,1.0,0.0,0.0
cosmx_bcc_xdonor_spot_0000003624,-121746.2312474153,73947.43446941451,1.0,0.0,0.0
cosmx_bcc_xdonor_spot_0000003625,-121711.16475101937,74335.27742045955,1.0,0.0,0.0
cosmx_bcc_xdonor_spot_0000003626,-121716.09004614921,74705.3337847722,1.0,0.0,0.0
cosmx_bcc_xdonor_spot_0000003627,-121720.60051313794,75057.72830973195,1.0,0.0,0.0
cosmx_bcc_xdonor_spot_0000003628,-121725.26849732766,75470.76981170823,1.0,0.0,0.0
cosmx_bcc_xdonor_spot_0000003629,-121704.82152763069,75827.56526625367,1.0,0.0,0.0
cosmx_bcc_xdonor_spot_0000003630,-121712.77442618142,76203.72830973195,1.0,0.0,0.0
cosmx_bcc_xdonor_spot_0000003631,-121694.54122460038,76534.90617534459,1.0,0.0,0.0
cosmx_bcc_xdonor_spot_0000003632,-121685.40486096402,76942.36526625368,1.0,0.0,0.0
cosmx_bcc_xdonor_spot_0000003633,-121703.21255327172,77346.85372779214,1.0,0.0,0.0
cosmx_bcc_xdonor_spot_0000003634,-121724.02986096403,77729.34651625372,1.0,0.0,0.0
cosmx_bcc_xdonor_spot_0000003635,-121725.15486096403,77975.06526625369,0.8333333333333334,0.0,0.0
cosmx_bcc_xdonor_spot_0000003636,-121714.03314092493,78485.986953487,1.0,0.0,0.0
cosmx_bcc_xdonor_spot_0000003637,-121691.85538677685,78835.06511071205,1.0,0.0,0.0
cosmx_bcc_xdonor_spot_0000003638,-121699.61729153876,79237.06511071205,1.0,0.0,0.0
cosmx_bcc_xdonor_spot_0000003639,-121710.08157725303,79570.57939642633,1.0,0.0,0.0
cosmx_bcc_xdonor_spot_0000003640,-121733.80526146357,79978.25308063684,1.0,0.0,0.0
cosmx_bcc_xdonor_spot_0000003641,-121741.19521361668,80311.8248509718,1.0,0.0,0.0
cosmx_bcc_xdonor_spot_0000003642,-121646.42681534828,80670.01749166443,0.9047619047619048,0.0476190476190476,0.0
cosmx_bcc_xdonor_spot_0000003643,-121666.5668713707,81048.83821995572,0.8235294117647058,0.0,0.0
cosmx_bcc_xdonor_spot_0000003644,-121752.16491058636,81454.61272975962,0.0,0.0,0.0
cosmx_bcc_xdonor_spot_0000003645,-121780.33157725303,81826.22384087073,0.2222222222222222,0.0,0.0
cosmx_bcc_xdonor_spot_0000003646,-121662.95657725303,82214.0293964263,0.375,0.0,0.0
cosmx_bcc_xdonor_spot_0000003651,-121643.62700048383,84159.8435265988,0.9,0.1,0.0
cosmx_bcc_xdonor_spot_0000003652,-121705.13569613593,84460.30874399014,1.0,0.0,0.0
cosmx_bcc_xdonor_spot_0000003653,-121717.43609139288,84825.71322356856,1.0,0.0,0.0
cosmx_bcc_xdonor_spot_0000003654,-121726.60107455787,85185.92871178404,1.0,0.0,0.0
cosmx_bcc_xdonor_spot_0000003655,-121705.60700048394,85584.58352659884,1.0,0.0,0.0
cosmx_bcc_xdonor_spot_0000003656,-121716.06866715041,85959.61852659885,1.0,0.0,0.0
cosmx_bcc_xdonor_spot_0000003657,-121713.34181529863,86319.92871178404,1.0,0.0,0.0
cosmx_bcc_xdonor_spot_0000003658,-121710.9436671505,86739.20185993217,1.0,0.0,0.0
cosmx_bcc_xdonor_spot_0000003659,-121722.61790957443,86965.19807205335,1.0,0.0,0.0
cosmx_bcc_xdonor_spot_0000003747,-121324.65486096403,74365.56526625367,1.0,0.0,0.0
cosmx_bcc_xdonor_spot_0000003748,-121349.30486096402,74707.64859958702,1.0,0.0,0.0
cosmx_bcc_xdonor_spot_0000003749,-121337.96368449344,75056.75644272428,0.9411764705882352,0.0588235294117647,0.0
cosmx_bcc_xdonor_spot_0000003750,-121353.6356301948,75442.3921893306,0.9615384615384616,0.0384615384615384,0.0
cosmx_bcc_xdonor_spot_0000003751,-121356.48819429736,75809.56526625367,1.0,0.0,0.0
cosmx_bcc_xdonor_spot_0000003752,-121344.57152763069,76192.51896995738,1.0,0.0,0.0
cosmx_bcc_xdonor_spot_0000003753,-121346.87455793373,76558.33041776886,1.0,0.0,0.0
cosmx_bcc_xdonor_spot_0000003754,-121323.51355661619,76961.33700538412,1.0,0.0,0.0
cosmx_bcc_xdonor_spot_0000003755,-121352.29616531185,77333.33700538412,1.0,0.0,0.0
cosmx_bcc_xdonor_spot_0000003756,-121371.04771810689,77683.8628853013,1.0,0.0,0.0
cosmx_bcc_xdonor_spot_0000003757,-121310.75101481019,78019.507573946,1.0,0.0,0.0
cosmx_bcc_xdonor_spot_0000003758,-121327.63884812174,78465.23017298614,1.0,0.0,0.0
cosmx_bcc_xdonor_spot_0000003759,-121342.10935503083,78837.07569272265,1.0,0.0,0.0
cosmx_bcc_xdonor_spot_0000003760,-121347.60080802228,79193.77939642634,1.0,0.0,0.0
cosmx_bcc_xdonor_spot_0000003761,-121350.68157725304,79543.72939642632,1.0,0.0,0.0
cosmx_bcc_xdonor_spot_0000003762,-121335.52205344352,79962.11272975967,0.9523809523809524,0.0,0.0476190476190476
cosmx_bcc_xdonor_spot_0000003763,-121331.88157725304,80313.97939642632,1.0,0.0,0.0
cosmx_bcc_xdonor_spot_0000003764,-121339.68157725304,80674.87939642633,1.0,0.0,0.0
cosmx_bcc_xdonor_spot_0000003765,-121342.16491058638,81051.73772975967,0.9166666666666666,0.0,0.0
cosmx_bcc_xdonor_spot_0000003766,-121325.1736825162,81421.98992274211,1.0,0.0,0.0
cosmx_bcc_xdonor_spot_0000003767,-121230.7601486816,81720.065110712,1.0,0.0,0.0
cosmx_bcc_xdonor_spot_0000003768,-121295.53157725302,82161.17939642629,0.2,0.0,0.0
cosmx_bcc_xdonor_spot_0000003772,-121256.19366715061,83779.9935265988,0.8333333333333334,0.0,0.0
cosmx_bcc_xdonor_spot_0000003773,-121357.7353338172,84061.07685993217,0.9583333333333334,0.0,0.0
cosmx_bcc_xdonor_spot_0000003774,-121370.13569613607,84443.5261352945,0.9130434782608696,0.0,0.0434782608695652
cosmx_bcc_xdonor_spot_0000003775,-121329.23533381707,84827.91019326552,1.0,0.0,0.0
cosmx_bcc_xdonor_spot_0000003776,-121345.59596600113,85193.53663004714,1.0,0.0,0.0
cosmx_bcc_xdonor_spot_0000003777,-121325.08255603944,85567.48426733959,1.0,0.0,0.0
cosmx_bcc_xdonor_spot_0000003778,-121337.11320738027,85948.19180246092,1.0,0.0,0.0
cosmx_bcc_xdonor_spot_0000003779,-121328.0984290553,86307.45781231312,1.0,0.0,0.0
cosmx_bcc_xdonor_spot_0000003780,-121327.04424186306,86718.50214728851,1.0,0.0,0.0
cosmx_bcc_xdonor_spot_0000003781,-121342.27700048384,86954.9935265988,1.0,0.0,0.0
cosmx_bcc_xdonor_spot_0000003869,-120970.55191978755,74357.05056037134,1.0,0.0,0.0
cosmx_bcc_xdonor_spot_0000003870,-120965.55002225435,74703.84752431822,1.0,0.0,0.0
cosmx_bcc_xdonor_spot_0000003871,-120960.21255327172,75068.62295856138,1.0,0.0,0.0
cosmx_bcc_xdonor_spot_0000003872,-120961.31111096403,75430.0340162537,1.0,0.0,0.0
cosmx_bcc_xdonor_spot_0000003873,-120967.9483392249,75839.20657060151,1.0,0.0,0.0
cosmx_bcc_xdonor_spot_0000003874,-120956.98819429736,76179.94026625367,0.9166666666666666,0.0416666666666666,0.0
cosmx_bcc_xdonor_spot_0000003875,-120951.47628953545,76558.31526625367,1.0,0.0,0.0
cosmx_bcc_xdonor_spot_0000003876,-120954.09004614921,76968.00045143886,1.0,0.0,0.0
cosmx_bcc_xdonor_spot_0000003877,-120949.57152763069,77320.31526625367,0.9583333333333334,0.0,0.0416666666666666
cosmx_bcc_xdonor_spot_0000003878,-120961.44332250248,77676.12295856138,1.0,0.0,0.0
cosmx_bcc_xdonor_spot_0000003879,-120973.00486096404,78064.38193292037,1.0,0.0,0.0
cosmx_bcc_xdonor_spot_0000003880,-120972.11574537808,78447.02287484257,1.0,0.0,0.0
cosmx_bcc_xdonor_spot_0000003881,-120967.95657725305,78824.57106309301,1.0,0.0,0.0
cosmx_bcc_xdonor_spot_0000003882,-120969.02722942695,79207.25765729591,1.0,0.0,0.0
cosmx_bcc_xdonor_spot_0000003883,-120965.07070768783,79568.95330946981,1.0,0.0,0.0
cosmx_bcc_xdonor_spot_0000003884,-120982.33157725305,79948.6924399046,1.0,0.0,0.0
cosmx_bcc_xdonor_spot_0000003885,-120970.24066816214,80313.18848733543,1.0,0.0,0.0
cosmx_bcc_xdonor_spot_0000003886,-120973.1141859487,80691.56200512199,1.0,0.0,0.0
cosmx_bcc_xdonor_spot_0000003887,-120958.33157725303,81063.94606309298,1.0,0.0,0.0
cosmx_bcc_xdonor_spot_0000003888,-120992.95657725305,81457.15439642631,1.0,0.0,0.0
cosmx_bcc_xdonor_spot_0000003889,-120965.2363391578,81838.96987261681,0.9523809523809524,0.0,0.0
cosmx_bcc_xdonor_spot_0000003890,-120995.33157725303,82180.4793964263,0.9,0.0,0.0
cosmx_bcc_xdonor_spot_0000003894,-120967.07700048399,83728.09352659884,0.9,0.0,0.0
cosmx_bcc_xdonor_spot_0000003895,-120990.00319096018,84077.26733612265,1.0,0.0,0.0
cosmx_bcc_xdonor_spot_0000003896,-120972.08255603933,84471.13241548772,1.0,0.0,0.0
cosmx_bcc_xdonor_spot_0000003897,-120953.47938143622,84834.17209802741,1.0,0.0,0.0
cosmx_bcc_xdonor_spot_0000003898,-120966.1808466376,85187.89737275269,1.0,0.0,0.0
cosmx_bcc_xdonor_spot_0000003899,-120968.71747667447,85566.50543136074,1.0,0.0,0.0
cosmx_bcc_xdonor_spot_0000003900,-120937.57963206289,85918.32247396726,1.0,0.0,0.0
cosmx_bcc_xdonor_spot_0000003901,-120947.1341433409,86338.24352659886,1.0,0.0,0.0
cosmx_bcc_xdonor_spot_0000003902,-121004.7878700489,86663.56961355536,0.9130434782608696,0.0,0.0
cosmx_bcc_xdonor_spot_0000003991,-120576.70486096403,74367.77526625368,1.0,0.0,0.0
cosmx_bcc_xdonor_spot_0000003992,-120566.51200382118,74700.10098053938,1.0,0.0,0.0
cosmx_bcc_xdonor_spot_0000003993,-120571.06702312618,75091.16661760508,1.0,0.0,0.0
cosmx_bcc_xdonor_spot_0000003994,-120585.23819429736,75450.7411921796,1.0,0.0,0.0
cosmx_bcc_xdonor_spot_0000003995,-120593.94652763069,75819.10693292035,1.0,0.0,0.0
cosmx_bcc_xdonor_spot_0000003996,-120579.25101481019,76173.46911240752,0.9615384615384616,0.0384615384615384,0.0
cosmx_bcc_xdonor_spot_0000003997,-120561.46736096403,76594.69026625369,0.9375,0.0625,0.0
cosmx_bcc_xdonor_spot_0000003998,-120578.69652763069,76930.85693292035,1.0,0.0,0.0
cosmx_bcc_xdonor_spot_0000003999,-120606.01597207513,77296.20415514258,1.0,0.0,0.0
cosmx_bcc_xdonor_spot_0000004000,-120576.07727475713,77717.6428524606,1.0,0.0,0.0
cosmx_bcc_xdonor_spot_0000004001,-120571.76597207513,78065.45415514262,0.9722222222222222,0.0,0.0277777777777777
cosmx_bcc_xdonor_spot_0000004002,-120606.5135044693,78431.86248483896,1.0,0.0,0.0
cosmx_bcc_xdonor_spot_0000004003,-120578.8871328086,78814.96458161154,1.0,0.0,0.0
cosmx_bcc_xdonor_spot_0000004004,-120587.8871328086,79216.3349519819,1.0,0.0,0.0
cosmx_bcc_xdonor_spot_0000004005,-120593.50549029652,79564.6924399046,1.0,0.0,0.0
cosmx_bcc_xdonor_spot_0000004006,-120595.29157725304,79952.61939642634,1.0,0.0,0.0
cosmx_bcc_xdonor_spot_0000004007,-120606.78612270759,80321.14303278997,1.0,0.0,0.0
cosmx_bcc_xdonor_spot_0000004008,-120583.77602169749,80698.00161864854,1.0,0.0,0.0
cosmx_bcc_xdonor_spot_0000004009,-120593.59473514778,81070.77939642633,1.0,0.0,0.0
cosmx_bcc_xdonor_spot_0000004010,-120572.44922431187,81426.1911611322,1.0,0.0,0.0
cosmx_bcc_xdonor_spot_0000004011,-120597.14110106256,81819.9222535692,1.0,0.0,0.0
cosmx_bcc_xdonor_spot_0000004012,-120591.22046614192,82094.44606309297,0.8888888888888888,0.0,0.0
cosmx_bcc_xdonor_spot_0000004016,-120628.027000484,83699.51625387157,0.9545454545454546,0.0,0.0
cosmx_bcc_xdonor_spot_0000004017,-120602.3164741679,84089.90142133567,1.0,0.0,0.0
cosmx_bcc_xdonor_spot_0000004018,-120598.17700048382,84464.94352659883,1.0,0.0,0.0
cosmx_bcc_xdonor_spot_0000004019,-120587.68700048374,84838.34352659885,1.0,0.0,0.0
cosmx_bcc_xdonor_spot_0000004020,-120560.9853338171,85197.53519326552,1.0,0.0,0.0
cosmx_bcc_xdonor_spot_0000004021,-120585.5654620223,85565.24352659885,1.0,0.0,0.0
cosmx_bcc_xdonor_spot_0000004022,-120554.35052989554,85976.91999718705,1.0,0.0,0.0
cosmx_bcc_xdonor_spot_0000004023,-120592.42700048364,86308.07685993219,0.9666666666666668,0.0,0.0
cosmx_bcc_xdonor_spot_0000004024,-120674.52700048359,86570.7435265988,0.6,0.0,0.0
cosmx_bcc_xdonor_spot_0000004025,-120565.36033381683,86951.7435265988,0.0,1.0,0.0
cosmx_bcc_xdonor_spot_0000004113,-120195.57152763069,74366.3337847722,1.0,0.0,0.0
cosmx_bcc_xdonor_spot_0000004114,-120212.38105144021,74705.83907577756,1.0,0.0,0.0
cosmx_bcc_xdonor_spot_0000004115,-120224.90486096402,75057.18111991227,1.0,0.0,0.0
cosmx_bcc_xdonor_spot_0000004116,-120203.83819429736,75441.44859958702,1.0,0.0,0.0
cosmx_bcc_xdonor_spot_0000004117,-120208.40486096403,75838.785854489,1.0,0.0,0.0
cosmx_bcc_xdonor_spot_0000004118,-120215.57152763069,76201.48193292035,1.0,0.0,0.0
cosmx_bcc_xdonor_spot_0000004119,-120233.33819429736,76579.78193292036,1.0,0.0,0.0
cosmx_bcc_xdonor_spot_0000004120,-120228.73244717093,76955.12561108127,1.0,0.0,0.0
cosmx_bcc_xdonor_spot_0000004121,-120210.06486096402,77297.89526625368,1.0,0.0,0.0
cosmx_bcc_xdonor_spot_0000004122,-120227.80486096402,77692.68193292037,1.0,0.0,0.0
cosmx_bcc_xdonor_spot_0000004123,-120212.10486096401,78070.07240911087,1.0,0.0,0.0
cosmx_bcc_xdonor_spot_0000004124,-120206.70434152495,78443.40522270204,1.0,0.0,0.0
cosmx_bcc_xdonor_spot_0000004125,-120219.63926956074,78822.54862719557,1.0,0.0,0.0
cosmx_bcc_xdonor_spot_0000004126,-120218.40300582447,79196.60082499777,1.0,0.0,0.0
cosmx_bcc_xdonor_spot_0000004127,-120228.37703179849,79571.8248509718,1.0,0.0,0.0
cosmx_bcc_xdonor_spot_0000004128,-120218.52388494535,79929.20247334942,1.0,0.0,0.0
cosmx_bcc_xdonor_spot_0000004129,-120220.8098381226,80315.56200512199,1.0,0.0,0.0
cosmx_bcc_xdonor_spot_0000004130,-120212.94696186842,80699.04862719557,1.0,0.0,0.0
cosmx_bcc_xdonor_spot_0000004131,-120207.92248634394,81076.46121460815,0.9545454545454546,0.0,0.0454545454545454
cosmx_bcc_xdonor_spot_0000004132,-120203.95062487209,81484.35082499776,1.0,0.0,0.0
cosmx_bcc_xdonor_spot_0000004133,-120211.98375116609,81842.95330946981,1.0,0.0,0.0
cosmx_bcc_xdonor_spot_0000004134,-120244.9679408894,82110.14303278993,0.8181818181818182,0.0909090909090909,0.0
cosmx_bcc_xdonor_spot_0000004138,-120225.9183048316,83719.30874399014,0.9565217391304348,0.0,0.0
cosmx_bcc_xdonor_spot_0000004139,-120208.48996344685,84066.81760067293,1.0,0.0,0.0
cosmx_bcc_xdonor_spot_0000004140,-120225.14604810295,84471.74352659883,1.0,0.0,0.0
cosmx_bcc_xdonor_spot_0000004141,-120209.11320738027,84833.12283694369,1.0,0.0,0.0
cosmx_bcc_xdonor_spot_0000004142,-120221.49251772519,85212.91594039196,1.0,0.0,0.0
cosmx_bcc_xdonor_spot_0000004143,-120201.24128619814,85590.31495517028,1.0,0.0,0.0
cosmx_bcc_xdonor_spot_0000004144,-120213.38906944942,85972.22628521954,1.0,0.0,0.0
cosmx_bcc_xdonor_spot_0000004145,-120220.42700048376,86244.09352659884,1.0,0.0,0.0
cosmx_bcc_xdonor_spot_0000004235,-119859.72628953545,74389.02955196796,1.0,0.0,0.0
cosmx_bcc_xdonor_spot_0000004236,-119862.71967577885,74708.77822921664,1.0,0.0,0.0
cosmx_bcc_xdonor_spot_0000004237,-119843.1356301948,75069.96911240752,1.0,0.0,0.0
cosmx_bcc_xdonor_spot_0000004238,-119836.86914667832,75447.88669482511,1.0,0.0,0.0
cosmx_bcc_xdonor_spot_0000004239,-119840.2274416092,75836.07333076982,1.0,0.0,0.0
cosmx_bcc_xdonor_spot_0000004240,-119850.86914667832,76203.52955196796,1.0,0.0,0.0
cosmx_bcc_xdonor_spot_0000004241,-119844.97382648128,76593.8497490123,0.8275862068965517,0.1034482758620689,0.0
cosmx_bcc_xdonor_spot_0000004242,-119840.49106786058,76957.5049214261,0.8275862068965517,0.0,0.0
cosmx_bcc_xdonor_spot_0000004243,-119845.09004614921,77319.0374884759,1.0,0.0,0.0
cosmx_bcc_xdonor_spot_0000004244,-119815.62899889506,77722.1600938399,1.0,0.0,0.0
cosmx_bcc_xdonor_spot_0000004245,-119849.98178404095,78068.3921893306,1.0,0.0,0.0
cosmx_bcc_xdonor_spot_0000004246,-119823.70011678153,78440.65959845822,1.0,0.0,0.0
cosmx_bcc_xdonor_spot_0000004247,-119831.44922431187,78840.45586701459,1.0,0.0,0.0
cosmx_bcc_xdonor_spot_0000004248,-119833.93157725305,79214.47939642635,1.0,0.0,0.0
cosmx_bcc_xdonor_spot_0000004249,-119827.76014868161,79578.38653928349,1.0,0.0,0.0
cosmx_bcc_xdonor_spot_0000004250,-119852.91491058638,79942.44606309301,1.0,0.0,0.0
cosmx_bcc_xdonor_spot_0000004251,-119837.33157725305,80338.04862719557,1.0,0.0,0.0
cosmx_bcc_xdonor_spot_0000004252,-119849.03991058638,80696.48772975967,0.9583333333333334,0.0,0.0416666666666666
cosmx_bcc_xdonor_spot_0000004253,-119855.60935503081,81053.44606309298,0.9444444444444444,0.0,0.0555555555555555
cosmx_bcc_xdonor_spot_0000004254,-119844.08157725303,81427.02939642633,1.0,0.0,0.0
cosmx_bcc_xdonor_spot_0000004255,-119837.4350255289,81848.74491366773,1.0,0.0,0.0
cosmx_bcc_xdonor_spot_0000004256,-119797.79824391971,82138.11272975964,1.0,0.0,0.0
cosmx_bcc_xdonor_spot_0000004259,-119778.00731475542,83415.07685993213,1.0,0.0,0.0
cosmx_bcc_xdonor_spot_0000004260,-119823.75037031106,83685.08727659886,1.0,0.0,0.0
cosmx_bcc_xdonor_spot_0000004261,-119832.25517800335,84084.32044967577,1.0,0.0,0.0
cosmx_bcc_xdonor_spot_0000004262,-119815.4676322158,84457.60066945598,1.0,0.0,0.0
cosmx_bcc_xdonor_spot_0000004263,-119816.61550188999,84816.2698423883,1.0,0.0,0.0
cosmx_bcc_xdonor_spot_0000004264,-119827.35453697771,85175.91019326552,1.0,0.0,0.0
cosmx_bcc_xdonor_spot_0000004265,-119844.38895726757,85583.00439616406,1.0,0.0,0.0
cosmx_bcc_xdonor_spot_0000004266,-119832.85916660735,85956.03982289515,1.0,0.0,0.0
cosmx_bcc_xdonor_spot_0000004267,-119848.24708083735,86260.1645792304,1.0,0.0,0.0
cosmx_bcc_xdonor_spot_0000004268,-119775.36287031099,86840.7435265988,0.0,0.8,0.0
cosmx_bcc_xdonor_spot_0000004269,-119817.68787031098,86956.4935265988,0.0,0.875,0.125
cosmx_bcc_xdonor_spot_0000004357,-119476.74696622718,74382.13105572737,1.0,0.0,0.0
cosmx_bcc_xdonor_spot_0000004358,-119454.54122460038,74683.63344807187,1.0,0.0,0.0
cosmx_bcc_xdonor_spot_0000004359,-119447.07152763069,75088.23193292035,1.0,0.0,0.0
cosmx_bcc_xdonor_spot_0000004360,-119472.42867048783,75440.38669482511,0.9523809523809524,0.0,0.0
cosmx_bcc_xdonor_spot_0000004361,-119481.72839037579,75846.28585448898,1.0,0.0,0.0
cosmx_bcc_xdonor_spot_0000004362,-119458.28947634864,76213.31526625367,1.0,0.0,0.0
cosmx_bcc_xdonor_spot_0000004363,-119475.38873193177,76583.65397593111,1.0,0.0,0.0
cosmx_bcc_xdonor_spot_0000004364,-119465.2752313344,76932.18563662405,1.0,0.0,0.0
cosmx_bcc_xdonor_spot_0000004365,-119457.68263874181,77337.70415514256,1.0,0.0,0.0
cosmx_bcc_xdonor_spot_0000004366,-119467.94652763069,77732.48193292035,1.0,0.0,0.0
cosmx_bcc_xdonor_spot_0000004367,-119460.10486096403,78071.0152662537,1.0,0.0,0.0
cosmx_bcc_xdonor_spot_0000004368,-119472.27821556407,78469.03798870866,1.0,0.0,0.0
cosmx_bcc_xdonor_spot_0000004369,-119471.46491058638,78838.27939642635,1.0,0.0,0.0
cosmx_bcc_xdonor_spot_0000004370,-119472.9744343959,79201.17225356921,1.0,0.0,0.0
cosmx_bcc_xdonor_spot_0000004371,-119439.12468070132,79580.88284470221,1.0,0.0,0.0
cosmx_bcc_xdonor_spot_0000004372,-119497.20114247044,79940.64896164373,1.0,0.0,0.0
cosmx_bcc_xdonor_spot_0000004373,-119464.92416984563,80344.40902605598,1.0,0.0,0.0
cosmx_bcc_xdonor_spot_0000004374,-119468.76014868161,80711.11272975967,1.0,0.0,0.0
cosmx_bcc_xdonor_spot_0000004375,-119488.07070768783,81065.86635294808,1.0,0.0,0.0
cosmx_bcc_xdonor_spot_0000004376,-119444.6232439197,81455.07106309301,1.0,0.0,0.0
cosmx_bcc_xdonor_spot_0000004377,-119465.69157725305,81819.69939642634,1.0,0.0,0.0
cosmx_bcc_xdonor_spot_0000004378,-119479.33157725305,82195.97939642634,1.0,0.0,0.0
cosmx_bcc_xdonor_spot_0000004379,-119457.75262988462,82542.14781747895,0.9473684210526316,0.0,0.0
cosmx_bcc_xdonor_spot_0000004380,-119403.97953697771,82952.57685993217,1.0,0.0,0.0
cosmx_bcc_xdonor_spot_0000004381,-119467.27120364438,83324.20185993217,1.0,0.0,0.0
cosmx_bcc_xdonor_spot_0000004382,-119472.52440877259,83723.78198813731,1.0,0.0,0.0
cosmx_bcc_xdonor_spot_0000004383,-119448.56287031104,84092.98162183694,1.0,0.0,0.0
cosmx_bcc_xdonor_spot_0000004384,-119466.91287031103,84458.34352659884,1.0,0.0,0.0
cosmx_bcc_xdonor_spot_0000004385,-119471.96287031105,84829.86352659884,1.0,0.0,0.0
cosmx_bcc_xdonor_spot_0000004386,-119477.89620364438,85204.20185993217,1.0,0.0,0.0
cosmx_bcc_xdonor_spot_0000004387,-119486.12808770235,85567.9609179032,1.0,0.0,0.0
cosmx_bcc_xdonor_spot_0000004388,-119445.10453697771,85952.24352659885,1.0,0.0,0.0
cosmx_bcc_xdonor_spot_0000004389,-119509.92650667463,86240.10716296243,1.0,0.0,0.0
cosmx_bcc_xdonor_spot_0000004390,-119467.02440877256,86764.12814198341,0.0,0.6153846153846154,0.1538461538461538
cosmx_bcc_xdonor_spot_0000004391,-119454.8485845967,86957.02924088451,0.0,0.8571428571428571,0.0
cosmx_bcc_xdonor_spot_0000004426,-119132.02853694,54479.7709563607,0.0,0.6,0.0
cosmx_bcc_xdonor_spot_0000004427,-119062.59776770926,54851.370956360704,0.0,0.8461538461538461,0.0769230769230769
cosmx_bcc_xdonor_spot_0000004428,-119028.89996551145,55219.58524207499,0.4285714285714285,0.5,0.0
cosmx_bcc_xdonor_spot_0000004429,-119064.35485272948,55535.42358793965,0.4210526315789473,0.5789473684210527,0.0
cosmx_bcc_xdonor_spot_0000004430,-119060.55580966729,55944.643683633425,0.0,1.0,0.0
cosmx_bcc_xdonor_spot_0000004431,-119065.94618399885,56380.31213283129,0.8823529411764706,0.1176470588235294,0.0
cosmx_bcc_xdonor_spot_0000004432,-119065.49520360665,56704.18048017022,0.9047619047619048,0.0,0.0952380952380952
cosmx_bcc_xdonor_spot_0000004433,-119066.12853694,57073.7209563607,1.0,0.0,0.0
cosmx_bcc_xdonor_spot_0000004434,-119041.41677223414,57460.782721066586,1.0,0.0,0.0
cosmx_bcc_xdonor_spot_0000004435,-119062.07853694,57846.6209563607,1.0,0.0,0.0
cosmx_bcc_xdonor_spot_0000004436,-119047.90546001695,58152.52480251455,0.8461538461538461,0.1538461538461538,0.0
cosmx_bcc_xdonor_spot_0000004437,-119051.38409249557,58492.25984524959,0.8888888888888888,0.1111111111111111,0.0
cosmx_bcc_xdonor_spot_0000004479,-119078.05486096402,74387.71526625368,1.0,0.0,0.0
cosmx_bcc_xdonor_spot_0000004480,-119075.49577005493,74703.08799352641,0.9545454545454546,0.0454545454545454,0.0
cosmx_bcc_xdonor_spot_0000004481,-119074.79374985292,75079.14859958702,1.0,0.0,0.0
cosmx_bcc_xdonor_spot_0000004482,-119048.44332250248,75467.77680471522,0.9615384615384616,0.0384615384615384,0.0
cosmx_bcc_xdonor_spot_0000004483,-119048.07152763069,75837.44026625367,1.0,0.0,0.0
cosmx_bcc_xdonor_spot_0000004484,-119079.59451613644,76211.88423177092,1.0,0.0,0.0
cosmx_bcc_xdonor_spot_0000004485,-119099.86914667832,76582.17240911082,1.0,0.0,0.0
cosmx_bcc_xdonor_spot_0000004486,-119105.42660009446,76934.6413532102,1.0,0.0,0.0
cosmx_bcc_xdonor_spot_0000004487,-119092.46736096403,77333.1590162537,1.0,0.0,0.0
cosmx_bcc_xdonor_spot_0000004488,-119093.90486096402,77716.11256355104,1.0,0.0,0.0
cosmx_bcc_xdonor_spot_0000004489,-119080.87361096403,78039.84651625372,1.0,0.0,0.0
cosmx_bcc_xdonor_spot_0000004490,-119095.64821290574,78444.84348173512,1.0,0.0,0.0
cosmx_bcc_xdonor_spot_0000004491,-119096.90850032997,78859.39478104173,1.0,0.0,0.0
cosmx_bcc_xdonor_spot_0000004492,-119077.49286757562,79199.90842868442,0.7096774193548387,0.2580645161290322,0.0
cosmx_bcc_xdonor_spot_0000004493,-119105.44268836416,79576.70532235227,0.5555555555555556,0.1111111111111111,0.0
cosmx_bcc_xdonor_spot_0000004494,-119089.33157725303,79949.58892023585,1.0,0.0,0.0
cosmx_bcc_xdonor_spot_0000004495,-119078.2446207313,80328.21417903503,1.0,0.0,0.0
cosmx_bcc_xdonor_spot_0000004496,-119073.12105093725,80677.77939642633,1.0,0.0,0.0
cosmx_bcc_xdonor_spot_0000004497,-119127.72046614192,81100.39050753744,1.0,0.0,0.0
cosmx_bcc_xdonor_spot_0000004498,-119104.95657725305,81458.02939642634,1.0,0.0,0.0
cosmx_bcc_xdonor_spot_0000004499,-119076.13926956074,81836.97170411865,1.0,0.0,0.0
cosmx_bcc_xdonor_spot_0000004500,-119084.10080802228,82192.89478104173,0.9615384615384616,0.0,0.0384615384615384
cosmx_bcc_xdonor_spot_0000004501,-119084.08157725305,82564.90439642634,1.0,0.0,0.0
cosmx_bcc_xdonor_spot_0000004502,-119111.84287031105,82946.58352659884,1.0,0.0,0.0
cosmx_bcc_xdonor_spot_0000004503,-119113.67825492643,83334.89737275269,0.9230769230769232,0.0,0.0384615384615384
cosmx_bcc_xdonor_spot_0000004504,-119093.60634857192,83694.0913526858,1.0,0.0,0.0
cosmx_bcc_xdonor_spot_0000004505,-119096.50731475548,84067.63241548772,1.0,0.0,0.0
cosmx_bcc_xdonor_spot_0000004506,-119100.89620364438,84451.66019326552,1.0,0.0,0.0
cosmx_bcc_xdonor_spot_0000004507,-119119.60287031105,84813.82352659885,1.0,0.0,0.0
cosmx_bcc_xdonor_spot_0000004508,-119104.82602820577,85204.58563186199,1.0,0.0,0.0
cosmx_bcc_xdonor_spot_0000004509,-119064.82373987626,85586.70004833797,0.9565217391304348,0.0,0.0
cosmx_bcc_xdonor_spot_0000004510,-119097.69923394741,85903.19807205339,0.9090909090909092,0.0454545454545454,0.0
cosmx_bcc_xdonor_spot_0000004511,-119059.56287031098,86399.7435265988,0.0,0.8333333333333334,0.0
cosmx_bcc_xdonor_spot_0000004512,-119060.20572745388,86738.7435265988,0.0,0.7142857142857143,0.0
cosmx_bcc_xdonor_spot_0000004513,-119080.06287031098,86951.6185265988,0.0,0.25,0.0
cosmx_bcc_xdonor_spot_0000004548,-118720.54853693995,54460.93095636068,0.0,0.64,0.0
cosmx_bcc_xdonor_spot_0000004549,-118697.14103694003,54867.120956360704,0.125,0.8125,0.0
cosmx_bcc_xdonor_spot_0000004550,-118713.49520360662,55212.82928969402,0.6666666666666666,0.3333333333333333,0.0
cosmx_bcc_xdonor_spot_0000004551,-118720.27853694,55553.6709563607,0.5,0.5,0.0
cosmx_bcc_xdonor_spot_0000004552,-118686.7232737821,55957.213061623865,0.3157894736842105,0.6842105263157895,0.0
cosmx_bcc_xdonor_spot_0000004553,-118713.78308239453,56316.552774542506,0.2272727272727272,0.7727272727272727,0.0
cosmx_bcc_xdonor_spot_0000004554,-118707.91549346171,56722.240521578075,0.9565217391304348,0.0434782608695652,0.0
cosmx_bcc_xdonor_spot_0000004555,-118696.74853693995,57092.69095636068,1.0,0.0,0.0
cosmx_bcc_xdonor_spot_0000004556,-118690.82853694,57448.2709563607,0.7,0.25,0.0
cosmx_bcc_xdonor_spot_0000004557,-118704.2952036066,57843.170956360664,0.4666666666666667,0.4666666666666667,0.0
cosmx_bcc_xdonor_spot_0000004558,-118695.4823830938,58158.409417899136,0.9615384615384616,0.0384615384615384,0.0
cosmx_bcc_xdonor_spot_0000004559,-118719.42853694002,58491.9709563607,1.0,0.0,0.0
cosmx_bcc_xdonor_spot_0000004601,-118686.58358793486,74407.45812339654,1.0,0.0,0.0
cosmx_bcc_xdonor_spot_0000004602,-118690.0561154074,74705.35372779214,0.9615384615384616,0.0384615384615384,0.0
cosmx_bcc_xdonor_spot_0000004603,-118701.860730792,75076.57526625368,0.96,0.04,0.0
cosmx_bcc_xdonor_spot_0000004604,-118705.68147153275,75473.00045143886,0.8888888888888888,0.037037037037037,0.0
cosmx_bcc_xdonor_spot_0000004605,-118694.190730792,75834.44026625367,1.0,0.0,0.0
cosmx_bcc_xdonor_spot_0000004606,-118687.315730792,76200.35693292035,1.0,0.0,0.0
cosmx_bcc_xdonor_spot_0000004607,-118708.07709442837,76580.13344807187,1.0,0.0,0.0
cosmx_bcc_xdonor_spot_0000004608,-118699.30436715564,76944.31526625367,1.0,0.0,0.0
cosmx_bcc_xdonor_spot_0000004609,-118708.73020447622,77337.92052941158,1.0,0.0,0.0
cosmx_bcc_xdonor_spot_0000004610,-118699.42644507771,77729.58669482516,0.9714285714285714,0.0,0.0
cosmx_bcc_xdonor_spot_0000004611,-118710.35452389545,78052.47043866749,1.0,0.0,0.0
cosmx_bcc_xdonor_spot_0000004612,-118712.81012950512,78452.71131358917,1.0,0.0,0.0
cosmx_bcc_xdonor_spot_0000004613,-118716.61157725305,78818.33939642634,1.0,0.0,0.0
cosmx_bcc_xdonor_spot_0000004614,-118718.42248634394,79143.96121460815,0.8636363636363636,0.0909090909090909,0.0
cosmx_bcc_xdonor_spot_0000004615,-118689.79824391971,79571.51272975963,0.4,0.5333333333333333,0.0
cosmx_bcc_xdonor_spot_0000004616,-118691.55032725305,79939.09189642635,1.0,0.0,0.0
cosmx_bcc_xdonor_spot_0000004617,-118690.10935503083,80332.81643346338,1.0,0.0,0.0
cosmx_bcc_xdonor_spot_0000004618,-118713.33157725305,80718.55212369906,1.0,0.0,0.0
cosmx_bcc_xdonor_spot_0000004619,-118702.18872011018,81083.68415833109,1.0,0.0,0.0
cosmx_bcc_xdonor_spot_0000004620,-118731.60430452577,81434.87030551724,1.0,0.0,0.0
cosmx_bcc_xdonor_spot_0000004621,-118719.77157725305,81827.21939642634,1.0,0.0,0.0
cosmx_bcc_xdonor_spot_0000004622,-118706.1777310992,82204.6255502725,1.0,0.0,0.0
cosmx_bcc_xdonor_spot_0000004623,-118717.64736672673,82573.77939642633,1.0,0.0,0.0
cosmx_bcc_xdonor_spot_0000004624,-118706.64287031104,82945.86352659884,1.0,0.0,0.0
cosmx_bcc_xdonor_spot_0000004625,-118735.65810840628,83349.07685993217,1.0,0.0,0.0
cosmx_bcc_xdonor_spot_0000004626,-118708.17156596322,83701.00439616406,1.0,0.0,0.0
cosmx_bcc_xdonor_spot_0000004627,-118715.6083248565,84089.33443568974,1.0,0.0,0.0
cosmx_bcc_xdonor_spot_0000004628,-118742.64982683279,84455.61309181624,1.0,0.0,0.0
cosmx_bcc_xdonor_spot_0000004629,-118719.03906078723,84823.50543136074,1.0,0.0,0.0
cosmx_bcc_xdonor_spot_0000004630,-118711.45175919995,85212.29908215441,1.0,0.0,0.0
cosmx_bcc_xdonor_spot_0000004631,-118737.20572745391,85563.95781231314,1.0,0.0,0.0
cosmx_bcc_xdonor_spot_0000004632,-118738.562870311,85977.65261750789,0.3636363636363636,0.5454545454545454,0.0
cosmx_bcc_xdonor_spot_0000004633,-118738.62953697769,86339.14352659881,0.0,0.8666666666666667,0.0
cosmx_bcc_xdonor_spot_0000004634,-118717.68787031104,86725.16019326552,0.0,0.5,0.0416666666666666
cosmx_bcc_xdonor_spot_0000004635,-118718.66287031099,86958.7435265988,0.0,0.1,0.0
cosmx_bcc_xdonor_spot_0000004670,-118311.57853694003,54501.620956360704,0.0,1.0,0.0
cosmx_bcc_xdonor_spot_0000004671,-118359.32853694003,54868.370956360704,0.6875,0.3125,0.0
cosmx_bcc_xdonor_spot_0000004672,-118347.41944603088,55190.28004726978,0.6363636363636364,0.3636363636363636,0.0
cosmx_bcc_xdonor_spot_0000004673,-118346.20948932094,55578.228099217835,0.5714285714285714,0.4285714285714285,0.0
cosmx_bcc_xdonor_spot_0000004674,-118345.10631471779,55967.09317858293,0.2777777777777778,0.6666666666666666,0.0
cosmx_bcc_xdonor_spot_0000004675,-118350.89520360669,56382.370956360704,0.0,1.0,0.0
cosmx_bcc_xdonor_spot_0000004676,-118330.52853694,56735.9709563607,0.6,0.4,0.0
cosmx_bcc_xdonor_spot_0000004677,-118351.29282265423,57098.79952778924,0.9285714285714286,0.0357142857142857,0.0
cosmx_bcc_xdonor_spot_0000004678,-118331.54282265427,57439.228099217835,0.7619047619047619,0.1904761904761904,0.0
cosmx_bcc_xdonor_spot_0000004679,-118328.1618702733,57835.87095636068,0.9583333333333334,0.0416666666666666,0.0
cosmx_bcc_xdonor_spot_0000004680,-118340.86853693996,58176.09095636068,1.0,0.0,0.0
cosmx_bcc_xdonor_spot_0000004681,-118311.01035512183,58495.46186545161,1.0,0.0,0.0
cosmx_bcc_xdonor_spot_0000004723,-118374.49628634757,74385.09304403147,0.9444444444444444,0.0,0.0
cosmx_bcc_xdonor_spot_0000004724,-118364.89311174439,74709.95812339654,0.9523809523809524,0.0,0.0476190476190476
cosmx_bcc_xdonor_spot_0000004725,-118307.73020447622,75088.3942136221,0.7894736842105263,0.1052631578947368,0.0
cosmx_bcc_xdonor_spot_0000004726,-118336.46246992244,75425.77178799281,0.9130434782608696,0.0869565217391304,0.0
cosmx_bcc_xdonor_spot_0000004727,-118310.46454031582,75831.8628853013,0.3809523809523809,0.2857142857142857,0.0
cosmx_bcc_xdonor_spot_0000004728,-118330.020730792,76211.57526625368,0.96,0.0,0.0
cosmx_bcc_xdonor_spot_0000004729,-118333.71345806473,76549.13344807187,1.0,0.0,0.0
cosmx_bcc_xdonor_spot_0000004730,-118363.25652026568,76931.44684520105,1.0,0.0,0.0
cosmx_bcc_xdonor_spot_0000004731,-118316.89725253114,77336.85874451455,1.0,0.0,0.0
cosmx_bcc_xdonor_spot_0000004732,-118329.67757289724,77709.8678978327,1.0,0.0,0.0
cosmx_bcc_xdonor_spot_0000004733,-118342.27406412533,78085.44026625367,0.9166666666666666,0.0416666666666666,0.0416666666666666
cosmx_bcc_xdonor_spot_0000004734,-118318.22019868216,78460.94912483134,1.0,0.0,0.0
cosmx_bcc_xdonor_spot_0000004735,-118351.47283222945,78832.18848733543,1.0,0.0,0.0
cosmx_bcc_xdonor_spot_0000004736,-118336.6345161099,79186.59421124116,0.9629629629629628,0.037037037037037,0.0
cosmx_bcc_xdonor_spot_0000004737,-118335.62999947205,79580.4890738457,1.0,0.0,0.0
cosmx_bcc_xdonor_spot_0000004738,-118341.56648531,79949.39478104173,1.0,0.0,0.0
cosmx_bcc_xdonor_spot_0000004739,-118358.38516423575,80347.97939642632,0.95,0.05,0.0
cosmx_bcc_xdonor_spot_0000004740,-118354.95404104609,80720.35082499776,1.0,0.0,0.0
cosmx_bcc_xdonor_spot_0000004741,-118324.54465825771,81087.26215504704,1.0,0.0,0.0
cosmx_bcc_xdonor_spot_0000004742,-118371.04586296732,81455.25558690252,0.9047619047619048,0.0,0.0952380952380952
cosmx_bcc_xdonor_spot_0000004743,-118343.14265723072,81808.10197707152,1.0,0.0,0.0
cosmx_bcc_xdonor_spot_0000004744,-118336.946511136,82192.04026599156,1.0,0.0,0.0
cosmx_bcc_xdonor_spot_0000004745,-118335.68564157079,82564.38809207852,1.0,0.0,0.0
cosmx_bcc_xdonor_spot_0000004746,-118359.66813346893,82961.58563186199,1.0,0.0,0.0
cosmx_bcc_xdonor_spot_0000004747,-118336.99765291974,83340.9609179032,1.0,0.0,0.0
cosmx_bcc_xdonor_spot_0000004748,-118330.40287031105,83680.42352659885,1.0,0.0,0.0
cosmx_bcc_xdonor_spot_0000004749,-118344.15546290364,84088.11389696923,1.0,0.0,0.0
cosmx_bcc_xdonor_spot_0000004750,-118340.88287031105,84443.70352659885,1.0,0.0,0.0
cosmx_bcc_xdonor_spot_0000004751,-118343.84858459675,84816.31495517027,1.0,0.0,0.0
cosmx_bcc_xdonor_spot_0000004752,-118354.08667983484,85217.26733612265,1.0,0.0,0.0
cosmx_bcc_xdonor_spot_0000004753,-118381.47196122009,85553.28898114426,0.5454545454545454,0.0,0.0
cosmx_bcc_xdonor_spot_0000004754,-118360.63429888245,85952.38638374166,0.0714285714285714,0.7142857142857143,0.0714285714285714
cosmx_bcc_xdonor_spot_0000004755,-118301.26875266398,86346.03764424588,0.0,0.6470588235294118,0.0
cosmx_bcc_xdonor_spot_0000004756,-118358.61842586659,86691.35463770994,0.0,0.0,0.0
cosmx_bcc_xdonor_spot_0000004757,-118342.18787031098,86963.8685265988,0.0,0.0,0.0
cosmx_bcc_xdonor_spot_0000004792,-117949.13622924771,54456.29403328378,0.0,1.0,0.0
cosmx_bcc_xdonor_spot_0000004793,-117948.74853693995,54819.97095636068,0.56,0.44,0.0
cosmx_bcc_xdonor_spot_0000004794,-117957.51035512179,55218.78004726978,0.2272727272727272,0.7727272727272727,0.0
cosmx_bcc_xdonor_spot_0000004795,-117982.09520360669,55575.70428969404,0.0666666666666666,0.9333333333333332,0.0
cosmx_bcc_xdonor_spot_0000004796,-117974.51603694003,55989.183456360704,0.0,1.0,0.0
cosmx_bcc_xdonor_spot_0000004797,-117949.71315232456,56350.67864866837,0.8846153846153846,0.1153846153846153,0.0
cosmx_bcc_xdonor_spot_0000004798,-117966.01603693992,56687.40220636066,0.9375,0.0625,0.0
cosmx_bcc_xdonor_spot_0000004799,-117939.54282265427,57064.942384932125,0.9523809523809524,0.0476190476190476,0.0
cosmx_bcc_xdonor_spot_0000004800,-117970.01901313046,57464.79952778927,0.9047619047619048,0.0952380952380952,0.0
cosmx_bcc_xdonor_spot_0000004801,-118002.18853693995,57854.69095636068,1.0,0.0,0.0
cosmx_bcc_xdonor_spot_0000004802,-117964.19217330356,58207.8558048455,1.0,0.0,0.0
cosmx_bcc_xdonor_spot_0000004803,-117941.6467187582,58467.007319997065,1.0,0.0,0.0
cosmx_bcc_xdonor_spot_0000004846,-117991.27406412533,74722.02359958702,0.9583333333333334,0.0,0.0
cosmx_bcc_xdonor_spot_0000004847,-117941.700730792,75066.93526625368,1.0,0.0,0.0
cosmx_bcc_xdonor_spot_0000004848,-117998.49073079201,75440.61526625368,0.8,0.1,0.0
cosmx_bcc_xdonor_spot_0000004849,-117958.02896608612,75824.22703095959,0.7352941176470589,0.1470588235294117,0.0
cosmx_bcc_xdonor_spot_0000004850,-117971.63303848432,76194.54603548444,0.7692307692307693,0.0,0.0
cosmx_bcc_xdonor_spot_0000004851,-117945.07709442837,76581.76981170823,1.0,0.0,0.0
cosmx_bcc_xdonor_spot_0000004852,-117988.20388868674,76928.3942136221,1.0,0.0,0.0
cosmx_bcc_xdonor_spot_0000004853,-117966.41441500252,77345.92052941158,1.0,0.0,0.0
cosmx_bcc_xdonor_spot_0000004854,-117998.52406412533,77688.73193292035,0.9166666666666666,0.0,0.0416666666666666
cosmx_bcc_xdonor_spot_0000004855,-118021.60739745868,78162.56526625369,1.0,0.0,0.0
cosmx_bcc_xdonor_spot_0000004856,-117953.1433139797,78440.9168547816,1.0,0.0,0.0
cosmx_bcc_xdonor_spot_0000004857,-117981.82199253459,78828.87030551724,0.9090909090909092,0.0454545454545454,0.0454545454545454
cosmx_bcc_xdonor_spot_0000004858,-117973.32578041339,79168.90439642634,1.0,0.0,0.0
cosmx_bcc_xdonor_spot_0000004859,-117989.32199253459,79591.5066691536,1.0,0.0,0.0
cosmx_bcc_xdonor_spot_0000004860,-117958.61744708005,79957.82106309301,1.0,0.0,0.0
cosmx_bcc_xdonor_spot_0000004861,-117966.93266447136,80344.90983120895,1.0,0.0,0.0
cosmx_bcc_xdonor_spot_0000004862,-117903.83173279434,80707.74368214063,0.8928571428571429,0.0714285714285714,0.0357142857142857
cosmx_bcc_xdonor_spot_0000004863,-117957.93887565148,81056.35082499776,1.0,0.0,0.0
cosmx_bcc_xdonor_spot_0000004864,-117975.5103042229,81450.06511071205,1.0,0.0,0.0
cosmx_bcc_xdonor_spot_0000004865,-117941.50381071641,81817.0066691536,1.0,0.0,0.0
cosmx_bcc_xdonor_spot_0000004866,-117961.79601850861,82174.96987261681,1.0,0.0,0.0
cosmx_bcc_xdonor_spot_0000004867,-117963.45835617096,82576.4157600627,1.0,0.0,0.0
cosmx_bcc_xdonor_spot_0000004868,-117972.59990734809,82946.33611919144,1.0,0.0,0.0
cosmx_bcc_xdonor_spot_0000004869,-117978.34064808882,83307.92871178404,1.0,0.0,0.0
cosmx_bcc_xdonor_spot_0000004870,-117962.3070563575,83689.85980566865,1.0,0.0,0.0
cosmx_bcc_xdonor_spot_0000004871,-117935.86842586662,84048.41019326553,1.0,0.0,0.0
cosmx_bcc_xdonor_spot_0000004872,-117953.34547900669,84437.30874399014,1.0,0.0,0.0
cosmx_bcc_xdonor_spot_0000004873,-117953.03906078723,84796.26733612265,1.0,0.0,0.0
cosmx_bcc_xdonor_spot_0000004874,-117965.562870311,85144.19807205335,0.5454545454545454,0.2727272727272727,0.0
cosmx_bcc_xdonor_spot_0000004875,-118017.16287031099,85642.9435265988,0.0,0.8,0.0
cosmx_bcc_xdonor_spot_0000004876,-117924.72953697767,86002.57685993213,0.0,0.6666666666666666,0.0
cosmx_bcc_xdonor_spot_0000004877,-117981.62537031103,86306.61852659882,0.0,0.3125,0.0
cosmx_bcc_xdonor_spot_0000004878,-117950.73934089926,86685.03764424588,0.0,0.1764705882352941,0.0
cosmx_bcc_xdonor_spot_0000004914,-117621.02853694,54497.1709563607,0.4,0.6,0.0
cosmx_bcc_xdonor_spot_0000004915,-117588.86557397699,54843.33391932364,1.0,0.0,0.0
cosmx_bcc_xdonor_spot_0000004916,-117577.67064220316,55213.89727215018,0.3684210526315789,0.5789473684210527,0.0
cosmx_bcc_xdonor_spot_0000004917,-117580.16187027335,55581.20428969404,0.1666666666666666,0.7777777777777778,0.0555555555555555
cosmx_bcc_xdonor_spot_0000004918,-117553.37399148544,55996.14368363342,0.7272727272727273,0.2727272727272727,0.0
cosmx_bcc_xdonor_spot_0000004919,-117596.26603694003,56326.370956360704,0.5625,0.4375,0.0
cosmx_bcc_xdonor_spot_0000004920,-117602.05580966725,56710.78004726978,0.9545454545454546,0.0454545454545454,0.0
cosmx_bcc_xdonor_spot_0000004921,-117597.23762784907,57057.73459272433,0.9545454545454546,0.0454545454545454,0.0
cosmx_bcc_xdonor_spot_0000004922,-117594.06663217807,57479.84714683689,1.0,0.0,0.0
cosmx_bcc_xdonor_spot_0000004923,-117627.51274746632,57830.4762195186,1.0,0.0,0.0
cosmx_bcc_xdonor_spot_0000004924,-117579.56927768068,58220.74132673103,1.0,0.0,0.0
cosmx_bcc_xdonor_spot_0000004925,-117596.61425122574,58486.370956360704,1.0,0.0,0.0
cosmx_bcc_xdonor_spot_0000004969,-117586.80279975753,75073.60836970196,1.0,0.0,0.0
cosmx_bcc_xdonor_spot_0000004970,-117565.73383424028,75432.02216280541,0.6206896551724138,0.1724137931034483,0.0
cosmx_bcc_xdonor_spot_0000004971,-117577.57036042164,75843.25971069813,1.0,0.0,0.0
cosmx_bcc_xdonor_spot_0000004972,-117595.1550165063,76188.42240911082,1.0,0.0,0.0
cosmx_bcc_xdonor_spot_0000004973,-117581.12254897383,76583.45162989004,1.0,0.0,0.0
cosmx_bcc_xdonor_spot_0000004974,-117599.10739745868,76951.31526625367,1.0,0.0,0.0
cosmx_bcc_xdonor_spot_0000004975,-117574.54787364915,77345.85098053938,1.0,0.0,0.0
cosmx_bcc_xdonor_spot_0000004976,-117602.140730792,77615.54859958703,0.9333333333333332,0.0,0.0666666666666666
cosmx_bcc_xdonor_spot_0000004978,-117647.180758704,78493.98258947577,0.8125,0.1875,0.0
cosmx_bcc_xdonor_spot_0000004979,-117597.10657751483,78835.86635294808,1.0,0.0,0.0
cosmx_bcc_xdonor_spot_0000004980,-117584.23108344368,79204.96121460815,1.0,0.0,0.0
cosmx_bcc_xdonor_spot_0000004981,-117606.9864946991,79600.96987261681,1.0,0.0,0.0
cosmx_bcc_xdonor_spot_0000004982,-117559.77653798914,79962.3248509718,1.0,0.0,0.0
cosmx_bcc_xdonor_spot_0000004983,-117609.24744708005,80331.21939642634,1.0,0.0,0.0
cosmx_bcc_xdonor_spot_0000004984,-117599.50633596895,80703.8627297597,1.0,0.0,0.0
cosmx_bcc_xdonor_spot_0000004985,-117598.45078041339,81071.44606309301,1.0,0.0,0.0
cosmx_bcc_xdonor_spot_0000004986,-117564.32199253459,81449.87030551724,1.0,0.0,0.0
cosmx_bcc_xdonor_spot_0000004987,-117631.73108344368,81782.87030551724,0.9545454545454546,0.0,0.0
cosmx_bcc_xdonor_spot_0000004988,-117655.47271023794,82216.4109753737,0.8421052631578947,0.1052631578947368,0.0
cosmx_bcc_xdonor_spot_0000004989,-117565.09471980734,82586.99151763848,0.9696969696969696,0.0,0.0
cosmx_bcc_xdonor_spot_0000004990,-117557.56287031103,82943.8204496758,1.0,0.0,0.0
cosmx_bcc_xdonor_spot_0000004991,-117589.08011169036,83310.95042315059,1.0,0.0,0.0
cosmx_bcc_xdonor_spot_0000004992,-117605.76287031101,83714.16852659886,0.975,0.0,0.025
cosmx_bcc_xdonor_spot_0000004993,-117632.34412031106,84069.43102659886,1.0,0.0,0.0
cosmx_bcc_xdonor_spot_0000004994,-117651.74468849286,84412.65261750793,0.9545454545454546,0.0,0.0
cosmx_bcc_xdonor_spot_0000004995,-117605.70572745388,84816.60066945595,0.3571428571428571,0.4285714285714285,0.0714285714285714
cosmx_bcc_xdonor_spot_0000004996,-117582.56287031098,85207.31495517024,0.0,0.5714285714285714,0.1428571428571428
cosmx_bcc_xdonor_spot_0000004997,-117563.86287031099,85576.8435265988,0.0,0.8,0.0
cosmx_bcc_xdonor_spot_0000004998,-117603.2771560253,85944.45781231309,0.0,0.2142857142857142,0.0
cosmx_bcc_xdonor_spot_0000004999,-117633.89620364433,86343.2435265988,0.0,0.5,0.0
cosmx_bcc_xdonor_spot_0000005000,-117606.66287031099,86698.5435265988,0.0,0.3,0.0
cosmx_bcc_xdonor_spot_0000005036,-117179.62020360662,54450.37095636068,1.0,0.0,0.0
cosmx_bcc_xdonor_spot_0000005037,-117218.44758455904,54786.03762302736,1.0,0.0,0.0
cosmx_bcc_xdonor_spot_0000005038,-117226.9338000979,55217.5814826765,0.1578947368421052,0.6842105263157895,0.0
cosmx_bcc_xdonor_spot_0000005039,-117238.54282265429,55560.94238493213,0.0,1.0,0.0
cosmx_bcc_xdonor_spot_0000005040,-117258.92853694002,55972.8709563607,0.6,0.4,0.0
cosmx_bcc_xdonor_spot_0000005041,-117174.32853694001,56322.759845249595,0.1111111111111111,0.6666666666666666,0.0
cosmx_bcc_xdonor_spot_0000005042,-117193.88736046944,56725.782721066586,0.7647058823529411,0.1764705882352941,0.0
cosmx_bcc_xdonor_spot_0000005043,-117215.94392155533,57094.909417899136,1.0,0.0,0.0
cosmx_bcc_xdonor_spot_0000005044,-117206.57853693997,57479.57928969402,1.0,0.0,0.0
cosmx_bcc_xdonor_spot_0000005045,-117217.78308239453,57817.9618654516,1.0,0.0,0.0
cosmx_bcc_xdonor_spot_0000005046,-117265.49520360668,58262.48206747181,1.0,0.0,0.0
cosmx_bcc_xdonor_spot_0000005047,-117200.82853694003,58476.63762302737,1.0,0.0,0.0
cosmx_bcc_xdonor_spot_0000005091,-117320.940730792,75213.21526625371,0.8,0.0,0.2
cosmx_bcc_xdonor_spot_0000005092,-117311.85739745868,75496.81526625369,1.0,0.0,0.0
cosmx_bcc_xdonor_spot_0000005093,-117231.140730792,75837.41526625368,0.96,0.0,0.04
cosmx_bcc_xdonor_spot_0000005094,-117222.60739745868,76233.31526625367,1.0,0.0,0.0
cosmx_bcc_xdonor_spot_0000005095,-117211.97919233047,76587.6998816383,1.0,0.0,0.0
cosmx_bcc_xdonor_spot_0000005096,-117216.140730792,76950.74859958702,1.0,0.0,0.0
cosmx_bcc_xdonor_spot_0000005097,-117249.300730792,77284.57526625368,1.0,0.0,0.0
cosmx_bcc_xdonor_spot_0000005099,-117197.54073079201,78156.8152662537,0.4,0.0,0.0
cosmx_bcc_xdonor_spot_0000005100,-117209.502419168,78462.61207320419,0.5625,0.0625,0.0
cosmx_bcc_xdonor_spot_0000005101,-117219.32744708005,78844.81939642635,0.88,0.0,0.0
cosmx_bcc_xdonor_spot_0000005102,-117195.28744708006,79209.21939642634,1.0,0.0,0.0
cosmx_bcc_xdonor_spot_0000005103,-117210.49788186266,79584.43157033938,1.0,0.0,0.0
cosmx_bcc_xdonor_spot_0000005104,-117215.40316136577,79948.45796785492,1.0,0.0,0.0
cosmx_bcc_xdonor_spot_0000005105,-117191.24744708005,80319.65939642634,1.0,0.0,0.0
cosmx_bcc_xdonor_spot_0000005106,-117237.44744708005,80698.97939642634,0.96,0.0,0.04
cosmx_bcc_xdonor_spot_0000005107,-117227.06309925397,81070.90983120895,1.0,0.0,0.0
cosmx_bcc_xdonor_spot_0000005108,-117230.56744708004,81402.42939642633,0.9,0.1,0.0
cosmx_bcc_xdonor_spot_0000005109,-117260.22458993716,81829.49368214059,0.1428571428571428,0.7857142857142857,0.0
cosmx_bcc_xdonor_spot_0000005110,-117221.70078041338,82201.66828531522,0.0,0.5,0.0
cosmx_bcc_xdonor_spot_0000005111,-117263.29052400313,82614.58708873404,0.8846153846153846,0.0769230769230769,0.0
cosmx_bcc_xdonor_spot_0000005112,-117229.33706385944,82956.13062337306,1.0,0.0,0.0
cosmx_bcc_xdonor_spot_0000005113,-117222.88545095622,83340.80804272789,1.0,0.0,0.0
cosmx_bcc_xdonor_spot_0000005114,-117233.26657401475,83693.81760067293,0.925925925925926,0.0,0.0
cosmx_bcc_xdonor_spot_0000005115,-117154.16287031099,84121.1435265988,0.2,0.6,0.0
cosmx_bcc_xdonor_spot_0000005116,-117180.562870311,84406.92534478061,0.0,0.5454545454545454,0.0909090909090909
cosmx_bcc_xdonor_spot_0000005117,-117233.56287031098,84827.88638374166,0.0,0.4285714285714285,0.0
cosmx_bcc_xdonor_spot_0000005118,-117164.22953697767,85181.82685993213,0.0,0.5,0.0833333333333333
cosmx_bcc_xdonor_spot_0000005119,-117195.16287031102,85557.87685993215,0.0,0.2,0.0
cosmx_bcc_xdonor_spot_0000005120,-117210.56287031101,85913.20506506033,0.0,0.1538461538461538,0.0
cosmx_bcc_xdonor_spot_0000005121,-117192.42001316813,86282.45781231309,0.0,0.2857142857142857,0.1428571428571428
cosmx_bcc_xdonor_spot_0000005123,-117267.16287031099,86965.7435265988,0.0,0.4,0.2
cosmx_bcc_xdonor_spot_0000005158,-116816.14432641369,54465.42358793965,1.0,0.0,0.0
cosmx_bcc_xdonor_spot_0000005159,-116821.99520360668,54824.482067471814,0.5,0.5,0.0
cosmx_bcc_xdonor_spot_0000005160,-116821.46011588737,55202.73937741334,0.0,0.4210526315789473,0.1052631578947368
cosmx_bcc_xdonor_spot_0000005161,-116793.36699847848,55615.98634097609,0.5384615384615384,0.3846153846153846,0.0
cosmx_bcc_xdonor_spot_0000005162,-116818.69217330361,55949.416410906146,1.0,0.0,0.0
cosmx_bcc_xdonor_spot_0000005163,-116804.68567979717,56363.72809921785,0.6428571428571429,0.2142857142857142,0.0714285714285714
cosmx_bcc_xdonor_spot_0000005164,-116849.95897172258,56736.19704331721,1.0,0.0,0.0
cosmx_bcc_xdonor_spot_0000005165,-116844.08940650518,57071.457912882426,1.0,0.0,0.0
cosmx_bcc_xdonor_spot_0000005166,-116826.82853694003,57447.558456360704,1.0,0.0,0.0
cosmx_bcc_xdonor_spot_0000005167,-116836.74520360662,57834.28762302735,0.9166666666666666,0.0833333333333333,0.0
cosmx_bcc_xdonor_spot_0000005168,-116841.70853693996,58216.89095636067,0.96,0.04,0.0
cosmx_bcc_xdonor_spot_0000005169,-116897.16187027335,58486.92651191625,0.8888888888888888,0.1111111111111111,0.0
cosmx_bcc_xdonor_spot_0000005214,-116817.940730792,75501.81526625369,1.0,0.0,0.0
cosmx_bcc_xdonor_spot_0000005215,-116849.0459939499,75784.18368730631,1.0,0.0,0.0
cosmx_bcc_xdonor_spot_0000005216,-116947.440730792,76308.48193292037,0.5,0.3333333333333333,0.1666666666666666
cosmx_bcc_xdonor_spot_0000005217,-116920.74073079201,76566.2152662537,0.9,0.1,0.0
cosmx_bcc_xdonor_spot_0000005218,-116881.79787364915,77005.8152662537,0.5714285714285714,0.4285714285714285,0.0
cosmx_bcc_xdonor_spot_0000005221,-116871.60739745868,77999.48193292037,0.8333333333333334,0.0,0.0
cosmx_bcc_xdonor_spot_0000005224,-116856.86744708005,79232.68848733543,0.9090909090909092,0.0454545454545454,0.0
cosmx_bcc_xdonor_spot_0000005225,-116829.07578041339,79569.40439642634,1.0,0.0,0.0
cosmx_bcc_xdonor_spot_0000005226,-116859.93887565148,79978.25558690252,1.0,0.0,0.0
cosmx_bcc_xdonor_spot_0000005227,-116833.1500557757,80347.25765729591,1.0,0.0,0.0
cosmx_bcc_xdonor_spot_0000005228,-116856.04601850863,80689.74368214063,1.0,0.0,0.0
cosmx_bcc_xdonor_spot_0000005229,-116831.11744708005,81088.90439642634,1.0,0.0,0.0
cosmx_bcc_xdonor_spot_0000005230,-116850.58966930221,81472.33495198184,0.2222222222222222,0.4444444444444444,0.2222222222222222
cosmx_bcc_xdonor_spot_0000005231,-116800.6341137467,81801.1793964263,0.0,0.7333333333333333,0.0666666666666666
cosmx_bcc_xdonor_spot_0000005232,-116852.9230026356,82206.66828531522,0.0,1.0,0.0
cosmx_bcc_xdonor_spot_0000005233,-116836.0341137467,82647.94606309298,0.8333333333333334,0.1666666666666666,0.0
cosmx_bcc_xdonor_spot_0000005234,-116862.9090241572,82940.20506506039,1.0,0.0,0.0
cosmx_bcc_xdonor_spot_0000005235,-116843.59990734809,83341.41019326552,1.0,0.0,0.0
cosmx_bcc_xdonor_spot_0000005236,-116844.32477507295,83649.98162183694,0.8095238095238095,0.0952380952380952,0.0
cosmx_bcc_xdonor_spot_0000005237,-116879.66287031099,84141.1435265988,0.0,0.6,0.1
cosmx_bcc_xdonor_spot_0000005238,-116913.8485845967,84474.7435265988,0.0,0.5714285714285714,0.2857142857142857
cosmx_bcc_xdonor_spot_0000005239,-116824.89620364433,84803.07685993213,0.0,0.6666666666666666,0.0
cosmx_bcc_xdonor_spot_0000005240,-116845.62953697769,85152.41019326547,0.0666666666666666,0.1333333333333333,0.0
cosmx_bcc_xdonor_spot_0000005241,-116850.18787031098,85562.2435265988,0.0,0.125,0.125
cosmx_bcc_xdonor_spot_0000005280,-116467.63806074954,54452.27571826546,0.9523809523809524,0.0476190476190476,0.0
cosmx_bcc_xdonor_spot_0000005281,-116458.32853694001,54861.4209563607,0.05,0.7,0.0
cosmx_bcc_xdonor_spot_0000005282,-116470.57853694001,55209.0209563607,0.15,0.6,0.0
cosmx_bcc_xdonor_spot_0000005283,-116517.38409249557,55587.42651191626,0.4444444444444444,0.5,0.0
cosmx_bcc_xdonor_spot_0000005284,-116472.39520360662,55958.87095636067,1.0,0.0,0.0
cosmx_bcc_xdonor_spot_0000005285,-116448.87615598763,56332.84714683689,1.0,0.0,0.0
cosmx_bcc_xdonor_spot_0000005286,-116490.17636302694,56728.762260708514,1.0,0.0,0.0
cosmx_bcc_xdonor_spot_0000005287,-116467.5241891139,57088.631825925906,0.8695652173913043,0.1304347826086956,0.0
cosmx_bcc_xdonor_spot_0000005288,-116485.43723259216,57454.15356505634,0.9130434782608696,0.0434782608695652,0.0
cosmx_bcc_xdonor_spot_0000005289,-116442.3047274162,57827.79952778927,1.0,0.0,0.0
cosmx_bcc_xdonor_spot_0000005290,-116457.48071085304,58209.414434621554,0.9565217391304348,0.0434782608695652,0.0
cosmx_bcc_xdonor_spot_0000005291,-116417.66187027334,58482.03762302737,0.5,0.3333333333333333,0.0
cosmx_bcc_xdonor_spot_0000005335,-116443.27406412533,75196.14859958705,1.0,0.0,0.0
cosmx_bcc_xdonor_spot_0000005336,-116482.27406412533,75473.95812339654,1.0,0.0,0.0
cosmx_bcc_xdonor_spot_0000005337,-116465.86930222057,75829.10098053938,1.0,0.0,0.0
cosmx_bcc_xdonor_spot_0000005338,-116378.51215936344,76112.38669482514,0.8571428571428571,0.0,0.0
cosmx_bcc_xdonor_spot_0000005342,-116457.08358793486,77747.38669482514,1.0,0.0,0.0
cosmx_bcc_xdonor_spot_0000005347,-116474.75875142787,79589.56200512199,0.9565217391304348,0.0434782608695652,0.0
cosmx_bcc_xdonor_spot_0000005348,-116472.45835617096,79958.59757824452,1.0,0.0,0.0
cosmx_bcc_xdonor_spot_0000005349,-116468.5212932339,80308.74093488789,1.0,0.0,0.0
cosmx_bcc_xdonor_spot_0000005350,-116448.75633596892,80711.39050753744,1.0,0.0,0.0
cosmx_bcc_xdonor_spot_0000005351,-116457.03411374672,81065.77939642633,1.0,0.0,0.0
cosmx_bcc_xdonor_spot_0000005352,-116454.36744708003,81443.24998466161,0.5294117647058824,0.2352941176470588,0.0
cosmx_bcc_xdonor_spot_0000005353,-116470.56744708003,81832.51272975963,0.0,0.7333333333333333,0.1333333333333333
cosmx_bcc_xdonor_spot_0000005354,-116502.64017435274,82153.7793964263,0.0909090909090909,0.7272727272727273,0.0909090909090909
cosmx_bcc_xdonor_spot_0000005355,-116443.76744708004,82639.67939642633,1.0,0.0,0.0
cosmx_bcc_xdonor_spot_0000005356,-116477.21804272485,82935.70904384024,1.0,0.0,0.0
cosmx_bcc_xdonor_spot_0000005357,-116459.71287031104,83351.19352659883,1.0,0.0,0.0
cosmx_bcc_xdonor_spot_0000005358,-116471.50404678161,83646.39058542236,0.7058823529411765,0.1764705882352941,0.0588235294117647
cosmx_bcc_xdonor_spot_0000005359,-116496.56287031101,84016.2435265988,0.0,0.6666666666666666,0.0833333333333333
cosmx_bcc_xdonor_spot_0000005360,-116440.71671646486,84465.05121890649,0.0,0.5384615384615384,0.0
cosmx_bcc_xdonor_spot_0000005361,-116491.19923394741,84839.19807205339,0.0,0.1818181818181818,0.0
cosmx_bcc_xdonor_spot_0000005362,-116469.65810840628,85140.74352659883,0.0476190476190476,0.0952380952380952,0.0
cosmx_bcc_xdonor_spot_0000005363,-116460.03345854633,85547.39058542236,0.0588235294117647,0.1176470588235294,0.0
cosmx_bcc_xdonor_spot_0000005366,-116484.99144173956,86709.60066945595,0.0,0.2857142857142857,0.0
cosmx_bcc_xdonor_spot_0000005367,-116471.27715602527,86941.60066945595,0.1428571428571428,0.1428571428571428,0.0
cosmx_bcc_xdonor_spot_0000005391,-116020.40108871239,50372.87741442349,0.9411764705882352,0.0588235294117647,0.0
cosmx_bcc_xdonor_spot_0000005392,-115996.46971616335,50694.99015952153,1.0,0.0,0.0
cosmx_bcc_xdonor_spot_0000005393,-115987.43638283,50991.4068261882,0.6,0.2,0.0
cosmx_bcc_xdonor_spot_0000005394,-116028.63638283,51452.69254047391,0.8571428571428571,0.1428571428571428,0.0
cosmx_bcc_xdonor_spot_0000005395,-116014.20781140146,51850.4068261882,1.0,0.0,0.0
cosmx_bcc_xdonor_spot_0000005396,-116008.88638283002,52226.1568261882,1.0,0.0,0.0
cosmx_bcc_xdonor_spot_0000005397,-116011.32388283004,52593.0318261882,0.9375,0.0625,0.0
cosmx_bcc_xdonor_spot_0000005398,-116019.63638283002,52974.54968333105,0.0,0.7142857142857143,0.0
cosmx_bcc_xdonor_spot_0000005399,-116029.02099821463,53377.02221080358,1.0,0.0,0.0
cosmx_bcc_xdonor_spot_0000005400,-116021.63638283,53689.57349285486,0.6666666666666666,0.3333333333333333,0.0
cosmx_bcc_xdonor_spot_0000005401,-116034.63638283002,54075.176056957425,1.0,0.0,0.0
cosmx_bcc_xdonor_spot_0000005402,-116043.89067893157,54397.29679250128,0.9230769230769232,0.0769230769230769,0.0
cosmx_bcc_xdonor_spot_0000005403,-116106.70353694003,54819.120956360704,0.5625,0.4375,0.0
cosmx_bcc_xdonor_spot_0000005404,-116088.54282265424,55201.79952778924,1.0,0.0,0.0
cosmx_bcc_xdonor_spot_0000005405,-116076.93964805114,55569.70428969404,1.0,0.0,0.0
cosmx_bcc_xdonor_spot_0000005406,-116075.20353693998,55942.20428969402,0.9583333333333334,0.0416666666666666,0.0
cosmx_bcc_xdonor_spot_0000005407,-116117.54853693997,56331.93095636068,1.0,0.0,0.0
cosmx_bcc_xdonor_spot_0000005408,-116094.55930617073,56687.02480251452,0.9230769230769232,0.0769230769230769,0.0
cosmx_bcc_xdonor_spot_0000005409,-116095.24520360665,57090.41262302735,1.0,0.0,0.0
cosmx_bcc_xdonor_spot_0000005410,-116106.67064220319,57454.792008992285,1.0,0.0,0.0
cosmx_bcc_xdonor_spot_0000005411,-116080.87399148545,57870.189138178874,0.9545454545454546,0.0,0.0454545454545454
cosmx_bcc_xdonor_spot_0000005412,-116099.94853693998,58228.37095636067,1.0,0.0,0.0
cosmx_bcc_xdonor_spot_0000005413,-116105.16187027335,58490.870956360704,1.0,0.0,0.0
cosmx_bcc_xdonor_spot_0000005458,-116117.190730792,75508.69026625369,0.9375,0.0,0.0625
cosmx_bcc_xdonor_spot_0000005459,-116081.90226925354,75829.46911240752,1.0,0.0,0.0
cosmx_bcc_xdonor_spot_0000005460,-116117.66800351928,76159.22435716278,1.0,0.0,0.0
cosmx_bcc_xdonor_spot_0000005465,-116087.440730792,78061.9152662537,1.0,0.0,0.0
cosmx_bcc_xdonor_spot_0000005466,-116051.32075560268,78487.04733133999,1.0,0.0,0.0
cosmx_bcc_xdonor_spot_0000005469,-116057.6531613657,79704.49368214059,1.0,0.0,0.0
cosmx_bcc_xdonor_spot_0000005470,-116080.33518901555,79943.4890738457,1.0,0.0,0.0
cosmx_bcc_xdonor_spot_0000005471,-116117.25206246467,80332.85631950326,0.9615384615384616,0.0,0.0
cosmx_bcc_xdonor_spot_0000005472,-116058.49647933812,80680.84391255539,1.0,0.0,0.0
cosmx_bcc_xdonor_spot_0000005473,-116102.93887565148,81063.01749166443,1.0,0.0,0.0
cosmx_bcc_xdonor_spot_0000005474,-116097.0212932339,81448.20247334942,0.9230769230769232,0.0384615384615384,0.0
cosmx_bcc_xdonor_spot_0000005475,-116101.04926526187,81825.46121460815,0.8181818181818182,0.0909090909090909,0.0909090909090909
cosmx_bcc_xdonor_spot_0000005476,-116089.36744708005,82208.09757824452,0.9090909090909092,0.0,0.0454545454545454
cosmx_bcc_xdonor_spot_0000005477,-116092.93887565148,82579.70796785492,1.0,0.0,0.0
cosmx_bcc_xdonor_spot_0000005478,-116076.22953697771,82952.93400278932,1.0,0.0,0.0
cosmx_bcc_xdonor_spot_0000005479,-116105.66813346893,83325.63826344094,1.0,0.0,0.0
cosmx_bcc_xdonor_spot_0000005480,-116082.01741576554,83662.19807205335,0.3636363636363636,0.3636363636363636,0.1818181818181818
cosmx_bcc_xdonor_spot_0000005481,-116067.81287031098,84102.4935265988,0.0,0.625,0.25
cosmx_bcc_xdonor_spot_0000005482,-116040.99144173959,84445.45781231309,0.0,0.0714285714285714,0.0
cosmx_bcc_xdonor_spot_0000005483,-116106.44287031105,84836.74352659885,0.0,0.0,0.0
cosmx_bcc_xdonor_spot_0000005484,-116062.06287031101,85157.81495517024,0.0,0.0714285714285714,0.0
cosmx_bcc_xdonor_spot_0000005485,-116154.83559758378,85557.83443568974,0.1363636363636363,0.0454545454545454,0.0909090909090909
cosmx_bcc_xdonor_spot_0000005486,-116035.89620364431,85852.85463770991,0.4444444444444444,0.1111111111111111,0.0
cosmx_bcc_xdonor_spot_0000005488,-116028.39620364433,86733.07685993213,0.1666666666666666,0.3333333333333333,0.1666666666666666
cosmx_bcc_xdonor_spot_0000005512,-115711.03638283,50095.0068261882,1.0,0.0,0.0
cosmx_bcc_xdonor_spot_0000005513,-115688.39828759192,50345.16873095011,1.0,0.0,0.0
cosmx_bcc_xdonor_spot_0000005514,-115738.23638283003,50693.3568261882,0.8,0.2,0.0
cosmx_bcc_xdonor_spot_0000005515,-115714.69520635945,51050.936237952905,0.8823529411764706,0.0588235294117647,0.0588235294117647
cosmx_bcc_xdonor_spot_0000005516,-115685.43638283003,51458.8068261882,1.0,0.0,0.0
cosmx_bcc_xdonor_spot_0000005517,-115704.58375125109,51802.301563030305,0.8947368421052632,0.1052631578947368,0.0
cosmx_bcc_xdonor_spot_0000005518,-115719.08082727443,52218.11052989188,1.0,0.0,0.0
cosmx_bcc_xdonor_spot_0000005519,-115730.63638283004,52557.11270854114,0.4705882352941176,0.5294117647058824,0.0
cosmx_bcc_xdonor_spot_0000005520,-115695.63638283002,52928.7568261882,0.3,0.6,0.0
cosmx_bcc_xdonor_spot_0000005521,-115700.63638283002,53332.2568261882,1.0,0.0,0.0
cosmx_bcc_xdonor_spot_0000005522,-115686.32869052234,53711.637595418964,1.0,0.0,0.0
cosmx_bcc_xdonor_spot_0000005523,-115727.22729192092,54084.906826188184,1.0,0.0,0.0
cosmx_bcc_xdonor_spot_0000005524,-115734.33316461118,54469.97382594688,0.92,0.08,0.0
cosmx_bcc_xdonor_spot_0000005525,-115739.62020360665,54806.24595636068,0.9166666666666666,0.0833333333333333,0.0
cosmx_bcc_xdonor_spot_0000005526,-115715.87399148545,55217.052774542506,0.9545454545454546,0.0454545454545454,0.0
cosmx_bcc_xdonor_spot_0000005527,-115724.58853693998,55578.33095636068,1.0,0.0,0.0
cosmx_bcc_xdonor_spot_0000005528,-115742.48370935375,55967.43992187791,1.0,0.0,0.0
cosmx_bcc_xdonor_spot_0000005529,-115699.12483323626,56326.11169710141,0.9629629629629628,0.037037037037037,0.0
cosmx_bcc_xdonor_spot_0000005530,-115717.21984128782,56720.54486940416,0.9565217391304348,0.0434782608695652,0.0
cosmx_bcc_xdonor_spot_0000005531,-115717.57853694001,57104.2709563607,1.0,0.0,0.0
cosmx_bcc_xdonor_spot_0000005532,-115728.58853693998,57446.49095636068,1.0,0.0,0.0
cosmx_bcc_xdonor_spot_0000005533,-115712.0977677092,57824.17864866837,1.0,0.0,0.0
cosmx_bcc_xdonor_spot_0000005534,-115729.77590536108,58197.68674583439,1.0,0.0,0.0
cosmx_bcc_xdonor_spot_0000005535,-115739.82853694001,58456.48206747181,1.0,0.0,0.0
cosmx_bcc_xdonor_spot_0000005581,-115775.09457694585,75867.12295856138,1.0,0.0,0.0
cosmx_bcc_xdonor_spot_0000005582,-115690.940730792,76196.93291331251,0.9411764705882352,0.0,0.0
cosmx_bcc_xdonor_spot_0000005586,-115749.59457694585,77695.85372779214,1.0,0.0,0.0
cosmx_bcc_xdonor_spot_0000005587,-115679.70263555391,78057.72002815844,1.0,0.0,0.0
cosmx_bcc_xdonor_spot_0000005588,-115677.32106479275,78444.18426202549,1.0,0.0,0.0
cosmx_bcc_xdonor_spot_0000005589,-115688.52129323386,78785.39478104167,1.0,0.0,0.0
cosmx_bcc_xdonor_spot_0000005591,-115678.60554231814,79628.01749166443,0.9523809523809524,0.0,0.0476190476190476
cosmx_bcc_xdonor_spot_0000005592,-115724.89125660385,79965.77939642633,1.0,0.0,0.0
cosmx_bcc_xdonor_spot_0000005593,-115716.28049055832,80316.56200512199,1.0,0.0,0.0
cosmx_bcc_xdonor_spot_0000005594,-115717.0212932339,80693.35631950326,1.0,0.0,0.0
cosmx_bcc_xdonor_spot_0000005595,-115714.63667784928,81071.85631950326,1.0,0.0,0.0
cosmx_bcc_xdonor_spot_0000005596,-115724.68744708005,81437.81939642635,1.0,0.0,0.0
cosmx_bcc_xdonor_spot_0000005597,-115732.60274119768,81830.66174936749,1.0,0.0,0.0
cosmx_bcc_xdonor_spot_0000005598,-115742.86744708005,82205.72939642632,1.0,0.0,0.0
cosmx_bcc_xdonor_spot_0000005599,-115703.5103042229,82611.06511071205,0.9523809523809524,0.0,0.0476190476190476
cosmx_bcc_xdonor_spot_0000005600,-115823.56287031098,82979.60066945595,1.0,0.0,0.0
cosmx_bcc_xdonor_spot_0000005601,-115824.42001316813,83333.31495517024,0.7142857142857143,0.0,0.1428571428571428
cosmx_bcc_xdonor_spot_0000005602,-115836.93787031098,83671.9935265988,0.125,0.5,0.25
cosmx_bcc_xdonor_spot_0000005603,-115846.81287031098,84095.8685265988,0.0,0.375,0.125
cosmx_bcc_xdonor_spot_0000005605,-115836.81287031098,84790.1185265988,0.0,0.0,0.0
cosmx_bcc_xdonor_spot_0000005607,-115829.39620364433,85534.7435265988,0.0,0.1666666666666666,0.0
cosmx_bcc_xdonor_spot_0000005610,-115811.36287031099,86643.7435265988,0.4,0.4,0.0
cosmx_bcc_xdonor_spot_0000005612,-115242.63834430298,41683.54523250987,0.9333333333333332,0.0666666666666666,0.0
cosmx_bcc_xdonor_spot_0000005613,-115257.08834430297,42089.3535658432,1.0,0.0,0.0
cosmx_bcc_xdonor_spot_0000005614,-115265.0201624848,42492.38765675229,1.0,0.0,0.0
cosmx_bcc_xdonor_spot_0000005615,-115272.43834430298,42860.2785658432,1.0,0.0,0.0
cosmx_bcc_xdonor_spot_0000005616,-115262.83834430297,43192.2910658432,1.0,0.0,0.0
cosmx_bcc_xdonor_spot_0000005617,-115259.08834430297,43582.6035658432,1.0,0.0,0.0
cosmx_bcc_xdonor_spot_0000005618,-115262.4854031265,43973.06680113732,0.9411764705882352,0.0,0.0588235294117647
cosmx_bcc_xdonor_spot_0000005619,-115284.70501096964,44341.411899176535,0.7333333333333333,0.1333333333333333,0.1333333333333333
cosmx_bcc_xdonor_spot_0000005620,-115269.62405858868,44743.76428012892,1.0,0.0,0.0
cosmx_bcc_xdonor_spot_0000005621,-115251.37680584144,45091.786258150896,1.0,0.0,0.0
cosmx_bcc_xdonor_spot_0000005623,-115266.0201624848,45860.631035984334,0.8181818181818182,0.1818181818181818,0.0
cosmx_bcc_xdonor_spot_0000005624,-115274.9152673799,46182.82731140032,1.0,0.0,0.0
cosmx_bcc_xdonor_spot_0000005625,-115258.92167763632,46605.276029349036,1.0,0.0,0.0
cosmx_bcc_xdonor_spot_0000005626,-115284.38379884843,46957.80633237934,1.0,0.0,0.0
cosmx_bcc_xdonor_spot_0000005627,-115260.33834430297,47329.359362682364,0.9166666666666666,0.0833333333333333,0.0
cosmx_bcc_xdonor_spot_0000005628,-115237.20198066662,47720.80633237934,1.0,0.0,0.0
cosmx_bcc_xdonor_spot_0000005629,-115247.13834430298,48069.1426960157,0.4,0.6,0.0
cosmx_bcc_xdonor_spot_0000005630,-115264.71334430299,48503.3176960157,0.25,0.75,0.0
cosmx_bcc_xdonor_spot_0000005631,-115236.50501096965,48854.1926960157,0.9166666666666666,0.0833333333333333,0.0
cosmx_bcc_xdonor_spot_0000005632,-115268.46334430299,49226.9426960157,0.375,0.625,0.0
cosmx_bcc_xdonor_spot_0000005633,-115268.13834430298,49589.8426960157,1.0,0.0,0.0
cosmx_bcc_xdonor_spot_0000005634,-115267.01927090617,50005.8809370032,0.8181818181818182,0.1818181818181818,0.0
cosmx_bcc_xdonor_spot_0000005635,-115357.3030494967,50334.27349285487,0.6666666666666666,0.2666666666666666,0.0666666666666666
cosmx_bcc_xdonor_spot_0000005636,-115292.16971616336,50696.34015952153,0.8666666666666667,0.0,0.1333333333333333
cosmx_bcc_xdonor_spot_0000005637,-115332.6919383856,51073.129048410425,1.0,0.0,0.0
cosmx_bcc_xdonor_spot_0000005638,-115365.04814753593,51506.75976736467,0.6470588235294118,0.3529411764705882,0.0
cosmx_bcc_xdonor_spot_0000005639,-115312.80304949671,51892.01793729931,1.0,0.0,0.0
cosmx_bcc_xdonor_spot_0000005640,-115309.92209711575,52214.76396904534,0.2857142857142857,0.7142857142857143,0.0
cosmx_bcc_xdonor_spot_0000005641,-115389.89954072477,52637.66998408294,0.0526315789473684,0.8947368421052632,0.0
cosmx_bcc_xdonor_spot_0000005642,-115359.6708655886,52965.82061929161,0.6206896551724138,0.3448275862068966,0.0
cosmx_bcc_xdonor_spot_0000005643,-115355.43638283003,53313.30682618819,0.85,0.1,0.05
cosmx_bcc_xdonor_spot_0000005644,-115347.68901440898,53689.4068261882,1.0,0.0,0.0
cosmx_bcc_xdonor_spot_0000005645,-115342.59290456913,54082.49378270992,0.9565217391304348,0.0434782608695652,0.0
cosmx_bcc_xdonor_spot_0000005646,-115332.25710836858,54466.65667064641,1.0,0.0,0.0
cosmx_bcc_xdonor_spot_0000005647,-115345.0977677092,54804.71711020683,0.8461538461538461,0.1538461538461538,0.0
cosmx_bcc_xdonor_spot_0000005648,-115311.67469078618,55284.52480251455,0.8461538461538461,0.1538461538461538,0.0
cosmx_bcc_xdonor_spot_0000005649,-115338.42853693997,55577.29095636068,1.0,0.0,0.0
cosmx_bcc_xdonor_spot_0000005650,-115348.66724661736,55943.08063378002,1.0,0.0,0.0
cosmx_bcc_xdonor_spot_0000005651,-115360.0666321781,56331.466194455934,1.0,0.0,0.0
cosmx_bcc_xdonor_spot_0000005652,-115366.12853694001,56697.9709563607,1.0,0.0,0.0
cosmx_bcc_xdonor_spot_0000005653,-115357.4601158874,57064.949903729124,1.0,0.0,0.0
cosmx_bcc_xdonor_spot_0000005654,-115304.23762784908,57453.189138178874,1.0,0.0,0.0
cosmx_bcc_xdonor_spot_0000005655,-115313.77853694002,57811.4709563607,1.0,0.0,0.0
cosmx_bcc_xdonor_spot_0000005656,-115318.53687027331,58241.53762302734,1.0,0.0,0.0
cosmx_bcc_xdonor_spot_0000005657,-115332.60631471779,58466.48206747181,1.0,0.0,0.0
cosmx_bcc_xdonor_spot_0000005704,-115361.60739745868,76186.48193292036,1.0,0.0,0.0
cosmx_bcc_xdonor_spot_0000005705,-115321.08358793486,76554.45812339654,0.9285714285714286,0.0,0.0714285714285714
cosmx_bcc_xdonor_spot_0000005706,-115366.140730792,76824.41526625371,1.0,0.0,0.0
cosmx_bcc_xdonor_spot_0000005707,-115311.41441500252,77403.3942136221,1.0,0.0,0.0
cosmx_bcc_xdonor_spot_0000005708,-115337.440730792,77684.17890261732,0.9545454545454546,0.0,0.0454545454545454
cosmx_bcc_xdonor_spot_0000005709,-115324.85377427026,78072.46744016673,1.0,0.0,0.0
cosmx_bcc_xdonor_spot_0000005710,-115319.02075020903,78462.36644762557,0.9130434782608696,0.0,0.0869565217391304
cosmx_bcc_xdonor_spot_0000005711,-115344.94244708007,78815.95439642636,0.95,0.025,0.0
cosmx_bcc_xdonor_spot_0000005712,-115324.57956829219,79213.2642449112,0.8787878787878788,0.0909090909090909,0.0
cosmx_bcc_xdonor_spot_0000005713,-115332.33041004303,79554.37198901894,1.0,0.0,0.0
cosmx_bcc_xdonor_spot_0000005714,-115350.30684101945,79947.44606309303,1.0,0.0,0.0
cosmx_bcc_xdonor_spot_0000005715,-115320.90590861852,80322.20247334942,1.0,0.0,0.0
cosmx_bcc_xdonor_spot_0000005716,-115357.83173279434,80707.92225356921,1.0,0.0,0.0
cosmx_bcc_xdonor_spot_0000005717,-115345.58966930227,81070.05717420409,1.0,0.0,0.0
cosmx_bcc_xdonor_spot_0000005718,-115360.5103042229,81460.54130118823,1.0,0.0,0.0
cosmx_bcc_xdonor_spot_0000005719,-115323.36744708003,81799.39050753744,1.0,0.0,0.0
cosmx_bcc_xdonor_spot_0000005720,-115335.99244708005,82191.98772975967,1.0,0.0,0.0
cosmx_bcc_xdonor_spot_0000005721,-115341.9230026356,82580.16828531522,0.7777777777777778,0.1666666666666666,0.0555555555555555
cosmx_bcc_xdonor_spot_0000005734,-114969.70790952037,41693.522044104066,1.0,0.0,0.0
cosmx_bcc_xdonor_spot_0000005735,-114967.73834430298,42072.5785658432,1.0,0.0,0.0
cosmx_bcc_xdonor_spot_0000005736,-114933.78571272404,42465.004881632674,1.0,0.0,0.0
cosmx_bcc_xdonor_spot_0000005737,-114974.97470793934,42859.79674766138,1.0,0.0,0.0
cosmx_bcc_xdonor_spot_0000005738,-114939.83834430299,43206.8785658432,1.0,0.0,0.0
cosmx_bcc_xdonor_spot_0000005739,-114970.22723319186,43593.034121398756,1.0,0.0,0.0
cosmx_bcc_xdonor_spot_0000005740,-114991.61107157571,43934.70583857047,0.8636363636363636,0.1363636363636363,0.0
cosmx_bcc_xdonor_spot_0000005741,-114987.47470793934,44319.933111297745,0.0,0.9090909090909092,0.0909090909090909
cosmx_bcc_xdonor_spot_0000005742,-114958.24743521208,44702.02402038866,0.9090909090909092,0.0454545454545454,0.0454545454545454
cosmx_bcc_xdonor_spot_0000005743,-114971.78278874741,45064.86745473209,1.0,0.0,0.0
cosmx_bcc_xdonor_spot_0000005744,-114973.99459430297,45464.16606584323,0.96875,0.03125,0.0
cosmx_bcc_xdonor_spot_0000005745,-114958.02882049346,45843.691039775935,1.0,0.0,0.0
cosmx_bcc_xdonor_spot_0000005746,-115003.20198066662,46218.66996874297,1.0,0.0,0.0
cosmx_bcc_xdonor_spot_0000005747,-114990.83834430299,46599.53793411094,1.0,0.0,0.0
cosmx_bcc_xdonor_spot_0000005748,-114963.0201624848,46950.07905965206,1.0,0.0,0.0
cosmx_bcc_xdonor_spot_0000005749,-114966.98120144584,47306.34745792046,0.9523809523809524,0.0476190476190476,0.0
cosmx_bcc_xdonor_spot_0000005750,-114947.79288975753,47706.66996874297,1.0,0.0,0.0
cosmx_bcc_xdonor_spot_0000005751,-114911.61612208077,48029.33158490459,0.6666666666666666,0.3333333333333333,0.0
cosmx_bcc_xdonor_spot_0000005752,-114990.7229596876,48488.01961909263,1.0,0.0,0.0
cosmx_bcc_xdonor_spot_0000005753,-114987.97470793934,48866.71542328843,1.0,0.0,0.0
cosmx_bcc_xdonor_spot_0000005754,-114946.30893253826,49174.20740189805,0.8235294117647058,0.1764705882352941,0.0
cosmx_bcc_xdonor_spot_0000005755,-114944.06911353374,49555.05808063108,0.0769230769230769,0.9230769230769232,0.0
cosmx_bcc_xdonor_spot_0000005756,-114978.42190350982,50007.961843031655,0.8461538461538461,0.0,0.0769230769230769
cosmx_bcc_xdonor_spot_0000005757,-114976.94073065609,50328.88508705776,1.0,0.0,0.0
cosmx_bcc_xdonor_spot_0000005758,-114980.38638283,50712.74015952152,1.0,0.0,0.0
cosmx_bcc_xdonor_spot_0000005759,-114930.52527171893,51049.740159521534,0.8888888888888888,0.0555555555555555,0.0
cosmx_bcc_xdonor_spot_0000005760,-114971.0649542586,51540.4068261882,1.0,0.0,0.0
cosmx_bcc_xdonor_spot_0000005761,-114956.06495425859,51833.31158809296,1.0,0.0,0.0
cosmx_bcc_xdonor_spot_0000005762,-114992.81285341828,52188.28917912937,0.4117647058823529,0.4705882352941176,0.0588235294117647
cosmx_bcc_xdonor_spot_0000005763,-114963.44407513768,52601.36836464971,0.3461538461538461,0.6153846153846154,0.0
cosmx_bcc_xdonor_spot_0000005764,-114969.42948627826,52950.165446877814,0.9310344827586208,0.0689655172413793,0.0
cosmx_bcc_xdonor_spot_0000005765,-114954.68901440898,53364.459457767145,1.0,0.0,0.0
cosmx_bcc_xdonor_spot_0000005766,-114932.23638283003,53716.15682618819,1.0,0.0,0.0
cosmx_bcc_xdonor_spot_0000005767,-114956.30304949667,54073.28182618818,0.9583333333333334,0.0416666666666666,0.0
cosmx_bcc_xdonor_spot_0000005768,-115053.87984458836,54450.54360133195,1.0,0.0,0.0
cosmx_bcc_xdonor_spot_0000005769,-115059.02853694002,54841.03762302737,0.8,0.2,0.0
cosmx_bcc_xdonor_spot_0000005770,-115062.02853694002,55224.3709563607,0.5,0.4,0.0
cosmx_bcc_xdonor_spot_0000005771,-115061.13622924771,55595.75557174532,1.0,0.0,0.0
cosmx_bcc_xdonor_spot_0000005772,-115059.05930617079,55930.67864866839,1.0,0.0,0.0
cosmx_bcc_xdonor_spot_0000005773,-115048.59776770926,56334.06326405301,1.0,0.0,0.0
cosmx_bcc_xdonor_spot_0000005774,-115055.73762784911,56685.82550181525,0.9090909090909092,0.0909090909090909,0.0
cosmx_bcc_xdonor_spot_0000005775,-115052.10126421275,57075.09822908798,1.0,0.0,0.0
cosmx_bcc_xdonor_spot_0000005776,-115064.14103694003,57458.058456360704,1.0,0.0,0.0
cosmx_bcc_xdonor_spot_0000005777,-115036.25710836859,57844.870956360704,1.0,0.0,0.0
cosmx_bcc_xdonor_spot_0000005778,-115051.02853694002,58249.9709563607,1.0,0.0,0.0
cosmx_bcc_xdonor_spot_0000005779,-115052.7174258289,58477.48206747181,1.0,0.0,0.0
cosmx_bcc_xdonor_spot_0000005827,-115000.03596888724,76629.43431387273,1.0,0.0,0.0
cosmx_bcc_xdonor_spot_0000005828,-114936.58358793486,76890.95812339654,1.0,0.0,0.0
cosmx_bcc_xdonor_spot_0000005829,-114961.09457694585,77335.1998816383,1.0,0.0,0.0
cosmx_bcc_xdonor_spot_0000005830,-114974.940730792,77686.39859958702,1.0,0.0,0.0
cosmx_bcc_xdonor_spot_0000005831,-114965.39527624655,78082.67890261732,1.0,0.0,0.0
cosmx_bcc_xdonor_spot_0000005832,-114946.64852304266,78439.22147088735,1.0,0.0,0.0
cosmx_bcc_xdonor_spot_0000005833,-114985.40911374672,78837.77939642634,1.0,0.0,0.0
cosmx_bcc_xdonor_spot_0000005834,-114955.53887565149,79195.72225356921,0.9714285714285714,0.0,0.0285714285714285
cosmx_bcc_xdonor_spot_0000005835,-114993.99707670968,79571.48310013005,1.0,0.0,0.0
cosmx_bcc_xdonor_spot_0000005836,-114954.11744708006,79949.10082499777,1.0,0.0,0.0
cosmx_bcc_xdonor_spot_0000005837,-114957.76744708006,80332.61272975968,1.0,0.0,0.0
cosmx_bcc_xdonor_spot_0000005838,-114984.88596559857,80712.55717420412,1.0,0.0,0.0
cosmx_bcc_xdonor_spot_0000005839,-114951.5848383844,81068.1272225133,1.0,0.0,0.0
cosmx_bcc_xdonor_spot_0000005840,-114962.40911374672,81472.40439642634,1.0,0.0,0.0
cosmx_bcc_xdonor_spot_0000005841,-114965.64744708006,81819.65939642634,0.96,0.0,0.0
cosmx_bcc_xdonor_spot_0000005842,-114949.82199253455,82182.23394188084,0.4545454545454545,0.3636363636363636,0.0
cosmx_bcc_xdonor_spot_0000005843,-115000.36744708,82536.59757824447,0.0,0.5454545454545454,0.2727272727272727
cosmx_bcc_xdonor_spot_0000005856,-114573.17167763632,41705.81189917653,1.0,0.0,0.0
cosmx_bcc_xdonor_spot_0000005857,-114581.17167763632,42094.28808965272,1.0,0.0,0.0
cosmx_bcc_xdonor_spot_0000005858,-114596.71334430297,42465.3535658432,0.6875,0.3125,0.0
cosmx_bcc_xdonor_spot_0000005859,-114591.18834430298,42823.8285658432,0.2,0.7,0.05
cosmx_bcc_xdonor_spot_0000005860,-114587.62781798719,43234.21540794846,0.7368421052631579,0.2631578947368421,0.0
cosmx_bcc_xdonor_spot_0000005861,-114598.93834430298,43605.6285658432,1.0,0.0,0.0
cosmx_bcc_xdonor_spot_0000005862,-114565.83834430297,43934.21189917654,0.8,0.2,0.0
cosmx_bcc_xdonor_spot_0000005863,-114597.15413377667,44333.004881632674,0.0,1.0,0.0
cosmx_bcc_xdonor_spot_0000005864,-114566.73834430298,44733.3785658432,0.75,0.2,0.05
cosmx_bcc_xdonor_spot_0000005865,-114578.46334430297,45059.31189917654,1.0,0.0,0.0
cosmx_bcc_xdonor_spot_0000005866,-114580.13001096965,45471.93689917654,1.0,0.0,0.0
cosmx_bcc_xdonor_spot_0000005867,-114584.79834430298,45838.094174360514,0.96,0.04,0.0
cosmx_bcc_xdonor_spot_0000005868,-114583.29288975753,46216.71542328843,1.0,0.0,0.0
cosmx_bcc_xdonor_spot_0000005869,-114590.98834430298,46563.8926960157,1.0,0.0,0.0
cosmx_bcc_xdonor_spot_0000005870,-114630.88379884843,46948.397241470244,1.0,0.0,0.0
cosmx_bcc_xdonor_spot_0000005871,-114608.08834430297,47361.1301960157,0.625,0.375,0.0
cosmx_bcc_xdonor_spot_0000005872,-114581.33834430297,47713.13500370802,1.0,0.0,0.0
cosmx_bcc_xdonor_spot_0000005873,-114594.96877908558,48080.70356558091,1.0,0.0,0.0
cosmx_bcc_xdonor_spot_0000005874,-114623.02584430297,48407.8801960157,0.9375,0.0625,0.0
cosmx_bcc_xdonor_spot_0000005875,-114577.9559913618,48821.38387248629,0.8823529411764706,0.1176470588235294,0.0
cosmx_bcc_xdonor_spot_0000005876,-114592.66593050987,49208.304764981236,0.9655172413793104,0.0344827586206896,0.0
cosmx_bcc_xdonor_spot_0000005877,-114566.17167763632,49606.776029349036,0.9523809523809524,0.0476190476190476,0.0
cosmx_bcc_xdonor_spot_0000005878,-114568.29025323398,49964.376849237146,0.8421052631578947,0.1578947368421052,0.0
cosmx_bcc_xdonor_spot_0000005879,-114611.4784880932,50306.880510398725,1.0,0.0,0.0
cosmx_bcc_xdonor_spot_0000005880,-114582.68901440898,50686.77524724083,1.0,0.0,0.0
cosmx_bcc_xdonor_spot_0000005881,-114594.35066854431,51102.69254047391,0.8571428571428571,0.0,0.0714285714285714
cosmx_bcc_xdonor_spot_0000005882,-114566.69520635945,51466.936237952905,1.0,0.0,0.0
cosmx_bcc_xdonor_spot_0000005883,-114589.59638283,51830.086826188184,0.68,0.32,0.0
cosmx_bcc_xdonor_spot_0000005884,-114599.58638283002,52190.4068261882,0.0,1.0,0.0
cosmx_bcc_xdonor_spot_0000005885,-114585.34471616334,52605.65682618818,0.875,0.125,0.0
cosmx_bcc_xdonor_spot_0000005886,-114600.72729192092,52942.17955346091,1.0,0.0,0.0
cosmx_bcc_xdonor_spot_0000005887,-114582.18183737546,53308.406826188184,1.0,0.0,0.0
cosmx_bcc_xdonor_spot_0000005888,-114567.81029587348,53693.79813053601,1.0,0.0,0.0
cosmx_bcc_xdonor_spot_0000005889,-114594.79638283,54092.606826188174,1.0,0.0,0.0
cosmx_bcc_xdonor_spot_0000005951,-114701.8498217011,77339.17890261732,1.0,0.0,0.0
cosmx_bcc_xdonor_spot_0000005952,-114696.27406412533,77685.59304403147,1.0,0.0,0.0
cosmx_bcc_xdonor_spot_0000005953,-114691.47919233047,78052.73834317677,1.0,0.0,0.0
cosmx_bcc_xdonor_spot_0000005954,-114620.6394321936,78512.7901573745,1.0,0.0,0.0
cosmx_bcc_xdonor_spot_0000005955,-114583.63060497478,78821.83202800527,1.0,0.0,0.0
cosmx_bcc_xdonor_spot_0000005956,-114598.49244708005,79192.57106309301,1.0,0.0,0.0
cosmx_bcc_xdonor_spot_0000005957,-114581.94809224135,79563.00520287796,1.0,0.0,0.0
cosmx_bcc_xdonor_spot_0000005958,-114591.08173279434,79949.38653928349,1.0,0.0,0.0
cosmx_bcc_xdonor_spot_0000005959,-114606.17513938775,80327.01016565712,1.0,0.0,0.0
cosmx_bcc_xdonor_spot_0000005960,-114596.61744708005,80690.57939642633,1.0,0.0,0.0
cosmx_bcc_xdonor_spot_0000005961,-114601.85020570074,81070.95181021946,1.0,0.0,0.0
cosmx_bcc_xdonor_spot_0000005962,-114578.48744708006,81460.85939642634,0.96,0.0,0.0
cosmx_bcc_xdonor_spot_0000005963,-114647.36744707999,81743.9043964263,0.75,0.25,0.0
cosmx_bcc_xdonor_spot_0000005964,-114582.99244708003,82188.09189642631,0.0625,0.625,0.0625
cosmx_bcc_xdonor_spot_0000005965,-114610.16744707999,82564.37939642629,0.0,0.4,0.2
cosmx_bcc_xdonor_spot_0000005978,-114184.20871467335,41689.03412139876,1.0,0.0,0.0
cosmx_bcc_xdonor_spot_0000005979,-114206.08834430297,42055.3535658432,1.0,0.0,0.0
cosmx_bcc_xdonor_spot_0000005980,-114204.33834430297,42508.2910658432,0.0,1.0,0.0
cosmx_bcc_xdonor_spot_0000005981,-114205.62095299864,42822.60900062581,0.0434782608695652,0.8695652173913043,0.0434782608695652
cosmx_bcc_xdonor_spot_0000005982,-114237.22723319186,43220.4785658432,0.0555555555555555,0.7222222222222222,0.0
cosmx_bcc_xdonor_spot_0000005983,-114199.63834430298,43549.0785658432,0.0666666666666666,0.9333333333333332,0.0
cosmx_bcc_xdonor_spot_0000005984,-114213.15413377667,43964.05751321162,0.1052631578947368,0.8947368421052632,0.0
cosmx_bcc_xdonor_spot_0000005985,-114196.09921386819,44357.869870191025,0.6956521739130435,0.3043478260869565,0.0
cosmx_bcc_xdonor_spot_0000005986,-114214.95834430298,44710.47856584321,1.0,0.0,0.0
cosmx_bcc_xdonor_spot_0000005987,-114227.38001096965,45071.4785658432,0.875,0.125,0.0
cosmx_bcc_xdonor_spot_0000005988,-114201.14868913057,45461.582014119085,0.9655172413793104,0.0,0.0344827586206896
cosmx_bcc_xdonor_spot_0000005989,-114215.47470793934,45843.210054453535,0.9696969696969696,0.0303030303030303,0.0
cosmx_bcc_xdonor_spot_0000005990,-114214.83834430297,46202.486174276564,1.0,0.0,0.0
cosmx_bcc_xdonor_spot_0000005991,-114221.93358239823,46578.53793411094,1.0,0.0,0.0
cosmx_bcc_xdonor_spot_0000005992,-114168.28834430299,46908.2426960157,0.9,0.05,0.05
cosmx_bcc_xdonor_spot_0000005993,-114210.76691573155,47363.085553158555,0.4285714285714285,0.5,0.0714285714285714
cosmx_bcc_xdonor_spot_0000005994,-114219.75501096965,47709.6926960157,1.0,0.0,0.0
cosmx_bcc_xdonor_spot_0000005995,-114184.31834430298,48090.042696015706,0.92,0.08,0.0
cosmx_bcc_xdonor_spot_0000005996,-114209.58834430297,48462.54983887286,1.0,0.0,0.0
cosmx_bcc_xdonor_spot_0000005997,-114210.58834430297,48850.276029349036,1.0,0.0,0.0
cosmx_bcc_xdonor_spot_0000005998,-114242.98120144584,49220.20460077761,0.9523809523809524,0.0476190476190476,0.0
cosmx_bcc_xdonor_spot_0000005999,-114226.97627533745,49601.201316705374,1.0,0.0,0.0
cosmx_bcc_xdonor_spot_0000006000,-114206.02775586108,49973.381935067446,0.85,0.15,0.0
cosmx_bcc_xdonor_spot_0000006001,-114239.08082727449,50370.4068261882,0.9444444444444444,0.0555555555555555,0.0
cosmx_bcc_xdonor_spot_0000006002,-114218.38638283,50731.74015952152,1.0,0.0,0.0
cosmx_bcc_xdonor_spot_0000006003,-114215.76971616337,51106.0068261882,0.8666666666666667,0.0,0.0
cosmx_bcc_xdonor_spot_0000006004,-114219.34471616334,51450.823492854855,0.9583333333333334,0.0,0.0
cosmx_bcc_xdonor_spot_0000006005,-114235.83638282999,51823.88682618818,0.64,0.36,0.0
cosmx_bcc_xdonor_spot_0000006006,-114237.5059480474,52190.36334792732,0.0,0.782608695652174,0.0
cosmx_bcc_xdonor_spot_0000006007,-114220.63638283004,52614.24893145136,0.6842105263157895,0.3157894736842105,0.0
cosmx_bcc_xdonor_spot_0000006008,-114208.23638283,52958.286826188174,1.0,0.0,0.0
cosmx_bcc_xdonor_spot_0000006009,-114214.93267912629,53354.70312248446,1.0,0.0,0.0
cosmx_bcc_xdonor_spot_0000006010,-114199.31638282999,53708.40682618818,1.0,0.0,0.0
cosmx_bcc_xdonor_spot_0000006011,-114220.55638283,54078.84682618817,1.0,0.0,0.0
cosmx_bcc_xdonor_spot_0000006076,-114225.82199253455,78570.87030551721,1.0,0.0,0.0
cosmx_bcc_xdonor_spot_0000006077,-114223.4044841171,78837.22384087079,1.0,0.0,0.0
cosmx_bcc_xdonor_spot_0000006078,-114209.00744708005,79193.93939642634,1.0,0.0,0.0
cosmx_bcc_xdonor_spot_0000006079,-114244.36744708003,79547.84189642631,1.0,0.0,0.0
cosmx_bcc_xdonor_spot_0000006080,-114223.47089535592,79956.46905159876,1.0,0.0,0.0
cosmx_bcc_xdonor_spot_0000006081,-114200.78124018351,80325.538017116,1.0,0.0,0.0
cosmx_bcc_xdonor_spot_0000006082,-114216.59821631083,80701.70247334942,1.0,0.0,0.0
cosmx_bcc_xdonor_spot_0000006083,-114226.52744708005,81093.93939642634,1.0,0.0,0.0
cosmx_bcc_xdonor_spot_0000006084,-114229.27067288652,81412.8761706199,0.967741935483871,0.0,0.0
cosmx_bcc_xdonor_spot_0000006085,-114207.46744708,81882.17939642629,0.0,0.7,0.2
cosmx_bcc_xdonor_spot_0000006086,-114198.70078041335,82215.11272975962,0.0833333333333333,0.5833333333333334,0.0833333333333333
cosmx_bcc_xdonor_spot_0000006087,-114141.56744708,82599.17939642629,0.0,0.2,0.0
cosmx_bcc_xdonor_spot_0000006100,-113843.90501096964,41711.44523250988,1.0,0.0,0.0
cosmx_bcc_xdonor_spot_0000006101,-113852.33834430297,42077.51702738166,0.4615384615384615,0.4615384615384615,0.0769230769230769
cosmx_bcc_xdonor_spot_0000006102,-113842.08834430297,42466.014280128926,0.0,0.6428571428571429,0.0
cosmx_bcc_xdonor_spot_0000006103,-113837.50501096965,42827.20078806542,0.0,0.6111111111111112,0.0
cosmx_bcc_xdonor_spot_0000006104,-113875.53834430299,43228.3785658432,0.0,1.0,0.0
cosmx_bcc_xdonor_spot_0000006105,-113820.15652612117,43615.79674766138,0.4090909090909091,0.5,0.0909090909090909
cosmx_bcc_xdonor_spot_0000006106,-113818.11107157571,43951.70583857047,0.8181818181818182,0.1818181818181818,0.0
cosmx_bcc_xdonor_spot_0000006107,-113826.4152673799,44330.70933507398,1.0,0.0,0.0
cosmx_bcc_xdonor_spot_0000006108,-113850.53065199529,44713.5939504586,1.0,0.0,0.0
cosmx_bcc_xdonor_spot_0000006109,-113818.89716783239,45069.713859960844,0.5294117647058824,0.4705882352941176,0.0
cosmx_bcc_xdonor_spot_0000006110,-113807.79667763632,45450.68689917654,0.875,0.125,0.0
cosmx_bcc_xdonor_spot_0000006111,-113847.10501096964,45835.42131929156,0.9666666666666668,0.0,0.0333333333333333
cosmx_bcc_xdonor_spot_0000006112,-113853.63001096965,46217.8176960157,1.0,0.0,0.0
cosmx_bcc_xdonor_spot_0000006113,-113808.39834430297,46592.2426960157,1.0,0.0,0.0
cosmx_bcc_xdonor_spot_0000006114,-113848.60305018532,46880.560343074525,0.8823529411764706,0.1176470588235294,0.0
cosmx_bcc_xdonor_spot_0000006115,-113847.33834430297,47405.22841030142,0.0714285714285714,0.7142857142857143,0.0714285714285714
cosmx_bcc_xdonor_spot_0000006116,-113842.47834430297,47713.322696015704,0.96,0.04,0.0
cosmx_bcc_xdonor_spot_0000006117,-113841.11107157571,48072.53360510661,1.0,0.0,0.0
cosmx_bcc_xdonor_spot_0000006118,-113843.33834430297,48458.109362682364,1.0,0.0,0.0
cosmx_bcc_xdonor_spot_0000006119,-113834.91834430298,48835.12269601571,0.96,0.04,0.0
cosmx_bcc_xdonor_spot_0000006120,-113810.89389985852,49216.4426960157,0.8333333333333334,0.1666666666666666,0.0
cosmx_bcc_xdonor_spot_0000006121,-113849.29988276452,49541.82731140032,0.5384615384615384,0.4615384615384615,0.0
cosmx_bcc_xdonor_spot_0000006122,-113834.49795200839,49966.7355220502,1.0,0.0,0.0
cosmx_bcc_xdonor_spot_0000006123,-113803.42209711575,50339.83539761677,1.0,0.0,0.0
cosmx_bcc_xdonor_spot_0000006124,-113824.43638283004,50723.2068261882,1.0,0.0,0.0
cosmx_bcc_xdonor_spot_0000006125,-113836.80304949671,51087.96238174375,1.0,0.0,0.0
cosmx_bcc_xdonor_spot_0000006126,-113811.71638283,51470.446826188185,1.0,0.0,0.0
cosmx_bcc_xdonor_spot_0000006127,-113849.89564208925,51854.85127063262,0.8888888888888888,0.1111111111111111,0.0
cosmx_bcc_xdonor_spot_0000006128,-113835.51873577121,52272.700943835254,0.4117647058823529,0.5882352941176471,0.0
cosmx_bcc_xdonor_spot_0000006129,-113864.63638282997,52586.82618102687,1.0,0.0,0.0
cosmx_bcc_xdonor_spot_0000006130,-113822.56741731273,52942.682688257126,1.0,0.0,0.0
cosmx_bcc_xdonor_spot_0000006131,-113832.81029587348,53341.711174014265,0.9565217391304348,0.0434782608695652,0.0
cosmx_bcc_xdonor_spot_0000006132,-113837.0454737391,53681.95228073364,1.0,0.0,0.0
cosmx_bcc_xdonor_spot_0000006133,-113829.63638282997,54080.891674673,1.0,0.0,0.0
cosmx_bcc_xdonor_spot_0000006199,-113992.22458993713,78795.92225356915,1.0,0.0,0.0
cosmx_bcc_xdonor_spot_0000006200,-113989.93887565142,79154.7793964263,1.0,0.0,0.0
cosmx_bcc_xdonor_spot_0000006202,-113992.36744707999,79895.44606309295,1.0,0.0,0.0
cosmx_bcc_xdonor_spot_0000006203,-113993.76744708,80348.17939642629,1.0,0.0,0.0
cosmx_bcc_xdonor_spot_0000006204,-113995.56744708,80705.5793964263,1.0,0.0,0.0
cosmx_bcc_xdonor_spot_0000006205,-113985.56744708,81096.17939642629,1.0,0.0,0.0
cosmx_bcc_xdonor_spot_0000006222,-113437.96334430297,41685.020232509865,1.0,0.0,0.0
cosmx_bcc_xdonor_spot_0000006223,-113453.63834430298,42068.7985658432,0.8,0.2,0.0
cosmx_bcc_xdonor_spot_0000006224,-113478.47834430297,42438.1185658432,0.64,0.36,0.0
cosmx_bcc_xdonor_spot_0000006225,-113441.28834430299,42830.7785658432,0.05,0.9,0.05
cosmx_bcc_xdonor_spot_0000006226,-113461.55709430297,43250.60356584322,0.90625,0.09375,0.0
cosmx_bcc_xdonor_spot_0000006227,-113461.71713218176,43588.84220220686,1.0,0.0,0.0
cosmx_bcc_xdonor_spot_0000006228,-113488.37680584144,43949.7862581509,1.0,0.0,0.0
cosmx_bcc_xdonor_spot_0000006229,-113457.20871467335,44348.40449176914,1.0,0.0,0.0
cosmx_bcc_xdonor_spot_0000006230,-113466.52584430297,44713.47856584323,1.0,0.0,0.0
cosmx_bcc_xdonor_spot_0000006231,-113478.32319278782,45099.99371735838,1.0,0.0,0.0
cosmx_bcc_xdonor_spot_0000006232,-113460.3568628215,45473.6637510284,1.0,0.0,0.0
cosmx_bcc_xdonor_spot_0000006233,-113482.65977287441,45838.205506668404,1.0,0.0,0.0
cosmx_bcc_xdonor_spot_0000006234,-113466.13834430298,46212.84269601572,1.0,0.0,0.0
cosmx_bcc_xdonor_spot_0000006235,-113463.33834430297,46589.47841030143,1.0,0.0,0.0
cosmx_bcc_xdonor_spot_0000006236,-113468.69548716012,46959.87126744427,0.4761904761904761,0.3809523809523809,0.0476190476190476
cosmx_bcc_xdonor_spot_0000006237,-113462.40977287441,47330.109362682364,0.4761904761904761,0.5238095238095238,0.0
cosmx_bcc_xdonor_spot_0000006238,-113480.83834430297,47715.042696015706,0.4,0.52,0.0
cosmx_bcc_xdonor_spot_0000006239,-113445.92530082472,48097.312261233084,0.6521739130434783,0.3478260869565217,0.0
cosmx_bcc_xdonor_spot_0000006240,-113466.94945541408,48454.998251571255,1.0,0.0,0.0
cosmx_bcc_xdonor_spot_0000006241,-113476.18449814913,48844.01961909263,1.0,0.0,0.0
cosmx_bcc_xdonor_spot_0000006242,-113466.63001096965,49214.0676960157,1.0,0.0,0.0
cosmx_bcc_xdonor_spot_0000006243,-113445.96877908558,49578.92095688526,0.8260869565217391,0.1304347826086956,0.0
cosmx_bcc_xdonor_spot_0000006244,-113447.61458840848,49972.3918179985,1.0,0.0,0.0
cosmx_bcc_xdonor_spot_0000006245,-113464.13638283001,50343.77046255183,1.0,0.0,0.0
cosmx_bcc_xdonor_spot_0000006246,-113477.51638283,50745.56682618818,1.0,0.0,0.0
cosmx_bcc_xdonor_spot_0000006247,-113481.33638283002,51072.6068261882,0.75,0.25,0.0
cosmx_bcc_xdonor_spot_0000006248,-113505.68183737546,51462.088644370015,0.5454545454545454,0.4545454545454545,0.0
cosmx_bcc_xdonor_spot_0000006249,-113480.36365555723,51820.982583763915,0.7272727272727273,0.2121212121212121,0.0
cosmx_bcc_xdonor_spot_0000006250,-113481.17804949667,52204.073492854855,0.1666666666666666,0.8333333333333334,0.0
cosmx_bcc_xdonor_spot_0000006251,-113490.77923997284,52568.12111190245,0.9642857142857144,0.0357142857142857,0.0
cosmx_bcc_xdonor_spot_0000006252,-113453.21971616334,52972.74015952151,1.0,0.0,0.0
cosmx_bcc_xdonor_spot_0000006253,-113451.59471616334,53337.61515952151,0.9583333333333334,0.0416666666666666,0.0
cosmx_bcc_xdonor_spot_0000006254,-113457.67638282999,53709.24682618817,1.0,0.0,0.0
cosmx_bcc_xdonor_spot_0000006255,-113469.52923997284,54097.47825475959,1.0,0.0,0.0
cosmx_bcc_xdonor_spot_0000006344,-113086.01691573155,41706.97856584321,1.0,0.0,0.0
cosmx_bcc_xdonor_spot_0000006345,-113100.45903395815,42096.16822101563,1.0,0.0,0.0
cosmx_bcc_xdonor_spot_0000006346,-113104.28834430299,42401.4785658432,0.5,0.5,0.0
cosmx_bcc_xdonor_spot_0000006347,-113115.5201624848,42827.79674766138,0.0454545454545454,0.7272727272727273,0.1363636363636363
cosmx_bcc_xdonor_spot_0000006348,-113089.89389985852,43197.81189917654,0.5,0.3888888888888889,0.0555555555555555
cosmx_bcc_xdonor_spot_0000006349,-113104.36775606767,43592.24327172555,1.0,0.0,0.0
cosmx_bcc_xdonor_spot_0000006350,-113075.44945541408,43959.20078806542,1.0,0.0,0.0
cosmx_bcc_xdonor_spot_0000006351,-113099.87538134001,44316.367454732106,1.0,0.0,0.0
cosmx_bcc_xdonor_spot_0000006352,-113106.08834430297,44717.43689917654,1.0,0.0,0.0
cosmx_bcc_xdonor_spot_0000006353,-113087.63001096965,45080.2285658432,1.0,0.0,0.0
cosmx_bcc_xdonor_spot_0000006354,-113088.13001096965,45441.89523250987,1.0,0.0,0.0
cosmx_bcc_xdonor_spot_0000006355,-113091.26691573155,45832.31264952554,1.0,0.0,0.0
cosmx_bcc_xdonor_spot_0000006356,-113094.50501096965,46221.109362682364,1.0,0.0,0.0
cosmx_bcc_xdonor_spot_0000006357,-113071.59834430298,46592.48269601571,1.0,0.0,0.0
cosmx_bcc_xdonor_spot_0000006358,-113076.72723319186,46962.776029349036,0.7222222222222222,0.2777777777777778,0.0
cosmx_bcc_xdonor_spot_0000006359,-113088.80130726594,47343.10936268238,1.0,0.0,0.0
cosmx_bcc_xdonor_spot_0000006360,-113063.83834430297,47724.09654216956,0.8461538461538461,0.1538461538461538,0.0
cosmx_bcc_xdonor_spot_0000006361,-113047.26142122605,48094.71192678494,0.9615384615384616,0.0384615384615384,0.0
cosmx_bcc_xdonor_spot_0000006362,-113094.10150219772,48471.60059075254,1.0,0.0,0.0
cosmx_bcc_xdonor_spot_0000006363,-113074.1716776363,48850.57602934905,1.0,0.0,0.0
cosmx_bcc_xdonor_spot_0000006364,-113118.6478681125,49227.15698172998,0.9047619047619048,0.0952380952380952,0.0
cosmx_bcc_xdonor_spot_0000006365,-113118.55263001726,49587.34745792046,0.6190476190476191,0.3809523809523809,0.0
cosmx_bcc_xdonor_spot_0000006366,-113071.24721428816,49989.90692988272,1.0,0.0,0.0
cosmx_bcc_xdonor_spot_0000006367,-113075.52527171893,50322.29571507709,0.9444444444444444,0.0,0.0
cosmx_bcc_xdonor_spot_0000006368,-113093.55638283,50715.84682618818,1.0,0.0,0.0
cosmx_bcc_xdonor_spot_0000006369,-113073.1919383856,51105.9068261882,0.1666666666666666,0.8333333333333334,0.0
cosmx_bcc_xdonor_spot_0000006370,-113092.98420891697,51453.27639140558,0.4782608695652174,0.5217391304347826,0.0
cosmx_bcc_xdonor_spot_0000006371,-113102.43638283,51828.766826188184,0.0,0.92,0.0
cosmx_bcc_xdonor_spot_0000006372,-113076.85860505221,52229.70312248447,0.5185185185185185,0.4074074074074074,0.037037037037037
cosmx_bcc_xdonor_spot_0000006373,-113101.86495425853,52600.77825475958,1.0,0.0,0.0
cosmx_bcc_xdonor_spot_0000006374,-113102.96971616332,52971.29571507705,1.0,0.0,0.0
cosmx_bcc_xdonor_spot_0000006375,-113097.73638282997,53356.34015952149,1.0,0.0,0.0
cosmx_bcc_xdonor_spot_0000006376,-113080.24507848218,53707.45030444905,1.0,0.0,0.0
cosmx_bcc_xdonor_spot_0000006377,-113092.40561359921,54099.82990311125,1.0,0.0,0.0
cosmx_bcc_xdonor_spot_0000006466,-112685.83834430297,41715.50886887353,0.9696969696969696,0.0303030303030303,0.0
cosmx_bcc_xdonor_spot_0000006467,-112700.74459430297,42103.25981584322,0.96875,0.03125,0.0
cosmx_bcc_xdonor_spot_0000006468,-112693.38379884843,42430.933111297745,0.7272727272727273,0.2727272727272727,0.0
cosmx_bcc_xdonor_spot_0000006469,-112699.10757507221,42884.17087353551,0.8846153846153846,0.1153846153846153,0.0
cosmx_bcc_xdonor_spot_0000006470,-112695.57908504372,43203.84893621358,0.925925925925926,0.074074074074074,0.0
cosmx_bcc_xdonor_spot_0000006471,-112702.26691573155,43577.26428012892,0.8571428571428571,0.1428571428571428,0.0
cosmx_bcc_xdonor_spot_0000006472,-112733.18209430297,43937.13481584323,1.0,0.0,0.0
cosmx_bcc_xdonor_spot_0000006473,-112717.60024906488,44324.28808965272,0.9523809523809524,0.0476190476190476,0.0
cosmx_bcc_xdonor_spot_0000006474,-112702.22069724415,44701.62562466676,1.0,0.0,0.0
cosmx_bcc_xdonor_spot_0000006475,-112723.89097588194,45081.95225005377,0.8421052631578947,0.1578947368421052,0.0
cosmx_bcc_xdonor_spot_0000006476,-112748.79667763632,45464.81189917654,0.7916666666666666,0.2083333333333333,0.0
cosmx_bcc_xdonor_spot_0000006477,-112715.38673139975,45847.38859370759,1.0,0.0,0.0
cosmx_bcc_xdonor_spot_0000006478,-112692.08834430297,46191.3176960157,1.0,0.0,0.0
cosmx_bcc_xdonor_spot_0000006479,-112721.51691573155,46607.156981730004,1.0,0.0,0.0
cosmx_bcc_xdonor_spot_0000006480,-112717.83834430297,46988.28644601573,1.0,0.0,0.0
cosmx_bcc_xdonor_spot_0000006481,-112733.91834430298,47325.8426960157,1.0,0.0,0.0
cosmx_bcc_xdonor_spot_0000006482,-112731.56911353374,47703.59654216956,1.0,0.0,0.0
cosmx_bcc_xdonor_spot_0000006483,-112718.83834430297,48082.98115755417,1.0,0.0,0.0
cosmx_bcc_xdonor_spot_0000006484,-112725.37405858868,48466.01412458714,1.0,0.0,0.0
cosmx_bcc_xdonor_spot_0000006485,-112746.22723319186,48873.83158490459,0.8888888888888888,0.1111111111111111,0.0
cosmx_bcc_xdonor_spot_0000006486,-112694.5339964769,49157.61660905917,0.9130434782608696,0.0869565217391304,0.0
cosmx_bcc_xdonor_spot_0000006487,-112709.23834430297,49626.0426960157,0.4666666666666667,0.5333333333333333,0.0
cosmx_bcc_xdonor_spot_0000006488,-112741.65443887335,49968.72390064935,0.875,0.125,0.0
cosmx_bcc_xdonor_spot_0000006489,-112716.77274646638,50326.67955346092,0.9090909090909092,0.0454545454545454,0.0454545454545454
cosmx_bcc_xdonor_spot_0000006490,-112733.13638283,50712.63759541895,0.9615384615384616,0.0384615384615384,0.0
cosmx_bcc_xdonor_spot_0000006491,-112728.90911010274,51065.95228073365,0.7727272727272727,0.2272727272727272,0.0
cosmx_bcc_xdonor_spot_0000006492,-112731.16019235383,51462.45444523582,0.7619047619047619,0.238095238095238,0.0
cosmx_bcc_xdonor_spot_0000006493,-112712.43638283,51829.24682618818,0.0,0.72,0.12
cosmx_bcc_xdonor_spot_0000006494,-112726.91224489894,52213.199929636445,0.6896551724137931,0.2413793103448276,0.0689655172413793
cosmx_bcc_xdonor_spot_0000006495,-112715.59792129153,52569.29144157279,0.9615384615384616,0.0,0.0
cosmx_bcc_xdonor_spot_0000006496,-112720.13638282997,52942.27349285482,1.0,0.0,0.0
cosmx_bcc_xdonor_spot_0000006497,-112717.72333935174,53315.885087057744,1.0,0.0,0.0
cosmx_bcc_xdonor_spot_0000006498,-112722.80879662308,53697.95855032609,1.0,0.0,0.0
cosmx_bcc_xdonor_spot_0000006499,-112720.60513282997,54095.813076188155,1.0,0.0,0.0
cosmx_bcc_xdonor_spot_0000006588,-112346.94360746088,41692.794355316924,1.0,0.0,0.0
cosmx_bcc_xdonor_spot_0000006589,-112348.94945541408,42087.18226954691,0.9629629629629628,0.037037037037037,0.0
cosmx_bcc_xdonor_spot_0000006590,-112380.35834430298,42492.6785658432,1.0,0.0,0.0
cosmx_bcc_xdonor_spot_0000006591,-112340.80263001726,42833.47856584321,1.0,0.0,0.0
cosmx_bcc_xdonor_spot_0000006592,-112337.15834430298,43204.9585658432,1.0,0.0,0.0
cosmx_bcc_xdonor_spot_0000006593,-112348.04887061878,43531.79435531688,0.8947368421052632,0.1052631578947368,0.0
cosmx_bcc_xdonor_spot_0000006594,-112328.94179257884,43953.4440830846,1.0,0.0,0.0
cosmx_bcc_xdonor_spot_0000006595,-112345.9559913618,44315.65503643147,1.0,0.0,0.0
cosmx_bcc_xdonor_spot_0000006596,-112331.42455119953,44714.47856584322,1.0,0.0,0.0
cosmx_bcc_xdonor_spot_0000006597,-112369.56911353374,45030.94010430475,0.8846153846153846,0.1153846153846153,0.0
cosmx_bcc_xdonor_spot_0000006598,-112355.65652612117,45465.52402038866,0.0909090909090909,0.7727272727272727,0.0
cosmx_bcc_xdonor_spot_0000006599,-112337.9898594545,45841.75659596346,1.0,0.0,0.0
cosmx_bcc_xdonor_spot_0000006600,-112346.96334430297,46211.651029349036,1.0,0.0,0.0
cosmx_bcc_xdonor_spot_0000006601,-112344.36215382679,46583.39507696808,0.9047619047619048,0.0952380952380952,0.0
cosmx_bcc_xdonor_spot_0000006602,-112380.83834430297,46955.8426960157,0.6666666666666666,0.3333333333333333,0.0
cosmx_bcc_xdonor_spot_0000006603,-112345.58834430299,47342.0926960157,0.85,0.15,0.0
cosmx_bcc_xdonor_spot_0000006604,-112357.03834430299,47716.0426960157,1.0,0.0,0.0
cosmx_bcc_xdonor_spot_0000006605,-112348.00501096965,48118.026029349036,1.0,0.0,0.0
cosmx_bcc_xdonor_spot_0000006606,-112331.58834430297,48478.151029349036,0.9166666666666666,0.0833333333333333,0.0
cosmx_bcc_xdonor_spot_0000006607,-112342.44945541408,48821.9426960157,0.2777777777777778,0.7222222222222222,0.0
cosmx_bcc_xdonor_spot_0000006608,-112359.60024906488,49177.585553158555,0.6666666666666666,0.3333333333333333,0.0
cosmx_bcc_xdonor_spot_0000006609,-112338.44945541408,49576.109362682364,0.6111111111111112,0.3888888888888889,0.0
cosmx_bcc_xdonor_spot_0000006610,-112340.12643407325,50001.724378678584,0.9629629629629628,0.0,0.0
cosmx_bcc_xdonor_spot_0000006611,-112305.47638282999,50354.24682618818,1.0,0.0,0.0
cosmx_bcc_xdonor_spot_0000006612,-112397.99352568717,50731.04968333105,0.8571428571428571,0.1428571428571428,0.0
cosmx_bcc_xdonor_spot_0000006613,-112334.59290456913,51076.92856531862,0.782608695652174,0.217391304347826,0.0
cosmx_bcc_xdonor_spot_0000006614,-112341.18476992674,51442.37456812365,0.4193548387096774,0.3870967741935484,0.032258064516129
cosmx_bcc_xdonor_spot_0000006615,-112342.3732249353,51854.66998408294,0.0526315789473684,0.8421052631578947,0.0526315789473684
cosmx_bcc_xdonor_spot_0000006616,-112340.31638282999,52219.766826188184,0.84,0.16,0.0
cosmx_bcc_xdonor_spot_0000006617,-112328.45991224173,52579.02447324697,1.0,0.0,0.0
cosmx_bcc_xdonor_spot_0000006618,-112330.13638282997,52984.54015952149,1.0,0.0,0.0
cosmx_bcc_xdonor_spot_0000006619,-112340.57755930055,53342.34800265874,1.0,0.0,0.0
cosmx_bcc_xdonor_spot_0000006620,-112327.99638283,53703.726826188176,0.96,0.04,0.0
cosmx_bcc_xdonor_spot_0000006621,-112337.52527171887,54106.11052989187,1.0,0.0,0.0
cosmx_bcc_xdonor_spot_0000006710,-111973.89716783239,41696.03738937264,1.0,0.0,0.0
cosmx_bcc_xdonor_spot_0000006711,-111980.54204800668,42068.84893621358,1.0,0.0,0.0
cosmx_bcc_xdonor_spot_0000006712,-111938.65652612117,42507.11492947956,0.7272727272727273,0.2727272727272727,0.0
cosmx_bcc_xdonor_spot_0000006713,-111956.01691573155,42838.15713727178,0.9285714285714286,0.0,0.0714285714285714
cosmx_bcc_xdonor_spot_0000006714,-111940.35834430298,43221.7985658432,1.0,0.0,0.0
cosmx_bcc_xdonor_spot_0000006715,-111965.61107157571,43560.11492947956,0.9090909090909092,0.0909090909090909,0.0
cosmx_bcc_xdonor_spot_0000006716,-111974.73834430298,44018.2785658432,1.0,0.0,0.0
cosmx_bcc_xdonor_spot_0000006717,-111985.13464059927,44320.40449176914,1.0,0.0,0.0
cosmx_bcc_xdonor_spot_0000006718,-111977.83834430297,44709.39523250987,1.0,0.0,0.0
cosmx_bcc_xdonor_spot_0000006719,-111970.87060236749,45086.704372294844,1.0,0.0,0.0
cosmx_bcc_xdonor_spot_0000006720,-111946.96877908558,45474.95682671276,0.217391304347826,0.6521739130434783,0.0
cosmx_bcc_xdonor_spot_0000006721,-111961.53065199529,45844.493574032924,0.4615384615384615,0.5,0.0
cosmx_bcc_xdonor_spot_0000006722,-111989.53065199529,46218.2503883234,1.0,0.0,0.0
cosmx_bcc_xdonor_spot_0000006723,-111951.38001096965,46592.151029349036,0.9166666666666666,0.0833333333333333,0.0
cosmx_bcc_xdonor_spot_0000006724,-111934.37680584144,46910.750388323395,0.7692307692307693,0.2307692307692307,0.0
cosmx_bcc_xdonor_spot_0000006725,-111943.4854031265,47381.61916660394,0.8235294117647058,0.1764705882352941,0.0
cosmx_bcc_xdonor_spot_0000006726,-111939.78278874741,47733.387140460145,0.9444444444444444,0.0555555555555555,0.0
cosmx_bcc_xdonor_spot_0000006727,-111966.29988276452,48096.13500370802,1.0,0.0,0.0
cosmx_bcc_xdonor_spot_0000006728,-111961.93834430298,48457.976029349054,0.6666666666666666,0.3,0.0
cosmx_bcc_xdonor_spot_0000006729,-111997.33834430297,48837.05380712681,0.0,0.7777777777777778,0.0555555555555555
cosmx_bcc_xdonor_spot_0000006730,-111967.96334430297,49169.2551960157,0.0,1.0,0.0
cosmx_bcc_xdonor_spot_0000006731,-111960.5605665252,49594.83158490459,0.9444444444444444,0.0555555555555555,0.0
cosmx_bcc_xdonor_spot_0000006732,-111932.42779915122,49981.54566415233,1.0,0.0,0.0
cosmx_bcc_xdonor_spot_0000006733,-111963.07392171554,50322.54968333103,0.6071428571428571,0.3928571428571428,0.0
cosmx_bcc_xdonor_spot_0000006734,-112024.88817632143,50691.9068261882,0.0,0.95,0.0
cosmx_bcc_xdonor_spot_0000006735,-111938.80749276665,51107.66998408294,0.0,0.5789473684210527,0.0
cosmx_bcc_xdonor_spot_0000006736,-111961.45916871767,51432.25867804003,0.0,0.6666666666666666,0.074074074074074
cosmx_bcc_xdonor_spot_0000006737,-111965.18106457268,51846.69254047389,0.5714285714285714,0.4285714285714285,0.0
cosmx_bcc_xdonor_spot_0000006738,-111974.9776872362,52222.332752114104,1.0,0.0,0.0
cosmx_bcc_xdonor_spot_0000006739,-111975.40242486335,52587.57923998126,0.9655172413793104,0.0344827586206896,0.0
cosmx_bcc_xdonor_spot_0000006740,-111971.14435390284,52965.12904841037,1.0,0.0,0.0
cosmx_bcc_xdonor_spot_0000006741,-111948.48666341964,53332.406826188155,1.0,0.0,0.0
cosmx_bcc_xdonor_spot_0000006742,-111951.4913421512,53707.469326188155,0.96875,0.03125,0.0
cosmx_bcc_xdonor_spot_0000006743,-111986.34859515254,54091.318590894036,1.0,0.0,0.0
cosmx_bcc_xdonor_spot_0000006832,-111595.83834430297,41698.9785658432,1.0,0.0,0.0
cosmx_bcc_xdonor_spot_0000006833,-111588.53065199529,42060.4785658432,0.8461538461538461,0.1538461538461538,0.0
cosmx_bcc_xdonor_spot_0000006834,-111603.73834430298,42498.2785658432,0.5,0.45,0.0
cosmx_bcc_xdonor_spot_0000006835,-111590.55709430297,42839.19731584322,0.96875,0.03125,0.0
cosmx_bcc_xdonor_spot_0000006836,-111590.57747473776,43218.34813106059,1.0,0.0,0.0
cosmx_bcc_xdonor_spot_0000006837,-111582.11959430297,43583.79106584322,1.0,0.0,0.0
cosmx_bcc_xdonor_spot_0000006838,-111572.04887061878,43985.53119742215,0.7894736842105263,0.2105263157894736,0.0
cosmx_bcc_xdonor_spot_0000006839,-111588.79288975753,44325.25129311593,0.9545454545454546,0.0454545454545454,0.0
cosmx_bcc_xdonor_spot_0000006840,-111593.17167763632,44708.81189917654,1.0,0.0,0.0
cosmx_bcc_xdonor_spot_0000006841,-111598.97627533745,45077.96132446391,1.0,0.0,0.0
cosmx_bcc_xdonor_spot_0000006842,-111575.39834430297,45488.718565843206,0.8,0.2,0.0
cosmx_bcc_xdonor_spot_0000006843,-111598.49351671677,45852.96983251986,0.1724137931034483,0.7931034482758621,0.0344827586206896
cosmx_bcc_xdonor_spot_0000006844,-111620.53065199529,46214.05808063109,0.6923076923076923,0.3076923076923077,0.0
cosmx_bcc_xdonor_spot_0000006845,-111607.31660517254,46581.26878297222,1.0,0.0,0.0
cosmx_bcc_xdonor_spot_0000006846,-111610.36215382679,46959.49031506332,0.9523809523809524,0.0476190476190476,0.0
cosmx_bcc_xdonor_spot_0000006847,-111591.07972361332,47354.649592567446,1.0,0.0,0.0
cosmx_bcc_xdonor_spot_0000006848,-111605.46334430297,47714.8176960157,0.875,0.125,0.0
cosmx_bcc_xdonor_spot_0000006849,-111571.96334430297,48104.026029349036,1.0,0.0,0.0
cosmx_bcc_xdonor_spot_0000006850,-111597.42167763632,48455.276029349036,0.9166666666666666,0.0833333333333333,0.0
cosmx_bcc_xdonor_spot_0000006851,-111562.72069724415,48848.85446072158,0.9411764705882352,0.0588235294117647,0.0
cosmx_bcc_xdonor_spot_0000006852,-111550.65084430297,49206.5051960157,0.8125,0.1875,0.0
cosmx_bcc_xdonor_spot_0000006853,-111573.99963462555,49607.89430891895,1.0,0.0,0.0
cosmx_bcc_xdonor_spot_0000006854,-111593.97066700933,49960.50300329869,0.8275862068965517,0.1724137931034483,0.0
cosmx_bcc_xdonor_spot_0000006855,-111599.90558599129,50341.10682618817,0.8333333333333334,0.1666666666666666,0.0
cosmx_bcc_xdonor_spot_0000006856,-111590.00558599133,50689.781826188184,0.8333333333333334,0.1666666666666666,0.0
cosmx_bcc_xdonor_spot_0000006857,-111582.60082408655,51076.728254759604,0.0,0.2857142857142857,0.0
cosmx_bcc_xdonor_spot_0000006858,-111607.96854895428,51439.147566928914,0.0,0.4814814814814814,0.037037037037037
cosmx_bcc_xdonor_spot_0000006859,-111576.2239767959,51846.199929636445,0.7931034482758621,0.2068965517241379,0.0
cosmx_bcc_xdonor_spot_0000006860,-111581.25558599133,52222.406826188184,1.0,0.0,0.0
cosmx_bcc_xdonor_spot_0000006861,-111601.94497993067,52582.8613716427,0.9696969696969696,0.0,0.0
cosmx_bcc_xdonor_spot_0000006862,-111597.10082408655,52977.15682618816,1.0,0.0,0.0
cosmx_bcc_xdonor_spot_0000006863,-111605.54725265795,53329.688076188155,1.0,0.0,0.0
cosmx_bcc_xdonor_spot_0000006864,-111571.69789368358,53703.04785182917,1.0,0.0,0.0
cosmx_bcc_xdonor_spot_0000006865,-111594.9090947632,54086.2489314513,1.0,0.0,0.0
cosmx_bcc_xdonor_spot_0000006954,-111258.74743521208,41706.75129311593,1.0,0.0,0.0
cosmx_bcc_xdonor_spot_0000006955,-111255.25501096965,42078.93689917653,1.0,0.0,0.0
cosmx_bcc_xdonor_spot_0000006956,-111241.94548716012,42433.47856584321,0.8571428571428571,0.1428571428571428,0.0
cosmx_bcc_xdonor_spot_0000006957,-111259.50501096965,42866.8785658432,0.7333333333333333,0.2666666666666666,0.0
cosmx_bcc_xdonor_spot_0000006958,-111237.07643954108,43222.04999441463,1.0,0.0,0.0
cosmx_bcc_xdonor_spot_0000006959,-111254.39834430297,43589.9585658432,1.0,0.0,0.0
cosmx_bcc_xdonor_spot_0000006960,-111249.14868913057,43970.54753136046,1.0,0.0,0.0
cosmx_bcc_xdonor_spot_0000006961,-111267.83834430297,44346.358565843206,1.0,0.0,0.0
cosmx_bcc_xdonor_spot_0000006962,-111249.76937878573,44717.54753136046,1.0,0.0,0.0
cosmx_bcc_xdonor_spot_0000006963,-111261.88379884843,45083.66038402502,0.9090909090909092,0.0909090909090909,0.0
cosmx_bcc_xdonor_spot_0000006964,-111247.63834430298,45479.6285658432,1.0,0.0,0.0
cosmx_bcc_xdonor_spot_0000006965,-111265.21334430297,45777.025372793665,0.875,0.125,0.0
cosmx_bcc_xdonor_spot_0000006966,-111270.72723319188,46156.33158490459,0.2222222222222222,0.7777777777777778,0.0
cosmx_bcc_xdonor_spot_0000006967,-111267.08834430297,46614.109362682364,0.9583333333333334,0.0416666666666666,0.0
cosmx_bcc_xdonor_spot_0000006968,-111241.50501096965,46960.77602934906,1.0,0.0,0.0
cosmx_bcc_xdonor_spot_0000006969,-111236.48834430298,47352.7926960157,1.0,0.0,0.0
cosmx_bcc_xdonor_spot_0000006970,-111243.83834430297,47720.3801960157,1.0,0.0,0.0
cosmx_bcc_xdonor_spot_0000006971,-111249.17167763632,48102.68079125379,1.0,0.0,0.0
cosmx_bcc_xdonor_spot_0000006972,-111255.77952077356,48481.972107780406,1.0,0.0,0.0
cosmx_bcc_xdonor_spot_0000006973,-111254.10501096964,48852.8426960157,1.0,0.0,0.0
cosmx_bcc_xdonor_spot_0000006974,-111275.17167763632,49190.96650553951,0.8571428571428571,0.1428571428571428,0.0
cosmx_bcc_xdonor_spot_0000006975,-111276.26691573155,49611.65698172998,0.8571428571428571,0.1428571428571428,0.0
cosmx_bcc_xdonor_spot_0000006976,-111270.33208886006,49962.08688490827,0.9615384615384616,0.0384615384615384,0.0
cosmx_bcc_xdonor_spot_0000006977,-111231.80268744062,50316.92856531862,0.3043478260869565,0.6956521739130435,0.0
cosmx_bcc_xdonor_spot_0000006978,-111185.19606218183,50717.16873095011,0.0,0.3809523809523809,0.0
cosmx_bcc_xdonor_spot_0000006979,-111207.15051352757,51070.1024783621,0.0,0.0869565217391304,0.0
cosmx_bcc_xdonor_spot_0000006980,-111197.22063975473,51474.95521328494,0.0,0.5806451612903226,0.1290322580645161
cosmx_bcc_xdonor_spot_0000006981,-111220.592252658,51850.486826188186,0.76,0.24,0.0
cosmx_bcc_xdonor_spot_0000006982,-111226.8944748802,52194.96238174373,1.0,0.0,0.0
cosmx_bcc_xdonor_spot_0000006983,-111229.27939551511,52578.47825475959,0.9642857142857144,0.0,0.0357142857142857
cosmx_bcc_xdonor_spot_0000006984,-111224.1561236257,52958.05198747848,1.0,0.0,0.0
cosmx_bcc_xdonor_spot_0000006985,-111217.61164659735,53347.74015952148,1.0,0.0,0.0
cosmx_bcc_xdonor_spot_0000006986,-111204.80128491603,53712.406826188155,1.0,0.0,0.0
cosmx_bcc_xdonor_spot_0000006987,-111191.83354298054,54080.92295522041,1.0,0.0,0.0
cosmx_bcc_xdonor_spot_0000007099,-110841.1070352667,50356.319869666455,0.0,0.391304347826087,0.0434782608695652
cosmx_bcc_xdonor_spot_0000007100,-110829.54181787539,50700.05900010123,0.0,0.1739130434782608,0.0
cosmx_bcc_xdonor_spot_0000007101,-110836.02225265803,51067.1568261882,0.0,0.45,0.0
cosmx_bcc_xdonor_spot_0000007102,-110850.67225265803,51442.216349997725,0.0952380952380952,0.6666666666666666,0.0952380952380952
cosmx_bcc_xdonor_spot_0000007103,-110815.43225265799,51839.88682618818,1.0,0.0,0.0
cosmx_bcc_xdonor_spot_0000007104,-110840.46391932467,52191.24015952152,1.0,0.0,0.0
cosmx_bcc_xdonor_spot_0000007105,-110836.88653837226,52589.335397616735,1.0,0.0,0.0
cosmx_bcc_xdonor_spot_0000007106,-110848.8944748802,52968.443863225206,1.0,0.0,0.0
cosmx_bcc_xdonor_spot_0000007107,-110851.75225265799,53361.20682618817,0.92,0.08,0.0
cosmx_bcc_xdonor_spot_0000007108,-110840.71225265799,53705.52682618817,1.0,0.0,0.0
cosmx_bcc_xdonor_spot_0000007109,-110853.94497993067,54086.37652315785,1.0,0.0,0.0
cosmx_bcc_xdonor_spot_0000007221,-110468.82225265804,50321.3568261882,0.0,0.3,0.0
cosmx_bcc_xdonor_spot_0000007222,-110470.97225265803,50698.4068261882,0.0,0.5,0.0
cosmx_bcc_xdonor_spot_0000007223,-110465.17225265798,51091.75298003433,0.0,0.4615384615384615,0.1538461538461538
cosmx_bcc_xdonor_spot_0000007224,-110484.67225265797,51461.57349285483,0.0333333333333333,0.5666666666666667,0.0666666666666666
cosmx_bcc_xdonor_spot_0000007225,-110464.922252658,51831.86515952152,0.7916666666666666,0.0416666666666666,0.0
cosmx_bcc_xdonor_spot_0000007226,-110464.51840650414,52214.291441572794,0.9230769230769232,0.0,0.0769230769230769
cosmx_bcc_xdonor_spot_0000007227,-110456.35225265799,52583.88682618817,1.0,0.0,0.0
cosmx_bcc_xdonor_spot_0000007228,-110461.63999459344,52957.11650360751,1.0,0.0,0.0
cosmx_bcc_xdonor_spot_0000007229,-110452.56510980082,53352.97825475959,0.9642857142857144,0.0357142857142857,0.0
cosmx_bcc_xdonor_spot_0000007230,-110468.7436812294,53681.69254047388,1.0,0.0,0.0
cosmx_bcc_xdonor_spot_0000007231,-110476.29294231314,54085.3033779123,0.9655172413793104,0.0344827586206896,0.0
cosmx_bcc_xdonor_spot_0000007232,-110514.33891932468,54279.57349285486,1.0,0.0,0.0
cosmx_bcc_xdonor_spot_0000007342,-110150.00558599136,50088.24015952153,0.0,0.3333333333333333,0.0
cosmx_bcc_xdonor_spot_0000007343,-110080.52225265803,50331.7568261882,0.0,0.25,0.0
cosmx_bcc_xdonor_spot_0000007344,-110091.45486135366,50708.624217492536,0.0,0.8695652173913043,0.0
cosmx_bcc_xdonor_spot_0000007345,-110107.047252658,51080.86515952152,0.5833333333333334,0.3333333333333333,0.0
cosmx_bcc_xdonor_spot_0000007346,-110086.1505135275,51461.47204357947,0.9782608695652174,0.0,0.0217391304347826
cosmx_bcc_xdonor_spot_0000007347,-110082.10082408655,51803.728254759604,1.0,0.0,0.0
cosmx_bcc_xdonor_spot_0000007348,-110076.41138309278,52209.40682618819,1.0,0.0,0.0
cosmx_bcc_xdonor_spot_0000007349,-110091.15501127866,52589.19992963644,1.0,0.0,0.0
cosmx_bcc_xdonor_spot_0000007350,-110085.3055859913,52967.00682618816,1.0,0.0,0.0
cosmx_bcc_xdonor_spot_0000007351,-110080.96391932467,53343.49015952151,1.0,0.0,0.0
cosmx_bcc_xdonor_spot_0000007352,-110087.7436812294,53711.049683331024,1.0,0.0,0.0
cosmx_bcc_xdonor_spot_0000007353,-110097.02007874496,54131.97204357949,1.0,0.0,0.0
cosmx_bcc_xdonor_spot_0000007464,-109646.00558599136,50105.24015952153,0.0,0.0,0.0
cosmx_bcc_xdonor_spot_0000007465,-109698.39447488026,50318.351270632644,0.0,0.6111111111111112,0.0
cosmx_bcc_xdonor_spot_0000007466,-109725.90302188875,50713.25298003433,0.0,0.7692307692307693,0.0384615384615384
cosmx_bcc_xdonor_spot_0000007467,-109720.312252658,51113.64682618818,0.8,0.08,0.0
cosmx_bcc_xdonor_spot_0000007468,-109760.39447488016,51452.517937299264,1.0,0.0,0.0
cosmx_bcc_xdonor_spot_0000007469,-109703.1907711765,51843.44386322521,0.8888888888888888,0.1111111111111111,0.0
cosmx_bcc_xdonor_spot_0000007470,-109718.03225265798,52226.486826188186,1.0,0.0,0.0
cosmx_bcc_xdonor_spot_0000007471,-109693.40558599129,52587.940159521495,1.0,0.0,0.0
cosmx_bcc_xdonor_spot_0000007472,-109742.6055859913,52959.50682618816,1.0,0.0,0.0
cosmx_bcc_xdonor_spot_0000007473,-109727.13891932463,53349.073492854826,1.0,0.0,0.0
cosmx_bcc_xdonor_spot_0000007474,-109707.28763727337,53705.44528772663,1.0,0.0,0.0
cosmx_bcc_xdonor_spot_0000007475,-109736.11669710242,54100.29571507705,1.0,0.0,0.0
cosmx_bcc_xdonor_spot_0000007587,-109312.05320503897,50359.025873807244,0.0,0.7619047619047619,0.0476190476190476
cosmx_bcc_xdonor_spot_0000007588,-109350.44497993075,50735.86137164274,0.0454545454545454,0.6363636363636364,0.0909090909090909
cosmx_bcc_xdonor_spot_0000007589,-109334.0151098008,51089.34968333101,1.0,0.0,0.0
cosmx_bcc_xdonor_spot_0000007590,-109331.99483330312,51462.53585844623,1.0,0.0,0.0
cosmx_bcc_xdonor_spot_0000007591,-109332.93312222323,51835.58073923167,1.0,0.0,0.0
cosmx_bcc_xdonor_spot_0000007592,-109334.94811472694,52202.85510205024,1.0,0.0,0.0
cosmx_bcc_xdonor_spot_0000007593,-109349.67225265797,52607.19254047388,1.0,0.0,0.0
cosmx_bcc_xdonor_spot_0000007594,-109343.92225265795,52950.344326188155,0.96875,0.0,0.03125
cosmx_bcc_xdonor_spot_0000007595,-109326.32609881183,53316.02221080355,1.0,0.0,0.0
cosmx_bcc_xdonor_spot_0000007596,-109345.25845955452,53698.751653774365,1.0,0.0,0.0
cosmx_bcc_xdonor_spot_0000007597,-109349.21391932467,54118.90682618818,1.0,0.0,0.0
cosmx_bcc_xdonor_spot_0000007708,-108929.27225265803,50100.8068261882,0.0,0.2,0.0
cosmx_bcc_xdonor_spot_0000007709,-108958.2055859913,50336.1401595215,0.0,0.3,0.0333333333333333
cosmx_bcc_xdonor_spot_0000007710,-108968.6196210791,50735.722615661885,0.0,1.0,0.0
cosmx_bcc_xdonor_spot_0000007711,-108971.952252658,51065.28682618818,0.16,0.6,0.0
cosmx_bcc_xdonor_spot_0000007712,-108946.10082408655,51483.33539761674,0.7142857142857143,0.1785714285714285,0.0
cosmx_bcc_xdonor_spot_0000007713,-108952.57225265796,51838.17349285483,0.9666666666666668,0.0,0.0333333333333333
cosmx_bcc_xdonor_spot_0000007714,-108950.15501127866,52230.92406756748,1.0,0.0,0.0
cosmx_bcc_xdonor_spot_0000007715,-108968.312252658,52591.12682618817,1.0,0.0,0.0
cosmx_bcc_xdonor_spot_0000007716,-108970.952252658,52959.76682618817,1.0,0.0,0.0
cosmx_bcc_xdonor_spot_0000007717,-108974.7436812294,53332.22825475959,1.0,0.0,0.0
cosmx_bcc_xdonor_spot_0000007718,-108965.7491757349,53726.94528772663,1.0,0.0,0.0
cosmx_bcc_xdonor_spot_0000007719,-108993.87225265797,54107.40682618816,1.0,0.0,0.0
cosmx_bcc_xdonor_spot_0000007830,-108600.04725265803,50103.2818261882,0.0,0.0,0.0
cosmx_bcc_xdonor_spot_0000007831,-108595.36790483192,50311.49378270993,0.0,0.3478260869565217,0.0434782608695652
cosmx_bcc_xdonor_spot_0000007832,-108602.10082408659,50719.78777856915,0.0,0.9523809523809524,0.0
cosmx_bcc_xdonor_spot_0000007833,-108587.2239767959,51107.64820549852,0.6206896551724138,0.2068965517241379,0.0344827586206896
cosmx_bcc_xdonor_spot_0000007834,-108600.00558599125,51447.82904841039,1.0,0.0,0.0
cosmx_bcc_xdonor_spot_0000007835,-108595.38058599133,51826.573492854855,1.0,0.0,0.0
cosmx_bcc_xdonor_spot_0000007836,-108571.83891932471,52198.851270632644,1.0,0.0,0.0
cosmx_bcc_xdonor_spot_0000007837,-108581.99225265799,52580.726826188176,1.0,0.0,0.0
cosmx_bcc_xdonor_spot_0000007838,-108589.44497993075,52975.36137164273,1.0,0.0,0.0
cosmx_bcc_xdonor_spot_0000007839,-108601.03225265798,53339.326826188175,1.0,0.0,0.0
cosmx_bcc_xdonor_spot_0000007840,-108592.0515630028,53723.096481360575,1.0,0.0,0.0
cosmx_bcc_xdonor_spot_0000007841,-108602.04262302835,54086.14756692891,1.0,0.0,0.0
cosmx_bcc_xdonor_spot_0000007953,-108186.89952538529,50327.13409891547,0.0,0.8181818181818182,0.0454545454545454
cosmx_bcc_xdonor_spot_0000007954,-108211.67225265804,50742.4068261882,0.0,0.9444444444444444,0.0555555555555555
cosmx_bcc_xdonor_spot_0000007955,-108251.45486135366,51097.40682618819,0.217391304347826,0.6086956521739131,0.0869565217391304
cosmx_bcc_xdonor_spot_0000007956,-108235.9369585403,51448.053885011686,0.8823529411764706,0.0588235294117647,0.0
cosmx_bcc_xdonor_spot_0000007957,-108208.8645603503,51813.09913388049,1.0,0.0,0.0
cosmx_bcc_xdonor_spot_0000007958,-108236.00558599133,52193.073492854855,1.0,0.0,0.0
cosmx_bcc_xdonor_spot_0000007959,-108241.75225265799,52586.40682618818,1.0,0.0,0.0
cosmx_bcc_xdonor_spot_0000007960,-108211.9579669437,52974.69254047388,1.0,0.0,0.0
cosmx_bcc_xdonor_spot_0000007961,-108232.85743784317,53330.59201137335,0.9629629629629628,0.0,0.037037037037037
cosmx_bcc_xdonor_spot_0000007962,-108213.70451072247,53710.53585844622,1.0,0.0,0.0
cosmx_bcc_xdonor_spot_0000007963,-108206.57225265796,54085.306826188156,1.0,0.0,0.0
cosmx_bcc_xdonor_spot_0000008074,-107862.67225265801,50104.74015952153,0.0,0.8333333333333334,0.0
cosmx_bcc_xdonor_spot_0000008075,-107819.07225265804,50331.2068261882,0.0,0.6666666666666666,0.0
cosmx_bcc_xdonor_spot_0000008076,-107857.77751581593,50696.98577355662,0.0,0.9473684210526316,0.0
cosmx_bcc_xdonor_spot_0000008077,-107844.28763727337,51117.52221080357,0.0,0.6153846153846154,0.1153846153846153
cosmx_bcc_xdonor_spot_0000008078,-107853.85975265795,51483.84432618816,0.5625,0.09375,0.25
cosmx_bcc_xdonor_spot_0000008079,-107835.53432162349,51821.786136532995,1.0,0.0,0.0
cosmx_bcc_xdonor_spot_0000008080,-107813.91225265799,52213.56682618818,1.0,0.0,0.0
cosmx_bcc_xdonor_spot_0000008081,-107866.14844313421,52590.121111902474,1.0,0.0,0.0
cosmx_bcc_xdonor_spot_0000008082,-107839.59817858391,52963.36978915113,1.0,0.0,0.0
cosmx_bcc_xdonor_spot_0000008083,-107834.91225265799,53330.24682618817,0.96,0.0,0.04
cosmx_bcc_xdonor_spot_0000008084,-107841.2079669437,53705.085397616735,1.0,0.0,0.0
cosmx_bcc_xdonor_spot_0000008085,-107818.37225265797,54129.173492854825,1.0,0.0,0.0
