spot,x,y,tumor_hat
cosmx_bcc_spot_0000000256,-497172.6997821776,33875.90763479463,0.9924957852820907
cosmx_bcc_spot_0000000257,-497175.93311551126,34099.24096812794,0.9864712572216016
cosmx_bcc_spot_0000000258,-497218.7173260373,34496.8690383034,0.8964821461354975
cosmx_bcc_spot_0000000259,-497184.13837866887,34874.921669882344,0.9565984277113107
cosmx_bcc_spot_0000000260,-497130.9378774158,35205.593349080336,0.7516627086281884
cosmx_bcc_spot_0000000261,-497058.63311551086,35529.440968127965,0.942848384465747
cosmx_bcc_spot_0000000262,-497031.65811551095,35906.7243014613,0.8908098710491786
cosmx_bcc_spot_0000000263,-497093.25533773314,36316.86319035019,0.8937752091431969
cosmx_bcc_spot_0000000264,-497061.233115511,36710.3743014613,0.3510618008954504
cosmx_bcc_spot_0000000660,-496806.36644884426,33862.9743014613,0.9336384771121786
cosmx_bcc_spot_0000000661,-496763.7254232035,34103.32045530743,0.8434712741257412
cosmx_bcc_spot_0000000662,-496764.06759826984,34506.90533594404,0.9482496300766623
cosmx_bcc_spot_0000000663,-496775.1365637871,34845.07774973714,0.9844442374707489
cosmx_bcc_spot_0000000664,-496814.3456155113,35187.72430146128,0.9676137516694419
cosmx_bcc_spot_0000000665,-496793.76388474193,35563.474301461276,0.9650383460881593
cosmx_bcc_spot_0000000666,-496799.9259726541,35927.08144431842,0.9686715327190657
cosmx_bcc_spot_0000000667,-496787.36644884467,36280.1258166128,0.962621133921034
cosmx_bcc_spot_0000000668,-496792.03311551124,36652.740968127946,0.9622369434502291
cosmx_bcc_spot_0000000669,-496723.32723315794,36996.15077204953,0.962298508789914
cosmx_bcc_spot_0000001053,-496427.31200006104,29809.164017442647,0.1269307855867731
cosmx_bcc_spot_0000001054,-496391.83507698425,30161.290171288812,0.4117596279636124
cosmx_bcc_spot_0000001055,-496393.7493626985,30491.267314145967,0.8567073575551688
cosmx_bcc_spot_0000001056,-496424.7939005137,30816.921935994713,0.9838673111396499
cosmx_bcc_spot_0000001057,-496402.0078042569,31248.510171288814,0.9878962352400674
cosmx_bcc_spot_0000001058,-496407.4115475724,31617.421935994684,0.7770340907298875
cosmx_bcc_spot_0000001059,-496430.9850769842,31938.635171288817,0.9274025699212707
cosmx_bcc_spot_0000001060,-496355.01285476197,32315.45461573325,0.8395456511490001
cosmx_bcc_spot_0000001061,-496409.76139277365,32717.536487078283,0.9615732892010884
cosmx_bcc_spot_0000001062,-496428.2850769842,33003.01017128881,0.9134584070852788
cosmx_bcc_spot_0000001063,-496399.00430775346,33399.51017128882,0.968005799387053
cosmx_bcc_spot_0000001064,-496432.6842801358,33758.15184917141,0.9711748546542144
cosmx_bcc_spot_0000001065,-496429.4385209166,34114.27159875858,0.9762603060493434
cosmx_bcc_spot_0000001066,-496424.1720044001,34485.640968127955,0.9659872688129977
cosmx_bcc_spot_0000001067,-496422.12402460224,34826.034907521884,0.9691123212305348
cosmx_bcc_spot_0000001068,-496437.1581155113,35192.25555146128,0.9454264763315249
cosmx_bcc_spot_0000001069,-496429.80730905966,35561.74849500967,0.9504192364338836
cosmx_bcc_spot_0000001070,-496446.3089775802,35926.629473875066,0.9578668037100749
cosmx_bcc_spot_0000001071,-496441.61376067257,36298.103333719344,0.966821945203686
cosmx_bcc_spot_0000001072,-496412.5018655113,36665.75555146128,0.9602178096140551
cosmx_bcc_spot_0000001073,-496438.86070171813,37042.73292215093,0.9675816588219461
cosmx_bcc_spot_0000001074,-496455.3456155109,37323.1618014613,0.9703115571010439
cosmx_bcc_spot_0000001457,-495985.9493626983,29856.581599860227,1.7892879734620737e-12
cosmx_bcc_spot_0000001458,-496072.0850769842,30114.360171288798,0.21803602260739482
cosmx_bcc_spot_0000001459,-496104.1610029102,30488.158319436963,0.5957855749275173
cosmx_bcc_spot_0000001460,-496033.2350769841,30843.164017442647,0.24506735571646354
cosmx_bcc_spot_0000001461,-496053.60349803674,31223.747013394095,0.9823374540504493
cosmx_bcc_spot_0000001462,-496057.3779341271,31573.760171288824,0.921950476419758
cosmx_bcc_spot_0000001463,-496031.1150769842,31924.29017128882,0.9510637382859313
cosmx_bcc_spot_0000001464,-496065.1398388887,32283.65302843169,0.9362012936591471
cosmx_bcc_spot_0000001465,-496067.8779341271,32685.367314145966,0.9667574512245707
cosmx_bcc_spot_0000001466,-496048.75507698423,33052.53017128882,0.9216439962055208
cosmx_bcc_spot_0000001467,-496079.0291946313,33397.01017128883,0.9591978976344059
cosmx_bcc_spot_0000001468,-496077.0988971067,33761.3522819952,0.9535330331548405
cosmx_bcc_spot_0000001469,-496051.699782178,34104.58036206734,0.9351548944740347
cosmx_bcc_spot_0000001470,-496086.0331155113,34471.068051461276,0.9760315960818297
cosmx_bcc_spot_0000001471,-496059.3456155113,34827.474301461276,0.950134202049657
cosmx_bcc_spot_0000001472,-496077.66947914765,35199.88339237038,0.9461289326494148
cosmx_bcc_spot_0000001473,-496076.43311551126,35548.94096812794,0.9490543669396739
cosmx_bcc_spot_0000001474,-496094.4259726541,35931.7957300327,0.9543874242159989
cosmx_bcc_spot_0000001475,-496077.66947914765,36310.58036206735,0.9654833506678214
cosmx_bcc_spot_0000001476,-496071.2589219629,36643.36139823547,0.9587311411309787
cosmx_bcc_spot_0000001477,-496049.3331155113,37006.740968127946,0.9754271537671183
cosmx_bcc_spot_0000001478,-496075.09978217754,37300.3743014613,0.9727033523416424
cosmx_bcc_spot_0000001862,-495704.2906325397,30109.84350462213,0.14599809667517388
cosmx_bcc_spot_0000001863,-495726.5684103174,30481.7601712888,0.014948453723130868
cosmx_bcc_spot_0000001864,-495683.1966154458,30864.317863596512,0.5228892292227413
cosmx_bcc_spot_0000001865,-495708.3913269843,31229.072671288828,0.9740581281945669
cosmx_bcc_spot_0000001866,-495699.6966154458,31590.087094365743,0.9342313353561718
cosmx_bcc_spot_0000001867,-495709.4982348788,31946.77332918357,0.9634944804869116
cosmx_bcc_spot_0000001868,-495696.1810229301,32298.8750361537,0.9492589796901282
cosmx_bcc_spot_0000001869,-495682.9936976739,32675.906723012962,0.9622417452039734
cosmx_bcc_spot_0000001870,-495696.5684103176,33037.310171288824,0.9550087458188304
cosmx_bcc_spot_0000001871,-495728.44936269853,33402.081599860256,0.9583585868782866
cosmx_bcc_spot_0000001872,-495714.7009709494,33755.02634378103,0.9721237177721763
cosmx_bcc_spot_0000001873,-495706.54924454354,34121.74849500966,0.9755800462460367
cosmx_bcc_spot_0000001874,-495706.45735793555,34466.125816612795,0.9648345401045624
cosmx_bcc_spot_0000001875,-495722.30584278406,34827.337937824916,0.9610468761850798
cosmx_bcc_spot_0000001876,-495734.8718251887,35215.587204687086,0.9463091141026655
cosmx_bcc_spot_0000001877,-495710.5643655113,35563.34930146128,0.9602118472530193
cosmx_bcc_spot_0000001878,-495713.1071895853,35916.974301461276,0.9670392110452127
cosmx_bcc_spot_0000001879,-495690.0331155113,36298.458172429026,0.948626258800582
cosmx_bcc_spot_0000001880,-495705.58483964915,36635.112232495754,0.9642291202546843
cosmx_bcc_spot_0000001881,-495743.4220043998,36956.47430146129,0.9038205562378687
cosmx_bcc_spot_0000001882,-495639.033115511,37394.1743014613,0.8448539145642049
cosmx_bcc_spot_0000002266,-495352.9969817461,30135.20064747928,0.08616767042287805
cosmx_bcc_spot_0000002267,-495311.42257698416,30520.7601712888,0.022117644070749596
cosmx_bcc_spot_0000002268,-495353.70174365095,30864.176837955492,0.7294517339247119
cosmx_bcc_spot_0000002269,-495350.00650555565,31200.75302843169,0.9787051699847612
cosmx_bcc_spot_0000002270,-495315.79757698416,31528.1976712888,0.5019603981497889
cosmx_bcc_spot_0000002271,-495354.90174365084,31948.23239351103,0.4156843661877453
cosmx_bcc_spot_0000002272,-495345.27079126996,32305.29588557454,0.8683197544676737
cosmx_bcc_spot_0000002273,-495335.92952142865,32667.732393511054,0.9447996100365672
cosmx_bcc_spot_0000002274,-495342.6174299255,33023.686641877066,0.9672243083893637
cosmx_bcc_spot_0000002275,-495345.4115475725,33391.21605364177,0.9722578700965671
cosmx_bcc_spot_0000002276,-495358.5026520547,33749.70436525439,0.9606369371568593
cosmx_bcc_spot_0000002277,-495349.0331155113,34103.125816612795,0.9602543608525694
cosmx_bcc_spot_0000002278,-495332.62135080545,34472.62136028481,0.9483040854480603
cosmx_bcc_spot_0000002279,-495330.0664488446,34838.77430146127,0.9331917926622795
cosmx_bcc_spot_0000002280,-495359.26840962894,35202.0331249907,0.9624691279443675
cosmx_bcc_spot_0000002281,-495381.4259726541,35571.93858717556,0.9526576976444089
cosmx_bcc_spot_0000002282,-495349.26388474193,35930.32045530743,0.9624592056787001
cosmx_bcc_spot_0000002283,-495397.4081155109,36260.2243014613,0.936428729145555
cosmx_bcc_spot_0000002284,-495299.83311551093,36640.6743014613,0.3800634388109056
cosmx_bcc_spot_0000002285,-495313.033115511,37074.342722513924,0.9082426035407006
cosmx_bcc_spot_0000002286,-495327.8768655113,37394.16180146128,0.9863433857454377
cosmx_bcc_spot_0000002287,-495339.1543276325,37720.67127115826,0.9969515586857811
cosmx_bcc_spot_0000002670,-494975.877934127,30111.86731414594,0.10895219689611528
cosmx_bcc_spot_0000002671,-494968.4572992064,30532.73239351102,0.10449120741904756
cosmx_bcc_spot_0000002672,-494992.6795214287,30835.15831943697,0.2971757605040673
cosmx_bcc_spot_0000002673,-495028.55086645787,31237.16806602565,0.5088007096706774
cosmx_bcc_spot_0000002674,-494977.5565055557,31602.367314145966,0.812895010108532
cosmx_bcc_spot_0000002675,-494979.4703711018,31927.186641877037,0.14690881135591466
cosmx_bcc_spot_0000002676,-494966.8821358077,32328.716053641743,0.7599483842331077
cosmx_bcc_spot_0000002677,-494971.15507698426,32658.77017128882,0.967643553550943
cosmx_bcc_spot_0000002678,-494977.8761026251,33040.010171288835,0.9667767151194362
cosmx_bcc_spot_0000002679,-494995.16364841285,33396.76017128882,0.9287700730668317
cosmx_bcc_spot_0000002680,-494986.30664538196,33745.19265912411,0.9465413962456578
cosmx_bcc_spot_0000002681,-494991.2266638984,34126.52268855805,0.9594558838378917
cosmx_bcc_spot_0000002682,-494998.4616869398,34465.90287288985,0.9512377920537125
cosmx_bcc_spot_0000002683,-495011.983115511,34820.67430146129,0.9151455937332431
cosmx_bcc_spot_0000002684,-494962.7131155112,35235.25430146128,0.8453494742183649
cosmx_bcc_spot_0000002685,-494983.28311551124,35560.807634794626,0.965154690302148
cosmx_bcc_spot_0000002686,-494979.29237477045,35903.75207923906,0.9394933803709002
cosmx_bcc_spot_0000002687,-494963.9974012255,36281.43858717556,0.978910059498622
cosmx_bcc_spot_0000002688,-494953.18696166505,36627.12814761513,0.9287947139714665
cosmx_bcc_spot_0000002689,-495000.32723315794,37042.503713226004,0.7765185287123262
cosmx_bcc_spot_0000002690,-495015.7474012255,37387.72430146127,0.9898534754614486
cosmx_bcc_spot_0000002691,-494993.48048393225,37742.15851198761,0.982886113089808
cosmx_bcc_spot_0000002692,-495044.17597265384,37965.9743014613,0.9872217868656399
cosmx_bcc_spot_0000003074,-494636.0684103174,30163.176837955467,0.10467089188369291
cosmx_bcc_spot_0000003075,-494626.9850769842,30507.801837955474,0.09059474935780139
cosmx_bcc_spot_0000003076,-494636.3461880953,30868.399060177693,0.13785768966495918
cosmx_bcc_spot_0000003077,-494596.1824454052,31223.694381815123,0.010538247236991363
cosmx_bcc_spot_0000003078,-494635.2350769841,31587.0101712888,0.31062799661764684
cosmx_bcc_spot_0000003079,-494605.2350769842,31960.58911865723,0.31452507750907555
cosmx_bcc_spot_0000003080,-494636.94936269853,32297.90302843168,0.9606201614993316
cosmx_bcc_spot_0000003081,-494629.45129320037,32662.388549667212,0.9858033538302897
cosmx_bcc_spot_0000003082,-494631.5508664578,33015.48385549936,0.9551089395686567
cosmx_bcc_spot_0000003083,-494613.5291946312,33417.0101712888,0.3428861165603046
cosmx_bcc_spot_0000003084,-494613.57072735723,33756.65621862429,0.9504869470147838
cosmx_bcc_spot_0000003085,-494635.3247821778,34104.34930146128,0.6819467786306974
cosmx_bcc_spot_0000003086,-494648.4678981198,34469.496040591715,0.7317569145432307
cosmx_bcc_spot_0000003087,-494625.98311551113,34861.62430146129,0.8755394142265694
cosmx_bcc_spot_0000003088,-494642.1164488445,35201.30763479461,0.8384919694824653
cosmx_bcc_spot_0000003089,-494643.0018655113,35558.84930146128,0.8592477133762803
cosmx_bcc_spot_0000003090,-494625.07857005653,35916.201574188555,0.7263951092233215
cosmx_bcc_spot_0000003091,-494646.6694791475,36303.97430146128,0.9027394259380197
cosmx_bcc_spot_0000003092,-494655.78311551124,36624.33144431842,0.8940449641968173
cosmx_bcc_spot_0000003093,-494572.2962734057,37008.02693304024,0.3310757672095636
cosmx_bcc_spot_0000003094,-494600.27311551117,37366.214301461274,0.22896781762707086
cosmx_bcc_spot_0000003095,-494594.0653735758,37732.68397888063,1.031421161984073e-15
cosmx_bcc_spot_0000003096,-494614.94220642,37984.06521055221,7.144985632984916e-16
cosmx_bcc_spot_0000003478,-494286.8714406204,30211.101080379707,1.1169269633192502e-07
cosmx_bcc_spot_0000003479,-494216.59871334786,30483.05562583426,0.20239243255713665
cosmx_bcc_spot_0000003480,-494238.975817725,30868.343504622157,0.2697766162223908
cosmx_bcc_spot_0000003481,-494251.758886508,31235.343504622146,2.5494158966161913e-11
cosmx_bcc_spot_0000003482,-494263.4850769842,31555.01017128881,0.0028058779452559265
cosmx_bcc_spot_0000003483,-494252.7350769841,31937.84350462213,0.25109636958166465
cosmx_bcc_spot_0000003484,-494273.9017436509,32339.760171288817,0.6188433087614544
cosmx_bcc_spot_0000003485,-494291.5078042569,32671.146534925178,0.5557273115585203
cosmx_bcc_spot_0000003486,-494246.23507698416,33055.121282399916,0.33428137324421014
cosmx_bcc_spot_0000003487,-494239.9493626984,33378.08159986023,0.3977886216339117
cosmx_bcc_spot_0000003488,-494255.72237085394,33751.23725815092,0.8065882725694008
cosmx_bcc_spot_0000003489,-494240.5113763807,34123.75691015693,0.9635657994467067
cosmx_bcc_spot_0000003490,-494258.3023462804,34482.24353223051,0.7989386772237584
cosmx_bcc_spot_0000003491,-494240.19311551115,34856.21430146128,0.8825767927263349
cosmx_bcc_spot_0000003492,-494216.9986327526,35205.59499111645,0.9281233847022489
cosmx_bcc_spot_0000003493,-494211.1100385881,35583.01276299974,0.8759875769999005
cosmx_bcc_spot_0000003494,-494201.99311551114,35944.974301461276,0.8906254086585711
cosmx_bcc_spot_0000003495,-494231.98963725026,36302.8003884178,0.9061678949930021
cosmx_bcc_spot_0000003496,-494235.8902583684,36653.745730032715,0.944759875962807
cosmx_bcc_spot_0000003497,-494238.5558427837,37014.26975600676,0.9326164729901677
cosmx_bcc_spot_0000003498,-494255.8902583682,37387.59334908035,0.9971920379663324
cosmx_bcc_spot_0000003499,-494245.3664488446,37708.840968127945,0.9494535900820511
cosmx_bcc_spot_0000003500,-494364.3664488443,37993.80763479463,7.79636301186931e-05
cosmx_bcc_spot_0000003582,-494243.15914728603,67790.2534348918,0.04987523075568891
cosmx_bcc_spot_0000003583,-494227.75914728607,68167.85343489182,0.037012651313932866
cosmx_bcc_spot_0000003584,-494184.62581395253,68548.29787933629,0.5422881506091509
cosmx_bcc_spot_0000003585,-494237.2805758572,68903.96057774899,0.9231599598049278
cosmx_bcc_spot_0000003586,-494215.3437626706,69224.89189643029,0.7883842029611506
cosmx_bcc_spot_0000003587,-494322.75914728607,69597.15343489182,0.5801241281637008
cosmx_bcc_spot_0000003588,-494300.54738258,69963.88284665653,0.9737483701318649
cosmx_bcc_spot_0000003589,-494223.75914728607,70448.35343489182,0.534077002379291
cosmx_bcc_spot_0000003590,-494248.6791472858,70717.43343489186,0.704769592132285
cosmx_bcc_spot_0000003591,-494250.84803617495,70955.90899044737,0.7431210432851452
cosmx_bcc_spot_0000003883,-493906.9409593371,30512.539583053505,0.1674105034045057
cosmx_bcc_spot_0000003884,-493867.28269603185,30820.819695098337,0.35968197738411095
cosmx_bcc_spot_0000003885,-493913.7350769843,31213.4332482119,0.0053504573005947065
cosmx_bcc_spot_0000003886,-493845.47507698426,31577.29017128882,0.6805868106290048
cosmx_bcc_spot_0000003887,-493878.6143873291,31927.941205771585,0.7947952572391285
cosmx_bcc_spot_0000003888,-493870.6054473546,32310.195356474007,0.7372434842430861
cosmx_bcc_spot_0000003889,-493888.965846215,32667.20247898113,0.9404903501690861
cosmx_bcc_spot_0000003890,-493889.61969236884,32999.51017128882,0.7285613624405263
cosmx_bcc_spot_0000003891,-493877.2922198414,33425.0387427174,0.9730730121358644
cosmx_bcc_spot_0000003892,-493901.7922490728,33757.60221924712,0.9746420822450015
cosmx_bcc_spot_0000003893,-493889.30584278406,34141.034907521884,0.9782044017694471
cosmx_bcc_spot_0000003894,-493873.2589219629,34482.84526920321,0.9651382695015248
cosmx_bcc_spot_0000003895,-493879.9616869398,34836.01001574699,0.8369147978023759
cosmx_bcc_spot_0000003896,-493896.8718251887,35177.13559178386,0.9720157600992934
cosmx_bcc_spot_0000003897,-493911.14122361934,35567.35267983967,0.9963468008674516
cosmx_bcc_spot_0000003898,-493895.8209942992,35911.94399843098,0.994156629578171
cosmx_bcc_spot_0000003899,-493888.15076257015,36285.5331249907,0.9941485376996706
cosmx_bcc_spot_0000003900,-493890.28311551124,36671.90287288985,0.995840672142715
cosmx_bcc_spot_0000003901,-493900.23311551113,37006.0493014613,0.9999999878313307
cosmx_bcc_spot_0000003902,-493886.5466290247,37387.001328488324,0.9999999753155034
cosmx_bcc_spot_0000003903,-493911.26840962894,37698.65077204952,0.9999999999843794
cosmx_bcc_spot_0000003985,-493860.2924806194,67532.35343489182,4.969082534180313e-13
cosmx_bcc_spot_0000003986,-493898.37581395265,67789.60343489182,0.09616331413454557
cosmx_bcc_spot_0000003987,-493911.1591472859,68190.95343489185,0.25224714279526395
cosmx_bcc_spot_0000003988,-493915.8591472858,68527.45343489187,0.8385844774234191
cosmx_bcc_spot_0000003989,-493912.1258139525,68858.12010155852,0.9842157739592432
cosmx_bcc_spot_0000003990,-493886.2554435821,69223.57565711408,0.8997395897062567
cosmx_bcc_spot_0000004287,-493520.73507698416,30528.73239351102,0.008862806150132808
cosmx_bcc_spot_0000004288,-493539.4943362435,30837.82498610364,0.25536015877813206
cosmx_bcc_spot_0000004289,-493528.97191908944,31205.483855499333,0.022141857850065984
cosmx_bcc_spot_0000004290,-493522.9850769843,31601.041421288828,0.8028417453018769
cosmx_bcc_spot_0000004291,-493530.9703711019,31944.480759524125,0.922505493954799
cosmx_bcc_spot_0000004292,-493526.6065055557,32311.467314145975,0.9197852644990239
cosmx_bcc_spot_0000004293,-493547.0626631912,32644.21706784055,0.8929383332574253
cosmx_bcc_spot_0000004294,-493500.2350769842,33045.05017128882,0.8723979316869044
cosmx_bcc_spot_0000004295,-493537.60349803674,33397.589118657255,0.9624258603016567
cosmx_bcc_spot_0000004296,-493538.50876573805,33751.20612670186,0.9833345881394804
cosmx_bcc_spot_0000004297,-493516.6997821778,34123.35891684591,0.9917767817926555
cosmx_bcc_spot_0000004298,-493535.71732603747,34481.47430146129,0.9645158115456295
cosmx_bcc_spot_0000004299,-493511.93311551126,34804.14096812794,0.7791843371779015
cosmx_bcc_spot_0000004300,-493541.1635502937,35207.496040591715,0.549949149134395
cosmx_bcc_spot_0000004301,-493516.3188297969,35566.08144431842,0.9924404816761087
cosmx_bcc_spot_0000004302,-493541.8331155113,35929.431444318434,0.9927982728776732
cosmx_bcc_spot_0000004303,-493544.6391761174,36291.15611964311,0.9970506104555449
cosmx_bcc_spot_0000004304,-493545.99465397274,36625.974301461276,0.9963490945857729
cosmx_bcc_spot_0000004305,-493559.90491038293,37030.410198897196,0.9885269924710852
cosmx_bcc_spot_0000004306,-493522.9866038831,37367.46267355433,0.9755518395080324
cosmx_bcc_spot_0000004307,-493554.11311551114,37725.934301461275,0.5621456312365297
cosmx_bcc_spot_0000004308,-493513.03311551095,37985.545730032725,0.02958818187153609
cosmx_bcc_spot_0000004389,-493515.4258139526,67447.28676822515,0.24520501846911055
cosmx_bcc_spot_0000004390,-493523.95914728596,67779.42486346328,2.6542816172957032e-09
cosmx_bcc_spot_0000004391,-493550.04248061933,68105.1034348918,3.33396453279488e-08
cosmx_bcc_spot_0000004392,-493589.75914728583,68520.27343489185,0.8649141574091436
cosmx_bcc_spot_0000004393,-493527.21840654506,68923.13121266964,0.8486969685135932
cosmx_bcc_spot_0000004394,-493513.67343300005,69239.43914917756,0.9999917226094056
cosmx_bcc_spot_0000004395,-493506.1591472858,69560.59343489187,0.88555231303736
cosmx_bcc_spot_0000004396,-493481.3966472859,70069.47843489182,0.8182120293281522
cosmx_bcc_spot_0000004397,-493563.87581395265,70234.7701015585,0.7603902793120941
cosmx_bcc_spot_0000004398,-493520.7924806194,70744.68676822516,0.724754485020446
cosmx_bcc_spot_0000004691,-493182.6934103176,30534.926837955474,0.37488489474634595
cosmx_bcc_spot_0000004692,-493152.41007698403,30860.310171288835,0.6161069339246517
cosmx_bcc_spot_0000004693,-493127.02818043256,31197.596378185375,0.5923243819462889
cosmx_bcc_spot_0000004694,-493141.42426617333,31588.84800912667,0.6729662291158819
cosmx_bcc_spot_0000004695,-493151.6054473546,31917.454615733266,0.5687698018974514
cosmx_bcc_spot_0000004696,-493165.71894795203,32301.49404225657,0.4935764767442858
cosmx_bcc_spot_0000004697,-493160.6636484125,32665.676837955503,0.9430711511028934
cosmx_bcc_spot_0000004698,-493152.1375160084,33022.473585922984,0.9855030996453467
cosmx_bcc_spot_0000004699,-493172.185076984,33390.31017128883,0.9827431413887989
cosmx_bcc_spot_0000004700,-493195.1010303879,33758.391067109136,0.9999822422261893
cosmx_bcc_spot_0000004701,-493238.19440583384,34112.07107565482,0.9909045269394879
cosmx_bcc_spot_0000004702,-493224.2911800274,34476.20010791289,0.9820081159104854
cosmx_bcc_spot_0000004703,-493206.8247821778,34855.72430146128,0.9558521737599086
cosmx_bcc_spot_0000004704,-493203.8967518747,35182.201574188555,0.7727629082321672
cosmx_bcc_spot_0000004705,-493234.6731155112,35566.81430146128,0.9389021836524651
cosmx_bcc_spot_0000004706,-493209.233115511,35927.624301461285,0.9833884393747109
cosmx_bcc_spot_0000004707,-493209.6418111633,36292.75691015693,0.9994190855341233
cosmx_bcc_spot_0000004708,-493245.933115511,36606.97430146129,0.9715229523737141
cosmx_bcc_spot_0000004710,-493256.4616869395,37384.54573003273,0.45286235326399715
cosmx_bcc_spot_0000004711,-493254.74740122526,37788.68858717558,4.457712715493265e-09
cosmx_bcc_spot_0000004712,-493206.8664488443,38005.9743014613,3.842018934723734e-14
cosmx_bcc_spot_0000004792,-493149.65914728603,67144.75343489183,0.36265795862137323
cosmx_bcc_spot_0000004793,-493122.3400996668,67431.11533965374,0.08658266252662893
cosmx_bcc_spot_0000004794,-493135.4035917305,67786.24232378071,3.366440000620072e-07
cosmx_bcc_spot_0000004795,-493146.8877187145,68166.13914917754,0.1734291829517913
cosmx_bcc_spot_0000004796,-493126.4328314964,68524.14290857606,0.6552621866606507
cosmx_bcc_spot_0000004797,-493269.0360703629,68907.04574258415,0.8598505874703206
cosmx_bcc_spot_0000004798,-493224.91748061916,69235.77010155852,0.9999999771834981
cosmx_bcc_spot_0000004799,-493172.3915797182,69607.29938083782,0.9850387284645263
cosmx_bcc_spot_0000004800,-493131.9591472858,69971.25343489186,0.984747078477489
cosmx_bcc_spot_0000004801,-493062.7591472859,70313.2201015585,0.9999999997892157
cosmx_bcc_spot_0000004802,-493251.05914728605,70793.25343489183,0.8422094418187315
cosmx_bcc_spot_0000004803,-493242.5305758575,70959.06772060612,0.9656995261778243
cosmx_bcc_spot_0000005094,-492757.985076984,30228.0101712888,0.15520217718508794
cosmx_bcc_spot_0000005095,-492815.44936269853,30503.79588557453,0.4986363925747619
cosmx_bcc_spot_0000005096,-492808.7467048909,30858.010171288835,0.718993546127632
cosmx_bcc_spot_0000005097,-492821.2838574718,31205.57114689859,0.8936248432100692
cosmx_bcc_spot_0000005098,-492811.3779341271,31588.47445700311,0.9294047120012662
cosmx_bcc_spot_0000005099,-492824.51285476197,31941.065726844387,0.9616093784518916
cosmx_bcc_spot_0000005100,-492822.0245506683,32298.51017128883,0.9867767311431509
cosmx_bcc_spot_0000005101,-492815.3161580652,32661.14530642397,0.9884110150752156
cosmx_bcc_spot_0000005102,-492820.885076984,33024.610171288834,0.9925442964948217
cosmx_bcc_spot_0000005103,-492814.2350769843,33373.17683795549,0.9966522520598942
cosmx_bcc_spot_0000005104,-492817.2850769842,33694.21017128881,0.999119652154938
cosmx_bcc_spot_0000005196,-492838.84150022705,67092.58872900948,0.12380773725523532
cosmx_bcc_spot_0000005197,-492767.20914728584,67435.97843489185,0.5094872283794992
cosmx_bcc_spot_0000005198,-492789.9591472858,67794.40343489186,0.8407606780718733
cosmx_bcc_spot_0000005199,-492788.35388412786,68163.48501383925,0.952493385244584
cosmx_bcc_spot_0000005200,-492800.6258139524,68517.89189643034,0.967733078141928
cosmx_bcc_spot_0000005201,-492785.84803617495,68833.6867682252,0.9960855805601142
cosmx_bcc_spot_0000005202,-492737.32278364967,69307.44434398273,0.9045002533115057
cosmx_bcc_spot_0000005203,-492800.4924806191,69601.62010155852,0.981856209205695
cosmx_bcc_spot_0000005204,-492825.76683959353,69947.73805027647,0.970320889852118
cosmx_bcc_spot_0000005205,-492836.22001685103,70321.22300010924,0.9814481330317554
cosmx_bcc_spot_0000005206,-492719.7924806194,70701.68676822515,0.9761720700841076
cosmx_bcc_spot_0000005498,-492474.14416789316,30210.555625834255,0.017098139414886214
cosmx_bcc_spot_0000005499,-492487.6636484128,30485.153028431658,0.315907298730701
cosmx_bcc_spot_0000005500,-492476.8779341271,30855.15302843168,0.7016472093592765
cosmx_bcc_spot_0000005501,-492470.63507698424,31220.710171288825,0.831287367480693
cosmx_bcc_spot_0000005502,-492474.00174365094,31597.47683795549,0.909363812040127
cosmx_bcc_spot_0000005503,-492472.19159872335,31945.271040854033,0.9304296334130927
cosmx_bcc_spot_0000005504,-492477.9538269843,32315.447671288828,0.979416687660876
cosmx_bcc_spot_0000005505,-492470.4931415004,32666.97791322431,0.9794757448973838
cosmx_bcc_spot_0000005506,-492463.9950769842,33030.33017128882,0.9992793826536402
cosmx_bcc_spot_0000005507,-492461.95507698425,33381.25017128882,0.9996699585286211
cosmx_bcc_spot_0000005508,-492476.46584621485,33675.240940519565,0.9850606775713242
cosmx_bcc_spot_0000005600,-492452.70914728596,67067.27010155849,0.284645615176058
cosmx_bcc_spot_0000005601,-492450.8549806191,67458.91593489189,0.8762489789921876
cosmx_bcc_spot_0000005602,-492435.59849154804,67800.56654964598,0.981555554097589
cosmx_bcc_spot_0000005603,-492431.20239052904,68143.27235381078,0.9955648240910806
cosmx_bcc_spot_0000005604,-492458.3915797182,68527.56965110809,0.9645528075213656
cosmx_bcc_spot_0000005605,-492449.1170420226,68875.66922436556,0.9971179110377179
cosmx_bcc_spot_0000005606,-492474.080359407,69235.7776773161,0.9761042717723413
cosmx_bcc_spot_0000005607,-492458.34150022693,69598.38284665658,0.958376279605537
cosmx_bcc_spot_0000005608,-492443.0216472858,69964.75968489186,0.9619561726428827
cosmx_bcc_spot_0000005609,-492443.6778972858,70338.69718489186,0.9952427518330201
cosmx_bcc_spot_0000005610,-492452.6664643589,70710.76806903823,0.9917007638876821
cosmx_bcc_spot_0000005611,-492457.0500563769,70925.44434398274,0.9979148766888923
cosmx_bcc_spot_0000006004,-492053.7739621006,67099.87195341039,0.5938696773907647
cosmx_bcc_spot_0000006005,-492057.8639091905,67444.28200632044,0.9011521175478135
cosmx_bcc_spot_0000006006,-492080.28523424227,67791.72300010927,0.9941838553842738
cosmx_bcc_spot_0000006007,-492106.4591472858,68158.23578783304,0.9999980214187054
cosmx_bcc_spot_0000006008,-492106.32278364943,68505.80798034642,0.9551252086230263
cosmx_bcc_spot_0000006009,-492102.4391472858,68906.59343489185,0.7910207770493813
cosmx_bcc_spot_0000006010,-492094.853884128,69241.14290857606,0.6467240576562391
cosmx_bcc_spot_0000006011,-492082.62581395253,69623.4962920347,0.7612317483538137
cosmx_bcc_spot_0000006012,-492087.2162901429,69963.86772060615,0.9463007262789359
cosmx_bcc_spot_0000006013,-492072.0702583969,70335.35343489188,0.9691070045401514
cosmx_bcc_spot_0000006014,-492079.41152823815,70698.42486346331,0.999999999787785
cosmx_bcc_spot_0000006015,-492157.7924806194,70933.02010155853,0.9618781168936789
cosmx_bcc_spot_0000006408,-491727.3966472858,67063.10343489186,0.6551286227586061
cosmx_bcc_spot_0000006409,-491730.4003237564,67448.26519959776,0.9304802646760395
cosmx_bcc_spot_0000006410,-491723.0162901429,67776.26772060615,0.9952129119410483
cosmx_bcc_spot_0000006411,-491743.06259556167,68184.14653834014,0.906131729506931
cosmx_bcc_spot_0000006412,-491747.73334083415,68528.32117682735,0.9286282595916479
cosmx_bcc_spot_0000006413,-491715.9903972858,68877.88468489186,0.9215744715392895
cosmx_bcc_spot_0000006414,-491683.4591472858,69247.85343489185,0.9463068183957901
cosmx_bcc_spot_0000006415,-491726.0216472858,69604.63468489185,0.9959533285752884
cosmx_bcc_spot_0000006416,-491723.2591472858,69969.45343489188,0.9993873710334416
cosmx_bcc_spot_0000006417,-491730.84009966673,70335.18676822522,0.9986720731772559
cosmx_bcc_spot_0000006418,-491733.5179708152,70646.58872900951,0.991796004001806
cosmx_bcc_spot_0000006812,-491354.1660438375,67087.87067627118,0.6184547126537793
cosmx_bcc_spot_0000006813,-491416.61132119887,67433.44039141359,0.6350483089558966
cosmx_bcc_spot_0000006814,-491349.0026255467,67867.87517402228,0.7620030744379197
cosmx_bcc_spot_0000006815,-491356.9591472858,68158.2867682252,0.810516778480097
cosmx_bcc_spot_0000006816,-491345.44399577065,68536.41404095247,0.8961238279484779
cosmx_bcc_spot_0000006817,-491353.9297355211,68881.97108195069,0.9814812717613993
cosmx_bcc_spot_0000006818,-491380.7978569632,69248.51472521444,0.9049483411129295
cosmx_bcc_spot_0000006819,-491385.7773291042,69580.26252580092,0.5052453656939602
cosmx_bcc_spot_0000006820,-491467.62581395276,69989.68676822516,0.7922867323653149
cosmx_bcc_spot_0000006821,-491441.8682381949,70395.03525307366,0.9999999999986559
cosmx_bcc_spot_0000006822,-491413.7924806192,70637.35343489185,0.9987579077354762
cosmx_bcc_spot_0000006823,-491326.01470284135,71044.8256571141,0.9999999999999751
cosmx_bcc_spot_0000007216,-491036.6514549783,67069.50728104572,0.4068339869025433
cosmx_bcc_spot_0000007217,-491010.6734330002,67488.42486346327,2.0250185153658648e-05
cosmx_bcc_spot_0000007218,-490992.82871250325,67827.87517402228,0.770897804355182
cosmx_bcc_spot_0000007219,-491004.41860674525,68177.24532678376,0.8420313861198288
cosmx_bcc_spot_0000007220,-491016.3202583969,68523.04787933631,0.7970937791012144
cosmx_bcc_spot_0000007221,-491001.51087142376,68868.21550385738,0.7380566639750659
cosmx_bcc_spot_0000007222,-490998.37294038926,69269.5948142022,0.9387264773424371
cosmx_bcc_spot_0000007223,-490943.1330603293,69577.39691315273,0.9011970302223964
cosmx_bcc_spot_0000007227,-490998.22385316814,71040.35343489186,0.9999999999999818
cosmx_bcc_spot_0000007621,-490601.0543853811,67470.63914917756,0.667543959134814
cosmx_bcc_spot_0000007622,-490634.1813695081,67797.13121266963,0.4465207413045274
cosmx_bcc_spot_0000007623,-490657.7369250636,68153.68676822519,0.8885801247420041
cosmx_bcc_spot_0000007624,-490633.74862097006,68443.35343489183,0.3482983096786146
cosmx_bcc_spot_0000007625,-490618.9358914718,68911.63250465933,0.9999999956302135
cosmx_bcc_spot_0000007626,-490640.4726607993,69236.94802948646,0.9999975845957354
cosmx_bcc_spot_0000007627,-490632.4829568096,69600.6629587014,0.9999999999981649
cosmx_bcc_spot_0000007628,-490614.34150022693,69974.5004937154,0.9832732717639603
cosmx_bcc_spot_0000007629,-490614.1778972858,70321.35343489186,0.9999999999994714
cosmx_bcc_spot_0000007630,-490594.20914728596,70739.68676822516,0.9704547641058218
cosmx_bcc_spot_0000007631,-490634.181369508,71023.5756571141,0.9973845641865318
cosmx_bcc_spot_0000008024,-490258.55914728605,67012.55343489182,0.30448881783425924
cosmx_bcc_spot_0000008026,-490274.0179708153,67836.23578783302,0.5742197276441332
cosmx_bcc_spot_0000008027,-490291.567842938,68153.30995663097,0.6843196274073228
cosmx_bcc_spot_0000008028,-490298.87581395265,68462.85343489182,0.248267427677923
cosmx_bcc_spot_0000008029,-490295.91036679794,68895.5973373309,0.9999999999969954
cosmx_bcc_spot_0000008030,-490314.3530866797,69253.868586407,0.9807270786471731
cosmx_bcc_spot_0000008031,-490301.9268892213,69608.57924134347,0.9999786486796617
cosmx_bcc_spot_0000008032,-490295.0236634148,69954.74053166606,0.9999996717438676
cosmx_bcc_spot_0000008033,-490306.51087142376,70333.66377971946,0.9999999999999788
cosmx_bcc_spot_0000008034,-490298.6734330001,70661.53200632044,0.9999999999999819
cosmx_bcc_spot_0000008035,-490327.8258139526,71008.35343489183,0.999766767004914
cosmx_bcc_spot_0000008829,-489453.679091731,66028.2182909114,0.14727551515558837
cosmx_bcc_spot_0000008830,-489466.8369864678,66372.4288172272,0.5126816286303739
cosmx_bcc_spot_0000008831,-489460.4648060167,66677.7182909114,0.442135557406121
cosmx_bcc_spot_0000008832,-489437.929091731,67042.2182909114,0.9463343090004503
cosmx_bcc_spot_0000008835,-489468.40636445826,68217.49101818413,0.8380242180731641
cosmx_bcc_spot_0000008836,-489484.14967996633,68535.33593797023,0.9999988122609821
cosmx_bcc_spot_0000008837,-489466.8933774453,68866.36114805426,0.9999999999325251
cosmx_bcc_spot_0000008838,-489462.241591731,69293.7182909114,0.8958326341246075
cosmx_bcc_spot_0000009232,-489191.6076631596,65728.2182909114,0.2518481846709317
cosmx_bcc_spot_0000009233,-489171.8555623193,66043.2182909114,0.0028906694168054532
cosmx_bcc_spot_0000009234,-489194.83293788484,66374.52598321914,0.4999598050631042
cosmx_bcc_spot_0000009235,-489164.7843548888,66692.87618564832,0.7993730544378422
cosmx_bcc_spot_0000009236,-489155.0790917308,67100.39329091148,0.9873716742749428
cosmx_bcc_spot_0000009237,-489086.84575839766,67288.88495757808,0.971032351724264
cosmx_bcc_spot_0000009240,-489255.279091731,68637.4182909114,0.9986809053173872
cosmx_bcc_spot_0000009241,-489208.1115241634,68895.5426152358,0.9999999999459317
cosmx_bcc_spot_0000009242,-489199.3896180467,69242.13934354305,0.9999999782305794
cosmx_bcc_spot_0000009636,-488810.67909173097,65702.01829091141,0.11277939250348702
cosmx_bcc_spot_0000009637,-488811.21755326947,65979.75675244987,0.009902386919552615
cosmx_bcc_spot_0000009638,-488833.9013139532,66390.21829091142,0.15150174077912393
cosmx_bcc_spot_0000009639,-488848.14063019253,66703.14136783453,0.42496464468978523
cosmx_bcc_spot_0000009640,-488841.4290917308,67071.56829091147,0.8916766008746823
cosmx_bcc_spot_0000009641,-488894.0362345882,67327.28971948284,0.9997002613393071
cosmx_bcc_spot_0000009643,-488774.13742506434,68199.05162424478,0.7779319771176905
cosmx_bcc_spot_0000009644,-488807.25601480796,68515.75675244992,0.7953330012012145
cosmx_bcc_spot_0000009645,-488825.1076631596,68850.64686233997,0.781145919056653
cosmx_bcc_spot_0000009646,-488862.82194887387,69316.69448138762,0.9609630601205863
cosmx_bcc_spot_0000009702,-488488.3717121238,-56803.06108243111,0.096362139996444
cosmx_bcc_spot_0000009703,-488485.3565606086,-56449.22774909777,0.009691278558100879
cosmx_bcc_spot_0000009963,-488446.64638510277,37758.869263641376,1.6321732675455248e-15
cosmx_bcc_spot_0000009964,-488490.84050274984,38092.96632246491,1.0062511317578922e-09
cosmx_bcc_spot_0000009965,-488456.3571694165,38437.93298913158,0.00012716192433691111
cosmx_bcc_spot_0000009966,-488420.1280027498,38839.26632246491,5.4369773325717307e-14
cosmx_bcc_spot_0000009967,-488480.6547884642,39153.087751036335,0.00214752226900683
cosmx_bcc_spot_0000009968,-488483.5119313213,39535.51632246491,4.5455298317727385e-13
cosmx_bcc_spot_0000009969,-488446.77383608324,39920.849655798236,9.871421760676455e-05
cosmx_bcc_spot_0000009970,-488406.74050274986,40254.81632246491,2.1719636728922036e-05
cosmx_bcc_spot_0000009971,-488366.36907417845,40625.23060817919,1.9637796624238834e-15
cosmx_bcc_spot_0000009972,-488428.04050274985,40976.116322464906,0.00018466184186949135
cosmx_bcc_spot_0000009973,-488455.74050274986,41380.616322464906,0.014596361611650508
cosmx_bcc_spot_0000009974,-488443.051613861,41672.738544687134,8.189038123225163e-11
cosmx_bcc_spot_0000010040,-488450.5026211428,65670.98299679375,0.13218318233524046
cosmx_bcc_spot_0000010041,-488450.679091731,65980.33593797023,0.12672118186788
cosmx_bcc_spot_0000010042,-488430.159091731,66345.69829091144,0.4197674398064338
cosmx_bcc_spot_0000010043,-488410.9013139532,66690.9590316522,0.6490898584603428
cosmx_bcc_spot_0000010044,-488413.0475127836,67093.00776459563,0.040686542236051323
cosmx_bcc_spot_0000010046,-488409.4685654152,67840.53408038511,0.8331703137921942
cosmx_bcc_spot_0000010047,-488460.679091731,68158.81088350405,0.8905863022862908
cosmx_bcc_spot_0000010048,-488472.98678403854,68542.4234191166,0.8407532516172552
cosmx_bcc_spot_0000010049,-488460.741591731,68880.24954091146,0.9739112330496469
cosmx_bcc_spot_0000010050,-488416.56144467223,69144.86534973494,0.8739815337156288
cosmx_bcc_spot_0000010102,-487993.98989394197,-58151.261082431105,2.6680072270965342e-11
cosmx_bcc_spot_0000010103,-488103.0648939419,-57836.68608243111,0.16980475927968716
cosmx_bcc_spot_0000010104,-488081.83275108493,-57482.132511002535,0.28547497705422015
cosmx_bcc_spot_0000010105,-488066.48989394197,-57127.4610824311,0.1715142168185799
cosmx_bcc_spot_0000010106,-488049.18989394215,-56767.95581927321,5.5453012319297424e-12
cosmx_bcc_spot_0000010107,-488022.3148939419,-56402.93608243111,0.08032980633631313
cosmx_bcc_spot_0000010355,-487969.17038182664,33437.12362086384,0.8230185413310601
cosmx_bcc_spot_0000010356,-488029.5110411673,33785.5521922924,0.9298570900131271
cosmx_bcc_spot_0000010357,-488012.90847706475,34096.0521922924,0.9594163767872652
cosmx_bcc_spot_0000010358,-488004.2033488596,34444.70603844625,0.9404048020346497
cosmx_bcc_spot_0000010359,-487990.5543103981,34860.3646922924,0.9670482442197974
cosmx_bcc_spot_0000010360,-488009.82514373143,35237.38552562574,0.9831732187835118
cosmx_bcc_spot_0000010361,-488011.8668103981,35561.5521922924,0.9381873820745212
cosmx_bcc_spot_0000010362,-488011.9640326203,35933.94108118129,0.9595188639009714
cosmx_bcc_spot_0000010363,-487997.28726494353,36267.006737746946,0.9043743506691412
cosmx_bcc_spot_0000010364,-487988.6703818267,36638.76647800669,2.8276382856225363e-06
cosmx_bcc_spot_0000010365,-488026.241810398,37031.71885895907,0.050702415563556334
cosmx_bcc_spot_0000010366,-488022.27492579,37389.212880654486,0.007178394943329641
cosmx_bcc_spot_0000010367,-488126.84050274984,37681.91632246491,1.5483897240493127e-15
cosmx_bcc_spot_0000010368,-488115.2738360832,38130.51632246491,0.003001700168629508
cosmx_bcc_spot_0000010369,-488086.0238360832,38457.68298913158,2.9567938577719715e-14
cosmx_bcc_spot_0000010370,-488125.65478846413,38813.23060817919,3.573769638716621e-05
cosmx_bcc_spot_0000010371,-488092.6905027499,39141.51632246491,4.813540661087547e-12
cosmx_bcc_spot_0000010373,-488145.6905027499,39933.26632246491,0.005735090318422154
cosmx_bcc_spot_0000010374,-488183.03141184076,40281.60723155582,4.594915362902676e-14
cosmx_bcc_spot_0000010375,-488149.9405027499,40612.39132246491,2.7827421633588372e-14
cosmx_bcc_spot_0000010376,-488162.60716941656,40953.51632246491,0.00017158176822882273
cosmx_bcc_spot_0000010377,-488086.3950482044,41392.87995882855,0.022422510907756085
cosmx_bcc_spot_0000010378,-488097.94050274993,41631.01632246491,1.0099207959073095e-09
cosmx_bcc_spot_0000010444,-488096.779091731,65613.31829091141,0.08602775306688007
cosmx_bcc_spot_0000010445,-488092.599091731,66023.29829091145,0.41724312688043613
cosmx_bcc_spot_0000010446,-488087.0016723762,66334.25054897598,0.6893183782430281
cosmx_bcc_spot_0000010447,-488114.1290917308,66724.39329091148,0.7314008692259256
cosmx_bcc_spot_0000010448,-488137.25052030245,66992.83733853049,0.7592937041000197
cosmx_bcc_spot_0000010449,-488138.34575839766,67509.1071798003,0.17126316915939915
cosmx_bcc_spot_0000010450,-488101.2085034957,67802.45358502911,0.8104428467257809
cosmx_bcc_spot_0000010451,-488103.57564345514,68158.32173918732,0.7995782257064631
cosmx_bcc_spot_0000010452,-488102.70939476136,68532.24859394177,0.878885947224566
cosmx_bcc_spot_0000010453,-488096.979091731,68885.88495757812,0.8677081482693293
cosmx_bcc_spot_0000010454,-488128.2148060167,69254.8254337686,0.9794810740528549
cosmx_bcc_spot_0000010505,-487637.38989394193,-58602.8610824311,1.9998343095126177e-15
cosmx_bcc_spot_0000010506,-487742.1129708651,-58221.59954396957,0.15184475529423205
cosmx_bcc_spot_0000010507,-487748.6184653706,-57898.06108243111,0.224886226009435
cosmx_bcc_spot_0000010508,-487752.4676717199,-57480.22774909777,0.3151976986246263
cosmx_bcc_spot_0000010509,-487721.3262575785,-57156.83380970383,0.004989214763187359
cosmx_bcc_spot_0000010510,-487742.1898939421,-56779.47284713699,1.0305499757545804e-10
cosmx_bcc_spot_0000010511,-487755.9171666693,-56449.879264249284,0.1619566963449808
cosmx_bcc_spot_0000010512,-487789.47560822766,-56163.20393957396,0.3291596572129647
cosmx_bcc_spot_0000010759,-487737.1793103981,33425.9271922924,0.9552209819007346
cosmx_bcc_spot_0000010760,-487722.5418103981,33772.8021922924,0.9603472119589849
cosmx_bcc_spot_0000010761,-487744.79444197705,34105.60482387135,0.8916606807506189
cosmx_bcc_spot_0000010762,-487724.74181039806,34464.10774784796,0.7558464386670348
cosmx_bcc_spot_0000010763,-487737.9236285799,34831.82491956513,0.8899056546781178
cosmx_bcc_spot_0000010764,-487752.4218103981,35210.83219229241,0.9090724838044739
cosmx_bcc_spot_0000010765,-487762.6205982769,35562.40067714089,0.9721508857492374
cosmx_bcc_spot_0000010766,-487754.9353587852,35916.00380519563,0.9057968355025972
cosmx_bcc_spot_0000010767,-487757.77884743514,36268.32997007018,0.8559603758239799
cosmx_bcc_spot_0000010768,-487730.1168103981,36654.9896922924,1.745071612471956e-15
cosmx_bcc_spot_0000010769,-487717.3018103981,37023.312192292404,1.4328249544231145e-15
cosmx_bcc_spot_0000010770,-487728.3550565549,37356.616467637235,1.4610446162470671e-15
cosmx_bcc_spot_0000010771,-487767.12232093164,37725.97086791945,1.6870106081332808e-15
cosmx_bcc_spot_0000010772,-487751.3571694165,38128.76632246491,5.4416313883669004e-06
cosmx_bcc_spot_0000010773,-487732.8571694165,38453.93298913158,5.4418157677983666e-14
cosmx_bcc_spot_0000010774,-487768.9405027499,38792.31632246491,3.3014939790169136e-10
cosmx_bcc_spot_0000010775,-487757.7405027499,39163.716322464905,2.2428563420130276e-10
cosmx_bcc_spot_0000010776,-487697.77383608324,39590.01632246491,1.8667107637831625e-15
cosmx_bcc_spot_0000010781,-487752.3155027499,41379.76632246491,0.030293345086253635
cosmx_bcc_spot_0000010782,-487753.10716941656,41695.849655798236,0.050942568282911764
cosmx_bcc_spot_0000010848,-487693.4483225002,65626.06444475756,0.00015011049348752494
cosmx_bcc_spot_0000010849,-487734.239091731,66025.73829091145,0.5252769242778086
cosmx_bcc_spot_0000010850,-487749.2219488739,66338.3897194829,0.7673736278402472
cosmx_bcc_spot_0000010851,-487739.2156770966,66703.77926652123,0.9220788683867674
cosmx_bcc_spot_0000010854,-487744.2716843236,67816.51458720776,0.5328442496512814
cosmx_bcc_spot_0000010855,-487710.36874690343,68158.63208401491,0.7635363007327381
cosmx_bcc_spot_0000010856,-487739.6520647039,68510.6507233439,0.9598353979342765
cosmx_bcc_spot_0000010857,-487741.0427280946,68881.53647272963,0.9676074698576865
cosmx_bcc_spot_0000010858,-487749.9694143117,69266.47635542759,0.9720738315344293
cosmx_bcc_spot_0000010909,-487391.27322727535,-58583.47774909777,0.00483115157756269
cosmx_bcc_spot_0000010910,-487343.88220163435,-58213.52262089265,0.12948005152916367
cosmx_bcc_spot_0000010911,-487404.5232272754,-57895.12774909777,0.24911895447096108
cosmx_bcc_spot_0000010912,-487363.078782831,-57501.83886020889,0.03580765414265756
cosmx_bcc_spot_0000010913,-487394.6898939421,-57148.283304653334,0.01173930354538326
cosmx_bcc_spot_0000010914,-487364.371712124,-56795.10653697656,1.8111189387720385e-15
cosmx_bcc_spot_0000010915,-487355.6604821774,-56369.06108243111,0.5914890495425694
cosmx_bcc_spot_0000010916,-487267.88220163435,-56139.368774738796,0.7601097199132905
cosmx_bcc_spot_0000011163,-487375.7033488596,33394.43680767702,0.9450879587831786
cosmx_bcc_spot_0000011164,-487383.08796424425,33765.782961523175,0.9520643643569942
cosmx_bcc_spot_0000011165,-487369.97514373146,34132.9521922924,0.9332439242790674
cosmx_bcc_spot_0000011166,-487369.94769275107,34476.022780527695,0.9675080968088849
cosmx_bcc_spot_0000011167,-487365.53592804517,34845.5521922924,0.9713326299800787
cosmx_bcc_spot_0000011168,-487386.9918103981,35216.90933514955,0.9534349878366943
cosmx_bcc_spot_0000011169,-487350.25532391155,35558.525165265375,0.960795291793834
cosmx_bcc_spot_0000011170,-487361.85808946757,35941.50568066449,0.9679838078068974
cosmx_bcc_spot_0000011171,-487385.0208801652,36280.831262059844,0.934476405479994
cosmx_bcc_spot_0000011172,-487332.50651628047,36627.758074645346,0.39677321320090164
cosmx_bcc_spot_0000011173,-487374.1703818267,36999.3021922924,1.1157219600305951e-15
cosmx_bcc_spot_0000011174,-487373.34162359126,37384.4756394599,1.6071237264319637e-15
cosmx_bcc_spot_0000011175,-487415.3214551308,37724.94489389348,1.9976477252322813e-15
cosmx_bcc_spot_0000011176,-487343.84050274984,38075.21632246491,3.8744286958858076e-08
cosmx_bcc_spot_0000011177,-487372.5119313213,38383.65917960776,0.027877555235879856
cosmx_bcc_spot_0000011179,-487381.77383608324,39227.01632246491,3.1791762722995e-14
cosmx_bcc_spot_0000011180,-487346.10716941656,39596.51632246491,8.593638085820396e-13
cosmx_bcc_spot_0000011181,-487340.9405027499,39843.26632246491,8.49543993861412e-12
cosmx_bcc_spot_0000011184,-487364.27383608324,40999.01632246491,3.093989718711374e-09
cosmx_bcc_spot_0000011185,-487397.4859572953,41397.152686101275,0.0010515537937799966
cosmx_bcc_spot_0000011186,-487353.84959365893,41662.24359519218,0.07143553917747235
cosmx_bcc_spot_0000011252,-487375.67909173097,65700.77384646697,0.04627501523976724
cosmx_bcc_spot_0000011253,-487361.4867840387,66007.98752168068,0.4387604118433558
cosmx_bcc_spot_0000011254,-487379.5320329075,66334.365349735,0.76650430903236
cosmx_bcc_spot_0000011255,-487383.2673270251,66700.3947614997,0.7659412614683322
cosmx_bcc_spot_0000011260,-487399.8457583977,68544.18495757812,0.8853753119565309
cosmx_bcc_spot_0000011261,-487385.7902028421,68886.66273535592,0.8701263815205071
cosmx_bcc_spot_0000011262,-487360.4568695088,69259.10717980035,0.9192488402865806
cosmx_bcc_spot_0000011313,-487010.5023939421,-58577.93608243111,0.009239981591859965
cosmx_bcc_spot_0000011314,-487021.78989394207,-58220.46108243111,0.009503037627855362
cosmx_bcc_spot_0000011315,-487005.4206631728,-57858.90723627726,4.215513482395358e-09
cosmx_bcc_spot_0000011316,-486998.13726236316,-57489.64002979952,0.0685641245353535
cosmx_bcc_spot_0000011317,-487004.8398939421,-57124.511082431105,0.002696746433733652
cosmx_bcc_spot_0000011318,-487005.9171666693,-56806.33380970383,1.8581367253129637e-15
cosmx_bcc_spot_0000011319,-487043.078782831,-56385.94997132,0.3667140445547306
cosmx_bcc_spot_0000011320,-487035.62989394215,-56075.541082431104,0.6206785183996057
cosmx_bcc_spot_0000011321,-486945.58989394194,-55818.66108243111,0.43606059485679777
cosmx_bcc_spot_0000011567,-486990.14181039814,33413.618858959075,0.3604930954984413
cosmx_bcc_spot_0000011568,-487001.8370484933,33762.36171610193,0.36396585088337224
cosmx_bcc_spot_0000011569,-486987.0218103981,34117.43219229241,0.6905681296052972
cosmx_bcc_spot_0000011570,-486997.0618103981,34482.672192292404,0.6460601894401615
cosmx_bcc_spot_0000011571,-487014.74181039806,34827.21885895907,0.9656261854064729
cosmx_bcc_spot_0000011572,-486996.667736324,35186.8484885887,0.8263811658193585
cosmx_bcc_spot_0000011573,-486998.63466754096,35576.62362086384,0.9112300366778613
cosmx_bcc_spot_0000011574,-487021.741810398,35921.57921931943,0.9574823960824127
cosmx_bcc_spot_0000011575,-487006.3271762515,36297.13755814606,0.9290412433957036
cosmx_bcc_spot_0000011576,-487035.94181039813,36639.9121922924,0.5077377557241132
cosmx_bcc_spot_0000011577,-487021.5418103981,36998.8021922924,1.273378432760035e-15
cosmx_bcc_spot_0000011578,-487036.10643935995,37331.49125877314,1.6322233109137744e-10
cosmx_bcc_spot_0000011579,-487003.6071694165,37711.982989131575,8.877468551165308e-06
cosmx_bcc_spot_0000011580,-487022.36907417845,38075.80203675062,0.014139684955465725
cosmx_bcc_spot_0000011581,-487018.5655027499,38476.89132246491,8.461258856451871e-09
cosmx_bcc_spot_0000011583,-486973.5655027499,39152.51632246491,1.961167167754425e-15
cosmx_bcc_spot_0000011584,-487070.44050274993,39612.01632246491,9.532809310982729e-11
cosmx_bcc_spot_0000011585,-487000.24050274986,39897.616322464906,1.7124353158321713e-10
cosmx_bcc_spot_0000011586,-487019.6547884642,40265.94489389348,3.163985865848652e-15
cosmx_bcc_spot_0000011588,-487002.0655027499,41053.64132246491,1.9618636093042563e-15
cosmx_bcc_spot_0000011589,-486991.6071694165,41311.68298913158,3.4768617850194e-10
cosmx_bcc_spot_0000011590,-487025.0833598928,41638.94489389348,0.002460288477278334
cosmx_bcc_spot_0000011656,-487012.304091731,65728.2182909114,0.11775278908054683
cosmx_bcc_spot_0000011657,-486998.429091731,65996.0754337686,0.45256472193952607
cosmx_bcc_spot_0000011658,-487018.33293788484,66324.29521398837,0.7868524892193
cosmx_bcc_spot_0000011659,-487068.479091731,66640.2182909114,0.6748221816693755
cosmx_bcc_spot_0000011664,-486983.76604825276,68547.95742134622,0.8523292206129824
cosmx_bcc_spot_0000011665,-486991.07194887387,68902.75400519717,0.8173434954272587
cosmx_bcc_spot_0000011666,-487008.9013139532,69242.0516242448,0.9066519386786129
cosmx_bcc_spot_0000011716,-486692.76132251334,-58834.632511002535,0.4608253248305208
cosmx_bcc_spot_0000011717,-486644.52322727547,-58589.28330465333,0.32019926276335775
cosmx_bcc_spot_0000011718,-486643.078782831,-58236.67219354222,0.20661466806862933
cosmx_bcc_spot_0000011719,-486674.2898939421,-57897.41108243111,4.588261843295859e-12
cosmx_bcc_spot_0000011720,-486685.57450932666,-57550.13800550803,3.926004750514277e-09
cosmx_bcc_spot_0000011721,-486624.92322727543,-57132.527749097775,1.941203101992008e-15
cosmx_bcc_spot_0000011722,-486658.88989394216,-56797.66108243111,1.9455194469526522e-15
cosmx_bcc_spot_0000011723,-486643.7808030331,-56419.742900612924,0.002295212725247493
cosmx_bcc_spot_0000011724,-486655.1898939421,-56055.002258901695,1.7030297268494738e-15
cosmx_bcc_spot_0000011725,-486634.65656060877,-55720.86108243111,0.6273489280652987
cosmx_bcc_spot_0000011726,-486628.10656060866,-55304.81108243111,0.4919897386957563
cosmx_bcc_spot_0000011727,-486633.77812923625,-54968.47284713699,1.9298177277003524e-15
cosmx_bcc_spot_0000011971,-486668.4918103981,33380.8021922924,0.7666182501827786
cosmx_bcc_spot_0000011972,-486664.8006339275,33758.522780527695,0.9407318146173178
cosmx_bcc_spot_0000011973,-486659.94181039813,34102.752192292406,0.9745337331279775
cosmx_bcc_spot_0000011974,-486700.6241633393,34478.19925111593,0.9488527971816793
cosmx_bcc_spot_0000011975,-486643.2775246838,34844.730763720974,0.8519468942041613
cosmx_bcc_spot_0000011976,-486637.50371516,35192.21885895907,0.9827130639155398
cosmx_bcc_spot_0000011977,-486632.99987491424,35563.32638584079,0.9604994568226851
cosmx_bcc_spot_0000011978,-486610.4293103981,35899.6146922924,0.9130941423373055
cosmx_bcc_spot_0000011979,-486656.5989532552,36285.980763720974,0.08291737222514492
cosmx_bcc_spot_0000011980,-486667.50651628047,36634.258074645346,1.9008306477334196e-15
cosmx_bcc_spot_0000011981,-486649.38466754096,37002.62362086384,1.9607355561134164e-15
cosmx_bcc_spot_0000011982,-486663.50520900753,37371.000215960135,9.96774420354761e-05
cosmx_bcc_spot_0000011983,-486592.4789642883,37722.59324554184,1.651578146569894e-15
cosmx_bcc_spot_0000011984,-486690.6071694165,38094.18298913157,0.025483248850004914
cosmx_bcc_spot_0000011985,-486643.0833598928,38518.80203675062,0.0001836372672606024
cosmx_bcc_spot_0000011986,-486664.6905027498,38849.76632246491,1.9613039662137392e-15
cosmx_bcc_spot_0000011988,-486637.10716941656,39590.18298913157,0.00024893693688638244
cosmx_bcc_spot_0000011993,-486653.27383608324,41376.01632246491,3.3236966092271e-11
cosmx_bcc_spot_0000011994,-486660.5119313213,41684.087751036335,3.7278377342467406e-09
cosmx_bcc_spot_0000012061,-486656.77432982624,66011.8849575781,0.33086268005042824
cosmx_bcc_spot_0000012062,-486681.719091731,66363.21829091145,0.6962285406939864
cosmx_bcc_spot_0000012063,-486631.21755326947,66770.37213706525,0.6498342039530085
cosmx_bcc_spot_0000012064,-486643.9648060167,66936.64686233997,0.5953374584220474
cosmx_bcc_spot_0000012067,-486590.679091731,68197.28971948284,0.7177938696442235
cosmx_bcc_spot_0000012068,-486720.82194887387,68493.2182909114,0.8284148095669484
cosmx_bcc_spot_0000012069,-486686.3609099128,68899.49101818417,0.8174277349623533
cosmx_bcc_spot_0000012070,-486640.62026820163,69208.86534973494,0.8509803503406754
cosmx_bcc_spot_0000012120,-486314.6184653705,-58849.48965385968,0.21629188237577712
cosmx_bcc_spot_0000012121,-486286.0648939421,-58611.74858243111,0.10357224997952273
cosmx_bcc_spot_0000012122,-486295.40417965635,-58279.77536814539,0.025935457908737778
cosmx_bcc_spot_0000012123,-486284.02322727535,-57859.72774909777,4.579699345738887e-07
cosmx_bcc_spot_0000012124,-486268.4975862497,-57572.21492858495,2.5771862241332757e-05
cosmx_bcc_spot_0000012125,-486252.1898939421,-57179.261082431105,7.478078381539736e-07
cosmx_bcc_spot_0000012126,-486300.7162097316,-56764.429503483734,0.1693728763487426
cosmx_bcc_spot_0000012127,-486257.18989394215,-56434.89441576444,0.5483313491788765
cosmx_bcc_spot_0000012128,-486266.4121161644,-56053.098119468144,0.4805557054124639
cosmx_bcc_spot_0000012129,-486286.50989394216,-55737.541082431104,0.12110735749493935
cosmx_bcc_spot_0000012130,-486249.83695276565,-55314.41402360758,0.4810478052001944
cosmx_bcc_spot_0000012131,-486292.18989394215,-54973.2991776692,0.12282514718129511
cosmx_bcc_spot_0000012375,-486292.09475157456,33401.375721704164,0.5228758115903026
cosmx_bcc_spot_0000012376,-486286.81323896954,33757.01647800669,0.9514152554278232
cosmx_bcc_spot_0000012377,-486280.2418103981,34110.0521922924,0.9571098883754802
cosmx_bcc_spot_0000012378,-486301.3070277894,34464.07393142284,0.9392633990800111
cosmx_bcc_spot_0000012379,-486307.00496829284,34858.5521922924,0.7745313564699587
cosmx_bcc_spot_0000012380,-486284.0218103981,35220.6321922924,0.9622080591836008
cosmx_bcc_spot_0000012381,-486292.6218103981,35572.83219229241,0.9614816324637869
cosmx_bcc_spot_0000012382,-486276.56533980987,35941.611015821814,0.962287515059548
cosmx_bcc_spot_0000012383,-486266.5418103981,36275.5921922924,0.3368131340770388
cosmx_bcc_spot_0000012384,-486260.65485387633,36660.76958359675,1.8352578511397468e-15
cosmx_bcc_spot_0000012385,-486254.5312840823,37026.28903439767,0.0002472206317208469
cosmx_bcc_spot_0000012386,-486279.5000892461,37345.09236438292,0.01088147258727457
cosmx_bcc_spot_0000012387,-486294.66272497206,37758.12743357602,1.579019785275806e-15
cosmx_bcc_spot_0000012388,-486192.79764560703,38047.37346532205,0.019871145845921215
cosmx_bcc_spot_0000012390,-486280.5119313213,38839.37346532205,0.00011111184912254177
cosmx_bcc_spot_0000012391,-486241.6071694165,39241.738544687134,0.009513685981915062
cosmx_bcc_spot_0000012394,-486285.10716941656,40294.68298913157,8.505444534429414e-14
cosmx_bcc_spot_0000012395,-486267.54050274997,40555.3163224649,0.029139142364337053
cosmx_bcc_spot_0000012396,-486351.54050274997,40963.5163224649,3.239761857663181e-09
cosmx_bcc_spot_0000012398,-486284.7405027499,41667.9163224649,1.1956509089781977e-05
cosmx_bcc_spot_0000012465,-486283.279091731,66012.2182909114,0.06804082708779612
cosmx_bcc_spot_0000012466,-486268.31067067833,66387.21829091142,0.5588468977633295
cosmx_bcc_spot_0000012467,-486371.679091731,66627.8432909114,0.41433617502869086
cosmx_bcc_spot_0000012471,-486392.22454627644,68193.76374545686,0.5093346908216959
cosmx_bcc_spot_0000012472,-486221.879091731,68587.6182909114,0.513141499323708
cosmx_bcc_spot_0000012473,-486243.4648060167,68890.75400519717,0.8328520576220333
cosmx_bcc_spot_0000012474,-486278.9732093781,69259.98299679381,0.9945955816444072
cosmx_bcc_spot_0000012525,-485919.00807576015,-58665.60653697656,1.3785477789113043e-12
cosmx_bcc_spot_0000012526,-485930.6514324036,-58235.445697815725,1.987840254062531e-15
cosmx_bcc_spot_0000012527,-485963.8148939419,-57896.81108243111,9.571090958954031e-06
cosmx_bcc_spot_0000012528,-485923.0648939421,-57515.12358243111,2.3185850173289207e-10
cosmx_bcc_spot_0000012529,-485998.0648939421,-57138.06108243111,4.521443100786935e-07
cosmx_bcc_spot_0000012530,-485929.1158198681,-56801.579600949626,0.6487785194631898
cosmx_bcc_spot_0000012531,-485911.92066317296,-56434.291851661874,0.8587475834974198
cosmx_bcc_spot_0000012532,-485924.8461439422,-56049.81108243111,0.6640113718894187
cosmx_bcc_spot_0000012533,-485940.1898939421,-55734.41402360758,0.4144879372982716
cosmx_bcc_spot_0000012534,-485930.8773939421,-55364.68608243111,0.3590542559338653
cosmx_bcc_spot_0000012535,-485925.9676717199,-54993.394415764444,0.8115746312941925
cosmx_bcc_spot_0000012779,-485923.8933255496,33404.218858959066,0.985034363662834
cosmx_bcc_spot_0000012780,-485935.45609611244,33737.7521922924,0.8941985946308769
cosmx_bcc_spot_0000012781,-485915.26354952855,34098.94349664023,0.8471228830518857
cosmx_bcc_spot_0000012782,-485899.4809408329,34504.20436620545,0.9596449587366396
cosmx_bcc_spot_0000012783,-485909.08796424425,34829.12911536933,0.8923372039300727
cosmx_bcc_spot_0000012784,-485935.6941913505,35168.50457324478,0.7803115890237471
cosmx_bcc_spot_0000012785,-485947.8797414326,35570.655640568264,0.9137693007342782
cosmx_bcc_spot_0000012786,-485944.44181039813,35917.28552562573,0.5569768196701439
cosmx_bcc_spot_0000012787,-485935.8571950135,36311.93680767702,1.585595690909811e-15
cosmx_bcc_spot_0000012788,-485888.80847706477,36651.11885895907,1.7200423512298263e-15
cosmx_bcc_spot_0000012789,-485913.7918103981,37013.602192292405,0.15893671683858834
cosmx_bcc_spot_0000012790,-485893.62350970285,37365.548931399,0.7512854241574227
cosmx_bcc_spot_0000012791,-485920.6071694165,37733.54662549521,0.9957119927478187
cosmx_bcc_spot_0000012792,-485878.7530027498,38069.20382246491,0.8977761455183515
cosmx_bcc_spot_0000012793,-485960.10716941656,38519.51632246491,1.172464757697778e-11
cosmx_bcc_spot_0000012794,-485883.6547884642,38828.80203675062,1.9925793745631303e-15
cosmx_bcc_spot_0000012795,-485874.4071694165,39190.78298913157,3.949277597138634e-06
cosmx_bcc_spot_0000012796,-485938.82939163875,39495.738544687134,8.387584023457101e-11
cosmx_bcc_spot_0000012800,-485942.54050274997,41022.3163224649,0.047668111553522644
cosmx_bcc_spot_0000012869,-485995.779091731,66068.4182909114,3.59787608227895e-07
cosmx_bcc_spot_0000012870,-485921.82194887387,66322.00400519717,0.13010467632294995
cosmx_bcc_spot_0000012871,-485840.84575839766,66644.7182909114,0.17706815129109627
cosmx_bcc_spot_0000012876,-485916.41242506437,68624.35162424474,0.5390932461741542
cosmx_bcc_spot_0000012877,-485926.1629626988,68895.0892586534,0.8629481093460222
cosmx_bcc_spot_0000012878,-485952.199091731,69225.25829091144,0.9306917374907259
cosmx_bcc_spot_0000012929,-485562.0648939419,-58580.43608243111,2.399327224639557e-14
cosmx_bcc_spot_0000012930,-485617.58989394194,-58240.761082431105,2.942477334576458e-11
cosmx_bcc_spot_0000012931,-485521.83275108493,-57878.20393957396,6.405285347082245e-13
cosmx_bcc_spot_0000012932,-485544.9756082278,-57509.48965385968,1.945878652501047e-15
cosmx_bcc_spot_0000012933,-485572.5023939421,-57144.81108243111,0.03875076603839796
cosmx_bcc_spot_0000012934,-485559.92322727555,-56790.19441576444,0.692291586875842
cosmx_bcc_spot_0000012935,-485551.88989394216,-56403.8110824311,0.8187129681502817
cosmx_bcc_spot_0000012936,-485568.2221520067,-56078.770759850464,0.801848470911186
cosmx_bcc_spot_0000012937,-485568.71370346594,-55713.01346338348,0.27617433223559307
cosmx_bcc_spot_0000012938,-485553.3803701326,-55337.34679671682,0.5484900261694513
cosmx_bcc_spot_0000012939,-485529.7283554805,-55033.830313200335,0.9361805988202401
cosmx_bcc_spot_0000013183,-485542.6038793636,33401.82805436137,0.9809190577580408
cosmx_bcc_spot_0000013184,-485580.1648873212,33753.782961523175,0.9787207089878179
cosmx_bcc_spot_0000013185,-485567.31323896954,34118.456954197165,0.9194907532002027
cosmx_bcc_spot_0000013186,-485593.2418103981,34454.3021922924,0.9689267491255515
cosmx_bcc_spot_0000013187,-485552.153575104,34844.81689817476,0.9210849390799589
cosmx_bcc_spot_0000013188,-485565.4560961124,35196.65933514955,0.8058317463851924
cosmx_bcc_spot_0000013189,-485572.6365472402,35565.762718608195,2.5107274110141558e-15
cosmx_bcc_spot_0000013190,-485550.2218103981,35962.79219229241,0.0015344413417997104
cosmx_bcc_spot_0000013191,-485561.9018103981,36312.79219229241,1.4774761497549895e-15
cosmx_bcc_spot_0000013192,-485576.96761684975,36618.971547131114,1.855957264614553e-15
cosmx_bcc_spot_0000013193,-485547.17514373147,37015.38552562574,0.9925722721902148
cosmx_bcc_spot_0000013194,-485573.27504686866,37369.73472045333,0.9615044761313132
cosmx_bcc_spot_0000013195,-485576.9405027498,37756.75770177525,0.922883560332371
cosmx_bcc_spot_0000013196,-485569.1905027498,38069.19489389348,0.9585691820039018
cosmx_bcc_spot_0000013198,-485571.5119313213,38820.80203675062,0.012366756038556513
cosmx_bcc_spot_0000013199,-485566.2262170356,39155.65917960776,2.0823441196939853e-14
cosmx_bcc_spot_0000013203,-485595.36907417845,40644.94489389348,1.854821594475521e-05
cosmx_bcc_spot_0000013205,-485602.74050274986,41331.616322464906,0.0005177913000791445
cosmx_bcc_spot_0000013274,-485651.23464728653,66465.88495757808,1.7148778463472133e-09
cosmx_bcc_spot_0000013275,-485535.17909173097,66613.2182909114,0.07512755373854121
cosmx_bcc_spot_0000013281,-485700.929091731,68909.2182909114,0.4369090783600284
cosmx_bcc_spot_0000013282,-485483.679091731,69252.05162424473,0.6469879134608015
cosmx_bcc_spot_0000013333,-485153.46262121474,-58566.51562788565,3.3759066107926525e-15
cosmx_bcc_spot_0000013334,-485163.189893942,-58207.5610824311,3.4594230465661637e-07
cosmx_bcc_spot_0000013335,-485181.9398939421,-57870.24858243111,0.007602580038014048
cosmx_bcc_spot_0000013336,-485185.89577629504,-57530.5316706664,2.4408763979368805e-13
cosmx_bcc_spot_0000013337,-485192.93989394215,-57164.8610824311,7.224878604629123e-08
cosmx_bcc_spot_0000013338,-485245.77812923625,-56786.29637654876,0.3174482701005189
cosmx_bcc_spot_0000013339,-485245.22019697254,-56438.21259758262,0.5257970577142681
cosmx_bcc_spot_0000013340,-485202.5377200291,-56081.71325634415,0.3219578824652274
cosmx_bcc_spot_0000013341,-485214.0398939421,-55664.8610824311,0.3125582142993405
cosmx_bcc_spot_0000013342,-485192.0787828311,-55372.209230579254,0.8442704417563566
cosmx_bcc_spot_0000013343,-485221.30100505304,-55062.83886020889,0.6699854279897579
cosmx_bcc_spot_0000013587,-485197.12112074293,33404.79357160275,0.9987451842311669
cosmx_bcc_spot_0000013588,-485210.2603289166,33746.36700710722,0.9904770791715845
cosmx_bcc_spot_0000013589,-485199.19635585265,34126.88552562574,0.983176015212467
cosmx_bcc_spot_0000013590,-485224.6168103981,34438.7396922924,0.7973677564375875
cosmx_bcc_spot_0000013591,-485187.01958817587,34845.10774784796,3.6995182821727567e-13
cosmx_bcc_spot_0000013592,-485240.1900862602,35202.86253711999,0.24100373522429788
cosmx_bcc_spot_0000013593,-485214.6241633393,35559.31689817476,1.04047718525948e-10
cosmx_bcc_spot_0000013594,-485188.8722451807,35909.81306185762,9.62874553442463e-06
cosmx_bcc_spot_0000013595,-485224.2973659537,36269.8484885887,1.3828470253516966e-15
cosmx_bcc_spot_0000013596,-485261.9918103981,36609.8021922924,0.05700847491527965
cosmx_bcc_spot_0000013597,-485210.8418103979,37024.977192292405,0.9766786126802561
cosmx_bcc_spot_0000013598,-485193.1417636964,37366.47948265571,0.9631528160830697
cosmx_bcc_spot_0000013599,-485190.1280027498,37738.39132246491,0.9577896973033062
cosmx_bcc_spot_0000013600,-485180.1488360832,38063.97465579824,0.9672821408984209
cosmx_bcc_spot_0000013601,-485232.79764560703,38455.80203675062,0.00935938677459521
cosmx_bcc_spot_0000013604,-485182.94050274993,39424.3163224649,1.0160698574731519e-08
cosmx_bcc_spot_0000013606,-485257.1905027498,40258.51632246491,4.504342024796549e-06
cosmx_bcc_spot_0000013609,-485271.34050274995,41326.9163224649,1.918105505098352e-15
cosmx_bcc_spot_0000013736,-484814.4727746167,-59013.77714975891,2.481314075181009e-12
cosmx_bcc_spot_0000013737,-484821.2174861165,-58648.368271797095,2.1695133965164236e-07
cosmx_bcc_spot_0000013738,-484827.6737874368,-58239.36963839312,7.544438343512571e-10
cosmx_bcc_spot_0000013739,-484829.3761069633,-57892.428987306725,0.5041325216834978
cosmx_bcc_spot_0000013740,-484852.2667963123,-57532.96059206295,0.7495881060660741
cosmx_bcc_spot_0000013741,-484798.07038329495,-57177.42052668052,0.7974689502215009
cosmx_bcc_spot_0000013742,-484847.1185898037,-56791.990559371734,0.28598813361820774
cosmx_bcc_spot_0000013743,-484813.8873061747,-56405.86052201035,0.0007538667255497836
cosmx_bcc_spot_0000013744,-484846.79715959495,-56067.90267151725,1.934124538540871e-14
cosmx_bcc_spot_0000013745,-484843.99196925515,-55675.50600202948,0.6193630412801975
cosmx_bcc_spot_0000013746,-484851.6507274763,-55348.553914499214,0.6194389860507845
cosmx_bcc_spot_0000013991,-484857.3668103981,33434.5521922924,0.40057425339960495
cosmx_bcc_spot_0000013992,-484890.1648873212,33753.59065383086,0.7467236727068762
cosmx_bcc_spot_0000013993,-484851.63466754096,34108.0521922924,0.7114966646185208
cosmx_bcc_spot_0000013994,-484839.3300456922,34463.90513346887,0.3499840628784821
cosmx_bcc_spot_0000013995,-484846.3207577665,34822.5521922924,8.559398622157112e-10
cosmx_bcc_spot_0000013996,-484855.9918103981,35223.3021922924,0.03123359563229899
cosmx_bcc_spot_0000013997,-484830.03347706475,35544.76052562574,7.319439462343245e-07
cosmx_bcc_spot_0000013998,-484805.97257962887,35919.51373075394,0.5914298635035702
cosmx_bcc_spot_0000013999,-484793.25793943036,36307.165095518205,0.9289865900590526
cosmx_bcc_spot_0000014000,-484769.7418103981,36633.66757690779,0.993410791770517
cosmx_bcc_spot_0000014001,-484890.01958817587,37045.38552562574,0.9680849806263011
cosmx_bcc_spot_0000014002,-484853.71385100245,37392.35276592747,0.9576724336318527
cosmx_bcc_spot_0000014003,-484843.89883608365,37739.49548913158,0.9898409216436844
cosmx_bcc_spot_0000014004,-484858.65018016915,38057.67761278749,0.921673836084339
cosmx_bcc_spot_0000014005,-484788.12232093164,38424.87995882855,6.864023354474817e-10
cosmx_bcc_spot_0000014009,-484797.94050274993,39979.3163224649,2.9612306036911095e-11
cosmx_bcc_spot_0000014011,-484847.15478846413,40645.87346532205,2.323431481474669e-15
cosmx_bcc_spot_0000014012,-484845.7405027499,40953.116322464906,0.015920688363029917
cosmx_bcc_spot_0000014013,-484825.1905027499,41303.51632246491,8.373532492129452e-08
cosmx_bcc_spot_0000014140,-484445.64243043563,-58995.4104286069,1.983054993195529e-15
cosmx_bcc_spot_0000014141,-484443.72576376895,-58571.1604286069,2.0311927609843545e-15
cosmx_bcc_spot_0000014142,-484432.5590971023,-58321.32709527356,1.9911638578909755e-15
cosmx_bcc_spot_0000014143,-484479.35076376895,-57799.5354286069,0.9126047450248237
cosmx_bcc_spot_0000014144,-484490.52576376905,-57488.46042860689,0.9475802760477173
cosmx_bcc_spot_0000014145,-484497.987668531,-57147.46995241642,0.9233242851192831
cosmx_bcc_spot_0000014146,-484477.011478055,-56777.87471432118,0.759793212708283
cosmx_bcc_spot_0000014147,-484491.4022343572,-56402.48395801866,1.76962077735239e-15
cosmx_bcc_spot_0000014148,-484525.59418482165,-56017.50253387005,8.106087555103003e-11
cosmx_bcc_spot_0000014149,-484504.1488406923,-55707.23735168382,0.6327410618683788
cosmx_bcc_spot_0000014150,-484512.48663333437,-55383.13868947646,0.45680507421367594
cosmx_bcc_spot_0000014398,-484541.94181039813,34468.9521922924,0.001447706662858446
cosmx_bcc_spot_0000014399,-484491.9157234416,34872.639148814145,0.0002023810944659602
cosmx_bcc_spot_0000014400,-484466.4993861557,35205.370374110586,0.020862151973254934
cosmx_bcc_spot_0000014401,-484451.2275246838,35581.49504943526,0.5259363773597986
cosmx_bcc_spot_0000014402,-484476.12642578216,35923.64834613856,0.9927591740392552
cosmx_bcc_spot_0000014403,-484478.57514373114,36303.59981134002,0.9720419987669084
cosmx_bcc_spot_0000014404,-484494.7418103978,36656.76647800669,0.9977856187656233
cosmx_bcc_spot_0000014405,-484444.89565655176,36985.52655126676,0.9709346074115898
cosmx_bcc_spot_0000014406,-484455.6108902849,37377.89420731231,0.999999999885508
cosmx_bcc_spot_0000014407,-484523.75868456805,37743.69814064673,0.7772959988055024
cosmx_bcc_spot_0000014408,-484492.20137231506,38120.820670290996,0.9120784051827084
cosmx_bcc_spot_0000014409,-484532.551613861,38465.01632246491,0.15351502532877817
cosmx_bcc_spot_0000014410,-484462.0655027499,38759.39132246491,1.7698472759627494e-15
cosmx_bcc_spot_0000014414,-484533.34050274995,40346.3163224649,0.009186331023538339
cosmx_bcc_spot_0000014415,-484533.1405027498,40622.31632246491,7.303441802651045e-14
cosmx_bcc_spot_0000014544,-484117.14243043563,-58974.6604286069,7.025065061542928e-11
cosmx_bcc_spot_0000014545,-484124.39243043563,-58605.82709527356,2.611969489646402e-11
cosmx_bcc_spot_0000014546,-484183.60076376895,-58286.5354286069,1.409742204125419e-10
cosmx_bcc_spot_0000014547,-484141.1757637691,-57894.360428606895,0.1708961204476272
cosmx_bcc_spot_0000014548,-484120.6605463779,-57496.70390686776,0.7604419481701986
cosmx_bcc_spot_0000014549,-484146.0829066263,-57186.708047654516,0.8309414032099598
cosmx_bcc_spot_0000014550,-484126.9757637692,-56795.1604286069,0.8972452317327819
cosmx_bcc_spot_0000014551,-484131.2257637693,-56411.83900003547,0.6772057364176919
cosmx_bcc_spot_0000014552,-484078.0257637692,-56089.0604286069,0.5204786421125073
cosmx_bcc_spot_0000014553,-484138.7019542453,-55717.85090479737,0.9115458444322646
cosmx_bcc_spot_0000014554,-484048.5590971023,-55396.1604286069,0.8889743387867814
cosmx_bcc_spot_0000014804,-484168.15847706475,35295.0521922924,0.009587672970722626
cosmx_bcc_spot_0000014805,-484164.47514373146,35520.88552562574,0.329240338567308
cosmx_bcc_spot_0000014806,-484145.12276277906,35945.7902875305,0.9999999490812459
cosmx_bcc_spot_0000014807,-484129.08466754097,36290.40933514955,0.9999999984959296
cosmx_bcc_spot_0000014808,-484117.1818103981,36669.992192292404,0.9999999999655038
cosmx_bcc_spot_0000014809,-484130.205225032,37014.039997170454,0.996246572174592
cosmx_bcc_spot_0000014810,-484136.9605603981,37337.2709422924,0.9828125576331732
cosmx_bcc_spot_0000014948,-483763.79719234037,-59031.6604286069,2.3851626399432768e-15
cosmx_bcc_spot_0000014949,-483715.62576376897,-58693.260428606896,1.132558576963783e-10
cosmx_bcc_spot_0000014951,-483808.0829066261,-57779.231857178325,4.945358345640287e-10
cosmx_bcc_spot_0000014952,-483757.30909710255,-57504.32709527356,0.09053904103701652
cosmx_bcc_spot_0000014953,-483738.0439455873,-57147.93315587962,0.0739903073825546
cosmx_bcc_spot_0000014954,-483762.4757637692,-56771.118761940226,3.782865097231176e-15
cosmx_bcc_spot_0000014955,-483752.7712183146,-56425.29679224326,0.3477825098702988
cosmx_bcc_spot_0000014956,-483754.86576376925,-56063.46042860689,0.677681248982334
cosmx_bcc_spot_0000014957,-483785.825763769,-55755.760428606896,0.5467743999806542
cosmx_bcc_spot_0000015212,-483905.49181039806,36640.0521922924,0.9999913106106866
cosmx_bcc_spot_0000015213,-483911.02752468374,37012.12362086384,0.999669463240108
cosmx_bcc_spot_0000015294,-483716.8622894796,66447.16033154161,0.03602450975770029
cosmx_bcc_spot_0000015295,-483675.35313197057,66675.37644875773,0.4978334487411616
cosmx_bcc_spot_0000015299,-483701.275751018,68290.35263923391,0.8522625672576006
cosmx_bcc_spot_0000015300,-483704.55226617,68514.7920331733,0.9846541538686441
cosmx_bcc_spot_0000015301,-483719.80075101816,68857.50263923392,0.7602035811507322
cosmx_bcc_spot_0000015302,-483721.1414917591,69255.7415281228,0.6099238335868509
cosmx_bcc_spot_0000015303,-483694.15075101826,69596.72763923391,0.8482828667593695
cosmx_bcc_spot_0000015304,-483706.27575101843,69983.4776392339,0.9018998011752793
cosmx_bcc_spot_0000015305,-483716.34360816126,70340.99549637674,0.9757838938991892
cosmx_bcc_spot_0000015306,-483711.72575101827,70675.83201408305,0.9415934419430942
cosmx_bcc_spot_0000015307,-483714.64317526086,71054.21070880034,0.9462421190681365
cosmx_bcc_spot_0000015308,-483714.90075101843,71435.14029881815,0.9353409324892946
cosmx_bcc_spot_0000015309,-483714.86950101843,71771.6605194064,0.9613421250897196
cosmx_bcc_spot_0000015310,-483697.20630657393,72133.20565829526,0.9538582061035592
cosmx_bcc_spot_0000015311,-483720.5436081612,72506.60248369214,0.9922462097397552
cosmx_bcc_spot_0000015312,-483713.4007510184,72867.31676940637,0.9968982630631045
cosmx_bcc_spot_0000015313,-483688.64213032875,73232.47194182021,0.9999999883041143
cosmx_bcc_spot_0000015314,-483695.8590843516,73601.27510273976,0.9947846351090764
cosmx_bcc_spot_0000015315,-483713.924560542,73991.19772178738,0.9998188014874853
cosmx_bcc_spot_0000015316,-483717.40075101843,74329.2038661806,0.9999999999999813
cosmx_bcc_spot_0000015317,-483724.6181423226,74638.9906824499,0.7659472667232811
cosmx_bcc_spot_0000015352,-483353.85076376895,-59012.7229286069,5.446942741625002e-13
cosmx_bcc_spot_0000015355,-483397.225763769,-57851.77153971801,9.583971685179914e-06
cosmx_bcc_spot_0000015356,-483390.47576376895,-57481.5354286069,0.22617932160510731
cosmx_bcc_spot_0000015357,-483399.90758195095,-57178.842246788714,0.5233609704946955
cosmx_bcc_spot_0000015358,-483414.64681640064,-56772.71306018584,1.7451131685850505e-15
cosmx_bcc_spot_0000015359,-483421.94004948327,-56477.94614289261,1.6011419652495257e-11
cosmx_bcc_spot_0000015360,-483377.9530364964,-56030.569519515986,0.34381216191899133
cosmx_bcc_spot_0000015361,-483409.2924304356,-55778.39376194023,0.803139662232108
cosmx_bcc_spot_0000015441,-483392.78688733344,-26734.4155998158,0.17511297500282205
cosmx_bcc_spot_0000015442,-483374.85831590486,-26354.50383510991,0.03475277394405564
cosmx_bcc_spot_0000015443,-483364.5506235972,-26044.300215200412,0.008713206690392
cosmx_bcc_spot_0000015444,-483375.59515801014,-25645.862968236845,1.7422796822273662e-14
cosmx_bcc_spot_0000015445,-483404.3128613595,-25285.00650890671,1.9507455204851148e-15
cosmx_bcc_spot_0000015446,-483418.85831590503,-24955.201314101516,8.466731824830377e-14
cosmx_bcc_spot_0000015448,-483383.93831590505,-24186.71559981579,0.3715477142652519
cosmx_bcc_spot_0000015449,-483370.4416492383,-23894.4155998158,5.5740635387885e-07
cosmx_bcc_spot_0000015595,-483328.4125466643,29081.396076801582,0.1292607671669398
cosmx_bcc_spot_0000015596,-483350.81860727037,29435.911228316734,0.6266878066909782
cosmx_bcc_spot_0000015597,-483334.185273937,29790.661228316734,0.6475568804110959
cosmx_bcc_spot_0000015598,-483302.3519406037,30128.827894983402,0.6951957183954607
cosmx_bcc_spot_0000015599,-483337.90749615926,30477.244561650066,0.7373210424688578
cosmx_bcc_spot_0000015600,-483345.48527393705,30846.1778949834,0.278787380633865
cosmx_bcc_spot_0000015601,-483351.45450470626,31217.962510368016,0.9999999654659614
cosmx_bcc_spot_0000015602,-483332.21158972656,31567.26210550971,0.9901308570394138
cosmx_bcc_spot_0000015603,-483362.86709211883,31915.305167710674,0.2874072940611069
cosmx_bcc_spot_0000015699,-483435.1902247023,66760.58948133918,0.13799824468216176
cosmx_bcc_spot_0000015700,-483331.03711465443,67004.57991196119,0.5298469997458428
cosmx_bcc_spot_0000015703,-483361.400751018,68226.85263923391,0.42187328892412984
cosmx_bcc_spot_0000015704,-483404.2189328364,68514.30718468846,0.3727752504754082
cosmx_bcc_spot_0000015705,-483379.1340843517,68897.18597256725,0.5028309721941491
cosmx_bcc_spot_0000015706,-483413.24450101843,69249.72763923391,0.9409491151208963
cosmx_bcc_spot_0000015707,-483406.40075101843,69616.50978209103,0.8406932379204117
cosmx_bcc_spot_0000015708,-483393.9270668078,69978.93158660228,0.9807311493492914
cosmx_bcc_spot_0000015709,-483398.0912272087,70323.2335916148,0.9996335184852679
cosmx_bcc_spot_0000015710,-483405.0143873818,70686.39636435146,0.9395966946291606
cosmx_bcc_spot_0000015711,-483395.70844332594,71059.61164120123,0.9828073121899528
cosmx_bcc_spot_0000015712,-483406.68335971376,71407.03416071068,0.9916150931032351
cosmx_bcc_spot_0000015713,-483385.7198999542,71780.43379068293,0.9980897229395542
cosmx_bcc_spot_0000015714,-483398.79099492065,72134.52408647953,0.9659177278760941
cosmx_bcc_spot_0000015715,-483400.1388462563,72493.76915035874,0.956418352963694
cosmx_bcc_spot_0000015716,-483378.9721795896,72877.45962654921,0.9999999999997669
cosmx_bcc_spot_0000015717,-483391.32575101824,73215.39176940636,0.999052283311574
cosmx_bcc_spot_0000015718,-483385.60075101827,73590.46676940637,0.9999999999996594
cosmx_bcc_spot_0000015719,-483396.5912272087,73947.1739122635,0.9879314885327379
cosmx_bcc_spot_0000015720,-483379.75369219494,74323.14029881815,0.9901489066930965
cosmx_bcc_spot_0000015721,-483364.62655747,74688.978059729,0.9999999999999657
cosmx_bcc_spot_0000015756,-483022.825763769,-58960.06042860689,5.4017289783110957e-14
cosmx_bcc_spot_0000015757,-482976.47576376895,-58580.9104286069,1.927832366496395e-15
cosmx_bcc_spot_0000015758,-483003.7590971023,-58235.39376194023,1.7460121867059829e-15
cosmx_bcc_spot_0000015759,-483033.22576376895,-57891.80328574975,1.8394190304260054e-15
cosmx_bcc_spot_0000015760,-483046.47576376895,-57515.743761940226,2.0981310095832604e-10
cosmx_bcc_spot_0000015761,-483054.72576376895,-57158.08900003547,1.8188823154965497e-15
cosmx_bcc_spot_0000015762,-483030.42576376896,-56799.0604286069,9.528267102120695e-14
cosmx_bcc_spot_0000015763,-482981.90997429535,-56434.555165449,0.6281092277168226
cosmx_bcc_spot_0000015764,-483021.34576376923,-56055.9804286069,0.08678575274055611
cosmx_bcc_spot_0000015844,-482999.858315905,-27091.09741799762,0.15161744561970905
cosmx_bcc_spot_0000015845,-483003.5916492382,-26737.315599815796,0.007367935856359779
cosmx_bcc_spot_0000015846,-483038.42974447634,-26388.820361720555,1.833535093334928e-15
cosmx_bcc_spot_0000015847,-483076.3916492382,-25992.582266482463,2.0463143270625984e-11
cosmx_bcc_spot_0000015848,-482950.19164923835,-25573.4155998158,2.7942437141692843e-07
cosmx_bcc_spot_0000015849,-483049.30276034947,-25317.137822038025,1.901824152001349e-15
cosmx_bcc_spot_0000015850,-482995.96942701616,-24898.58226648247,1.1716791799841794e-14
cosmx_bcc_spot_0000015851,-483023.658315905,-24606.915599815802,1.0736544454377692e-11
cosmx_bcc_spot_0000015852,-483043.47736352397,-24170.391790291982,0.5171005466059165
cosmx_bcc_spot_0000015853,-483021.74720479373,-23848.471155371353,0.1439956446990195
cosmx_bcc_spot_0000015998,-483001.885273937,28768.9778949834,2.6245475264742278e-11
cosmx_bcc_spot_0000015999,-483034.8519406039,29062.286228316723,0.186832232653812
cosmx_bcc_spot_0000016000,-483049.76527393726,29414.657894983386,0.2989732558033614
cosmx_bcc_spot_0000016001,-483014.43527393736,29759.935037840525,0.35643699615804725
cosmx_bcc_spot_0000016002,-483008.4852739373,30132.257894983384,0.8091731027356441
cosmx_bcc_spot_0000016003,-483073.2237354755,30438.577894983402,0.4717947261544905
cosmx_bcc_spot_0000016004,-482999.6297183815,30893.633450538953,0.7547813181003133
cosmx_bcc_spot_0000016005,-483013.21860727074,31211.977894983378,0.9981245676428233
cosmx_bcc_spot_0000016006,-483062.2567025088,31575.256466411953,0.991993427106406
cosmx_bcc_spot_0000016007,-483034.03821511345,31947.695542042227,0.05564940558862659
cosmx_bcc_spot_0000016020,-482899.63944086997,36701.28914502409,0.9715525356168686
cosmx_bcc_spot_0000016021,-482929.7973356068,37031.84177660305,0.9998910326441515
cosmx_bcc_spot_0000016022,-482924.9172186478,37372.233589468546,0.9953421919723174
cosmx_bcc_spot_0000016023,-482924.5485317791,37737.42550866045,0.9807188667541997
cosmx_bcc_spot_0000016024,-482924.97277420334,38057.20581169076,0.9812835797061394
cosmx_bcc_spot_0000016025,-482916.06801229855,38433.50343073838,0.985049064068253
cosmx_bcc_spot_0000016026,-482925.1949964256,38827.12247835743,0.9916061413611228
cosmx_bcc_spot_0000016027,-482903.13944086997,39214.91414502409,0.2891884810691723
cosmx_bcc_spot_0000016028,-482938.53944087,39561.58914502409,4.164995344642836e-09
cosmx_bcc_spot_0000016029,-482922.30610753666,39954.955811690765,9.839366462955391e-16
cosmx_bcc_spot_0000016030,-482922.1949964256,40252.23358946854,0.06141651620255296
cosmx_bcc_spot_0000016104,-483042.28310395917,67067.97028629274,0.08728967428625248
cosmx_bcc_spot_0000016106,-483007.8218036497,67869.16842870759,0.798623265401683
cosmx_bcc_spot_0000016107,-483020.1785287962,68164.29708367834,0.8832609614770549
cosmx_bcc_spot_0000016108,-483021.3451954628,68512.15819478944,0.8758665685510454
cosmx_bcc_spot_0000016109,-483035.9179923977,68882.02505302703,0.9034484079411075
cosmx_bcc_spot_0000016110,-483023.9840843517,69248.13041701166,0.9214903900239088
cosmx_bcc_spot_0000016111,-483031.06741768506,69603.13041701166,0.984578589488222
cosmx_bcc_spot_0000016112,-483040.76741768507,69972.21930590058,0.9943049478864139
cosmx_bcc_spot_0000016113,-483038.47969838674,70326.66842870755,0.9885576380226625
cosmx_bcc_spot_0000016114,-483022.900751018,70695.14896514767,0.9945845379100484
cosmx_bcc_spot_0000016115,-483019.47051846003,71055.491188011,0.9883298314469696
cosmx_bcc_spot_0000016116,-483007.5629131805,71412.57352616313,0.9903999937540188
cosmx_bcc_spot_0000016117,-483032.9257510182,71776.94176940636,0.9804616098403298
cosmx_bcc_spot_0000016118,-483040.06741768494,72130.50907709867,0.9999999998450734
cosmx_bcc_spot_0000016119,-483016.11186212924,72499.99454718412,0.9999358033732361
cosmx_bcc_spot_0000016120,-483031.990494608,72874.22702581662,0.9885232881951981
cosmx_bcc_spot_0000016121,-483013.025751018,73236.87926940633,0.9999999999999574
cosmx_bcc_spot_0000016122,-483018.42639204394,73615.68856427816,0.9886162520221092
cosmx_bcc_spot_0000016123,-483024.65075101826,73937.36676940636,0.9960309148126852
cosmx_bcc_spot_0000016124,-483019.2981869157,74324.22702581662,0.9999999029195393
cosmx_bcc_spot_0000016125,-483030.3481194394,74681.81676940637,0.9999541689534912
cosmx_bcc_spot_0000016126,-482940.8372104153,75047.21038303013,0.9997363824829335
cosmx_bcc_spot_0000016127,-482924.55746171676,75396.45698568395,0.9454703263936225
cosmx_bcc_spot_0000016128,-482925.85157936387,75738.751103331,0.9999999955384267
cosmx_bcc_spot_0000016129,-482920.83111900603,76134.54905729523,0.9998643404742945
cosmx_bcc_spot_0000016130,-482926.2819199212,76475.80992686043,0.9999912463450337
cosmx_bcc_spot_0000016131,-482917.60648132465,76849.47659352708,0.9999999984655769
cosmx_bcc_spot_0000016132,-482930.97827619646,77220.04069609116,0.9860208601967524
cosmx_bcc_spot_0000016133,-482935.28596850415,77563.65608070654,0.9986217367398023
cosmx_bcc_spot_0000016134,-482925.7255289437,77917.38135543183,0.910883259358358
cosmx_bcc_spot_0000016135,-482914.2175924358,78333.25437130484,0.7826596091786074
cosmx_bcc_spot_0000016136,-482929.68981465796,78674.64326019373,0.8426538649577388
cosmx_bcc_spot_0000016160,-482653.22576376895,-58986.36631095984,1.9042729236189873e-15
cosmx_bcc_spot_0000016161,-482655.50354154676,-58609.66042860689,1.9071537614391812e-15
cosmx_bcc_spot_0000016162,-482652.5757637691,-58246.21042860689,9.431660058840252e-14
cosmx_bcc_spot_0000016163,-482690.16326376895,-57869.7229286069,1.3696065174000954e-11
cosmx_bcc_spot_0000016164,-482635.78826376895,-57508.7229286069,4.233455932067336e-14
cosmx_bcc_spot_0000016165,-482672.7712183144,-57128.38770133417,3.7938994432306575e-13
cosmx_bcc_spot_0000016166,-482631.9590971023,-56770.260428606896,0.08129206654989968
cosmx_bcc_spot_0000016167,-482683.72576376906,-56436.71042860689,0.3798580069390523
cosmx_bcc_spot_0000016168,-482696.62576376897,-56134.79376194023,0.8281951486093075
cosmx_bcc_spot_0000016247,-482618.10831590503,-27396.165599815802,0.09816117154070378
cosmx_bcc_spot_0000016248,-482676.2749825716,-27099.1655998158,0.11850963010598874
cosmx_bcc_spot_0000016249,-482677.6360936826,-26730.526710926904,1.885005361299919e-15
cosmx_bcc_spot_0000016250,-482678.358315905,-26380.415599815802,3.282163085233043e-10
cosmx_bcc_spot_0000016251,-482681.1083159049,-26064.748933149134,2.2072934819814662e-08
cosmx_bcc_spot_0000016252,-482639.0011730479,-25656.915599815802,8.678689028898237e-10
cosmx_bcc_spot_0000016253,-482685.458315905,-25290.915599815802,1.9570526800208595e-15
cosmx_bcc_spot_0000016254,-482686.60831590503,-24906.290599815802,1.9804953421690115e-15
cosmx_bcc_spot_0000016255,-482717.35831590503,-24506.165599815802,6.707753132493409e-10
cosmx_bcc_spot_0000016256,-482704.858315905,-24150.733781633982,0.4688492544513941
cosmx_bcc_spot_0000016257,-482653.3320001154,-23838.49454718422,0.2806314340191793
cosmx_bcc_spot_0000016258,-482637.258315905,-23602.315599815796,3.060116881220945e-08
cosmx_bcc_spot_0000016402,-482624.2237354755,28711.962510368016,0.21004479050965297
cosmx_bcc_spot_0000016403,-482663.63527393714,29031.8778949834,0.26997794675918746
cosmx_bcc_spot_0000016404,-482687.33744785027,29396.31702541817,0.13073143461760234
cosmx_bcc_spot_0000016405,-482702.8391200912,29764.116356521845,0.23859354190389268
cosmx_bcc_spot_0000016406,-482692.76527393726,30115.657894983386,0.8179615473220697
cosmx_bcc_spot_0000016407,-482642.14681239857,30416.654818060324,0.8225368795491859
cosmx_bcc_spot_0000016408,-482659.685273937,30728.006466411975,7.0687726564976284e-12
cosmx_bcc_spot_0000016409,-482752.6083508601,31226.03943344494,0.9096518021765053
cosmx_bcc_spot_0000016410,-482676.9929662447,31541.654818060324,0.9072402887718465
cosmx_bcc_spot_0000016411,-482631.45800120995,31931.98698589248,0.958538860460372
cosmx_bcc_spot_0000016423,-482683.03944087,36346.739145024105,0.9988477315418242
cosmx_bcc_spot_0000016424,-482683.57492474094,36647.43430631443,0.9891333198921365
cosmx_bcc_spot_0000016425,-482662.4727742033,37029.98914502411,0.977163967834348
cosmx_bcc_spot_0000016426,-482670.99658372713,37346.86057359554,0.9711808874336356
cosmx_bcc_spot_0000016427,-482652.31801229855,37736.57485930983,0.9777433268292399
cosmx_bcc_spot_0000016428,-482617.33944087,38031.08914502409,0.9825608756662665
cosmx_bcc_spot_0000016429,-482791.83944087,38463.189145024095,1.8030203432075177e-15
cosmx_bcc_spot_0000016430,-482715.88944086997,38840.1016450241,0.5505247075513043
cosmx_bcc_spot_0000016431,-482721.4041467523,39190.02443914175,0.08679609247588785
cosmx_bcc_spot_0000016432,-482671.57694086997,39548.8203950241,1.6073794211681827e-15
cosmx_bcc_spot_0000016433,-482647.72639739176,39896.05001458933,1.3964687015129944e-15
cosmx_bcc_spot_0000016434,-482676.3537265843,40265.00343073838,0.04501605292574977
cosmx_bcc_spot_0000016508,-482663.5118621292,67122.7415281228,0.0057844763467044735
cosmx_bcc_spot_0000016509,-482604.5772216063,67470.38205099863,0.534698926859279
cosmx_bcc_spot_0000016510,-482649.74450101843,67807.32138923391,0.8187020641300323
cosmx_bcc_spot_0000016511,-482681.7666046767,68154.2672733802,0.9438026205492648
cosmx_bcc_spot_0000016512,-482676.85789387557,68507.73835351961,0.9378317013148502
cosmx_bcc_spot_0000016513,-482657.75369219494,68876.58793335155,0.949119507932021
cosmx_bcc_spot_0000016514,-482663.1150367327,69247.68121066247,0.9033196776334036
cosmx_bcc_spot_0000016515,-482659.85236392164,69602.27199407262,0.8727249861161778
cosmx_bcc_spot_0000016516,-482665.2618621295,69975.10263923387,0.9358448019290242
cosmx_bcc_spot_0000016517,-482673.3684929539,70338.11070375003,0.9781503497512882
cosmx_bcc_spot_0000016518,-482698.83825101843,70694.4217287275,0.9745350865004438
cosmx_bcc_spot_0000016519,-482667.5436081613,71042.04534083496,0.9662821527313078
cosmx_bcc_spot_0000016520,-482671.6112773341,71416.76413782743,0.9884660111442367
cosmx_bcc_spot_0000016521,-482666.88793050544,71784.07317966278,0.9654305411772619
cosmx_bcc_spot_0000016522,-482682.6828023003,72142.50907709867,0.9987496892563515
cosmx_bcc_spot_0000016523,-482660.2300193109,72507.86554989417,0.9998589748280695
cosmx_bcc_spot_0000016524,-482673.37575101823,72869.69176940636,0.9977545083622632
cosmx_bcc_spot_0000016525,-482656.10075101827,73237.56676940636,0.9999999999999825
cosmx_bcc_spot_0000016526,-482682.5849615446,73584.00097993268,0.9999999999995243
cosmx_bcc_spot_0000016527,-482671.1080680914,73960.35335477222,0.9999999562009038
cosmx_bcc_spot_0000016528,-482654.80615642376,74335.78974237935,0.9999999999999684
cosmx_bcc_spot_0000016529,-482674.53588615346,74666.41136400097,0.998880813391763
cosmx_bcc_spot_0000016530,-482674.1716619843,75045.16347179096,0.9993333367379071
cosmx_bcc_spot_0000016531,-482667.0551992736,75406.19454224508,0.9987628722707163
cosmx_bcc_spot_0000016532,-482661.76413898263,75765.99911604966,0.9839133854295734
cosmx_bcc_spot_0000016533,-482660.7287035469,76133.25437130491,0.9999999435888036
cosmx_bcc_spot_0000016534,-482658.1577633762,76479.96377301431,0.9999999996675797
cosmx_bcc_spot_0000016535,-482662.4075565938,76861.42283008626,0.9842303941157403
cosmx_bcc_spot_0000016536,-482660.3587335772,77220.43154848208,0.9919594571222132
cosmx_bcc_spot_0000016537,-482689.37529852934,77577.64863653788,0.9859188314115365
cosmx_bcc_spot_0000016538,-482654.7731479916,77944.58770463822,0.8826004399959194
cosmx_bcc_spot_0000016539,-482670.1620368802,78293.64326019376,0.7831212007698499
cosmx_bcc_spot_0000016540,-482728.7198146582,78657.84992686045,0.662454874406014
cosmx_bcc_spot_0000016541,-482688.2969575151,78926.95278400325,0.37005568483307577
cosmx_bcc_spot_0000016564,-482325.94004948327,-58967.6604286069,3.68755230761497e-11
cosmx_bcc_spot_0000016565,-482354.725763769,-58578.38265082912,1.9601981235946957e-15
cosmx_bcc_spot_0000016566,-482275.40758195077,-58279.205883152346,9.439024585267504e-15
cosmx_bcc_spot_0000016567,-482353.22576376895,-57879.37471432118,1.9379111815159885e-15
cosmx_bcc_spot_0000016568,-482317.67020821344,-57489.21598416245,3.954629853787803e-15
cosmx_bcc_spot_0000016569,-482316.39243043563,-57116.6604286069,1.947629132190193e-08
cosmx_bcc_spot_0000016570,-482309.39243043563,-56782.71598416245,0.11901780090986894
cosmx_bcc_spot_0000016571,-482284.3796099228,-56445.19889014536,0.21272834781418187
cosmx_bcc_spot_0000016572,-482412.5590971023,-56169.82709527356,0.8889216735065746
cosmx_bcc_spot_0000016649,-482223.65896972903,-28132.2797299883,1.2756915962454682e-06
cosmx_bcc_spot_0000016650,-482280.9961428168,-27816.89766490204,0.08132854043103824
cosmx_bcc_spot_0000016651,-482303.05831590487,-27452.515599815797,0.2983147567379356
cosmx_bcc_spot_0000016652,-482313.9416492383,-27124.248933149134,7.265546551103465e-09
cosmx_bcc_spot_0000016653,-482339.5855886322,-26689.642872543074,8.66154614309904e-08
cosmx_bcc_spot_0000016654,-482317.5855886322,-26422.09741799762,4.300614065535268e-05
cosmx_bcc_spot_0000016655,-482312.76740681403,-26001.824690724894,0.0001097789184189236
cosmx_bcc_spot_0000016656,-482303.781392828,-25615.53098443118,2.8411526654073163e-12
cosmx_bcc_spot_0000016657,-482311.1083159049,-25285.4155998158,1.9411023670609183e-15
cosmx_bcc_spot_0000016658,-482283.1249825715,-24915.115599815796,1.7245386952663714e-15
cosmx_bcc_spot_0000016659,-482286.19164923835,-24575.248933149134,1.9801857419522693e-15
cosmx_bcc_spot_0000016660,-482271.19164923835,-24190.137822038025,6.095418889098398e-08
cosmx_bcc_spot_0000016661,-482330.4898948522,-23809.49454718422,0.5126309902728302
cosmx_bcc_spot_0000016806,-482284.0943648463,28696.350622256123,0.47081921664548465
cosmx_bcc_spot_0000016807,-482305.0698893219,29032.500971906466,0.7122551129663387
cosmx_bcc_spot_0000016808,-482284.367092119,29408.532440437935,0.7778433177291597
cosmx_bcc_spot_0000016809,-482316.4471786991,29792.435037840536,0.7696466864676368
cosmx_bcc_spot_0000016810,-482334.2939695894,30107.31702541817,0.9764477384904223
cosmx_bcc_spot_0000016811,-482305.3995596516,30471.47075212624,0.7679166407320482
cosmx_bcc_spot_0000016812,-482209.685273937,30833.48698589249,0.6603046310296615
cosmx_bcc_spot_0000016813,-482272.1558621723,31195.048483218696,0.921177925654688
cosmx_bcc_spot_0000016814,-482295.435273937,31586.494561650066,0.6478616408390393
cosmx_bcc_spot_0000016815,-482318.83678908896,31943.51728892277,0.9650089763898206
cosmx_bcc_spot_0000016827,-482301.74288914585,36329.68569674825,0.9457157199296746
cosmx_bcc_spot_0000016828,-482315.6037265843,36630.43200216697,0.9909812921370771
cosmx_bcc_spot_0000016829,-482299.87944086996,37016.90914502411,0.9580391133049977
cosmx_bcc_spot_0000016830,-482317.03944087,37376.86914502412,0.9538955967999522
cosmx_bcc_spot_0000016831,-482300.74658372713,37725.86057359555,0.9709716467099369
cosmx_bcc_spot_0000016832,-482303.26907049963,38096.04840428338,0.959389536254223
cosmx_bcc_spot_0000016833,-482276.0512055759,38462.02443914175,0.9972166305052673
cosmx_bcc_spot_0000016834,-482259.10610753665,38799.52247835743,0.9999999240235486
cosmx_bcc_spot_0000016836,-482426.10097933153,39566.404529639476,0.019463612646043287
cosmx_bcc_spot_0000016837,-482325.9552303437,39940.420723971474,1.6786662006927102e-15
cosmx_bcc_spot_0000016838,-482232.42891455424,40276.47335555042,0.8312898609820208
cosmx_bcc_spot_0000016912,-482313.6734782908,67163.03445741574,0.309307782179946
cosmx_bcc_spot_0000016913,-482288.6169672346,67451.98777436902,0.6322117206838023
cosmx_bcc_spot_0000016914,-482303.5951954628,67781.35263923388,0.7578710885182838
cosmx_bcc_spot_0000016915,-482304.1812388231,68180.02337094118,0.8174577158694549
cosmx_bcc_spot_0000016916,-482295.21156182914,68520.60939599064,0.8512132962263441
cosmx_bcc_spot_0000016917,-482305.8218036499,68904.06316554967,0.955125788574194
cosmx_bcc_spot_0000016918,-482303.04591230873,69253.14296181456,0.9076093723828147
cosmx_bcc_spot_0000016919,-482292.2007510184,69636.31930590059,0.9544912542164317
cosmx_bcc_spot_0000016920,-482299.72428043024,69986.49969805742,0.9983478238231741
cosmx_bcc_spot_0000016921,-482287.47767409525,70322.23725461854,0.8438555623006017
cosmx_bcc_spot_0000016922,-482322.71325101843,70704.88935779539,0.9374676148445373
cosmx_bcc_spot_0000016923,-482309.2469048645,71035.66292325257,0.9772070831853477
cosmx_bcc_spot_0000016924,-482293.02575101826,71422.76676940636,0.9660987766967783
cosmx_bcc_spot_0000016925,-482306.3794744223,71764.3699608957,0.9999996018088785
cosmx_bcc_spot_0000016926,-482303.8331834508,72166.87082346043,0.9963410569615165
cosmx_bcc_spot_0000016927,-482309.5958729694,72513.2314035527,0.9987555427679023
cosmx_bcc_spot_0000016928,-482302.0371146545,72894.88495122454,0.9999999999999285
cosmx_bcc_spot_0000016929,-482297.21654049197,73229.36940098532,0.9999999999999799
cosmx_bcc_spot_0000016930,-482303.4007510183,73590.15887466953,0.99999999999326
cosmx_bcc_spot_0000016931,-482297.25369219494,73969.11088705345,0.9999999999140106
cosmx_bcc_spot_0000016932,-482301.9436081613,74296.75962654925,0.9999999888455164
cosmx_bcc_spot_0000016933,-482300.9861168719,74695.1826230649,0.9999999973368118
cosmx_bcc_spot_0000016934,-482309.1792299074,75052.71359412147,0.9999999740660616
cosmx_bcc_spot_0000016935,-482295.89436011296,75402.93113898167,0.999903291302304
cosmx_bcc_spot_0000016936,-482320.82691143255,75785.26153976368,0.9999999934357063
cosmx_bcc_spot_0000016937,-482307.03440925287,76148.72884577938,0.9976678457486973
cosmx_bcc_spot_0000016938,-482295.00799647626,76503.05992686047,0.9999895601661498
cosmx_bcc_spot_0000016939,-482282.198435348,76826.70647858459,0.974238093910581
cosmx_bcc_spot_0000016940,-482322.31860253715,77222.02204807258,0.9777884063523931
cosmx_bcc_spot_0000016941,-482292.4112432298,77561.78135543189,0.9756512254321672
cosmx_bcc_spot_0000016942,-482297.7501594859,77951.60303030873,0.9277274265972986
cosmx_bcc_spot_0000016943,-482293.93981465825,78285.46377301429,0.9533016392477193
cosmx_bcc_spot_0000016944,-482327.4953702136,78646.03214908265,0.051137801866244184
cosmx_bcc_spot_0000016945,-482376.60648132465,78957.97659352706,2.075422430298319e-15
cosmx_bcc_spot_0000016968,-481923.1731321901,-58979.34463913321,0.5787982917624626
cosmx_bcc_spot_0000016969,-481928.5114780548,-58624.041380987845,0.5148375578133182
cosmx_bcc_spot_0000016970,-481907.725763769,-58267.43820638467,0.26254529111088715
cosmx_bcc_spot_0000016971,-481935.62576376897,-57859.860428606895,0.3523339382400393
cosmx_bcc_spot_0000016972,-481862.10076376895,-57505.0354286069,0.1474264016037234
cosmx_bcc_spot_0000016973,-481917.7813193248,-57143.697465643934,0.2028776836833625
cosmx_bcc_spot_0000016974,-481925.34341082774,-56783.07219331278,0.4242529257426551
cosmx_bcc_spot_0000016975,-481952.53826376895,-56457.0354286069,0.3713072475533071
cosmx_bcc_spot_0000017051,-481845.7135151835,-28883.87972998829,0.0001755328317973649
cosmx_bcc_spot_0000017052,-481948.758969729,-28531.379729988294,0.14262395099758438
cosmx_bcc_spot_0000017053,-481946.75896972895,-28197.679729988293,0.27023517600645514
cosmx_bcc_spot_0000017054,-481932.6692207504,-27839.421148863028,0.10650052849738062
cosmx_bcc_spot_0000017055,-481967.08908513567,-27455.377138277338,6.566042335054254e-11
cosmx_bcc_spot_0000017056,-481972.5249825717,-27081.471155371357,6.999179091680435e-15
cosmx_bcc_spot_0000017057,-481940.5506235972,-26721.300215200412,1.9145467330643433e-15
cosmx_bcc_spot_0000017058,-481980.94922499586,-26379.551963452166,6.97100629383769e-15
cosmx_bcc_spot_0000017059,-481977.058315905,-26020.215599815805,1.2689039744085466e-07
cosmx_bcc_spot_0000017060,-481910.6083159049,-25607.582266482466,1.2843219422922513e-15
cosmx_bcc_spot_0000017061,-481959.3198543665,-25281.9155998158,1.4987854340922241e-15
cosmx_bcc_spot_0000017062,-482009.35831590503,-24919.665599815802,1.3557872658054704e-15
cosmx_bcc_spot_0000017063,-481940.0805381273,-24599.360044260247,1.7191575111020747e-15
cosmx_bcc_spot_0000017064,-481925.3128613595,-24187.824690724894,1.875882185964551e-15
cosmx_bcc_spot_0000017065,-481935.03478649305,-23789.150893933445,0.2896274006052628
cosmx_bcc_spot_0000017066,-481933.7154587622,-23597.058456958657,0.32658020382444924
cosmx_bcc_spot_0000017209,-481925.68527393707,28396.6778949834,0.2586929869141355
cosmx_bcc_spot_0000017210,-481927.97098822304,28703.256466411956,0.6980547549704746
cosmx_bcc_spot_0000017211,-481943.2642213055,29012.577894983402,0.6993022782187769
cosmx_bcc_spot_0000017212,-481933.18527393707,29407.855672761176,0.9145457715808978
cosmx_bcc_spot_0000017213,-481943.8995596516,29788.042180697666,0.8049857174791398
cosmx_bcc_spot_0000017214,-481943.64681239886,30139.385587291075,0.9253121362295917
cosmx_bcc_spot_0000017215,-481907.6019406039,30472.11956165005,0.9322921493612057
cosmx_bcc_spot_0000017216,-481942.1436072706,30841.952894983388,0.9682645467144803
cosmx_bcc_spot_0000017217,-481924.2567025086,31208.815990221487,0.9646537933415313
cosmx_bcc_spot_0000017218,-481932.8216375736,31586.98698589248,0.9545837881682057
cosmx_bcc_spot_0000017219,-481952.685273937,31964.116356521863,0.780979164115856
cosmx_bcc_spot_0000017231,-481939.258488489,36331.170097405055,0.9096705188454977
cosmx_bcc_spot_0000017232,-481939.83944087,36662.62914502411,0.9966000676511828
cosmx_bcc_spot_0000017233,-481922.89870012924,37002.34470057967,0.9761444869529635
cosmx_bcc_spot_0000017234,-481953.1209223515,37362.492848727816,0.9657263944123102
cosmx_bcc_spot_0000017235,-481947.7108694414,37746.003430738405,0.954773114851578
cosmx_bcc_spot_0000017236,-481928.0187512148,38104.99604157584,0.9807382900520812
cosmx_bcc_spot_0000017237,-481950.10610753665,38441.92247835745,0.9971330438676803
cosmx_bcc_spot_0000017238,-481938.6751551557,38819.03914502412,0.9817974881869872
cosmx_bcc_spot_0000017239,-481936.2163639469,39194.63529887027,0.9876194878311083
cosmx_bcc_spot_0000017240,-481884.57694086997,39524.9141450241,0.9796633594272182
cosmx_bcc_spot_0000017241,-481926.57694086997,39937.1016450241,0.33914629698639
cosmx_bcc_spot_0000017242,-481992.09398632456,40366.24369047864,0.7042437689775662
cosmx_bcc_spot_0000017316,-481925.900751018,67118.04013923391,0.13095106685668548
cosmx_bcc_spot_0000017317,-481956.8407510183,67455.93263923391,0.30840143755574
cosmx_bcc_spot_0000017318,-481951.53118580085,67785.33090010348,0.42224073074815643
cosmx_bcc_spot_0000017319,-481950.85236392164,68139.98167149199,0.7386102819813644
cosmx_bcc_spot_0000017320,-481946.5912272087,68555.23359161487,0.49221698761773963
cosmx_bcc_spot_0000017321,-481945.8451954628,68896.40819478944,0.9330625964502313
cosmx_bcc_spot_0000017322,-481953.47575101827,69244.97763923387,0.9505853957091708
cosmx_bcc_spot_0000017323,-481952.9959891134,69604.06692494814,0.996926412905996
cosmx_bcc_spot_0000017324,-481934.2954878604,69961.06316554965,0.9951373706172342
cosmx_bcc_spot_0000017325,-481946.435233777,70308.71470819943,0.923943522926452
cosmx_bcc_spot_0000017326,-481966.924560542,70726.87292888916,0.7073719237238872
cosmx_bcc_spot_0000017327,-481949.1112773341,71053.31676940637,0.9888544492257011
cosmx_bcc_spot_0000017328,-481921.57575101824,71432.16676940637,0.9999999999996501
cosmx_bcc_spot_0000017329,-481922.349468967,71789.38087197047,0.9815622855544645
cosmx_bcc_spot_0000017330,-481933.7728440414,72147.72374615054,0.9999999938225653
cosmx_bcc_spot_0000017331,-481928.62575101823,72502.76676940636,0.9953238392402217
cosmx_bcc_spot_0000017332,-481955.1280237457,72873.08949667912,0.9999982857661303
cosmx_bcc_spot_0000017333,-481925.1066333714,73253.31676940639,0.998698168675461
cosmx_bcc_spot_0000017334,-481954.435233777,73598.12711423401,0.999645632101194
cosmx_bcc_spot_0000017335,-481933.0849615446,73939.34308519584,0.9999901164788605
cosmx_bcc_spot_0000017336,-481954.72428043024,74304.40500470051,0.9680386024840847
cosmx_bcc_spot_0000017337,-481938.4007510184,74682.40010273972,0.9999999998186719
cosmx_bcc_spot_0000017338,-481973.2916665101,75079.21733426786,0.9289022726682231
cosmx_bcc_spot_0000017339,-481979.8683860869,75369.80992686046,0.73915045024975
cosmx_bcc_spot_0000017340,-481949.475528944,75781.80992686046,0.820760388039262
cosmx_bcc_spot_0000017341,-481945.6398146583,76133.00992686045,0.989210291471985
cosmx_bcc_spot_0000017342,-481976.8564813249,76466.43492686044,0.8580238984413792
cosmx_bcc_spot_0000017343,-481924.24933846766,76862.14326019377,0.7837183066111577
cosmx_bcc_spot_0000017344,-481898.9013531198,77248.42531147583,0.9035947153928652
cosmx_bcc_spot_0000017345,-481923.362891581,77565.96377301424,0.6458485243118705
cosmx_bcc_spot_0000017346,-481898.27314799157,77923.89326019377,0.8471205725634998
cosmx_bcc_spot_0000017347,-481895.48743370577,78296.90516495568,0.8168019104785447
cosmx_bcc_spot_0000017348,-481985.839814658,78681.5099268604,0.3622173890825798
cosmx_bcc_spot_0000017372,-481605.36862091214,-58983.1604286069,2.5851008924932086e-08
cosmx_bcc_spot_0000017373,-481599.0114780547,-58575.30328574975,0.0014219280769492502
cosmx_bcc_spot_0000017374,-481597.62576376897,-58200.16042860689,6.7845111710969535e-12
cosmx_bcc_spot_0000017375,-481571.64243043563,-57905.07709527356,4.505321211490024e-12
cosmx_bcc_spot_0000017376,-481650.94004948327,-57524.231857178325,3.1217403694039446e-09
cosmx_bcc_spot_0000017377,-481629.22576376895,-57180.38770133417,3.327735122268642e-11
cosmx_bcc_spot_0000017378,-481576.0114780547,-56774.231857178325,9.827189414761596e-09
cosmx_bcc_spot_0000017453,-481590.00896972895,-29600.879729988294,1.0558853802074662e-14
cosmx_bcc_spot_0000017454,-481546.6435851135,-29253.87972998829,0.4488316601011788
cosmx_bcc_spot_0000017455,-481601.57715154724,-28916.516093624654,0.2468870987099605
cosmx_bcc_spot_0000017456,-481614.2589697289,-28528.152457261018,0.05001131886237541
cosmx_bcc_spot_0000017457,-481553.02820049814,-28144.87972998829,0.04655661112990864
cosmx_bcc_spot_0000017458,-481534.58169459284,-27790.74519835695,0.43223082330644924
cosmx_bcc_spot_0000017459,-481552.50537472835,-27441.79795275697,0.500766767880196
cosmx_bcc_spot_0000017460,-481558.1916492382,-27087.193377593572,0.5456764898792074
cosmx_bcc_spot_0000017461,-481583.67649772315,-26696.09741799762,0.14425684742239098
cosmx_bcc_spot_0000017462,-481556.715458762,-26384.487028387226,0.2953406911022118
cosmx_bcc_spot_0000017463,-481599.85831590486,-26000.58226648246,0.19821710122176464
cosmx_bcc_spot_0000017464,-481553.8583159049,-25659.748933149134,0.12851204138114058
cosmx_bcc_spot_0000017465,-481553.3583159049,-25313.558456958654,0.21650988125481788
cosmx_bcc_spot_0000017466,-481602.67649772315,-24922.915599815802,0.15232425007327563
cosmx_bcc_spot_0000017467,-481595.8583159049,-24518.22329212349,3.2965702178805797e-09
cosmx_bcc_spot_0000017468,-481577.4946795413,-24216.279236179438,1.8996256489403946e-15
cosmx_bcc_spot_0000017469,-481586.63609368284,-23805.69337759358,1.939634302968643e-15
cosmx_bcc_spot_0000017470,-481589.85831590503,-23611.471155371357,0.6549955550830713
cosmx_bcc_spot_0000017613,-481549.77618302795,28342.032440437946,0.37017217360502364
cosmx_bcc_spot_0000017614,-481575.61384536594,28663.506466411956,0.7287037334972158
cosmx_bcc_spot_0000017615,-481597.76219701394,29046.577894983402,0.6277823594405726
cosmx_bcc_spot_0000017616,-481557.47098822275,29422.220752126257,0.6055489183189552
cosmx_bcc_spot_0000017617,-481575.63264235813,29779.89368445708,0.5496712283102128
cosmx_bcc_spot_0000017618,-481600.58182566153,30163.4399639489,0.8350810731005799
cosmx_bcc_spot_0000017619,-481567.16803255805,30470.336515673036,0.8635667977552279
cosmx_bcc_spot_0000017620,-481585.20379245584,30844.503820909307,0.9678743595151782
cosmx_bcc_spot_0000017621,-481580.08527393715,31219.177894983393,0.961623283248698
cosmx_bcc_spot_0000017622,-481598.5943648463,31600.305167710663,0.9854168697550996
cosmx_bcc_spot_0000017623,-481567.68527393736,31894.292180697666,0.7888033324535823
cosmx_bcc_spot_0000017635,-481572.28944087,36328.4391450241,0.9597110264544968
cosmx_bcc_spot_0000017636,-481590.92976345064,36667.3697901854,0.9823509595148172
cosmx_bcc_spot_0000017637,-481543.24658372713,36993.82485930983,0.9716313058871003
cosmx_bcc_spot_0000017638,-481593.78229801287,37383.122478357436,0.929837966497683
cosmx_bcc_spot_0000017639,-481586.2481365222,37744.83262328499,0.9687071353612494
cosmx_bcc_spot_0000017640,-481588.21086944145,38109.31295454792,0.9607381883900422
cosmx_bcc_spot_0000017641,-481573.94713317766,38474.86606810104,0.9910069575134626
cosmx_bcc_spot_0000017642,-481567.99658372713,38825.64628788126,0.9872634675398944
cosmx_bcc_spot_0000017643,-481589.4251551557,39183.43200216697,0.9539979438215795
cosmx_bcc_spot_0000017644,-481597.0485317791,39559.97096320593,0.964319590383056
cosmx_bcc_spot_0000017645,-481578.80610753666,39867.62247835745,0.954177387197266
cosmx_bcc_spot_0000017646,-481582.63944086997,40288.55385090646,0.4803826972668613
cosmx_bcc_spot_0000017720,-481545.5674176847,67053.07486145613,0.16665241222946717
cosmx_bcc_spot_0000017721,-481564.1654569004,67461.38205099863,0.2475187126031817
cosmx_bcc_spot_0000017722,-481555.96325101843,67795.82138923391,0.5735445390658492
cosmx_bcc_spot_0000017723,-481567.58593620354,68173.00078738207,0.7740892256557158
cosmx_bcc_spot_0000017724,-481566.34811943915,68500.69474449707,0.39858379734301247
cosmx_bcc_spot_0000017725,-481612.9563065739,68921.03782441911,0.8014333834657227
cosmx_bcc_spot_0000017726,-481585.60075101844,69249.70978209104,0.9550337060373549
cosmx_bcc_spot_0000017727,-481559.855296473,69605.51930590057,0.9718967893886233
cosmx_bcc_spot_0000017728,-481591.9301627832,69955.67616864564,0.9999999856194662
cosmx_bcc_spot_0000017729,-481565.4889863126,70319.64675688095,0.9999418879747846
cosmx_bcc_spot_0000017730,-481560.36626825976,70689.10500038142,0.9735366813743696
cosmx_bcc_spot_0000017731,-481581.629322447,71066.81676940639,0.9914950182402265
cosmx_bcc_spot_0000017732,-481585.40075101843,71426.27391226352,0.8510892532069251
cosmx_bcc_spot_0000017733,-481599.2340843517,71797.70565829526,0.9924098697981053
cosmx_bcc_spot_0000017734,-481571.2871146545,72126.38495122454,0.9999999999889871
cosmx_bcc_spot_0000017735,-481574.829322447,72509.61676940639,0.9979090893116612
cosmx_bcc_spot_0000017736,-481594.93408435147,72869.48343607302,0.999999350909783
cosmx_bcc_spot_0000017737,-481571.02297324035,73233.23899162856,0.9999953826090485
cosmx_bcc_spot_0000017738,-481560.5049176847,73587.33760273967,0.9999999987694399
cosmx_bcc_spot_0000017739,-481580.9257510182,73964.11676940636,0.9962066924697771
cosmx_bcc_spot_0000017740,-481583.77575101843,74317.7855194064,0.999999089150158
cosmx_bcc_spot_0000017741,-481571.982146367,74701.32839731332,0.9999999989296415
cosmx_bcc_spot_0000017742,-481575.43758245034,75046.95317500593,0.999999999999981
cosmx_bcc_spot_0000017743,-481571.1898146583,75428.73849828902,0.9999999336989778
cosmx_bcc_spot_0000017744,-481558.72106465837,75772.37242686046,0.9474191038773713
cosmx_bcc_spot_0000017745,-481494.6541003723,76141.8099268604,0.7078965082524943
cosmx_bcc_spot_0000017746,-481558.91040289367,76513.28051509576,0.8393854140430717
cosmx_bcc_spot_0000017747,-481563.8536077618,76871.70647858459,0.9434123531384497
cosmx_bcc_spot_0000017748,-481579.75410037267,77209.63849828903,0.9982180947702529
cosmx_bcc_spot_0000017749,-481543.9615537886,77572.54905729523,0.9164428283482173
cosmx_bcc_spot_0000017750,-481592.83981465833,77939.07659352712,0.9571804184024125
cosmx_bcc_spot_0000017751,-481597.7969575155,78319.48849828902,0.9531780859351583
cosmx_bcc_spot_0000017752,-481556.47207272286,78666.35831395723,0.9189092954224306
cosmx_bcc_spot_0000017776,-481239.5590971023,-59023.243761940226,5.285928340776018e-09
cosmx_bcc_spot_0000017777,-481237.39243043563,-58627.32709527356,2.516062757511075e-14
cosmx_bcc_spot_0000017856,-481143.9256363956,-29948.43528554385,0.00047387038995154516
cosmx_bcc_spot_0000017857,-481269.9464697289,-29649.75472998829,0.2418718495901628
cosmx_bcc_spot_0000017858,-481267.53169700166,-29294.06154817011,0.019024792999235655
cosmx_bcc_spot_0000017859,-481191.6589697289,-28904.813063321624,0.2354723610797085
cosmx_bcc_spot_0000017860,-481213.34592625085,-28549.749295205682,0.6893971992580071
cosmx_bcc_spot_0000017861,-481197.04157842475,-28163.96668651003,0.7306238696684138
cosmx_bcc_spot_0000017862,-481212.33268056763,-27807.93669470727,0.7763367076475941
cosmx_bcc_spot_0000017863,-481204.3583159051,-27473.84417124436,0.77073589231967
cosmx_bcc_spot_0000017864,-481200.0726016192,-27146.9155998158,0.25485275272132396
cosmx_bcc_spot_0000017865,-481173.6916492382,-26751.526710926904,0.5041095927498209
cosmx_bcc_spot_0000017866,-481190.5974463398,-26353.611251989703,0.8933909293014026
cosmx_bcc_spot_0000017867,-481209.05831590504,-26011.595599815788,0.7772066544376771
cosmx_bcc_spot_0000017868,-481226.0162106417,-25662.494547184215,0.5939596677259544
cosmx_bcc_spot_0000017869,-481241.24720479373,-25263.915599815795,0.3158875142584518
cosmx_bcc_spot_0000017870,-481240.715458762,-24929.4155998158,0.4069293490975922
cosmx_bcc_spot_0000017871,-481217.7472047939,-24513.58226648247,4.981798385863164e-13
cosmx_bcc_spot_0000017872,-481220.17410537857,-24159.96823139474,1.9104442338688736e-15
cosmx_bcc_spot_0000017873,-481254.4583159049,-23887.18226648246,1.8390549584495137e-15
cosmx_bcc_spot_0000018017,-481182.8958002529,28336.47263182551,0.5705958292692361
cosmx_bcc_spot_0000018018,-481248.11384536576,28643.149323554826,0.7938227022157929
cosmx_bcc_spot_0000018019,-481194.12005654594,29013.534416722523,0.6387853328544858
cosmx_bcc_spot_0000018020,-481217.5186072706,29430.49456165005,0.739900398561662
cosmx_bcc_spot_0000018021,-481222.622773937,29775.515394983402,0.7644008918591018
cosmx_bcc_spot_0000018022,-481206.11384536576,30162.14932355482,0.7045409601070791
cosmx_bcc_spot_0000018023,-481203.2165239374,30483.827894983377,0.2402995758228875
cosmx_bcc_spot_0000018024,-481232.492966245,30858.808664214153,0.9374821525580215
cosmx_bcc_spot_0000018025,-481177.9852739371,31222.277894983396,0.9394157473463937
cosmx_bcc_spot_0000018026,-481254.26219701424,31578.077894983384,0.9795852835101306
cosmx_bcc_spot_0000018027,-481244.7963850482,31872.80011720562,0.34640722985799643
cosmx_bcc_spot_0000018039,-481216.30610753666,36345.7891450241,0.9940736703430637
cosmx_bcc_spot_0000018040,-481209.7135149441,36652.08544132041,0.9775994697693424
cosmx_bcc_spot_0000018041,-481209.22767616407,37005.84796855351,0.9599940443521171
cosmx_bcc_spot_0000018042,-481219.3431445737,37378.82618206116,0.9587158062592895
cosmx_bcc_spot_0000018043,-481218.3537265843,37738.14628788126,0.9782670053092878
cosmx_bcc_spot_0000018044,-481230.88082018035,38104.2719036448,0.9738449559204616
cosmx_bcc_spot_0000018045,-481201.08771673206,38479.202938127564,0.9795871836910728
cosmx_bcc_spot_0000018046,-481243.9576226882,38813.88005411502,0.97236697519012
cosmx_bcc_spot_0000018047,-481216.4608694414,39184.43200216697,0.929046257784424
cosmx_bcc_spot_0000018048,-481227.07944087,39550.749145024114,0.9540135511587088
cosmx_bcc_spot_0000018049,-481202.91944087,39934.58914502412,0.9575202812191076
cosmx_bcc_spot_0000018050,-481185.36671359726,40206.97096320591,0.9993487859291552
cosmx_bcc_spot_0000018123,-481216.650751018,66774.85263923391,0.21607000309181504
cosmx_bcc_spot_0000018124,-481213.213251018,67061.47763923391,0.22524591660415255
cosmx_bcc_spot_0000018125,-481240.4007510181,67438.85263923391,0.04706595956582518
cosmx_bcc_spot_0000018126,-481245.10075101815,67812.05263923391,0.45177729158891966
cosmx_bcc_spot_0000018127,-481213.57575101824,68165.22763923387,0.8654135786816476
cosmx_bcc_spot_0000018128,-481212.1150367327,68506.56692494817,0.8550784214065102
cosmx_bcc_spot_0000018129,-481214.11042843777,68880.85263923391,0.7874464958892274
cosmx_bcc_spot_0000018130,-481213.5772216067,69241.58793335155,0.9518709365453157
cosmx_bcc_spot_0000018131,-481234.0060141762,69609.64211291808,0.9944702490060237
cosmx_bcc_spot_0000018132,-481224.01613563363,69955.46802384924,0.9999992888414885
cosmx_bcc_spot_0000018133,-481204.7150367327,70344.62406780531,0.9957003290184656
cosmx_bcc_spot_0000018134,-481226.6446534572,70683.24365178648,0.9996488082927618
cosmx_bcc_spot_0000018135,-481210.45630657393,71054.98343607305,0.9227709407077822
cosmx_bcc_spot_0000018136,-481214.2612161344,71408.00281591798,0.9993742004953199
cosmx_bcc_spot_0000018137,-481182.1229732403,71805.15010273975,0.7196707360600664
cosmx_bcc_spot_0000018138,-481238.30397682486,72160.88128553545,0.8540760450803329
cosmx_bcc_spot_0000018139,-481238.5772216067,72494.14029881815,0.9373488296900273
cosmx_bcc_spot_0000018140,-481225.5772216062,72861.42461254359,0.999999999999872
cosmx_bcc_spot_0000018141,-481233.71654049197,73231.23782203795,0.9999998867619847
cosmx_bcc_spot_0000018142,-481247.3007510184,73602.31676940642,0.9996430662228143
cosmx_bcc_spot_0000018143,-481224.22428043024,73947.8461811711,0.999999987520664
cosmx_bcc_spot_0000018144,-481212.1902247025,74320.2904536169,0.9844505862580675
cosmx_bcc_spot_0000018145,-481218.1681928786,74677.58421126682,0.9999971692674865
cosmx_bcc_spot_0000018146,-481208.2315710845,75064.4653352241,0.9999999998151353
cosmx_bcc_spot_0000018147,-481195.488595146,75418.73675612875,0.9999432914446824
cosmx_bcc_spot_0000018148,-481223.80092576944,75771.17103797157,0.9766503116077686
cosmx_bcc_spot_0000018149,-481219.606481325,76140.61548241602,0.9996350391054324
cosmx_bcc_spot_0000018150,-481212.5255289441,76491.38135543189,0.9789362877118042
cosmx_bcc_spot_0000018151,-481223.4953702139,76856.17103797157,0.971198922921643
cosmx_bcc_spot_0000018152,-481219.0868734819,77227.9863974487,0.9717902469104868
cosmx_bcc_spot_0000018153,-481222.1255289441,77576.63849828903,0.9796157038553068
cosmx_bcc_spot_0000018154,-481232.5432629342,77936.98234065356,0.9476011136149605
cosmx_bcc_spot_0000018155,-481209.8244300429,78300.30992686044,0.9655146796559656
cosmx_bcc_spot_0000018156,-481198.7501594859,78676.87889237769,0.9305798353752024
cosmx_bcc_spot_0000018157,-481223.68981465796,78921.8099268604,0.8392590536888268
cosmx_bcc_spot_0000018180,-480885.825763769,-58888.860428606895,0.0028516745595638868
cosmx_bcc_spot_0000018259,-480839.75896972895,-30353.129729988294,1.459023232528061e-06
cosmx_bcc_spot_0000018260,-480823.20633815,-29965.406045777767,0.4082050138309374
cosmx_bcc_spot_0000018261,-480825.07715154724,-29604.016093624654,0.37775087596916757
cosmx_bcc_spot_0000018262,-480825.9256363956,-29275.613063321623,0.05809812256994572
cosmx_bcc_spot_0000018263,-480842.6756363956,-28872.62972998829,0.5431058224801374
cosmx_bcc_spot_0000018264,-480856.53896972915,-28550.11972998829,0.8948440767158953
cosmx_bcc_spot_0000018265,-480868.6989697292,-28158.03972998829,0.873316503662866
cosmx_bcc_spot_0000018266,-480846.4456868636,-27795.41668666232,0.9789900653775149
cosmx_bcc_spot_0000018267,-480847.20206590515,-27449.478099815788,0.9364813303104454
cosmx_bcc_spot_0000018268,-480832.3345063811,-27094.344171244364,0.6049668043345908
cosmx_bcc_spot_0000018269,-480857.0204780673,-26758.645329545518,0.9402294742998405
cosmx_bcc_spot_0000018270,-480878.1808965503,-26355.044632073852,0.8906454653860484
cosmx_bcc_spot_0000018271,-480875.07260161935,-26020.308456958646,0.9869853467977086
cosmx_bcc_spot_0000018272,-480866.0322289485,-25656.82864329405,0.8735837063968888
cosmx_bcc_spot_0000018273,-480833.6916492383,-25278.082266482466,0.09891342698749307
cosmx_bcc_spot_0000018275,-480956.1310431777,-24552.00650890671,1.9749313796357838e-15
cosmx_bcc_spot_0000018420,-480838.0186072704,28017.577894983402,0.03209373138762152
cosmx_bcc_spot_0000018421,-480838.8936072706,28318.286228316723,0.7341299021842952
cosmx_bcc_spot_0000018422,-480847.90749615926,28666.800117205625,0.7184386742379231
cosmx_bcc_spot_0000018423,-480857.0452739373,29047.61789498339,0.6866066587808433
cosmx_bcc_spot_0000018424,-480861.40749615926,29411.022339427844,0.7399111049010619
cosmx_bcc_spot_0000018425,-480850.2408294926,29761.96678387229,0.9347493847661653
cosmx_bcc_spot_0000018426,-480853.6227739374,30127.765394983377,0.7825940376799182
cosmx_bcc_spot_0000018427,-480844.0314277835,30472.154818060306,0.7157837787647756
cosmx_bcc_spot_0000018428,-480878.83527393715,30839.527894983396,0.9441428657307037
cosmx_bcc_spot_0000018429,-480839.5652739373,31242.617894983385,0.9815878261944679
cosmx_bcc_spot_0000018430,-480850.86384536594,31564.72075212624,0.6670916746555329
cosmx_bcc_spot_0000018431,-480934.685273937,31817.744561650066,1.8807886085820184e-15
cosmx_bcc_spot_0000018443,-480880.30610753666,36355.72247835742,0.9782452856468561
cosmx_bcc_spot_0000018444,-480864.90259876475,36655.42072397147,0.965302769330386
cosmx_bcc_spot_0000018445,-480867.70840638725,36985.68569674825,0.9159322542219912
cosmx_bcc_spot_0000018446,-480855.0939863245,37379.51641775138,0.944122610125541
cosmx_bcc_spot_0000018447,-480850.7163639469,37756.63529887027,0.9467084247617071
cosmx_bcc_spot_0000018448,-480868.47815054737,38103.53108050798,0.9515156428375124
cosmx_bcc_spot_0000018449,-480848.7108694414,38485.253430738405,0.8428019112663989
cosmx_bcc_spot_0000018450,-480878.9086716392,38809.827606562576,0.9815948507560996
cosmx_bcc_spot_0000018451,-480838.50610753667,39197.15581169077,0.9326093642781393
cosmx_bcc_spot_0000018452,-480856.08944087,39533.08914502411,0.9026470111734257
cosmx_bcc_spot_0000018453,-480862.38944086997,39905.08081169078,0.9435306290953741
cosmx_bcc_spot_0000018454,-480860.93110753666,40291.70581169078,0.9834560029901768
cosmx_bcc_spot_0000018527,-480831.6948686651,66731.14675688097,0.14829297044899475
cosmx_bcc_spot_0000018528,-480864.8125157239,67097.08793335156,0.03467575423143015
cosmx_bcc_spot_0000018529,-480865.63152024883,67453.62187000315,0.047821961068004584
cosmx_bcc_spot_0000018530,-480879.5746640617,67841.37437836434,0.5070418962688504
cosmx_bcc_spot_0000018531,-480887.7250753427,68143.98777436902,0.7881265116733068
cosmx_bcc_spot_0000018532,-480869.69107359904,68524.72360697585,0.8217213700861701
cosmx_bcc_spot_0000018533,-480856.8729732406,68905.01930590055,0.9699629244645968
cosmx_bcc_spot_0000018534,-480861.1575077751,69238.04182842307,0.9965318919634911
cosmx_bcc_spot_0000018535,-480855.6229732406,69612.79708367834,0.9281840983243353
cosmx_bcc_spot_0000018536,-480851.855296473,69973.27688165814,0.9999999899816556
cosmx_bcc_spot_0000018537,-480854.547809842,70335.82322746918,0.9765156555469121
cosmx_bcc_spot_0000018538,-480857.9424176847,70697.38898415129,0.9998932735922132
cosmx_bcc_spot_0000018539,-480862.9373363841,71066.32896452831,0.9956354738424371
cosmx_bcc_spot_0000018540,-480867.4689328363,71422.70313304271,0.9917540262754654
cosmx_bcc_spot_0000018541,-480851.158326776,71764.08949667912,0.9999999990303013
cosmx_bcc_spot_0000018542,-480858.75972537725,72132.50907709867,0.9940071931295901
cosmx_bcc_spot_0000018543,-480843.4257510182,72486.74176940636,0.9055638966844792
cosmx_bcc_spot_0000018544,-480844.36503673263,72860.28105512071,0.7773236468102144
cosmx_bcc_spot_0000018545,-480838.61005334376,73230.77025777845,0.9674972658066849
cosmx_bcc_spot_0000018546,-480860.5545971722,73601.77830786796,0.9999999167220819
cosmx_bcc_spot_0000018547,-480856.6710212886,73961.35730994692,0.9999996710673192
cosmx_bcc_spot_0000018548,-480855.85789387557,74317.18819797781,0.9997999777914124
cosmx_bcc_spot_0000018549,-480859.55700101843,74698.2855194064,0.9999652643800205
cosmx_bcc_spot_0000018550,-480864.7156767273,75067.67199582596,0.9703717214962202
cosmx_bcc_spot_0000018551,-480858.38425910275,75416.19881574935,0.9950924505720199
cosmx_bcc_spot_0000018552,-480833.0112432298,75779.23849828904,0.9873059526703604
cosmx_bcc_spot_0000018553,-480860.14351836196,76126.9580750086,0.9474011714239304
cosmx_bcc_spot_0000018554,-480860.7339323055,76488.956985684,0.9601999543982567
cosmx_bcc_spot_0000018555,-480849.2329181066,76846.15475444666,0.9041609328112026
cosmx_bcc_spot_0000018556,-480857.0787035472,77212.28214908269,0.9361320766362732
cosmx_bcc_spot_0000018557,-480855.4742974169,77578.08578892941,0.9851038753853868
cosmx_bcc_spot_0000018558,-480867.83981465833,77954.35278400332,0.9114559284276036
cosmx_bcc_spot_0000018559,-480863.0605043135,78301.15475444666,0.9069805416895549
cosmx_bcc_spot_0000018560,-480861.0849759487,78660.48734621529,0.9308735435822013
cosmx_bcc_spot_0000018561,-480810.55746171676,78997.28051509571,0.7981122123294012
cosmx_bcc_spot_0000018662,-480509.11611258605,-30696.02258713115,4.2140928358747723e-07
cosmx_bcc_spot_0000018663,-480477.4589697289,-30290.613063321623,0.4689105822587508
cosmx_bcc_spot_0000018664,-480503.9256363956,-30013.76861887718,0.6672971111142001
cosmx_bcc_spot_0000018665,-480507.91114364215,-29646.575382162206,0.7183564966122293
cosmx_bcc_spot_0000018666,-480494.54468401463,-29211.165444274004,0.7920010422714054
cosmx_bcc_spot_0000018667,-480513.7589697292,-28901.995114603676,0.7444728935343428
cosmx_bcc_spot_0000018668,-480498.98973895994,-28554.456653065216,0.7680559966811003
cosmx_bcc_spot_0000018669,-480511.2589697292,-28209.34126844983,0.8581942696965325
cosmx_bcc_spot_0000018670,-480535.59660767013,-27829.482016462684,0.9039929347734886
cosmx_bcc_spot_0000018671,-480524.98331590503,-27473.123933149123,0.5689878747200506
cosmx_bcc_spot_0000018672,-480501.41831590503,-27084.23559981579,0.8843700542248326
cosmx_bcc_spot_0000018673,-480508.58908513584,-26747.377138277327,0.967221500133124
cosmx_bcc_spot_0000018674,-480490.39677744353,-26350.915599815788,0.903159852988532
cosmx_bcc_spot_0000018675,-480496.3440301909,-26002.629885530074,0.9890644784818425
cosmx_bcc_spot_0000018676,-480497.5620196088,-25651.360044260233,0.8794233718132631
cosmx_bcc_spot_0000018824,-480529.98527393705,27996.8778949834,0.0395883298236187
cosmx_bcc_spot_0000018825,-480497.57416282623,28333.466783872274,0.6738072831950097
cosmx_bcc_spot_0000018826,-480466.0943648463,28678.168804074303,0.6836177604514602
cosmx_bcc_spot_0000018827,-480492.71384536603,29042.00646641195,0.8607413379430003
cosmx_bcc_spot_0000018828,-480508.1852739372,29393.89607680157,0.9263166973335993
cosmx_bcc_spot_0000018829,-480487.2269406039,29788.327894983388,0.678612712401637
cosmx_bcc_spot_0000018830,-480499.8052739373,30130.337894983386,0.6598067611290643
cosmx_bcc_spot_0000018831,-480503.93527393724,30489.91122831672,0.9738207757280616
cosmx_bcc_spot_0000018832,-480486.8029209958,30838.754365571636,0.9253307521850557
cosmx_bcc_spot_0000018833,-480501.6052739373,31197.817894983385,0.8518178494917187
cosmx_bcc_spot_0000018834,-480484.790537095,31527.15684235182,0.48625959137181896
cosmx_bcc_spot_0000018847,-480519.8537265843,36325.78914502409,0.9602390571703705
cosmx_bcc_spot_0000018848,-480510.7505519811,36625.789145024115,0.9479945394169934
cosmx_bcc_spot_0000018849,-480510.93944086996,36988.022478357445,0.943040762268562
cosmx_bcc_spot_0000018850,-480501.67069086997,37372.85164502411,0.8438271831274499
cosmx_bcc_spot_0000018851,-480501.79095602146,37749.88005411501,0.9018043626524384
cosmx_bcc_spot_0000018852,-480508.0727742033,38105.789145024115,0.8535818241843893
cosmx_bcc_spot_0000018853,-480487.73944086995,38463.522478357445,0.8875700206347007
cosmx_bcc_spot_0000018854,-480488.19499642553,38833.2706265056,0.9687755687101802
cosmx_bcc_spot_0000018855,-480503.00786192267,39170.420723971474,0.9274155636204808
cosmx_bcc_spot_0000018856,-480498.0322980128,39544.78914502411,0.9277656781707739
cosmx_bcc_spot_0000018857,-480505.59944087,39894.86914502412,0.9453081984455262
cosmx_bcc_spot_0000018858,-480489.5485317791,40283.7891450241,0.9527028806095199
cosmx_bcc_spot_0000018931,-480474.80815842573,66707.22300960429,0.30832036490431824
cosmx_bcc_spot_0000018932,-480446.838251018,67073.16513923391,0.09872273802284405
cosmx_bcc_spot_0000018933,-480518.000751018,67439.51930590058,0.0310685603903659
cosmx_bcc_spot_0000018934,-480467.400751018,67819.29013923391,0.06866376065966981
cosmx_bcc_spot_0000018935,-480478.4007510181,68144.6304170117,0.07886206297340914
cosmx_bcc_spot_0000018936,-480512.65075101814,68566.00263923392,0.4088554944784274
cosmx_bcc_spot_0000018937,-480512.9007510184,68905.15263923391,0.8819339339996052
cosmx_bcc_spot_0000018938,-480511.40075101843,69253.30978209103,0.9836574347318187
cosmx_bcc_spot_0000018939,-480503.4285287962,69624.65819478944,0.9332389084657089
cosmx_bcc_spot_0000018940,-480480.6734782912,69996.79203317329,0.9916481586152089
cosmx_bcc_spot_0000018941,-480507.6280237455,70323.261730143,0.9612939974125965
cosmx_bcc_spot_0000018942,-480528.84902688046,70716.72197936478,0.9826956014936425
cosmx_bcc_spot_0000018943,-480481.7250753427,71065.65460724421,0.9950239160431297
cosmx_bcc_spot_0000018944,-480494.2102748277,71428.48343607302,0.9916459042704879
cosmx_bcc_spot_0000018945,-480491.03489735967,71781.08506208929,0.9996481823848415
cosmx_bcc_spot_0000018946,-480497.01613563363,72154.1501027397,0.9999973959878321
cosmx_bcc_spot_0000018947,-480505.27254589007,72504.48343607303,0.9999999998808015
cosmx_bcc_spot_0000018948,-480473.8201058571,72857.3974145677,0.9940747434835635
cosmx_bcc_spot_0000018949,-480484.1749445668,73243.55870489028,0.9857015498322512
cosmx_bcc_spot_0000018950,-480505.06741768506,73582.95010273975,0.9999979756938672
cosmx_bcc_spot_0000018951,-480511.64399426157,73955.35730994692,0.9897201534577861
cosmx_bcc_spot_0000018952,-480499.78963990725,74320.76121385083,0.9990664793685058
cosmx_bcc_spot_0000018953,-480488.31251572433,74685.58147528874,0.9999999948817399
cosmx_bcc_spot_0000018954,-480520.6884195283,75068.70302837994,0.9792190964104526
cosmx_bcc_spot_0000018955,-480485.1898146583,75402.58770463824,0.9863037037221775
cosmx_bcc_spot_0000018956,-480492.8788390484,75764.83431710437,0.9939932042960758
cosmx_bcc_spot_0000018957,-480484.8244300428,76126.45095250149,0.9839540194877882
cosmx_bcc_spot_0000018958,-480490.406481325,76503.94326019379,0.969380855341486
cosmx_bcc_spot_0000018959,-480499.5307237493,76851.05235110289,0.9301463325307541
cosmx_bcc_spot_0000018960,-480498.84606465837,77211.84117686046,0.8824302244525812
cosmx_bcc_spot_0000018961,-480489.82691143255,77572.6808946024,0.944873056870863
cosmx_bcc_spot_0000018962,-480496.5648146582,77941.13492686047,0.916104694380977
cosmx_bcc_spot_0000018963,-480481.76124322973,78264.34564114617,0.8346770844867564
cosmx_bcc_spot_0000018964,-480482.03981465835,78660.40992686045,0.91119612620139
cosmx_bcc_spot_0000018965,-480494.37314799166,79032.40992686045,0.8855931382521339
cosmx_bcc_spot_0000019066,-480097.0367475067,-30646.546396654958,0.30106987879193553
cosmx_bcc_spot_0000019067,-480114.5633175552,-30327.14059955351,0.8255129544407309
cosmx_bcc_spot_0000019068,-480143.2173030625,-29997.338063321626,0.9030979504328227
cosmx_bcc_spot_0000019069,-480097.9464697289,-29612.12972998829,0.32191302562127644
cosmx_bcc_spot_0000019070,-480113.85896972916,-29256.75972998829,0.8298746149965773
cosmx_bcc_spot_0000019071,-480128.74172834994,-28912.01766102277,0.8327695801998555
cosmx_bcc_spot_0000019072,-480115.7326539395,-28523.563940514607,0.9985925273060864
cosmx_bcc_spot_0000019073,-480128.09230306227,-28185.62972998829,0.47921855961289106
cosmx_bcc_spot_0000019074,-480121.8253821306,-27844.282568254537,1.8756581974729126e-15
cosmx_bcc_spot_0000019075,-480107.69831590506,-27427.95559981579,0.8301807119190399
cosmx_bcc_spot_0000019076,-480139.98331590503,-27093.66559981579,0.9930619025385691
cosmx_bcc_spot_0000019077,-480122.57260161935,-26748.84417124436,0.9852601671780261
cosmx_bcc_spot_0000019078,-480143.3744449374,-26355.98011594482,0.999461216500245
cosmx_bcc_spot_0000019079,-480207.4416492383,-26041.6655998158,0.6999804048270329
cosmx_bcc_spot_0000019228,-480103.435273937,27923.702894983402,2.905702656186878e-10
cosmx_bcc_spot_0000019229,-480126.872773937,28356.265394983402,0.5645065491161606
cosmx_bcc_spot_0000019230,-480134.82813108,28684.101704507208,0.6138047314678338
cosmx_bcc_spot_0000019231,-480121.13981939177,29037.805167710667,0.8282295584507698
cosmx_bcc_spot_0000019232,-480128.0186072707,29427.244561650048,0.8957839736048503
cosmx_bcc_spot_0000019233,-480114.867092119,29779.759713165207,0.9096359452379358
cosmx_bcc_spot_0000019234,-480136.6019406039,30120.61956165005,0.9553907834056723
cosmx_bcc_spot_0000019235,-480161.4630517148,30498.133450538953,0.8992626439338843
cosmx_bcc_spot_0000019236,-480133.15895814763,30882.36736866761,0.9331776968108437
cosmx_bcc_spot_0000019237,-480136.5709882232,31227.749323554803,0.6831157457755084
cosmx_bcc_spot_0000019238,-480159.560273937,31494.077894983402,0.43207366904392214
cosmx_bcc_spot_0000019251,-480137.38944086997,36311.91414502409,0.988850307777663
cosmx_bcc_spot_0000019252,-480149.7758045064,36654.38005411502,0.981954032041218
cosmx_bcc_spot_0000019253,-480118.13944087,37000.2891450241,0.8956364041432273
cosmx_bcc_spot_0000019254,-480126.9629702817,37390.73032149469,0.931133837778155
cosmx_bcc_spot_0000019255,-480148.60610753665,37734.38914502411,0.9301521048605192
cosmx_bcc_spot_0000019256,-480153.94713317766,38112.789145024115,0.8699589744631625
cosmx_bcc_spot_0000019257,-480123.51444086997,38453.03914502411,0.8684330713075528
cosmx_bcc_spot_0000019258,-480168.9608694414,38813.46771645269,0.9701400815939459
cosmx_bcc_spot_0000019259,-480138.38944086997,39190.14628788125,0.9372066439213881
cosmx_bcc_spot_0000019260,-480144.2758045064,39564.83459956956,0.9124951435851651
cosmx_bcc_spot_0000019261,-480144.42204956565,39896.65871024151,0.9542387048215499
cosmx_bcc_spot_0000019262,-480150.24658372713,40282.574859309825,0.956652484999369
cosmx_bcc_spot_0000019334,-480107.8293224466,66464.70978209106,0.0943363158675732
cosmx_bcc_spot_0000019335,-480144.4533825971,66706.32632344445,0.32637963320968827
cosmx_bcc_spot_0000019336,-480117.1375931236,67073.74737607599,0.6067585947754325
cosmx_bcc_spot_0000019337,-480160.3622894799,67449.73725461854,0.6744211624496939
cosmx_bcc_spot_0000019338,-480113.25789387536,67809.5669249482,0.41802237405045706
cosmx_bcc_spot_0000019339,-480107.5825692,68183.03445741574,0.40479315668451804
cosmx_bcc_spot_0000019340,-480121.6112773341,68517.69474449703,0.8609520969347404
cosmx_bcc_spot_0000019341,-480130.27575101826,68883.15263923387,0.9848055050058284
cosmx_bcc_spot_0000019342,-480120.46971653565,69233.1629840615,0.8954136166613695
cosmx_bcc_spot_0000019343,-480137.9007510182,69603.89809377937,0.8653089155473169
cosmx_bcc_spot_0000019344,-480120.96325101843,69966.9151392339,0.9835098033109284
cosmx_bcc_spot_0000019345,-480133.95630657393,70315.24152812276,0.8214331967333888
cosmx_bcc_spot_0000019346,-480098.9889863121,70730.9407464348,0.8858306017337191
cosmx_bcc_spot_0000019347,-480151.75789387553,71052.56676940642,0.7962562011584583
cosmx_bcc_spot_0000019348,-480132.8872375048,71415.11406670367,0.9544991100412347
cosmx_bcc_spot_0000019349,-480132.46325101843,71761.8792694064,0.960162703028127
cosmx_bcc_spot_0000019350,-480126.42777804536,72161.19514778475,0.9826098867815202
cosmx_bcc_spot_0000019351,-480135.0977207154,72486.66525425488,0.9943973934238385
cosmx_bcc_spot_0000019352,-480138.72575101827,72868.36676940636,0.9973272966963992
cosmx_bcc_spot_0000019353,-480147.32575101824,73247.66676940637,0.9993515999088178
cosmx_bcc_spot_0000019354,-480080.9524751563,73579.85125216504,0.999973450469753
cosmx_bcc_spot_0000019355,-480106.8552964728,73969.68040577006,0.6279589148640145
cosmx_bcc_spot_0000019356,-480147.66998178756,74334.47061556028,0.9594484567286924
cosmx_bcc_spot_0000019357,-480128.6734782912,74698.45313304276,0.9596917894809109
cosmx_bcc_spot_0000019358,-480143.91825211263,75053.81020056228,0.9415276307560363
cosmx_bcc_spot_0000019359,-480125.7453702139,75404.67103797157,0.9054062693355982
cosmx_bcc_spot_0000019360,-480136.7812780728,75752.175780519,0.961858455830658
cosmx_bcc_spot_0000019361,-480129.6148146582,76117.53492686046,0.9424868321457693
cosmx_bcc_spot_0000019362,-480148.142517361,76482.67479172532,0.8198283219503799
cosmx_bcc_spot_0000019363,-480128.66838608694,76841.1813554319,0.946173277976503
cosmx_bcc_spot_0000019364,-480122.67314799165,77212.17659352713,0.7777357137367275
cosmx_bcc_spot_0000019365,-480143.8287035472,77581.42103797157,0.8327882094915722
cosmx_bcc_spot_0000019366,-480127.2674008652,77939.49958203286,0.7715100354480813
cosmx_bcc_spot_0000019367,-480135.35981465824,78318.40992686045,0.8163735995927438
cosmx_bcc_spot_0000019368,-480154.9160051343,78618.57183162234,0.7977794390984112
cosmx_bcc_spot_0000019369,-480153.2175924358,79049.14326019373,0.37349902289257814
cosmx_bcc_spot_0000019470,-479757.3303983003,-30682.52258713115,0.5870148982244922
cosmx_bcc_spot_0000019471,-479803.97896972916,-30355.95972998829,0.724179752071744
cosmx_bcc_spot_0000019472,-479791.39230306225,-29975.67972998829,0.45166449224816063
cosmx_bcc_spot_0000019473,-479772.0089697291,-29604.50472998829,0.7347673305754958
cosmx_bcc_spot_0000019474,-479768.60512357537,-29257.64896075752,0.8757187737955375
cosmx_bcc_spot_0000019475,-479771.87435434456,-28899.0720376806,0.8448463781167203
cosmx_bcc_spot_0000019476,-479757.60896972904,-28554.82972998829,0.9938522974121525
cosmx_bcc_spot_0000019477,-479751.5666620366,-28254.033576142137,0.797263278532293
cosmx_bcc_spot_0000019478,-479783.67967824254,-27815.635450950133,0.09539812820051229
cosmx_bcc_spot_0000019479,-479819.3345063811,-27432.296552196745,0.9236084426116532
cosmx_bcc_spot_0000019480,-479793.0401340868,-27106.324690724883,0.9932324121594853
cosmx_bcc_spot_0000019481,-479857.29581590486,-26761.290599815795,0.9978434615301655
cosmx_bcc_spot_0000019482,-479885.85831590503,-26450.772742672943,0.9694035142704011
cosmx_bcc_spot_0000019632,-479762.935273937,28029.702894983402,0.234332466316674
cosmx_bcc_spot_0000019633,-479763.5113608938,28345.447460200783,0.5861587496489813
cosmx_bcc_spot_0000019634,-479752.08527393715,28665.2778949834,0.6191765974379361
cosmx_bcc_spot_0000019635,-479792.1063265687,29041.998947614982,0.7668072635276089
cosmx_bcc_spot_0000019636,-479762.4471786991,29382.006466411964,0.6196512758532962
cosmx_bcc_spot_0000019637,-479795.58527393715,29770.077894983395,0.9310505947743547
cosmx_bcc_spot_0000019638,-479774.52737920027,30126.577894983395,0.9551561059259253
cosmx_bcc_spot_0000019639,-479764.867092119,30495.759713165207,0.9230948600743722
cosmx_bcc_spot_0000019640,-479778.63765488955,30866.530275935773,0.9654832486602034
cosmx_bcc_spot_0000019641,-479758.68527393724,31196.16122831672,0.7536306061363891
cosmx_bcc_spot_0000019655,-479777.8616630922,36343.455811690765,0.9945860085817763
cosmx_bcc_spot_0000019656,-479745.5030772336,36674.198235933196,0.9626872302681793
cosmx_bcc_spot_0000019657,-479761.4172186478,37028.45581169078,0.9648706993027854
cosmx_bcc_spot_0000019658,-479789.63944086997,37369.45581169079,0.9928366127189446
cosmx_bcc_spot_0000019659,-479787.5426666764,37731.95043534669,0.957221492824403
cosmx_bcc_spot_0000019660,-479764.30610753666,38092.68914502412,0.9697792690768222
cosmx_bcc_spot_0000019661,-479754.05323397345,38459.858110541354,0.9751430923119437
cosmx_bcc_spot_0000019662,-479782.51944087,38817.30914502412,0.9195188641175764
cosmx_bcc_spot_0000019663,-479772.9251551557,39204.14628788125,0.9741102872899822
cosmx_bcc_spot_0000019664,-479774.48559471616,39552.59683733181,0.9689958092741014
cosmx_bcc_spot_0000019665,-479774.95944087,39912.829145024116,0.9728271507885586
cosmx_bcc_spot_0000019666,-479777.73467896524,40290.45581169078,0.9647955524084619
cosmx_bcc_spot_0000019738,-479823.30075101816,66455.50263923392,0.4591762078283547
cosmx_bcc_spot_0000019739,-479782.16998178756,66714.16033154161,0.32153529137885356
cosmx_bcc_spot_0000019740,-479788.8622894799,67095.92956231083,0.6977073751491865
cosmx_bcc_spot_0000019741,-479776.40075101826,67425.22763923391,0.5981867048648043
cosmx_bcc_spot_0000019742,-479793.40075101814,67775.80000765497,0.4341982202957583
cosmx_bcc_spot_0000019743,-479759.562041341,68176.0139295565,0.7309377652713162
cosmx_bcc_spot_0000019744,-479781.40075101843,68526.50978209103,0.980401740145833
cosmx_bcc_spot_0000019745,-479775.37044798816,68877.70112408239,0.9895745297786929
cosmx_bcc_spot_0000019746,-479779.65075101826,69245.30263923387,0.9828247556617167
cosmx_bcc_spot_0000019747,-479777.55700101843,69610.41513923391,0.9999999987464158
cosmx_bcc_spot_0000019748,-479766.82932244695,69983.78121066249,0.9999758680575823
cosmx_bcc_spot_0000019749,-479779.18646530405,70287.20978209106,0.9238716732872421
cosmx_bcc_spot_0000019750,-479779.06741768506,70713.2691849236,0.9997235300586756
cosmx_bcc_spot_0000019751,-479771.99450101843,71046.8167694064,0.8462032811781668
cosmx_bcc_spot_0000019752,-479798.2469048642,71355.97061556028,0.5850555381261163
cosmx_bcc_spot_0000019753,-479862.4007510181,71808.91676940642,0.8575178019225352
cosmx_bcc_spot_0000019754,-479787.2221795898,72158.20962654929,0.8090896706679146
cosmx_bcc_spot_0000019755,-479779.3684929539,72520.65547908383,0.9060423986073323
cosmx_bcc_spot_0000019756,-479779.49450101843,72876.1917694064,0.984432846852851
cosmx_bcc_spot_0000019757,-479770.0977207154,73227.30161789125,0.9999999999802701
cosmx_bcc_spot_0000019758,-479770.50075101823,73591.39176940636,0.9826861042497287
cosmx_bcc_spot_0000019759,-479769.9168800507,73942.04257585802,0.9992357001107308
cosmx_bcc_spot_0000019760,-479807.69704731466,74345.66862125827,0.910999851253939
cosmx_bcc_spot_0000019761,-479768.73408435174,74702.11676940642,0.7803618515777657
cosmx_bcc_spot_0000019762,-479836.43655935465,75025.8938304059,0.5848458091919386
cosmx_bcc_spot_0000019763,-479803.01124322973,75434.70278400331,0.5338301675908472
cosmx_bcc_spot_0000019764,-479756.3587335772,75772.37749442803,0.8102701605844543
cosmx_bcc_spot_0000019765,-479751.70648132474,76133.3432601938,0.862703603316636
cosmx_bcc_spot_0000019766,-479777.11549033393,76495.53965659019,0.7905809355623848
cosmx_bcc_spot_0000019767,-479770.9570560376,76848.36165099838,0.7489085878294465
cosmx_bcc_spot_0000019768,-479755.78356465837,77231.30992686046,0.7078143664231866
cosmx_bcc_spot_0000019769,-479775.2969575155,77549.91706971759,0.7037360907960772
cosmx_bcc_spot_0000019770,-479783.6183860869,77937.20278400331,0.7939612832706506
cosmx_bcc_spot_0000019771,-479835.16708738526,78294.71901776949,0.6024801249301249
cosmx_bcc_spot_0000019772,-479703.27314799133,78609.14326019373,3.3207372483027694e-05
cosmx_bcc_spot_0000019773,-479782.77314799133,78987.47659352707,6.384975091259933e-10
cosmx_bcc_spot_0000019873,-479473.25896972895,-31068.59401570258,0.5135131860658988
cosmx_bcc_spot_0000019875,-479497.2589697289,-30331.87972998829,0.8253120710104344
cosmx_bcc_spot_0000019876,-479406.39230306225,-30000.413063321623,0.30948574229066567
cosmx_bcc_spot_0000019877,-479394.8839697291,-29606.463063321626,0.833681160003957
cosmx_bcc_spot_0000019878,-479420.61191090534,-29292.703259400056,0.8082392099941954
cosmx_bcc_spot_0000019879,-479407.8189697292,-28917.03972998829,0.9056568356391567
cosmx_bcc_spot_0000019880,-479434.8676653813,-28546.618860423074,0.9993354011163605
cosmx_bcc_spot_0000019881,-479464.1537065711,-28209.72183525145,0.7448959413308015
cosmx_bcc_spot_0000019882,-479515.7253094837,-27826.230998235387,1.8390661476321386e-15
cosmx_bcc_spot_0000020036,-479390.77618302795,27991.123349528854,0.20058224918393133
cosmx_bcc_spot_0000020037,-479392.2761830281,28326.850622256123,0.46024797050741134
cosmx_bcc_spot_0000020038,-479399.5186072706,28686.99456165006,0.6934288744155339
cosmx_bcc_spot_0000020039,-479387.13527393714,29046.4278949834,0.8559539178849814
cosmx_bcc_spot_0000020040,-479384.63981939177,29419.1688040743,0.30526674104376755
cosmx_bcc_spot_0000020041,-479388.95450470655,29743.808664214153,0.9350802619277684
cosmx_bcc_spot_0000020042,-479378.2642213059,30143.34105287811,0.9314969258422344
cosmx_bcc_spot_0000020043,-479417.7252739373,30463.937894983384,0.8815084088474814
cosmx_bcc_spot_0000020044,-479400.64527393726,30847.377894983383,0.8688558484900208
cosmx_bcc_spot_0000020045,-479439.8995596513,31148.435037840543,0.05868116171890871
cosmx_bcc_spot_0000020059,-479450.48559471616,36335.25068348563,0.9661979920708577
cosmx_bcc_spot_0000020060,-479419.00610753667,36673.022478357445,0.970130928132674
cosmx_bcc_spot_0000020061,-479391.42204956565,37022.6587102415,0.9560276363636572
cosmx_bcc_spot_0000020062,-479407.1911650079,37379.44431743791,0.9705655823535171
cosmx_bcc_spot_0000020063,-479395.55944087,37752.069145024114,0.9616286830472089
cosmx_bcc_spot_0000020064,-479391.43944086996,38105.522478357445,0.9744463020801485
cosmx_bcc_spot_0000020065,-479420.35944087,38450.749145024114,0.9786784647623467
cosmx_bcc_spot_0000020066,-479413.22277420334,38828.37247835745,0.9579927926772114
cosmx_bcc_spot_0000020067,-479410.38944086997,39172.12247835745,0.9918145332267435
cosmx_bcc_spot_0000020068,-479383.13944086997,39541.3203950241,0.9717300774453704
cosmx_bcc_spot_0000020069,-479416.80610753666,39919.24747835745,0.9845736962129941
cosmx_bcc_spot_0000020070,-479417.8317485623,40264.404529639505,0.9696060738501058
cosmx_bcc_spot_0000020147,-479448.7914414263,68165.39747947596,0.46681253735201284
cosmx_bcc_spot_0000020148,-479405.7173673524,68548.52446360292,0.9041596082908362
cosmx_bcc_spot_0000020149,-479417.1456080932,68893.68765804736,0.9993044054186786
cosmx_bcc_spot_0000020150,-479399.2866795217,69233.6260509045,0.9997882106430889
cosmx_bcc_spot_0000020151,-479394.80945944454,69619.96890804735,0.9985791564568548
cosmx_bcc_spot_0000020152,-479394.69810809306,69955.04890804736,0.9861937622994161
cosmx_bcc_spot_0000020153,-479393.69144142646,70331.16890804736,0.9999999999792507
cosmx_bcc_spot_0000020154,-479429.5136636484,70684.74668582517,0.9975180159630828
cosmx_bcc_spot_0000020155,-479402.1803303154,71064.71890804736,0.9968001938255077
cosmx_bcc_spot_0000020156,-479384.9986486337,71419.80674588519,0.9999999999999817
cosmx_bcc_spot_0000020157,-479372.05810809304,71761.6689080474,0.9981096544194515
cosmx_bcc_spot_0000020158,-479390.07575515204,72098.96890804736,0.9999999999999499
cosmx_bcc_spot_0000020168,-479480.77314799133,75833.92103797151,0.344722499443665
cosmx_bcc_spot_0000020169,-479492.07981465827,76138.32992686045,0.5302429857371707
cosmx_bcc_spot_0000020170,-479472.8898146581,76458.45992686044,0.6065764725259717
cosmx_bcc_spot_0000020171,-479492.05092576914,76902.19881574932,0.6395607560649235
cosmx_bcc_spot_0000020172,-479468.2969575151,77219.45278400325,0.5011906909390434
cosmx_bcc_spot_0000020173,-479446.75231465796,77533.18492686041,0.32925083496114055
cosmx_bcc_spot_0000020174,-479450.1541003723,77976.52421257469,0.24760799737001896
cosmx_bcc_spot_0000020175,-479433.439814658,78336.14326019373,0.0001407156058501296
cosmx_bcc_spot_0000020176,-479416.02314799133,78702.64326019373,8.889532056562049e-06
cosmx_bcc_spot_0000020177,-479419.7255289437,78971.23849828898,8.503412196886016e-12
cosmx_bcc_spot_0000020463,-479052.36671359726,36338.74369047865,0.9792940592800946
cosmx_bcc_spot_0000020464,-479018.0240562546,36614.250683485654,0.9814169155267851
cosmx_bcc_spot_0000020465,-479061.00786192267,36988.36809239252,0.9704140682673633
cosmx_bcc_spot_0000020466,-479043.63944087,37393.02724026221,0.9750672716339096
cosmx_bcc_spot_0000020467,-479041.1209223515,37733.71507095004,0.9803700271716477
cosmx_bcc_spot_0000020468,-479046.8133539135,38090.74566676324,0.9622573180420084
cosmx_bcc_spot_0000020469,-479056.23203346255,38453.75210798708,0.9665364747061229
cosmx_bcc_spot_0000020470,-479037.6739236286,38823.13397261032,0.9726969998749548
cosmx_bcc_spot_0000020471,-479062.97277420334,39198.88438311935,0.9804420577414227
cosmx_bcc_spot_0000020472,-479044.35944087,39553.54914502412,0.970479749634572
cosmx_bcc_spot_0000020473,-479036.07944087,39911.70914502411,0.9683508858025551
cosmx_bcc_spot_0000020474,-479048.60240383295,40282.15951539449,0.9549872820545643
cosmx_bcc_spot_0000020551,-479030.7624559191,68147.92542978651,0.49391942687599155
cosmx_bcc_spot_0000020552,-479035.6516564803,68550.6463274022,0.8786200807010646
cosmx_bcc_spot_0000020553,-479043.68538082053,68884.49163532007,0.9992195207046309
cosmx_bcc_spot_0000020554,-479041.51216214726,69238.34728642573,0.9989487510673808
cosmx_bcc_spot_0000020555,-479016.0443149897,69591.00339080598,0.9963851447042964
cosmx_bcc_spot_0000020556,-479030.19144142646,69971.66890804736,0.9984829503343697
cosmx_bcc_spot_0000020557,-479058.6516564803,70360.51729514413,0.9999999999973122
cosmx_bcc_spot_0000020558,-479045.5187141538,70687.3931504716,0.9999927451014152
cosmx_bcc_spot_0000020559,-479046.1166446786,71058.67622512052,0.9999999999999807
cosmx_bcc_spot_0000020560,-479049.8698727991,71446.93949628265,0.9969692698290364
cosmx_bcc_spot_0000020561,-479024.09913373424,71761.71249779094,0.9978572934418966
cosmx_bcc_spot_0000020562,-479034.72477475984,72090.63557471403,0.9999999999999813
cosmx_bcc_spot_0000020571,-478940.60648132465,75417.64326019373,0.006926739844685519
cosmx_bcc_spot_0000020573,-479091.039814658,76134.0099268604,2.5874424681698395e-14
cosmx_bcc_spot_0000020577,-479090.18981465796,77561.0599268604,1.9396582072414287e-15
cosmx_bcc_spot_0000020579,-479083.839814658,78280.0099268604,6.985488785076326e-07
cosmx_bcc_spot_0000020580,-478989.77314799133,78677.64326019373,0.025067036666804342
cosmx_bcc_spot_0000020867,-478810.63944086997,36392.12247835743,0.9691698305503895
cosmx_bcc_spot_0000020868,-478807.53944087,36652.28914502409,0.9828825798048428
cosmx_bcc_spot_0000020869,-478814.76444086997,37032.28914502409,0.9692765562302184
cosmx_bcc_spot_0000020870,-478812.13944086997,37402.78914502409,0.9825494022673487
cosmx_bcc_spot_0000020871,-478812.63944086997,37724.16414502409,0.9825968479442808
cosmx_bcc_spot_0000020872,-478826.9251551557,38131.78914502409,0.997461226741988
cosmx_bcc_spot_0000020873,-478826.75055198115,38459.9002561352,0.9627826558307612
cosmx_bcc_spot_0000020874,-478812.63944087,38791.23358946854,0.9842730385733084
cosmx_bcc_spot_0000020875,-478809.2108694414,39215.36057359552,0.9999842297471189
cosmx_bcc_spot_0000020876,-478816.63944086997,39561.91414502409,0.9875033874501713
cosmx_bcc_spot_0000020877,-478818.9251551557,39935.217716452666,0.9879506980119129
cosmx_bcc_spot_0000020878,-478810.01444086997,40302.28914502409,0.9084783569270057
cosmx_bcc_spot_0000020955,-478694.9581080932,68128.81265804736,0.6836372522415816
cosmx_bcc_spot_0000020956,-478678.1166446786,68518.84695682784,0.9423008826763842
cosmx_bcc_spot_0000020957,-478680.69495019846,68877.94259225788,0.9873056562043431
cosmx_bcc_spot_0000020958,-478688.230835366,69249.35527168371,0.9944123618845238
cosmx_bcc_spot_0000020959,-478699.4824983371,69599.43232268149,0.999984095518409
cosmx_bcc_spot_0000020960,-478675.1768580932,69953.12515804736,0.9999606373874811
cosmx_bcc_spot_0000020961,-478681.837418438,70351.27925287494,0.9999999994976799
cosmx_bcc_spot_0000020962,-478695.52477475983,70676.53557471403,0.9965940103044647
cosmx_bcc_spot_0000020963,-478697.7581080932,71053.46890804735,0.999999999999981
cosmx_bcc_spot_0000020964,-478664.8866795217,71420.61176519022,0.9999251280600477
cosmx_bcc_spot_0000020965,-478693.0414414265,71788.60779693624,0.9999885955468372
cosmx_bcc_spot_0000020966,-478667.70810809295,72070.46890804739,0.9999759300406291
cosmx_bcc_spot_0000020981,-478811.039814658,77576.20992686039,0.05893428924145346
cosmx_bcc_spot_0000021359,-478319.8404610344,68160.43949628265,0.7973899006183506
cosmx_bcc_spot_0000021360,-478316.32174445665,68522.33254441101,0.6542743152035321
cosmx_bcc_spot_0000021361,-478320.00158635416,68884.8167341343,0.9046212328207838
cosmx_bcc_spot_0000021362,-478329.8081080932,69250.64390804735,0.9636187505950279
cosmx_bcc_spot_0000021363,-478344.00096523605,69614.2260509045,0.9694903191134528
cosmx_bcc_spot_0000021364,-478314.22733886243,69969.09711317555,0.999998629961696
cosmx_bcc_spot_0000021365,-478316.5081080932,70337.11890804736,0.9985375037524097
cosmx_bcc_spot_0000021366,-478331.02567566076,70710.29323237168,0.9999999999970096
cosmx_bcc_spot_0000021367,-478314.32297295803,71055.29323237168,0.9999999999999808
cosmx_bcc_spot_0000021368,-478302.4581080932,71426.51729514413,0.9999999999999813
cosmx_bcc_spot_0000021369,-478333.5226242222,71767.54955320865,0.995948512355248
cosmx_bcc_spot_0000021370,-478331.1664414264,72088.76057471403,0.9997247994498089
cosmx_bcc_spot_0000021763,-477971.8427234778,68166.66121573966,0.942281576341576
cosmx_bcc_spot_0000021764,-477953.8192192043,68507.33001915847,0.9042961601418487
cosmx_bcc_spot_0000021765,-477961.6803303155,68879.19113026957,0.9779396586326167
cosmx_bcc_spot_0000021766,-477971.9081080932,69250.79390804734,0.968357067165799
cosmx_bcc_spot_0000021767,-477961.72001285513,69612.01652709497,0.9703872105981233
cosmx_bcc_spot_0000021768,-477945.7161726093,69969.90439191833,0.9765790148499641
cosmx_bcc_spot_0000021769,-477977.4286963285,70345.70420216501,0.994995476706081
cosmx_bcc_spot_0000021770,-477956.72477475984,70678.4022413807,0.9998719641989425
cosmx_bcc_spot_0000021771,-477949.4236253345,71048.93442528874,0.999028515936732
cosmx_bcc_spot_0000021772,-477960.7005323356,71440.60527168373,0.9999999999999097
cosmx_bcc_spot_0000021773,-477955.35810809315,71781.43557471404,0.9999973973312264
cosmx_bcc_spot_0000021774,-477941.1028011467,72117.40316887497,0.9957369967860162
cosmx_bcc_spot_0000021775,-477831.9160111066,72534.93303821991,0.9662987952101657
cosmx_bcc_spot_0000021776,-477829.487439678,72891.62534591222,0.9795320237200851
cosmx_bcc_spot_0000021777,-477824.987439678,73231.68303821991,0.9629151107010081
cosmx_bcc_spot_0000021778,-477826.39653058705,73567.20576549265,0.9198492824897687
cosmx_bcc_spot_0000021779,-477830.287439678,73969.73303821991,0.9612804355711325
cosmx_bcc_spot_0000021780,-477823.26521745574,74379.04414933102,0.9782493711623157
cosmx_bcc_spot_0000021781,-477825.68743967795,74584.3330382199,0.8998272046437481
cosmx_bcc_spot_0000022167,-477596.02477475983,68168.86890804736,0.8683469186039527
cosmx_bcc_spot_0000022168,-477606.2831080932,68505.84390804735,0.9166385612768164
cosmx_bcc_spot_0000022169,-477607.9581080931,68885.25462233307,0.6701919347207116
cosmx_bcc_spot_0000022170,-477575.0107396722,69231.6268027842,0.9216427104866033
cosmx_bcc_spot_0000022171,-477604.0734927086,69609.73813881658,0.9926754987438463
cosmx_bcc_spot_0000022172,-477592.13457868143,69978.29243745912,0.9075889018499989
cosmx_bcc_spot_0000022173,-477613.77953666454,70349.96890804736,0.9596567248951896
cosmx_bcc_spot_0000022174,-477577.84520486736,70707.06568224091,0.999999218514369
cosmx_bcc_spot_0000022175,-477608.6202702554,71052.53647561492,0.9999999983957194
cosmx_bcc_spot_0000022176,-477571.55810809316,71445.0022413807,0.9998524167405561
cosmx_bcc_spot_0000022177,-477605.4581080932,71766.73813881658,0.9803519761893205
cosmx_bcc_spot_0000022178,-477598.5276025129,72137.3822808269,0.9901692267617418
cosmx_bcc_spot_0000022179,-477607.2731539634,72501.2544667913,0.9729444280625565
cosmx_bcc_spot_0000022180,-477587.8074396777,72880.93303821987,0.9504705389074813
cosmx_bcc_spot_0000022181,-477602.7096618998,73231.90526044209,0.9409316135600625
cosmx_bcc_spot_0000022182,-477604.2823114724,73570.54842283524,0.9653095156770125
cosmx_bcc_spot_0000022183,-477593.26521745534,73948.8774826643,0.9778047651673515
cosmx_bcc_spot_0000022184,-477585.3445825346,74310.00446679129,0.9741891642584358
cosmx_bcc_spot_0000022185,-477587.4133656036,74612.48859377543,0.9656430511486647
cosmx_bcc_spot_0000022571,-477237.53503117,68159.16121573967,0.7802208550078878
cosmx_bcc_spot_0000022572,-477238.561556369,68540.58959770254,0.8111616028470017
cosmx_bcc_spot_0000022573,-477215.2968177706,68865.16245643447,0.7232213815002576
cosmx_bcc_spot_0000022574,-477263.458108093,69247.01238630824,0.6304586073167707
cosmx_bcc_spot_0000022575,-477260.2914414265,69599.46890804736,0.8441113661715056
cosmx_bcc_spot_0000022576,-477238.82953666465,69952.2260509045,0.9970612283854994
cosmx_bcc_spot_0000022577,-477214.3002133563,70347.36364488945,0.999741043770443
cosmx_bcc_spot_0000022578,-477244.6866795218,70696.16890804736,0.9999999999999796
cosmx_bcc_spot_0000022579,-477255.27953666454,71068.86176519022,0.9822271432102349
cosmx_bcc_spot_0000022580,-477236.88235051744,71409.51436259282,0.9985241434619924
cosmx_bcc_spot_0000022581,-477238.3891425759,71781.52063218529,0.9962956119394384
cosmx_bcc_spot_0000022582,-477233.9844523781,72138.75087948021,0.9965567138433654
cosmx_bcc_spot_0000022583,-477222.4439614169,72520.49825561118,0.9910356434524241
cosmx_bcc_spot_0000022584,-477232.6995608897,72884.35728064411,0.9888163426070214
cosmx_bcc_spot_0000022585,-477231.3335935238,73248.39457668141,0.9641578123555463
cosmx_bcc_spot_0000022586,-477228.53622016526,73585.3476723662,0.9671880252216576
cosmx_bcc_spot_0000022587,-477241.1284653185,73971.75355104037,0.9826387796760384
cosmx_bcc_spot_0000022588,-477243.83627688675,74310.70048008031,0.9703477972234829
cosmx_bcc_spot_0000022589,-477219.68188412196,74651.3774826643,0.990118022767476
cosmx_bcc_spot_0000022592,-477156.6412858318,75776.85611514299,0.6317773010509234
cosmx_bcc_spot_0000022965,-476784.12185966835,64536.694812785645,0.06942043712004585
cosmx_bcc_spot_0000022966,-476767.1932882398,64924.33766992852,0.529038198062112
cosmx_bcc_spot_0000022967,-476769.46312950965,65234.33766992853,0.786300373972272
cosmx_bcc_spot_0000022968,-476772.6075739541,65643.33766992851,0.6011067219262742
cosmx_bcc_spot_0000022969,-476755.407573954,65928.17100326183,0.6774697262128262
cosmx_bcc_spot_0000022970,-476778.83614538267,66394.69481278564,0.015489354865043645
cosmx_bcc_spot_0000022972,-476783.69328823977,67051.55195564279,0.0762486486179784
cosmx_bcc_spot_0000022973,-476797.0742406207,67396.50433659517,1.690844987624765e-07
cosmx_bcc_spot_0000022974,-476810.6176807818,67752.86391755228,0.022279949047342498
cosmx_bcc_spot_0000022975,-476917.22281397524,68157.43949628269,0.3219339778316414
cosmx_bcc_spot_0000022976,-476896.5035626385,68535.37799895646,0.6123933214097165
cosmx_bcc_spot_0000022977,-476882.9581080932,68914.06265804736,0.6613745789701422
cosmx_bcc_spot_0000022978,-476858.08968704025,69185.91627646844,0.5473538728207229
cosmx_bcc_spot_0000022979,-476846.08310809307,69638.3439080474,0.020941110479165113
cosmx_bcc_spot_0000022980,-476902.45810809295,70016.43044650895,0.3078795151505564
cosmx_bcc_spot_0000022981,-476925.16399044584,70359.08655510622,0.9454498140458288
cosmx_bcc_spot_0000022982,-476878.3331080932,70697.56265804736,0.9654762474289875
cosmx_bcc_spot_0000022983,-476864.4247747598,71051.7022413807,0.9912204887802827
cosmx_bcc_spot_0000022984,-476863.2393580932,71422.71890804736,0.9812228933391086
cosmx_bcc_spot_0000022985,-476872.3499999851,71785.45539453384,0.9914237144422468
cosmx_bcc_spot_0000022986,-476878.31967620645,72151.89953456869,0.9983744037117868
cosmx_bcc_spot_0000022987,-476893.7207730109,72491.76637155321,0.9852591739634686
cosmx_bcc_spot_0000022988,-476858.93188412214,72873.41451970136,0.9717989078276648
cosmx_bcc_spot_0000022989,-476849.4249396776,73241.65178821987,0.9538845107501146
cosmx_bcc_spot_0000022990,-476859.7017253918,73601.12351441033,0.9871696546214571
cosmx_bcc_spot_0000022991,-476867.4236098902,73953.16708077304,0.9744739411353965
cosmx_bcc_spot_0000022992,-476871.6979659933,74315.03830137775,0.9765135508655642
cosmx_bcc_spot_0000022993,-476868.7318841219,74686.0885937754,0.9924097178553419
cosmx_bcc_spot_0000022994,-476815.68743967795,74895.7330382199,0.7763270488583436
cosmx_bcc_spot_0000022996,-476965.8207730113,75759.93303821991,0.3976332261983815
cosmx_bcc_spot_0000022997,-476830.48743967793,76166.48859377547,1.8948203279663487e-05
cosmx_bcc_spot_0000022998,-476837.68743967795,76378.9330382199,1.9664307177331573e-06
cosmx_bcc_spot_0000023368,-476497.2742406208,64190.904336595195,0.040895461889664614
cosmx_bcc_spot_0000023369,-476476.15757395414,64516.754336595186,6.758751329877343e-06
cosmx_bcc_spot_0000023370,-476516.09507395374,64914.86891992854,0.48770285971209243
cosmx_bcc_spot_0000023371,-476518.14090728696,65263.104336595214,0.7583829415768576
cosmx_bcc_spot_0000023372,-476526.7712103174,65609.83766992854,0.725518696542758
cosmx_bcc_spot_0000023373,-476460.87816218944,65990.7200228697,0.5999090403517211
cosmx_bcc_spot_0000023374,-476479.40757395414,66382.83766992853,0.5167826698087569
cosmx_bcc_spot_0000023375,-476500.9790025254,66722.9805270714,0.8532736694843037
cosmx_bcc_spot_0000023376,-476509.1722798365,67051.13178757559,0.7787689413365039
cosmx_bcc_spot_0000023377,-476473.8621194087,67440.20130629215,0.25624678823173297
cosmx_bcc_spot_0000023378,-476501.807573954,67738.8376699285,1.9706003618712006e-15
cosmx_bcc_spot_0000023379,-476523.63992627483,68148.15072622923,0.013048535675951798
cosmx_bcc_spot_0000023380,-476534.458108093,68579.76890804741,0.31077482349862745
cosmx_bcc_spot_0000023381,-476611.9196465545,68858.19967727819,0.5836303667009405
cosmx_bcc_spot_0000023382,-476505.6009652359,69238.82605090455,0.18136193485978977
cosmx_bcc_spot_0000023384,-476603.85810809303,69994.56890804741,0.11407415938455058
cosmx_bcc_spot_0000023385,-476507.12477475964,70374.7189080474,0.020314871471993113
cosmx_bcc_spot_0000023386,-476490.48751985794,70714.1453786356,0.9799852797700905
cosmx_bcc_spot_0000023387,-476507.0414414266,71060.17724138068,0.99999999593535
cosmx_bcc_spot_0000023388,-476506.9732596083,71423.87799895645,0.978295150156178
cosmx_bcc_spot_0000023389,-476518.2016978368,71795.27660035505,0.962748459041461
cosmx_bcc_spot_0000023390,-476508.4676210397,72147.74105837358,0.9843287023935205
cosmx_bcc_spot_0000023391,-476493.85586073017,72492.4856697988,0.966164548522045
cosmx_bcc_spot_0000023392,-476521.6302968204,72852.16160964844,0.9849681810909658
cosmx_bcc_spot_0000023393,-476493.3410982141,73228.56718456133,0.9857758621332041
cosmx_bcc_spot_0000023394,-476503.23743967747,73590.00803821985,0.9859002803990132
cosmx_bcc_spot_0000023395,-476514.0384600856,73958.30038515863,0.9653161227026421
cosmx_bcc_spot_0000023396,-476505.73743967747,74331.36485640168,0.976226884555149
cosmx_bcc_spot_0000023397,-476497.853293336,74682.64035529303,0.9900925591841563
cosmx_bcc_spot_0000023400,-476490.59855078906,75817.26637155324,7.617549039640113e-12
cosmx_bcc_spot_0000023401,-476520.22077301133,76137.26637155324,2.017371662418717e-15
cosmx_bcc_spot_0000023771,-476029.207573954,63938.8376699285,0.24481578218313363
cosmx_bcc_spot_0000023772,-476161.7605151306,64126.955316987354,0.06298702191757137
cosmx_bcc_spot_0000023773,-476140.20757395413,64539.837669928515,0.062105914676953144
cosmx_bcc_spot_0000023774,-476153.60757395416,64894.304336595196,0.0028602279469443835
cosmx_bcc_spot_0000023775,-476155.407573954,65280.732406770636,0.07417615914135346
cosmx_bcc_spot_0000023776,-476124.316664863,65619.38312447398,0.65987579718259
cosmx_bcc_spot_0000023777,-476128.9441593195,65999.95962114805,0.8619852852154908
cosmx_bcc_spot_0000023778,-476167.4530284994,66353.92857901944,0.7592183288666577
cosmx_bcc_spot_0000023779,-476154.07424062036,66712.53463962552,0.9344245651039165
cosmx_bcc_spot_0000023780,-476135.0409072871,67090.53766992854,0.9734468052821922
cosmx_bcc_spot_0000023781,-476131.3041256779,67446.45835958372,0.8853652858493457
cosmx_bcc_spot_0000023782,-476101.6932882398,67745.40909849995,0.7922400425819562
cosmx_bcc_spot_0000023783,-476112.458108093,68151.36890804741,0.0016662480593561129
cosmx_bcc_spot_0000023784,-476185.458108093,68588.76890804741,2.0102907094615686e-15
cosmx_bcc_spot_0000023785,-476172.1247747597,68850.9689080474,3.3888627295300885e-13
cosmx_bcc_spot_0000023786,-476143.05810809304,69281.1689080474,3.018693470285488e-13
cosmx_bcc_spot_0000023787,-476202.1723938073,69599.82605090455,1.5466221232304692e-06
cosmx_bcc_spot_0000023788,-476106.83310809307,69990.2189080474,5.032574594390183e-06
cosmx_bcc_spot_0000023789,-476167.45810809307,70279.30224138073,0.15746279815384745
cosmx_bcc_spot_0000023790,-476108.12477475987,70731.63557471403,0.9465837134793929
cosmx_bcc_spot_0000023791,-476151.9831080932,71067.69390804735,0.9999999977144018
cosmx_bcc_spot_0000023792,-476136.9986486337,71417.48242156087,0.9805732142390141
cosmx_bcc_spot_0000023793,-476143.7706080933,71778.34390804735,0.9935405098586657
cosmx_bcc_spot_0000023794,-476153.32178229303,72148.85909883796,0.9439136155893354
cosmx_bcc_spot_0000023795,-476155.19855078857,72505.35526044207,0.9033796093329339
cosmx_bcc_spot_0000023796,-476140.17791586794,72876.40922869605,0.933465589359899
cosmx_bcc_spot_0000023797,-476149.20538839546,73241.9586792455,0.9918257370792972
cosmx_bcc_spot_0000023798,-476147.29231772624,73599.03059919547,0.9620142946416895
cosmx_bcc_spot_0000023799,-476141.4630494336,73963.93303821985,0.9785139866406473
cosmx_bcc_spot_0000023800,-476139.6576524434,74317.97559141133,0.9824183528720777
cosmx_bcc_spot_0000023801,-476137.5743961992,74651.60695126333,0.9634500262348
cosmx_bcc_spot_0000023803,-476096.7096619002,75481.37748266436,5.741123364415288e-07
cosmx_bcc_spot_0000023804,-476162.362439678,75774.7455382199,1.8047546236186025e-05
cosmx_bcc_spot_0000023805,-476153.987439678,76106.4955382199,1.6485296820545797e-09
cosmx_bcc_spot_0000023806,-476160.0588682494,76370.79018107706,2.6125342098825656e-11
cosmx_bcc_spot_0000024175,-475795.3075739541,63893.03766992851,0.15818323367522916
cosmx_bcc_spot_0000024176,-475755.92931308434,64203.315930798104,0.30366389038685204
cosmx_bcc_spot_0000024177,-475740.4075739538,64520.33766992854,0.5150870700899304
cosmx_bcc_spot_0000024178,-475784.29646284296,64892.171003261865,0.15231348075984888
cosmx_bcc_spot_0000024179,-475856.6575739541,65259.4626699285,0.12341263621038301
cosmx_bcc_spot_0000024180,-475815.8423565626,65629.01158297202,0.7913886095764666
cosmx_bcc_spot_0000024181,-475814.3705369168,65984.24507733595,0.8530127939739368
cosmx_bcc_spot_0000024182,-475786.0972291262,66366.9411182044,0.8805204724292077
cosmx_bcc_spot_0000024183,-475787.96639748313,66704.86708169326,0.8952357926425504
cosmx_bcc_spot_0000024184,-475777.17424062046,67069.8043365952,0.9267769739358049
cosmx_bcc_spot_0000024185,-475777.6978965344,67459.83766992854,0.8551788692723334
cosmx_bcc_spot_0000024186,-475789.9727913452,67760.48984384158,0.8405748001707367
cosmx_bcc_spot_0000024187,-475733.30021335604,68104.91627646844,0.6327772814107439
cosmx_bcc_spot_0000024188,-475724.1247747597,68571.30224138075,1.9423213263147694e-15
cosmx_bcc_spot_0000024189,-475686.85810809303,68894.1689080474,0.0014728081456682582
cosmx_bcc_spot_0000024191,-475771.95810809307,69654.30224138075,1.9522805016443715e-11
cosmx_bcc_spot_0000024192,-475794.0136636486,69985.9689080474,2.109988207499715e-07
cosmx_bcc_spot_0000024193,-475803.381185016,70321.50736958587,0.0028554433574527437
cosmx_bcc_spot_0000024194,-475830.9581080931,70737.11176519022,0.6533237635145235
cosmx_bcc_spot_0000024195,-475773.2720615816,71048.48053595432,0.7926422482241011
cosmx_bcc_spot_0000024196,-475829.8811850162,71428.58429266275,0.7700457879438822
cosmx_bcc_spot_0000024197,-475802.8081080932,71788.06890804735,0.9992708763849295
cosmx_bcc_spot_0000024198,-475781.3044204476,72146.52862402203,0.9890544381110384
cosmx_bcc_spot_0000024199,-475783.29231772624,72503.90864797596,0.9242624644286666
cosmx_bcc_spot_0000024200,-475778.2679274824,72854.68913578083,0.9402805579498748
cosmx_bcc_spot_0000024201,-475763.1541063442,73220.23859377542,0.9538354602561452
cosmx_bcc_spot_0000024202,-475769.7313421165,73580.32328212229,0.9557924791335748
cosmx_bcc_spot_0000024203,-475775.14261209144,73951.34683132332,0.9359944149470328
cosmx_bcc_spot_0000024204,-475803.2061896776,74333.37053821987,0.9631300597560045
cosmx_bcc_spot_0000024205,-475806.36979261873,74623.08009704339,0.9888688285997707
cosmx_bcc_spot_0000024206,-475785.68743967795,75104.3330382199,1.9975833178856684e-15
cosmx_bcc_spot_0000024207,-475783.8032291516,75388.03830137778,3.142031516925363e-15
cosmx_bcc_spot_0000024208,-475802.7096619002,75787.48859377547,6.913720672875624e-08
cosmx_bcc_spot_0000024209,-475737.9160111066,76145.21875250562,1.5452582070157585e-13
cosmx_bcc_spot_0000024210,-475799.88743967796,76394.5330382199,1.1802232755688836e-09
cosmx_bcc_spot_0000024579,-475402.2742406208,63825.17100326186,0.09891992352847588
cosmx_bcc_spot_0000024580,-475430.0893921358,64195.29221538308,0.5361070235263189
cosmx_bcc_spot_0000024581,-475425.7106042568,64552.11039720127,0.6777881954026997
cosmx_bcc_spot_0000024582,-475441.007573954,64838.437669928535,0.6589320195033707
cosmx_bcc_spot_0000024583,-475443.5742406208,65293.282114372974,0.024036508549937174
cosmx_bcc_spot_0000024584,-475398.6742406208,65635.9043365952,0.03929216917977297
cosmx_bcc_spot_0000024585,-475421.2475739539,65994.67766992854,0.8771491036095753
cosmx_bcc_spot_0000024586,-475415.8423565626,66365.92462645027,0.8446801130140565
cosmx_bcc_spot_0000024587,-475431.52878607495,66701.89827598915,0.9377419598272129
cosmx_bcc_spot_0000024588,-475428.12632395374,67074.49391992854,0.946354054841268
cosmx_bcc_spot_0000024589,-475432.437876984,67433.77706386794,0.975657002959405
cosmx_bcc_spot_0000024590,-475437.3520183985,67720.39322548409,0.9307384553457502
cosmx_bcc_spot_0000024591,-475412.63374221633,68130.13557471408,0.25509645848616974
cosmx_bcc_spot_0000024592,-475469.2914414264,68507.13557471408,0.0014421781023256912
cosmx_bcc_spot_0000024593,-475430.2478424798,68913.19113026962,1.9387098927622307e-15
cosmx_bcc_spot_0000024594,-475472.33310809307,69277.8439080474,0.014973693151225976
cosmx_bcc_spot_0000024597,-475454.6060894969,70321.82605090455,6.827050261043145e-15
cosmx_bcc_spot_0000024598,-475464.74894663977,70703.11176519028,7.506516490747501e-13
cosmx_bcc_spot_0000024599,-475508.5692192042,71039.41335249186,0.18560064767344647
cosmx_bcc_spot_0000024600,-475525.45810809307,71426.5939080474,0.10204690058902327
cosmx_bcc_spot_0000024601,-475506.8918037826,71864.11176519028,0.7296047370376187
cosmx_bcc_spot_0000024602,-475463.3221520071,72156.2889562594,0.9366551436432328
cosmx_bcc_spot_0000024603,-475436.1874396775,72509.30803821985,0.9692541548939156
cosmx_bcc_spot_0000024604,-475411.43480809854,72880.01198558828,0.9543487475195944
cosmx_bcc_spot_0000024605,-475420.56638704595,73225.3014592725,0.8342392809869273
cosmx_bcc_spot_0000024606,-475429.6749396776,73581.40178821987,0.8984689300808526
cosmx_bcc_spot_0000024607,-475448.48743967747,73940.85986748815,0.9522530745039223
cosmx_bcc_spot_0000024608,-475462.6344985011,74310.96244998457,0.8761146626940352
cosmx_bcc_spot_0000024609,-475427.31096908974,74638.4036264552,0.1946180066033912
cosmx_bcc_spot_0000024610,-475408.48743967793,75050.48859377544,2.4902252758060417e-10
cosmx_bcc_spot_0000024611,-475435.5707730113,75405.43303821991,0.005357003482907444
cosmx_bcc_spot_0000024612,-475425.66925785976,75814.842129129,0.0038947725677081772
cosmx_bcc_spot_0000024613,-475419.6541063446,76158.93303821991,0.00017327454253930364
cosmx_bcc_spot_0000024983,-475044.6768047231,63808.760746851614,0.5757190299195919
cosmx_bcc_spot_0000024984,-475034.4530284994,64174.837669928536,0.37703806085397557
cosmx_bcc_spot_0000024985,-475063.0627463676,64559.010083721645,0.5940014185032911
cosmx_bcc_spot_0000024986,-475100.5186850652,64845.059892150726,0.4427449482658482
cosmx_bcc_spot_0000024987,-475035.0742406208,65288.08766992852,0.07391810931205896
cosmx_bcc_spot_0000024988,-474985.0439375905,65622.92857901943,0.5754836571389811
cosmx_bcc_spot_0000024989,-475024.00016654644,66007.46729955816,0.9593567600235104
cosmx_bcc_spot_0000024990,-475070.9075739539,66335.67100326187,0.9365232412582217
cosmx_bcc_spot_0000024991,-475061.87632395374,66716.02516992854,0.9531605368113295
cosmx_bcc_spot_0000024992,-475064.72007395374,67076.68141992854,0.9734879137462324
cosmx_bcc_spot_0000024993,-475043.957573954,67438.18766992853,0.6542290730956907
cosmx_bcc_spot_0000024994,-474989.34875042475,67731.01414051677,0.7871200808340921
cosmx_bcc_spot_0000024995,-475027.0773112534,68160.55224138075,0.5718590661291507
cosmx_bcc_spot_0000024996,-475010.3828668089,68460.52446360297,0.3257470463624946
cosmx_bcc_spot_0000024997,-475066.16064458666,68869.30224138075,2.0076830436018775e-15
cosmx_bcc_spot_0000024999,-475013.3511207771,69641.92128899976,0.6262069086738458
cosmx_bcc_spot_0000025000,-475036.08018481627,69968.41718390943,0.7062677596075786
cosmx_bcc_spot_0000025001,-474990.4939779201,70288.6831937617,0.7936246523707313
cosmx_bcc_spot_0000025003,-475023.32731125335,71011.4689080474,0.00015151468731250286
cosmx_bcc_spot_0000025004,-475079.7796922057,71444.25462233313,1.1251613991133862e-10
cosmx_bcc_spot_0000025005,-475022.49397792004,71769.3439080474,0.007220534776156902
cosmx_bcc_spot_0000025006,-475029.7966408108,72240.94131587242,0.5325255099681998
cosmx_bcc_spot_0000025007,-475065.6389548291,72522.84212912896,0.9330078075170858
cosmx_bcc_spot_0000025008,-475049.86521745526,72861.1774826643,0.9214274161279681
cosmx_bcc_spot_0000025009,-475073.79855078855,73223.75526044208,0.8479286170189414
cosmx_bcc_spot_0000025010,-475056.7951319852,73595.00996129678,0.9273468694614029
cosmx_bcc_spot_0000025011,-475060.8032291512,73957.51198558828,0.891694028058561
cosmx_bcc_spot_0000025012,-475116.63029682066,74256.50446679132,0.6405490339917652
cosmx_bcc_spot_0000025013,-475100.487439678,74703.39457668146,5.012725637577613e-10
cosmx_bcc_spot_0000025014,-475085.3335935241,75070.24073052761,3.4473128998424944e-06
cosmx_bcc_spot_0000025015,-475039.71820890874,75367.47149975838,4.8568497953059594e-06
cosmx_bcc_spot_0000025016,-475095.362439678,75724.55803821991,0.004488254149830988
cosmx_bcc_spot_0000025017,-475154.287439678,76162.23303821991,5.395937694132572e-09
cosmx_bcc_spot_0000025387,-474720.4551930016,63784.93290802377,0.29235539322760923
cosmx_bcc_spot_0000025388,-474748.6742406208,64204.904336595195,0.4866525348515162
cosmx_bcc_spot_0000025389,-474694.507573954,64510.73766992854,0.5801039222705093
cosmx_bcc_spot_0000025390,-474716.1575739541,64852.7126699285,0.12261190396908289
cosmx_bcc_spot_0000025391,-474696.40757395414,65267.21266992853,0.05015726617507014
cosmx_bcc_spot_0000025392,-474694.2170977635,65671.55195564282,0.7393642226841555
cosmx_bcc_spot_0000025393,-474704.52522101253,65977.6023758109,0.9500414660620802
cosmx_bcc_spot_0000025394,-474703.0562226023,66341.94577803665,0.9314200080226903
cosmx_bcc_spot_0000025395,-474700.3361453824,66687.15909849996,0.9690620437101481
cosmx_bcc_spot_0000025396,-474716.5110222296,67078.97560096302,0.9596165509920829
cosmx_bcc_spot_0000025397,-474706.3797961759,67442.61544770632,0.9800030019451458
cosmx_bcc_spot_0000025398,-474711.35891559673,67780.91193323664,0.9348413093424176
cosmx_bcc_spot_0000025399,-474681.0939779197,68134.53557471403,0.9231857701908263
cosmx_bcc_spot_0000025400,-474670.70826363435,68500.54033661884,0.5710204990159592
cosmx_bcc_spot_0000025401,-474658.99397792004,68895.3439080474,0.02221329036102877
cosmx_bcc_spot_0000025402,-474638.96064458677,69281.36890804741,0.7149578070536601
cosmx_bcc_spot_0000025403,-474729.1011207769,69605.75462233307,0.8129230481995419
cosmx_bcc_spot_0000025404,-474696.06973549543,69968.02951410797,0.8242037850589071
cosmx_bcc_spot_0000025405,-474722.45826363406,70305.5403366188,0.8142497637908177
cosmx_bcc_spot_0000025406,-474687.60508903116,70731.9689080474,0.02461590745087747
cosmx_bcc_spot_0000025407,-474682.49397792,71041.76890804741,2.356473113461809e-13
cosmx_bcc_spot_0000025408,-474651.87493030087,71467.11176519023,0.4355942298577151
cosmx_bcc_spot_0000025409,-474663.06540649134,71749.016527095,0.6047954565378013
cosmx_bcc_spot_0000025410,-474741.6584651727,72161.45695143825,0.2661992211951803
cosmx_bcc_spot_0000025411,-474719.9419851325,72556.93303821991,1.9238537575781465e-15
cosmx_bcc_spot_0000025412,-474754.20172539225,72858.21875250564,0.5931022317336657
cosmx_bcc_spot_0000025413,-474743.4318841224,73200.98859377546,0.6333598260485067
cosmx_bcc_spot_0000025414,-474750.66925785976,73592.7512200381,0.535512329231602
cosmx_bcc_spot_0000025415,-474722.63029682083,73910.79018107706,0.05241905061449053
cosmx_bcc_spot_0000025416,-474716.58743967797,74326.13303821991,5.428973743880095e-07
cosmx_bcc_spot_0000025417,-474627.737439678,74615.43303821991,5.286571843850098e-11
cosmx_bcc_spot_0000025418,-474710.48743967793,75035.73303821991,1.7645819488361756e-07
cosmx_bcc_spot_0000025419,-474719.737439678,75380.30803821991,0.006630312752556225
cosmx_bcc_spot_0000025420,-474677.0588682494,75792.21875250562,6.61654532732886e-12
cosmx_bcc_spot_0000025422,-474665.88743967796,76408.9330382199,2.048701293572658e-15
cosmx_bcc_spot_0000025791,-474298.525221013,63783.30825816382,0.11589846644043773
cosmx_bcc_spot_0000025792,-474321.3242406208,64168.92100326185,0.025394653448474257
cosmx_bcc_spot_0000025793,-474362.9592980917,64565.11353199751,0.7320789923713906
cosmx_bcc_spot_0000025794,-474321.40757395374,64863.41831508983,0.7279775674734279
cosmx_bcc_spot_0000025795,-474352.5742406208,65266.004336595186,0.47430520476501814
cosmx_bcc_spot_0000025796,-474318.316664863,65664.38312447398,0.8110785104436993
cosmx_bcc_spot_0000025797,-474320.1495094376,65996.70863767048,0.968996210919351
cosmx_bcc_spot_0000025798,-474342.1373036834,66363.27010236098,0.9790518563838192
cosmx_bcc_spot_0000025799,-474330.6875739539,66710.91766992855,0.8705335510065693
cosmx_bcc_spot_0000025800,-474329.19924062054,67032.8793365952,0.7238936153281041
cosmx_bcc_spot_0000025801,-474320.32424062054,67491.71266992854,0.9532820823591283
cosmx_bcc_spot_0000025802,-474341.05448627117,67758.20816897805,0.9334230054311087
cosmx_bcc_spot_0000025803,-474360.26320868905,68176.69967727814,0.921882067176483
cosmx_bcc_spot_0000025804,-474329.2539779198,68465.48890804737,0.7872980303358426
cosmx_bcc_spot_0000025805,-474338.6606445867,68895.38557471408,0.08888767557126066
cosmx_bcc_spot_0000025806,-474313.79397791973,69259.4022413807,0.7754906694434129
cosmx_bcc_spot_0000025807,-474335.6939779198,69588.68890804736,0.91088358601892
cosmx_bcc_spot_0000025808,-474318.9523112532,69957.21890804738,0.6966090342642772
cosmx_bcc_spot_0000025809,-474356.32156412664,70332.41718390943,0.8137247371043356
cosmx_bcc_spot_0000025810,-474278.0139779198,70691.08890804737,0.7307749273011778
cosmx_bcc_spot_0000025811,-474261.2439779201,71020.4064080474,0.5587424317403649
cosmx_bcc_spot_0000025812,-474355.08018481627,71469.55511494391,0.7719958283015258
cosmx_bcc_spot_0000025813,-474347.1439779196,71771.49390804736,0.9389726865561776
cosmx_bcc_spot_0000025814,-474357.99325144873,72092.13158917768,0.6183822118155389
cosmx_bcc_spot_0000025815,-474304.76521745574,72529.21081599768,0.7434988909804092
cosmx_bcc_spot_0000025816,-474282.44198513235,72841.29667458351,0.625237566538987
cosmx_bcc_spot_0000025817,-474303.9374396779,73240.1830382199,0.4280391003595503
cosmx_bcc_spot_0000025818,-474274.53743967786,73587.6330382199,0.7338776809599967
cosmx_bcc_spot_0000025819,-474337.30562149617,73902.7512200381,0.3597609019816689
cosmx_bcc_spot_0000025820,-474400.7601669507,74379.38758367446,7.454351779434033e-08
cosmx_bcc_spot_0000025821,-474312.6412858318,74684.47149975838,6.918706147204254e-12
cosmx_bcc_spot_0000025823,-474408.08743967797,75404.13303821991,2.4061391167001175e-10
cosmx_bcc_spot_0000025824,-474426.48743967793,75752.7330382199,3.3059480220745365e-10
cosmx_bcc_spot_0000026195,-473923.60757395416,63821.17100326186,0.3579316748820489
cosmx_bcc_spot_0000026196,-473932.35757395363,64169.46266992854,0.6208816534359338
cosmx_bcc_spot_0000026197,-473950.40757395397,64505.51948811035,0.5040365720233616
cosmx_bcc_spot_0000026198,-473968.707573954,64945.38766992853,0.6751012720809931
cosmx_bcc_spot_0000026199,-473982.57424062036,65272.78211437299,0.9598773496181718
cosmx_bcc_spot_0000026200,-473958.97007395356,65651.46266992854,0.9399727400983332
cosmx_bcc_spot_0000026201,-473981.9607654429,65984.17809546046,0.9491741554420137
cosmx_bcc_spot_0000026202,-473991.9075739538,66363.3043365952,0.961710689024825
cosmx_bcc_spot_0000026203,-473950.4475739539,66679.99766992853,0.9758742576965463
cosmx_bcc_spot_0000026204,-473922.87816218944,67088.83766992853,0.8287196976986012
cosmx_bcc_spot_0000026205,-473960.1901826496,67435.66375688506,0.8756325978510319
cosmx_bcc_spot_0000026206,-474011.59724704176,67791.34960066661,0.9436150668702369
cosmx_bcc_spot_0000026207,-474005.77969220566,68161.73081280928,0.6240471158043484
cosmx_bcc_spot_0000026208,-473982.86897791986,68463.3022413807,0.8411167940869021
cosmx_bcc_spot_0000026209,-473957.3828668089,68939.13557471406,0.6419802461961739
cosmx_bcc_spot_0000026210,-473975.9939779197,69237.28140804736,0.9826461564040125
cosmx_bcc_spot_0000026211,-473967.4333718591,69610.51436259282,0.9828475950669293
cosmx_bcc_spot_0000026212,-473979.11466757493,69985.69304597839,0.984491179531772
cosmx_bcc_spot_0000026213,-473960.3785933044,70325.19967727814,0.9314240515837382
cosmx_bcc_spot_0000026214,-474006.82731125306,70731.6022413807,0.9123752567744821
cosmx_bcc_spot_0000026215,-473969.25259860937,71037.58959770254,0.7300317100426787
cosmx_bcc_spot_0000026216,-473934.6875263068,71443.03342417639,0.8122666171750901
cosmx_bcc_spot_0000026217,-473981.80432274734,71761.34821839219,0.8645171454303026
cosmx_bcc_spot_0000026218,-473963.6368350629,72043.9689080474,0.7269492953747105
cosmx_bcc_spot_0000026219,-473989.89220158226,72505.83780012462,0.903378815307259
cosmx_bcc_spot_0000026220,-473974.95085431164,72882.71352602473,0.955094400780885
cosmx_bcc_spot_0000026221,-473972.45886824897,73228.76160964843,0.9999141133950212
cosmx_bcc_spot_0000026222,-473971.6124396776,73589.21428821987,0.9851206642205768
cosmx_bcc_spot_0000026223,-474000.1003429034,73917.73948983278,0.83588134029708
cosmx_bcc_spot_0000026224,-473990.7731539637,74225.6473239342,0.2832224627171411
cosmx_bcc_spot_0000026225,-473981.4286161486,74679.93303821991,0.006660494000911687
cosmx_bcc_spot_0000026226,-474072.59855078906,75003.04414933102,1.3071481740093371e-08
cosmx_bcc_spot_0000026227,-473944.287439678,75446.3330382199,0.001708570500706061
cosmx_bcc_spot_0000026229,-473926.8207730113,76020.43303821991,1.505350587694691e-07
cosmx_bcc_spot_0000026599,-473670.3409072875,63832.50433659519,0.11335599038356545
cosmx_bcc_spot_0000026600,-473650.36312950915,64190.5932254841,0.7142287012920822
cosmx_bcc_spot_0000026601,-473653.16947871586,64476.17100326187,0.633339320211468
cosmx_bcc_spot_0000026602,-473633.96312950965,64904.11544770631,0.6374774043733701
cosmx_bcc_spot_0000026603,-473601.9984830445,65271.72403356491,0.9801804919819808
cosmx_bcc_spot_0000026604,-473626.7779443242,65638.31915141002,0.9413082385259398
cosmx_bcc_spot_0000026605,-473643.35995490634,65952.36147945235,0.9338158707405135
cosmx_bcc_spot_0000026606,-473620.0742406208,66297.61544770628,0.0686411356448935
cosmx_bcc_spot_0000026607,-473618.43698571844,66723.22002286972,0.9614321291695483
cosmx_bcc_spot_0000026608,-473607.72007395374,67063.58766992854,0.979499556587474
cosmx_bcc_spot_0000026609,-473604.0291955753,67437.40523749612,0.9813634327919277
cosmx_bcc_spot_0000026610,-473575.1994599514,67758.27561550846,0.9578131697691129
cosmx_bcc_spot_0000026611,-473561.40702139813,68127.79499500389,0.699486192664453
cosmx_bcc_spot_0000026612,-473649.99397792004,68458.0939080474,0.05141841053702316
cosmx_bcc_spot_0000026613,-473621.6303415563,68931.1507262292,0.7319298021939012
cosmx_bcc_spot_0000026614,-473612.1011207769,69255.68319376165,0.9339741871046087
cosmx_bcc_spot_0000026615,-473599.57731125294,69607.10779693624,0.9722532324333343
cosmx_bcc_spot_0000026616,-473611.6151900409,69983.45375653221,0.9987771329945376
cosmx_bcc_spot_0000026617,-473655.66639171285,70344.76201149564,0.9651156893739995
cosmx_bcc_spot_0000026618,-473591.4426958683,70710.48172856017,0.9999502463199493
cosmx_bcc_spot_0000026619,-473607.8064779201,71026.7814080474,0.4724797713884052
cosmx_bcc_spot_0000026620,-473602.0356445865,71426.84390804738,0.566068134862833
cosmx_bcc_spot_0000026621,-473625.49397792,71769.12680278423,0.5717465573239685
cosmx_bcc_spot_0000026622,-473647.3681606398,72096.21442431897,0.13475235636264093
cosmx_bcc_spot_0000026624,-473704.0429952335,72901.76637155324,0.9403981506691784
cosmx_bcc_spot_0000026625,-473716.1541063447,73184.99970488659,0.9981549209547351
cosmx_bcc_spot_0000026626,-473730.48743967793,73535.48859377547,0.8525684864458764
cosmx_bcc_spot_0000026627,-473693.1541063446,73883.43303821991,0.005633125822034057
cosmx_bcc_spot_0000027003,-473249.20757395413,63822.23766992853,0.248833481904437
cosmx_bcc_spot_0000027004,-473219.0647168108,64184.43766992854,0.8087137586898099
cosmx_bcc_spot_0000027005,-473207.3469678931,64527.32251841339,0.8970529622183441
cosmx_bcc_spot_0000027006,-473243.3730911952,64878.56180785958,0.8861414105384727
cosmx_bcc_spot_0000027007,-473299.592759139,65274.98581807669,0.6805869734810396
cosmx_bcc_spot_0000027008,-473256.80757395417,65599.9043365952,0.5659162467739945
cosmx_bcc_spot_0000027009,-473223.7554000409,66039.70723514594,0.8280091527577425
cosmx_bcc_spot_0000027010,-473232.03720358346,66341.65248474336,0.9120735814377621
cosmx_bcc_spot_0000027011,-473238.46818001434,66741.29221538309,0.9586294265976611
cosmx_bcc_spot_0000027012,-473256.45885600493,67072.91459300547,0.9451272628756456
cosmx_bcc_spot_0000027013,-473255.6768047231,67402.876131467,0.908412403357299
cosmx_bcc_spot_0000027014,-473267.328793757,67819.29123909405,0.8859407024813779
cosmx_bcc_spot_0000027015,-473225.90138532716,68123.15409323254,0.8862648801743869
cosmx_bcc_spot_0000027016,-473292.99397792,68506.13557471408,6.18072564467824e-05
cosmx_bcc_spot_0000027017,-473233.7439779201,68945.7814080474,0.2823436877800945
cosmx_bcc_spot_0000027018,-473259.2023112532,69260.1772413807,0.8845111616561495
cosmx_bcc_spot_0000027019,-473242.7127279197,69611.56265804736,0.9951885786345274
cosmx_bcc_spot_0000027020,-473254.6502279197,69981.31265804736,0.997260012778269
cosmx_bcc_spot_0000027021,-473262.9314779197,70339.53140804736,0.998350578470058
cosmx_bcc_spot_0000027022,-473238.3785933044,70692.08429266275,0.9985365506813476
cosmx_bcc_spot_0000027023,-473216.7439779197,71049.50015804736,0.8493880596573816
cosmx_bcc_spot_0000027024,-473226.7247471504,71435.09711317555,0.9972702636021762
cosmx_bcc_spot_0000027025,-473221.0394324651,71792.4234535019,0.9840352995226386
cosmx_bcc_spot_0000027026,-473244.11897791986,72064.96890804738,0.9186252481746268
cosmx_bcc_spot_0000027407,-472876.40757395414,63820.201306292154,0.09310876407173745
cosmx_bcc_spot_0000027408,-472951.1853517316,64186.133966224836,0.746560433045916
cosmx_bcc_spot_0000027409,-472885.69328823936,64531.05195564283,0.9722604587289592
cosmx_bcc_spot_0000027410,-472893.1651497113,64887.62554871642,0.9419235688318387
cosmx_bcc_spot_0000027411,-472838.85757395404,65269.13766992853,0.9168673204692432
cosmx_bcc_spot_0000027412,-472855.5439375903,65585.51948811035,0.6090784606949624
cosmx_bcc_spot_0000027413,-472865.9409072871,66032.8043365952,0.969444930237649
cosmx_bcc_spot_0000027414,-472905.9833315295,66339.44373053461,0.9571016948833166
cosmx_bcc_spot_0000027415,-472891.09988164593,66724.8120289029,0.9658350591250372
cosmx_bcc_spot_0000027416,-472888.3797961759,67058.532114373,0.9728304133378365
cosmx_bcc_spot_0000027417,-472896.84347138955,67431.6838237747,0.9339781600126458
cosmx_bcc_spot_0000027418,-472892.20757395413,67715.73766992851,0.9300205181251915
cosmx_bcc_spot_0000027419,-472886.4939779201,68143.9689080474,0.04084784645954732
cosmx_bcc_spot_0000027420,-472949.2082636343,68506.6831937617,6.228957143268734e-05
cosmx_bcc_spot_0000027421,-472866.8097673937,68906.23206594212,1.2630273419608349e-15
cosmx_bcc_spot_0000027422,-472860.41705484287,69266.96890804736,0.6749927429178497
cosmx_bcc_spot_0000027423,-472850.44397792,69608.81890804738,0.720304072029008
cosmx_bcc_spot_0000027424,-472922.3649456616,69973.4527790151,0.9563774816261205
cosmx_bcc_spot_0000027425,-472893.5356445865,70314.88557471403,0.8529089124141959
cosmx_bcc_spot_0000027426,-472892.41705484287,70700.6227542012,0.9624762202274881
cosmx_bcc_spot_0000027427,-472913.5584940487,71052.54955320865,0.9391886317260907
cosmx_bcc_spot_0000027428,-472906.64212606795,71425.67261175107,0.825293706197788
cosmx_bcc_spot_0000027429,-472881.77969220566,71830.39747947596,0.6492244243120942
cosmx_bcc_spot_0000027430,-472817.7796922058,72076.39747947599,0.80863805963493
cosmx_bcc_spot_0000027813,-472667.9075739541,64572.5876699285,0.9323152068146918
cosmx_bcc_spot_0000027814,-472665.83614538267,64856.55195564278,0.9464310610658737
cosmx_bcc_spot_0000027815,-472657.40757395414,65245.928579019426,0.9637574769824745
cosmx_bcc_spot_0000027816,-472659.0325739541,65593.0876699285,0.9663835831678471
cosmx_bcc_spot_0000027817,-472665.56142010796,66011.83766992853,0.9734464785111118
cosmx_bcc_spot_0000027818,-472662.1575739541,66353.7126699285,0.7751620967630141
cosmx_bcc_spot_0000027819,-472673.1853517319,66764.94878103962,0.9427229156315337
cosmx_bcc_spot_0000027820,-472666.4075739541,67039.39322548406,0.9792108744761121
cosmx_bcc_spot_0000027821,-472673.5325739541,67436.0876699285,0.9761610635749903
cosmx_bcc_spot_0000027822,-472671.0742406207,67716.8376699285,0.6614777039968291
cosmx_bcc_spot_0000027823,-472521.7339779198,68160.68890804736,2.53537689830486e-08
cosmx_bcc_spot_0000027824,-472545.99397792004,68467.9689080474,4.5315510790512916e-08
cosmx_bcc_spot_0000027825,-472549.3360831832,68919.70575015266,0.49826261572859515
cosmx_bcc_spot_0000027826,-472542.1998602726,69235.96890804736,0.9486819699339978
cosmx_bcc_spot_0000027827,-472553.87328826456,69616.83097701288,0.9789719334105472
cosmx_bcc_spot_0000027828,-472517.13034155604,69978.02951410797,0.9999999999892103
cosmx_bcc_spot_0000027829,-472544.4939779201,70280.26302569445,0.8867859560263166
cosmx_bcc_spot_0000027830,-472542.8273112534,70702.13557471408,0.014017524957801902
cosmx_bcc_spot_0000027831,-472553.73082002485,71097.2320659421,0.9891597398855319
cosmx_bcc_spot_0000027832,-472542.09397791995,71359.16890804739,0.999948183918479
cosmx_bcc_spot_0000027833,-472569.0865705124,71779.04298212143,0.9999979341119125
cosmx_bcc_spot_0000027834,-472584.8273112534,72069.9689080474,0.7710699788642217
cosmx_bcc_spot_0000028227,-472143.1781884463,68116.23206594212,0.6591826950024632
cosmx_bcc_spot_0000028228,-472158.5773112534,68557.38557471408,0.027574521775042174
cosmx_bcc_spot_0000028229,-472205.99397792004,68938.3439080474,0.6197224165057522
cosmx_bcc_spot_0000028230,-472188.4333718591,69264.60527168373,0.9175343892086242
cosmx_bcc_spot_0000028231,-472155.0091294348,69605.72648380493,0.9999998923810073
cosmx_bcc_spot_0000028232,-472231.074623081,69943.77535966027,0.9999999993934915
cosmx_bcc_spot_0000028233,-472152.7439779201,70364.4064080474,0.5379884642332521
cosmx_bcc_spot_0000028234,-472160.3939779197,70706.53557471403,0.9968522750845543
cosmx_bcc_spot_0000028235,-472157.1037340171,71063.4811031693,0.9578400383240898
cosmx_bcc_spot_0000028236,-472137.6139779198,71381.76890804736,0.8794909182734519
cosmx_bcc_spot_0000028237,-472177.19397792005,71753.76890804741,0.5593136340873391
cosmx_bcc_spot_0000028238,-472193.49397792,72018.56890804741,1.936760089510324e-15
cosmx_bcc_spot_0000028631,-471818.34397791995,68086.06890804738,0.8253629581386553
cosmx_bcc_spot_0000028632,-471872.29397791997,68496.1689080474,0.0032628334123308966
cosmx_bcc_spot_0000028633,-471835.13034155645,68876.05981713832,0.001134161120164379
cosmx_bcc_spot_0000028634,-471864.22125064733,69258.33254441105,1.8231867094464403e-15
cosmx_bcc_spot_0000028635,-471790.0233896848,69574.73361392975,0.8971133560258179
cosmx_bcc_spot_0000028636,-471748.99397792,69904.30224138075,1.890638080099642e-15
cosmx_bcc_spot_0000028637,-471817.77969220566,70354.20700328548,0.6497114944205864
cosmx_bcc_spot_0000028638,-471843.4199038457,70710.56150063996,0.9935381318170119
cosmx_bcc_spot_0000028639,-471848.3087927346,71044.45038952885,0.893049598168662
cosmx_bcc_spot_0000028640,-471838.2796922055,71401.89747947593,0.9577956513697051
cosmx_bcc_spot_0000028641,-471800.0773112534,71759.80224138075,0.645306685103183
cosmx_bcc_spot_0000028642,-471793.27175569785,72054.8577969363,0.013485606156020234
cosmx_bcc_spot_0000029035,-471513.89397791994,68204.56890804741,1.9389495717999378e-15
cosmx_bcc_spot_0000029036,-471402.06540649146,68518.39747947599,0.0002557972226442745
cosmx_bcc_spot_0000029037,-471355.6368350629,68844.39747947599,1.9325615164684816e-15
cosmx_bcc_spot_0000029038,-471428.61897792004,69390.0939080474,0.999719098038239
cosmx_bcc_spot_0000029039,-471475.90861206595,69593.04207877905,0.962961359871064
cosmx_bcc_spot_0000029040,-471431.86897792004,69986.8439080474,0.3348697986372362
cosmx_bcc_spot_0000029041,-471417.49397791974,70345.62408046116,0.9696575222822794
cosmx_bcc_spot_0000029042,-471428.0495334752,70714.35779693624,0.9999846068220265
cosmx_bcc_spot_0000029043,-471436.53397791984,71011.76890804736,0.9387211490688178
cosmx_bcc_spot_0000029044,-471423.52029370907,71408.67943436315,0.9999994478309702
cosmx_bcc_spot_0000029045,-471459.6800244312,71764.66658246596,0.999194110030951
cosmx_bcc_spot_0000029441,-471159.29397791997,68825.56890804741,0.023630831141398464
cosmx_bcc_spot_0000029444,-471174.13034155645,70009.8779989565,0.5511062140822645
cosmx_bcc_spot_0000029445,-471159.67044850835,70358.32184922387,0.9999952633204794
cosmx_bcc_spot_0000029446,-471170.54660949897,70707.60048699476,0.9993545952890341
cosmx_bcc_spot_0000029447,-471194.69397792005,70973.9689080474,0.9999999712771727
cosmx_bcc_spot_0000029448,-471216.7439779201,71456.9689080474,0.7948571944906656
cosmx_bcc_spot_0000029449,-471161.7796922057,71722.11176519028,6.323820486145599e-08
cosmx_bcc_spot_0000040460,-460938.4128423481,-37205.29872404621,0.8204579090425475
cosmx_bcc_spot_0000040461,-460911.0996844534,-36854.111881940946,0.4983744795703525
cosmx_bcc_spot_0000040462,-460907.64284234797,-36536.52872404622,0.7518535678967312
cosmx_bcc_spot_0000040463,-460914.505699491,-36093.49158118905,0.6837639900661305
cosmx_bcc_spot_0000040464,-460935.19042855484,-35787.50389646002,0.9721757942236529
cosmx_bcc_spot_0000040465,-460954.3628423481,-35429.3487240462,0.39803245538616866
cosmx_bcc_spot_0000040466,-460972.7157835247,-35065.55460639914,0.8168801842067536
cosmx_bcc_spot_0000040467,-460930.43427091936,-34693.27729547479,0.9297111549056664
cosmx_bcc_spot_0000040468,-460903.91839790373,-34324.070946268424,0.8597366996958721
cosmx_bcc_spot_0000040469,-460890.52950901486,-33989.79316849065,0.9987348624548833
cosmx_bcc_spot_0000040470,-460861.9878423482,-33668.0987240462,0.9758796748181687
cosmx_bcc_spot_0000040471,-460880.2517312369,-33377.51539071286,0.9311356624086654
cosmx_bcc_spot_0000040864,-460576.13207311736,-37218.46410866158,0.6255487650880065
cosmx_bcc_spot_0000040865,-460561.46810550604,-36889.059250362,0.9359242694935956
cosmx_bcc_spot_0000040866,-460567.2758858263,-36514.54437622013,0.8229557739680158
cosmx_bcc_spot_0000040867,-460568.4104613957,-36165.039200236686,0.856029830197646
cosmx_bcc_spot_0000040868,-460596.63870441687,-35773.60734473588,0.8815094602533222
cosmx_bcc_spot_0000040869,-460542.0446605299,-35428.6669058644,0.8657121907806068
cosmx_bcc_spot_0000040870,-460540.78389497974,-35042.90135562515,0.8377244167328995
cosmx_bcc_spot_0000040871,-460573.94904924446,-34677.29699990829,0.9440324962355771
cosmx_bcc_spot_0000040872,-460546.8628423479,-34337.182057379556,0.9269735346761553
cosmx_bcc_spot_0000040873,-460636.74745773274,-33958.694877892354,0.9357258141850634
cosmx_bcc_spot_0000040874,-460586.282842348,-33598.48872404622,0.9429319493795482
cosmx_bcc_spot_0000040875,-460584.29617568146,-33327.8487240462,0.7056649480741086
cosmx_bcc_spot_0000040897,-460452.1780934513,-25314.680542868664,0.9999999999999638
cosmx_bcc_spot_0000040899,-460511.05904583225,-24453.87101905914,0.17303615117377733
cosmx_bcc_spot_0000040900,-460504.344760118,-24192.930542868664,0.9948872590950346
cosmx_bcc_spot_0000040901,-460483.2614267846,-23858.180542868664,0.9999999919084553
cosmx_bcc_spot_0000040902,-460515.782260118,-23440.951376201996,0.9799330193644895
cosmx_bcc_spot_0000040903,-460495.66294193617,-23121.332058020176,0.9991100777966611
cosmx_bcc_spot_0000040904,-460507.469760118,-22804.763876201996,0.8876914422989195
cosmx_bcc_spot_0000041267,-460246.69617568137,-37443.01539071286,0.9401929006099421
cosmx_bcc_spot_0000041268,-460201.6545090147,-37227.140390712884,0.8389235603378756
cosmx_bcc_spot_0000041269,-460236.8940923479,-36874.00497404623,0.8813064501084469
cosmx_bcc_spot_0000041270,-460243.7264787117,-36509.71236040985,0.942077202189199
cosmx_bcc_spot_0000041271,-460212.8845814785,-36176.32698491578,0.7237681884780649
cosmx_bcc_spot_0000041272,-460242.9878423482,-35783.4737240462,0.8882340962031537
cosmx_bcc_spot_0000041273,-460245.7746070541,-35419.43695934032,0.9484521823553711
cosmx_bcc_spot_0000041274,-460230.60093758616,-35047.086819284305,0.6090615725862988
cosmx_bcc_spot_0000041275,-460237.602842348,-34673.88872404622,0.8648329919353264
cosmx_bcc_spot_0000041276,-460194.2517312369,-34351.700575898074,0.9220160514772434
cosmx_bcc_spot_0000041277,-460208.2517312369,-33985.700575898074,0.8624481028765191
cosmx_bcc_spot_0000041278,-460184.2049476113,-33594.32240825673,0.8451770318974549
cosmx_bcc_spot_0000041279,-460198.3628423482,-33314.7237240462,0.9961995464477534
cosmx_bcc_spot_0000041299,-460192.144760118,-25992.453876202006,0.9999996351120728
cosmx_bcc_spot_0000041300,-460239.532260118,-25672.201376201996,0.9357353738979436
cosmx_bcc_spot_0000041301,-460268.5621514223,-25363.97039794113,0.9999999999999818
cosmx_bcc_spot_0000041302,-460104.5114267846,-24864.34720953533,0.1961446020088846
cosmx_bcc_spot_0000041303,-460181.27809345134,-24564.347209535328,0.6047088275284322
cosmx_bcc_spot_0000041304,-460226.8902146634,-24177.559330747452,0.3565571585776608
cosmx_bcc_spot_0000041305,-460198.719760118,-23844.513876201996,0.66578072276892
cosmx_bcc_spot_0000041306,-460199.20190297515,-23423.44244763057,0.6973540225314268
cosmx_bcc_spot_0000041307,-460250.24476011796,-23098.163876201994,0.7334115285601236
cosmx_bcc_spot_0000041308,-460225.844760118,-22861.180542868664,0.712648022530977
cosmx_bcc_spot_0000041672,-459845.8845814785,-37254.63133274187,0.8343545059567199
cosmx_bcc_spot_0000041673,-459886.0166885018,-36887.07949327699,0.9820489647591981
cosmx_bcc_spot_0000041674,-459838.6485566338,-36512.89634309383,0.8484678426655912
cosmx_bcc_spot_0000041675,-459833.882842348,-36129.16872404622,0.8196952151608736
cosmx_bcc_spot_0000041676,-459857.9342709193,-35753.420152617655,0.9139170647439578
cosmx_bcc_spot_0000041677,-459863.18637176,-35460.73107698738,0.8023379152512888
cosmx_bcc_spot_0000041678,-459883.0961756815,-35041.915390712864,0.4893483801144404
cosmx_bcc_spot_0000041679,-459865.59011507535,-34712.84872404621,0.8302507307028206
cosmx_bcc_spot_0000041680,-459863.0056994908,-34329.99158118908,0.8726835675785497
cosmx_bcc_spot_0000041681,-459864.1355696208,-33982.98508768258,0.9871612323579865
cosmx_bcc_spot_0000041682,-459869.1275482305,-33635.55460639914,0.9059822318157779
cosmx_bcc_spot_0000041683,-459856.42166587757,-33332.08401816385,0.8061557570885685
cosmx_bcc_spot_0000041703,-459863.2538510271,-26000.25630044444,0.9999961256561882
cosmx_bcc_spot_0000041705,-459770.28920456243,-25222.45832064644,0.9785018562268941
cosmx_bcc_spot_0000041706,-459851.469760118,-24921.513876201996,0.2321909733798126
cosmx_bcc_spot_0000041707,-459911.282260118,-24596.388876201996,0.8108565162235466
cosmx_bcc_spot_0000041708,-459834.4161886894,-24135.085304773424,0.7435032946743826
cosmx_bcc_spot_0000041709,-459840.69476011797,-23837.363876201995,0.9647876475204956
cosmx_bcc_spot_0000041710,-459831.98112375435,-23457.332058020176,0.9578423717532745
cosmx_bcc_spot_0000041711,-459837.25385102705,-23153.195694383812,0.8590651211117121
cosmx_bcc_spot_0000042075,-459520.562842348,-37438.6487240462,0.8658053036577408
cosmx_bcc_spot_0000042076,-459492.96284234815,-37239.09872404621,0.8084478895126472
cosmx_bcc_spot_0000042077,-459477.05249752034,-36872.12458611519,0.8063477493381795
cosmx_bcc_spot_0000042078,-459532.60093758616,-36536.46777166526,0.9283015824530435
cosmx_bcc_spot_0000042079,-459484.2049476113,-36169.63819773042,0.7965384034028957
cosmx_bcc_spot_0000042080,-459451.43976542505,-35771.694877892354,0.6518252847743335
cosmx_bcc_spot_0000042081,-459474.2049476113,-35429.79609246726,0.9013895228744179
cosmx_bcc_spot_0000042082,-459434.612842348,-35097.2237240462,0.08988228746457629
cosmx_bcc_spot_0000042083,-459519.5850645702,-34719.51539071286,0.5990385610465614
cosmx_bcc_spot_0000042084,-459445.5850645704,-34345.51539071287,0.7312204186931476
cosmx_bcc_spot_0000042085,-459471.26284234814,-33960.49872404621,0.6793964269028662
cosmx_bcc_spot_0000042086,-459405.2451952894,-33632.96637110502,0.7916468184233625
cosmx_bcc_spot_0000042087,-459430.36284234805,-33333.30326950074,0.6633793361758029
cosmx_bcc_spot_0000042109,-459525.2495220227,-25265.68054286866,0.9687631928043878
cosmx_bcc_spot_0000042110,-459492.56698234024,-24921.791653979773,0.558902711459713
cosmx_bcc_spot_0000042111,-459511.0370678103,-24577.783106971227,0.5352034541117027
cosmx_bcc_spot_0000042112,-459419.8741718827,-24192.07269973141,0.9463917257925414
cosmx_bcc_spot_0000042113,-459505.9161886894,-23818.87101905914,0.7469084780720285
cosmx_bcc_spot_0000042114,-459490.4558712291,-23456.06943175755,0.9995867850292625
cosmx_bcc_spot_0000042115,-459469.7658127495,-23130.434928833576,0.9958636066153805
cosmx_bcc_spot_0000042116,-459483.4558712291,-22760.624987313106,0.9999995705651094
cosmx_bcc_spot_0000042117,-459392.48761726083,-22497.013876201996,0.9342334874386802
cosmx_bcc_spot_0000042479,-459145.50569949084,-37438.56300976048,0.9275268791648794
cosmx_bcc_spot_0000042480,-459114.842842348,-37226.80872404622,0.9269091225276975
cosmx_bcc_spot_0000042481,-459132.19617568125,-36854.98205737956,0.8812712094563298
cosmx_bcc_spot_0000042482,-459138.02950901486,-36512.348724046205,0.9291813468205293
cosmx_bcc_spot_0000042483,-459149.8985566337,-36152.06300976051,0.9951009777261033
cosmx_bcc_spot_0000042484,-459165.3173878026,-35772.98508768258,0.902507483882391
cosmx_bcc_spot_0000042485,-459117.322842348,-35429.80872404622,0.6776089628757697
cosmx_bcc_spot_0000042486,-459121.362842348,-35063.84872404622,0.3865879894052411
cosmx_bcc_spot_0000042487,-459099.4253423482,-34673.0987240462,0.38977520351135425
cosmx_bcc_spot_0000042488,-459090.07712806243,-34298.420152617626,0.6152895227233646
cosmx_bcc_spot_0000042489,-459109.82117568137,-33975.84872404622,0.9690884478464368
cosmx_bcc_spot_0000042490,-459145.722842348,-33608.008724046216,0.999965507275237
cosmx_bcc_spot_0000042491,-459147.91839790373,-33329.01539071287,0.9739935586329337
cosmx_bcc_spot_0000042510,-459019.344760118,-26242.263876201996,0.8200099530743625
cosmx_bcc_spot_0000042511,-459101.844760118,-25977.377512565636,0.8771950784068091
cosmx_bcc_spot_0000042512,-459089.49476011796,-25709.113876201995,0.858071135077073
cosmx_bcc_spot_0000042513,-459075.7565248239,-25253.719758554937,0.8835718394166219
cosmx_bcc_spot_0000042514,-459094.1139908872,-25019.783106971227,0.9251958246482025
cosmx_bcc_spot_0000042515,-459115.532260118,-24563.513876201996,0.9956733936929271
cosmx_bcc_spot_0000042516,-459134.6780934513,-24173.25197144009,0.881506360186075
cosmx_bcc_spot_0000042517,-459099.844760118,-23829.09720953533,0.9588046753659262
cosmx_bcc_spot_0000042518,-459151.8902146634,-23467.741148929268,0.9434289877181398
cosmx_bcc_spot_0000042519,-459131.7733315466,-23089.37101905914,0.9776771091734463
cosmx_bcc_spot_0000042520,-459117.894760118,-22734.463876201997,0.8760606629802036
cosmx_bcc_spot_0000042521,-459106.344760118,-22476.585304773424,0.9177853974702718
cosmx_bcc_spot_0000042884,-458779.3258053109,-37234.700575898074,0.9937363093706373
cosmx_bcc_spot_0000042885,-458777.26760425285,-36858.18205737955,0.9934499565355056
cosmx_bcc_spot_0000042886,-458793.2199852052,-36508.84872404621,0.8477601758763688
cosmx_bcc_spot_0000042887,-458785.4295090148,-36160.048724046195,0.8861030442931175
cosmx_bcc_spot_0000042888,-458725.8173878026,-35798.03054222803,0.5458525707441622
cosmx_bcc_spot_0000042889,-458778.4992059844,-35353.6669058644,0.6696148863357142
cosmx_bcc_spot_0000042890,-458773.3628423479,-35059.18205737956,0.7989074180684708
cosmx_bcc_spot_0000042891,-458754.3628423482,-34704.90427960176,0.7663178538905069
cosmx_bcc_spot_0000042892,-458749.9739534593,-34327.070946268424,0.7477563927578674
cosmx_bcc_spot_0000042893,-458819.7914137767,-34014.3487240462,0.8600465157061591
cosmx_bcc_spot_0000042894,-458820.7746070541,-33591.3193122815,0.8680071647307404
cosmx_bcc_spot_0000042895,-458773.4739534591,-33303.73761293509,0.8031585383064143
cosmx_bcc_spot_0000042913,-458705.0114267846,-26602.84720953533,0.6544716197219503
cosmx_bcc_spot_0000042914,-458751.344760118,-26354.763876202018,0.9997894328840231
cosmx_bcc_spot_0000042915,-458754.85827363154,-26017.013876202018,0.9981829584806117
cosmx_bcc_spot_0000042916,-458790.66054959164,-25659.803349886206,0.7789784520066806
cosmx_bcc_spot_0000042917,-458772.79476011795,-25276.363876201995,0.7384866702599103
cosmx_bcc_spot_0000042918,-458751.963807737,-24930.013876201996,0.9535382499717563
cosmx_bcc_spot_0000042919,-458780.74476011796,-24539.573876202005,0.9999999971612961
cosmx_bcc_spot_0000042920,-458753.0114267846,-24224.722209535335,0.8471911968861866
cosmx_bcc_spot_0000042921,-458766.2578035962,-23836.448658810692,0.9918658360359481
cosmx_bcc_spot_0000042922,-458738.0114267846,-23482.061495249614,0.9934767370761188
cosmx_bcc_spot_0000042923,-458778.18476011796,-23099.373876202,0.930007395061511
cosmx_bcc_spot_0000042924,-458826.48761726083,-22742.871019059137,0.9763354894957694
cosmx_bcc_spot_0000042925,-458700.0114267847,-22494.23609842422,0.8139811619249973
cosmx_bcc_spot_0000043288,-458399.1545090147,-37239.84872404622,0.9351373032372173
cosmx_bcc_spot_0000043289,-458403.162842348,-36863.80872404622,0.9380019359397421
cosmx_bcc_spot_0000043290,-458380.8243808095,-36498.117954815454,0.8911105480684832
cosmx_bcc_spot_0000043291,-458409.71284234815,-36103.64872404621,0.7443964648011215
cosmx_bcc_spot_0000043292,-458405.70766993414,-35827.12458611519,0.7583823577474024
cosmx_bcc_spot_0000043293,-458394.122842348,-35381.04872404622,0.6297202660499485
cosmx_bcc_spot_0000043294,-458402.45961654146,-35063.46162727203,0.8130038790111208
cosmx_bcc_spot_0000043295,-458381.2324075654,-34688.240028394044,0.8128982960546492
cosmx_bcc_spot_0000043296,-458406.453751439,-34335.80326950076,0.7423208183202096
cosmx_bcc_spot_0000043297,-458408.6260002429,-33949.00661878305,0.81949548442228
cosmx_bcc_spot_0000043298,-458385.9397654249,-33629.23333943084,0.7534491637560525
cosmx_bcc_spot_0000043299,-458461.362842348,-33341.182057379534,0.4871775894840219
cosmx_bcc_spot_0000043318,-458409.5621514223,-26355.100832723743,0.9961901525931383
cosmx_bcc_spot_0000043319,-458437.86476011795,-26002.493876202003,0.9595816883434964
cosmx_bcc_spot_0000043320,-458367.30128185713,-25643.013876202,0.9793029308605598
cosmx_bcc_spot_0000043321,-458401.15428392746,-25269.061495249614,0.9456178956744439
cosmx_bcc_spot_0000043322,-458399.6364267846,-24936.472209535335,0.9723153163932816
cosmx_bcc_spot_0000043323,-458408.594760118,-24598.326376201996,0.9804071765978544
cosmx_bcc_spot_0000043324,-458400.21432533534,-24159.10083272374,0.9395411382108828
cosmx_bcc_spot_0000043325,-458390.8902146634,-23808.46842165654,0.9955649782017703
cosmx_bcc_spot_0000043326,-458403.34476011794,-23484.163876201994,0.7967413103805864
cosmx_bcc_spot_0000043327,-458402.0530934513,-23130.388876201996,0.9168788700303432
cosmx_bcc_spot_0000043328,-458418.469760118,-22738.055542868664,0.8506503725989373
cosmx_bcc_spot_0000043329,-458419.23364900687,-22493.902765090883,0.9927061360042759
cosmx_bcc_spot_0000043691,-458021.5295090147,-37440.182057379534,0.8960992135390576
cosmx_bcc_spot_0000043692,-458001.36284234794,-37221.84872404622,0.9361390715625765
cosmx_bcc_spot_0000043693,-458038.49617568124,-36880.91539071289,0.9354204063550964
cosmx_bcc_spot_0000043694,-458025.8789713801,-36505.5906595301,0.9934449429125954
cosmx_bcc_spot_0000043695,-458045.49327713065,-36170.240028394044,0.7118930696205111
cosmx_bcc_spot_0000043696,-458074.3628423482,-35794.9737240462,0.8102974125208011
cosmx_bcc_spot_0000043697,-458076.89225411287,-35428.378135810904,0.4722467135241446
cosmx_bcc_spot_0000043698,-458083.005699491,-35059.8487240462,0.6770300987105965
cosmx_bcc_spot_0000043699,-458039.7914137765,-34673.52729547479,0.7338770188218763
cosmx_bcc_spot_0000043700,-458076.6961756814,-34367.37253357002,0.6935083252338945
cosmx_bcc_spot_0000043701,-458047.242842348,-33974.88872404622,0.8510618933317279
cosmx_bcc_spot_0000043702,-457992.7199852053,-33688.420152617626,0.7610809919653067
cosmx_bcc_spot_0000043703,-457936.36284234805,-33319.4487240462,0.40801849937892853
cosmx_bcc_spot_0000043722,-457990.24476011796,-26314.413876201997,0.6887550198016191
cosmx_bcc_spot_0000043723,-458036.45002327586,-25954.382297254626,0.9052361244431567
cosmx_bcc_spot_0000043724,-458047.501010118,-25645.576376202014,0.9999960890423673
cosmx_bcc_spot_0000043725,-458029.9280934513,-25288.138876202003,0.9985775623259068
cosmx_bcc_spot_0000043726,-458080.2394969601,-24899.277034096733,0.944385995687459
cosmx_bcc_spot_0000043727,-458078.782260118,-24594.826376201996,0.7490788829150858
cosmx_bcc_spot_0000043728,-458019.58005423564,-24159.131523260818,0.8642583519064759
cosmx_bcc_spot_0000043729,-458045.25385102705,-23869.695694383816,0.9449680295222944
cosmx_bcc_spot_0000043730,-458020.98112375435,-23470.832058020176,0.17153794928524854
cosmx_bcc_spot_0000043731,-458026.264760118,-23097.373876202,0.6037677563505401
cosmx_bcc_spot_0000043732,-458037.344760118,-22746.933876201998,0.8719939256744743
cosmx_bcc_spot_0000043733,-458079.219760118,-22492.638876201996,0.9982417724858879
cosmx_bcc_spot_0000044095,-457663.14062012575,-37442.95983515731,0.8735375203091758
cosmx_bcc_spot_0000044096,-457673.3628423478,-37241.62145131896,0.9637263617464761
cosmx_bcc_spot_0000044097,-457678.84671331564,-36875.71969178816,0.9114171750642068
cosmx_bcc_spot_0000044098,-457701.4580804433,-36511.94396214145,0.7194658444631785
cosmx_bcc_spot_0000044099,-457657.44617568137,-36141.22372404622,0.7108252034183075
cosmx_bcc_spot_0000044100,-457638.3628423481,-35806.039200236686,0.8254886288868571
cosmx_bcc_spot_0000044101,-457678.18637176,-35437.378135810904,0.6811896562391856
cosmx_bcc_spot_0000044102,-457657.3128423481,-35058.39872404621,0.6456476417544451
cosmx_bcc_spot_0000044103,-457717.2089961943,-34674.694877892354,0.5078657520528723
cosmx_bcc_spot_0000044104,-457655.9253423482,-34335.9737240462,0.4993309433980813
cosmx_bcc_spot_0000044105,-457689.83903282427,-33986.3249145224,0.7647958372887713
cosmx_bcc_spot_0000044106,-457740.0295090147,-33618.682057379534,0.37159970059715325
cosmx_bcc_spot_0000044107,-457754.46284234803,-33312.4487240462,0.8182390362542066
cosmx_bcc_spot_0000044126,-457681.0370678103,-26359.167722355844,0.9690891863555429
cosmx_bcc_spot_0000044127,-457668.7131811706,-26011.592823570416,0.9721603931378988
cosmx_bcc_spot_0000044128,-457655.2394969601,-25651.75071830726,0.9277596850605925
cosmx_bcc_spot_0000044129,-457672.54476011795,-25280.113876201995,0.9198473430696961
cosmx_bcc_spot_0000044130,-457654.54476011795,-24987.113876201995,0.7526364522110908
cosmx_bcc_spot_0000044131,-457654.30128185713,-24561.579093593304,0.9752061229319712
cosmx_bcc_spot_0000044132,-457654.844760118,-24146.94244763057,0.6759127047012444
cosmx_bcc_spot_0000044133,-457680.844760118,-23801.436953125078,0.9069199933069174
cosmx_bcc_spot_0000044134,-457675.9763390653,-23530.645455149363,0.7106254474842802
cosmx_bcc_spot_0000044135,-457694.3973916969,-23062.698086728313,0.8879318480730667
cosmx_bcc_spot_0000044136,-457681.7293755026,-22772.24464543277,0.9945005904399029
cosmx_bcc_spot_0000044137,-457654.6304744037,-22471.656733344855,0.7804242866254353
cosmx_bcc_spot_0000044499,-457309.19617568137,-37445.51539071286,0.936008386433375
cosmx_bcc_spot_0000044500,-457303.4818899669,-37222.872533570044,0.917040750143568
cosmx_bcc_spot_0000044501,-457305.46810550574,-36853.19082930939,0.9637363128960351
cosmx_bcc_spot_0000044502,-457318.6221016072,-36501.21909441659,0.9802370097100831
cosmx_bcc_spot_0000044503,-457301.1628423481,-36154.39872404621,0.8640318920809821
cosmx_bcc_spot_0000044504,-457330.520737085,-35764.111881940946,0.47178912463102063
cosmx_bcc_spot_0000044505,-457328.0551500403,-35420.041031738525,0.7927669305391406
cosmx_bcc_spot_0000044506,-457317.18892930454,-35070.587854481,0.7377827802197592
cosmx_bcc_spot_0000044507,-457273.7264787117,-34692.66690586438,0.1049151579204228
cosmx_bcc_spot_0000044508,-457362.8985566337,-34292.38443833194,0.6430986208933143
cosmx_bcc_spot_0000044509,-457335.2199852052,-33969.46777166526,0.6098253803578544
cosmx_bcc_spot_0000044510,-457327.802842348,-33663.52872404622,0.6403180681407638
cosmx_bcc_spot_0000044511,-457299.21998520516,-33345.8487240462,0.25536518009138426
cosmx_bcc_spot_0000044529,-457317.644760118,-26597.613876202,0.8614878429769572
cosmx_bcc_spot_0000044530,-457310.02657829976,-26372.87751256564,0.9712087134134432
cosmx_bcc_spot_0000044531,-457338.3864267846,-26005.805542868668,0.9633638789585809
cosmx_bcc_spot_0000044532,-457329.69476011797,-25637.913876201994,0.747971794121056
cosmx_bcc_spot_0000044533,-457322.48112375435,-25291.604785292908,0.9295225133607681
cosmx_bcc_spot_0000044534,-457302.69476011797,-24919.913876201994,0.9392991788428133
cosmx_bcc_spot_0000044535,-457318.594760118,-24555.347209535335,0.8988360153199552
cosmx_bcc_spot_0000044536,-457307.1066648799,-24205.490066678187,0.9992064367568796
cosmx_bcc_spot_0000044537,-457334.1780934513,-23843.84720953533,0.9610352497975163
cosmx_bcc_spot_0000044538,-457290.0816022232,-23492.803349886206,0.8376855055433836
cosmx_bcc_spot_0000044539,-457310.40031567356,-23159.847209535328,0.6750996482457017
cosmx_bcc_spot_0000044540,-457344.28920456243,-22758.23609842422,0.6708727512277849
cosmx_bcc_spot_0000044541,-457425.0114267847,-22500.347209535328,0.7412168341266733
cosmx_bcc_spot_0000044891,-456860.552671331,-41825.914041303,0.9847245523348601
cosmx_bcc_spot_0000044894,-456855.35822688654,-40910.42793019189,0.9052130715770814
cosmx_bcc_spot_0000044895,-456857.802671331,-40456.82475558872,0.918823241657819
cosmx_bcc_spot_0000044896,-456859.51695704524,-40217.11046987444,0.9176187948982457
cosmx_bcc_spot_0000044897,-456871.26420979254,-39704.07750284146,0.9613679394586144
cosmx_bcc_spot_0000044898,-456873.5299440583,-39410.26631403027,0.9971752516709479
cosmx_bcc_spot_0000044899,-456862.46933799767,-39074.27237463633,0.9999915586378367
cosmx_bcc_spot_0000044900,-456872.552671331,-38751.414041303,0.40548916142888347
cosmx_bcc_spot_0000044901,-456897.40267133096,-38346.639041303,0.6829327726910378
cosmx_bcc_spot_0000044902,-456878.802671331,-37920.339041303,0.7209353904591895
cosmx_bcc_spot_0000044903,-456908.2494235062,-37593.36054934127,0.9807522094683928
cosmx_bcc_spot_0000044904,-456983.01801476174,-37225.36596542553,0.8968835144373477
cosmx_bcc_spot_0000044905,-456975.5367553915,-36861.84872404621,0.8775792250457265
cosmx_bcc_spot_0000044906,-456992.3628423482,-36518.63819773042,0.9356692349954491
cosmx_bcc_spot_0000044907,-456969.8128423481,-36136.34872404621,0.9750934490131643
cosmx_bcc_spot_0000044908,-456961.96284234815,-35813.59872404621,0.7392437785587443
cosmx_bcc_spot_0000044909,-456970.4878423482,-35434.2237240462,0.4230599884588605
cosmx_bcc_spot_0000044910,-457047.362842348,-35065.2237240462,0.6432671581532065
cosmx_bcc_spot_0000044911,-457013.7914137766,-34668.99158118905,0.3527800219012649
cosmx_bcc_spot_0000044912,-456971.41839790373,-34305.737612935096,0.6661884098987612
cosmx_bcc_spot_0000044913,-456969.41839790373,-33994.01539071287,0.6147232409656674
cosmx_bcc_spot_0000044914,-456976.93427091953,-33600.753485950976,0.6918986532282114
cosmx_bcc_spot_0000044915,-456997.862842348,-33346.2237240462,0.6255865304156084
cosmx_bcc_spot_0000044933,-456921.78920456243,-26606.680542868664,0.8946730409415949
cosmx_bcc_spot_0000044934,-456947.8902146634,-26378.332058020183,0.9977809368499231
cosmx_bcc_spot_0000044935,-456964.44476011797,-26054.163876201994,0.8702252578030629
cosmx_bcc_spot_0000044936,-456951.844760118,-25634.299590487724,0.8217545976906753
cosmx_bcc_spot_0000044937,-456970.02657829976,-25267.922967111088,0.9309483023520277
cosmx_bcc_spot_0000044938,-456947.8062985795,-24935.398491586613,0.8505824366142796
cosmx_bcc_spot_0000044939,-456970.0114267847,-24543.180542868664,0.7361910779708455
cosmx_bcc_spot_0000044940,-456948.66294193617,-24205.468421656544,0.9471585508058721
cosmx_bcc_spot_0000044941,-456991.45002327586,-23833.698086728313,0.6036325756303962
cosmx_bcc_spot_0000044942,-456979.6079180127,-23480.277034096733,0.582267239104242
cosmx_bcc_spot_0000044943,-457010.1780934513,-23117.73609842422,0.7538065412849821
cosmx_bcc_spot_0000044944,-456951.13423380215,-22746.487560412523,0.4921445244943391
cosmx_bcc_spot_0000045295,-456662.202671331,-41876.939041303005,0.9745844152257414
cosmx_bcc_spot_0000045296,-456607.802671331,-41609.664041303,0.9703289516655899
cosmx_bcc_spot_0000045297,-456577.9455284739,-41191.44380320775,0.9432482603930397
cosmx_bcc_spot_0000045298,-456586.1663076947,-40865.6299503939,0.9146986728444957
cosmx_bcc_spot_0000045299,-456579.4342502783,-40489.01272551352,0.957594966655212
cosmx_bcc_spot_0000045300,-456574.115171331,-40135.851541302996,0.9220776938037338
cosmx_bcc_spot_0000045301,-456605.46933799767,-39758.539041302996,0.65295710008315
cosmx_bcc_spot_0000045302,-456594.68267133116,-39421.89904130299,0.90537837742782
cosmx_bcc_spot_0000045303,-456621.65981418814,-39067.18189844586,0.6042115283706598
cosmx_bcc_spot_0000045304,-456569.3740999024,-38635.39618416014,0.9567151818409433
cosmx_bcc_spot_0000045305,-456601.68728671584,-38301.53904130299,0.9552431390425664
cosmx_bcc_spot_0000045306,-456581.46933799767,-37948.91999368394,0.8256654216949786
cosmx_bcc_spot_0000045315,-456545.4619557594,-34650.01963603452,0.5955703452284787
cosmx_bcc_spot_0000045316,-456554.5831678806,-34309.89084815574,0.7389491891546833
cosmx_bcc_spot_0000045317,-456534.8933283083,-33995.02453799531,0.7401390532689568
cosmx_bcc_spot_0000045318,-456534.60230663646,-33610.90998691173,0.8705896383327523
cosmx_bcc_spot_0000045319,-456513.8619557593,-33233.76963603452,0.8227618626414894
cosmx_bcc_spot_0000045320,-456521.4013496988,-32901.34539361028,0.4289216575213855
cosmx_bcc_spot_0000045321,-456528.12862242595,-32536.201008583543,0.7759022924456747
cosmx_bcc_spot_0000045322,-456548.59921066125,-32167.318655642364,0.7438806394117646
cosmx_bcc_spot_0000045323,-456559.7786224259,-31766.486302701196,0.8164851276025822
cosmx_bcc_spot_0000045324,-456547.1786224259,-31485.736302701196,0.8476747186941105
cosmx_bcc_spot_0000045325,-456561.128622426,-31052.76963603453,6.465028154330167e-12
cosmx_bcc_spot_0000045337,-456594.8062985795,-26597.783106971227,0.9999938917513164
cosmx_bcc_spot_0000045338,-456595.07552934875,-26371.78310697124,0.918390993603793
cosmx_bcc_spot_0000045339,-456551.05904583225,-25998.513876201996,0.9578175842081396
cosmx_bcc_spot_0000045340,-456548.2083964816,-25650.104785292908,0.9565429312752501
cosmx_bcc_spot_0000045341,-456590.3062985795,-25263.244645432776,0.9596805442255337
cosmx_bcc_spot_0000045342,-456596.13423380215,-24932.013876201996,0.919284193542473
cosmx_bcc_spot_0000045343,-456572.7565248239,-24574.307993849055,0.9020848782138069
cosmx_bcc_spot_0000045344,-456593.8931472148,-24185.755811685885,0.9335949170194219
cosmx_bcc_spot_0000045345,-456573.82624159945,-23797.273135461262,0.8367186614213441
cosmx_bcc_spot_0000045346,-456604.5552864337,-23473.013876201996,0.8073192894026645
cosmx_bcc_spot_0000045347,-456550.05904583225,-23047.79959048771,0.6924906679753277
cosmx_bcc_spot_0000045348,-456475.844760118,-22783.34720953533,0.7670912932203654
cosmx_bcc_spot_0000045699,-456202.73124275956,-41853.96761273157,0.9544907898627659
cosmx_bcc_spot_0000045700,-456222.46933799767,-41565.95570796966,0.8638687266239177
cosmx_bcc_spot_0000045701,-456260.490171331,-41207.914041302996,0.9399738554688228
cosmx_bcc_spot_0000045702,-456231.2572167856,-40855.67540493936,0.8084372837730659
cosmx_bcc_spot_0000045703,-456220.498323505,-40491.10425869429,0.8209550776648143
cosmx_bcc_spot_0000045704,-456217.9137824421,-40147.20570796966,0.7241963476531754
cosmx_bcc_spot_0000045705,-456238.6360046643,-39669.87237463634,0.15560533224932052
cosmx_bcc_spot_0000045708,-456204.69156021986,-38708.372374636325,0.8650686271606355
cosmx_bcc_spot_0000045709,-456209.71571480937,-38316.53904130299,0.9382696186240711
cosmx_bcc_spot_0000045710,-456229.2572167856,-37926.53904130299,0.9981942241251516
cosmx_bcc_spot_0000045711,-456215.60267133097,-37729.539041303,0.42709292701854473
cosmx_bcc_spot_0000045719,-456257.7536224259,-34683.97796936788,0.7830120189629659
cosmx_bcc_spot_0000045720,-456238.64586380514,-34331.7466475288,0.8090801341347105
cosmx_bcc_spot_0000045721,-456257.3952890926,-33999.83630270119,0.6061678443925178
cosmx_bcc_spot_0000045722,-456249.8558951532,-33615.16357542848,0.8638262534808777
cosmx_bcc_spot_0000045723,-456230.4363147336,-33242.66707193198,0.9229952451510203
cosmx_bcc_spot_0000045724,-456234.0486224259,-32921.076302701214,0.7013020205507521
cosmx_bcc_spot_0000045725,-456242.17210068676,-32543.95804183164,0.5569048361061382
cosmx_bcc_spot_0000045726,-456214.8905271878,-32154.626778891678,0.8052815995968848
cosmx_bcc_spot_0000045727,-456226.5786224259,-31771.386302701198,0.6622451603405793
cosmx_bcc_spot_0000045728,-456209.35084464814,-31437.436302701193,0.6795732085691435
cosmx_bcc_spot_0000045729,-456222.4619557593,-31065.83630270119,4.175571576524864e-08
cosmx_bcc_spot_0000046103,-455842.89358042186,-41847.44813221209,0.9593568068994136
cosmx_bcc_spot_0000046104,-455866.21007873863,-41564.539041302996,0.9270213844208567
cosmx_bcc_spot_0000046105,-455859.90267133096,-41231.58904130299,0.8948756931600523
cosmx_bcc_spot_0000046106,-455864.93600466434,-40864.67237463633,0.7461007636078283
cosmx_bcc_spot_0000046107,-455895.86933799763,-40480.47237463633,0.7674839948182252
cosmx_bcc_spot_0000046108,-455931.41805594636,-40123.846733610684,0.8905686907264014
cosmx_bcc_spot_0000046109,-455871.202671331,-39753.789041302996,0.8985912587816702
cosmx_bcc_spot_0000046110,-455856.1504974181,-39415.321649998645,0.8307556053514027
cosmx_bcc_spot_0000046111,-455816.302671331,-39014.039041303,0.22261126143135393
cosmx_bcc_spot_0000046112,-455844.58044910873,-38630.539041302996,0.9896074970844078
cosmx_bcc_spot_0000046113,-455872.80267133104,-38322.948132212085,0.9486437262633861
cosmx_bcc_spot_0000046114,-455881.202671331,-37960.289041302996,0.8525910472358925
cosmx_bcc_spot_0000046115,-455859.46933799767,-37741.87237463634,0.9572141012478648
cosmx_bcc_spot_0000046122,-455899.84290814033,-34959.00773127262,0.18244439402827792
cosmx_bcc_spot_0000046123,-455973.46195575944,-34674.325191590084,0.6078030520820537
cosmx_bcc_spot_0000046124,-455890.02335926803,-34317.12051322751,0.7040546482246541
cosmx_bcc_spot_0000046125,-455864.3071938544,-33955.72201698693,0.8067416881816369
cosmx_bcc_spot_0000046126,-455854.20862242585,-33643.83630270121,0.8650955990370797
cosmx_bcc_spot_0000046127,-455864.98576528305,-33252.24582651073,0.6968398233842654
cosmx_bcc_spot_0000046128,-455849.77568124933,-32889.848067407096,0.855953343937676
cosmx_bcc_spot_0000046129,-455858.4619557592,-32519.843710108617,0.8182024297740734
cosmx_bcc_spot_0000046130,-455866.6702890925,-32154.686302701204,0.8710436216882558
cosmx_bcc_spot_0000046131,-455866.06612242584,-31791.405052701215,0.8457852651575115
cosmx_bcc_spot_0000046132,-455866.4286224259,-31433.236302701196,0.7645442144660054
cosmx_bcc_spot_0000046133,-455870.94112242595,-31050.74880270119,0.24767624301202323
cosmx_bcc_spot_0000046134,-455799.50362242607,-30843.686302701193,0.7907172898192921
cosmx_bcc_spot_0000046507,-455489.40267133096,-41860.939041303,0.8764621028874209
cosmx_bcc_spot_0000046508,-455508.0943379978,-41586.83070796966,0.8742746794720045
cosmx_bcc_spot_0000046509,-455492.2732595663,-41212.127276597115,0.7905146996516144
cosmx_bcc_spot_0000046510,-455558.65267133096,-40859.039041302996,0.770697790482321
cosmx_bcc_spot_0000046511,-455502.65267133096,-40505.039041302996,0.86707808560911
cosmx_bcc_spot_0000046512,-455444.9455284738,-40140.11046987444,0.5089897463302608
cosmx_bcc_spot_0000046513,-455531.5360046643,-39752.339041303,0.8345596218124381
cosmx_bcc_spot_0000046514,-455502.3026713312,-39419.80827207222,0.7945970760332475
cosmx_bcc_spot_0000046515,-455512.51695704524,-39117.539041303,0.6716808664674458
cosmx_bcc_spot_0000046516,-455518.41805594636,-38636.76981053376,0.7060408224847987
cosmx_bcc_spot_0000046517,-455539.6722365485,-38333.79991086821,0.8129664488391996
cosmx_bcc_spot_0000046518,-455514.990171331,-37947.976541302996,0.8277393155403039
cosmx_bcc_spot_0000046519,-455491.802671331,-37745.789041303,0.8212278110663248
cosmx_bcc_spot_0000046527,-455432.728622426,-34737.4363027012,0.27582585949629423
cosmx_bcc_spot_0000046528,-455527.07599084696,-34304.225776385414,0.8016371593847533
cosmx_bcc_spot_0000046529,-455514.59290814016,-33978.47201698693,0.8486997145531587
cosmx_bcc_spot_0000046530,-455500.4143367116,-33623.936302701215,0.8618355292379636
cosmx_bcc_spot_0000046531,-455501.5634050346,-33244.17543313599,0.7340050784000511
cosmx_bcc_spot_0000046532,-455478.6471409444,-32884.6214878864,0.6445480171813235
cosmx_bcc_spot_0000046533,-455467.5831678804,-32542.845393610292,0.7046484147744576
cosmx_bcc_spot_0000046534,-455509.9804742777,-32152.06593233084,0.795418912042347
cosmx_bcc_spot_0000046535,-455494.5901608874,-31815.551687316594,0.7372793816715283
cosmx_bcc_spot_0000046536,-455516.6549382154,-31476.96261849067,0.5383880396769134
cosmx_bcc_spot_0000046537,-455481.1812540049,-31037.857355332773,0.6439763086559068
cosmx_bcc_spot_0000046538,-455536.7286224261,-30836.63630270119,0.8180157120633388
cosmx_bcc_spot_0000046556,-455406.57132731203,-24208.683682505205,0.9631420323686489
cosmx_bcc_spot_0000046557,-455413.271327312,-23915.383682505206,0.8382252202150429
cosmx_bcc_spot_0000046558,-455414.271327312,-23487.383682505206,0.6127600591820868
cosmx_bcc_spot_0000046559,-455418.12688286754,-23109.139238060758,0.8682749737410698
cosmx_bcc_spot_0000046560,-455409.79354953417,-22789.139238060758,0.84093871095202
cosmx_bcc_spot_0000046561,-455410.7531454938,-22404.765500687023,0.8947661751974249
cosmx_bcc_spot_0000046562,-455403.2141844548,-22022.940825362344,0.9636165109532373
cosmx_bcc_spot_0000046563,-455433.196327312,-21667.7086825052,0.7295102607873118
cosmx_bcc_spot_0000046564,-455410.9349636756,-21291.401864323383,0.9569323860059574
cosmx_bcc_spot_0000046565,-455408.2856130263,-20968.083682505203,0.9936864388111868
cosmx_bcc_spot_0000046566,-455417.571327312,-20543.139238060758,0.9456367620875952
cosmx_bcc_spot_0000046567,-455406.821327312,-20262.167015838535,0.9603367173675113
cosmx_bcc_spot_0000046911,-455155.802671331,-41856.80570796967,0.9327550347843764
cosmx_bcc_spot_0000046912,-455149.60267133097,-41575.73904130299,0.8749854700372655
cosmx_bcc_spot_0000046913,-455113.9693379978,-41240.78904130299,0.8634071201131788
cosmx_bcc_spot_0000046914,-455121.750039752,-40862.17062025036,0.7403223707815856
cosmx_bcc_spot_0000046915,-455130.71933799767,-40522.87237463633,0.7149450870674238
cosmx_bcc_spot_0000046916,-455131.60267133097,-40192.73904130301,0.11223700183274327
cosmx_bcc_spot_0000046917,-455216.2471157754,-39730.20570796967,0.6977999380537651
cosmx_bcc_spot_0000046918,-455196.17109238356,-39398.48640972405,0.3934677805421028
cosmx_bcc_spot_0000046919,-455104.0248935532,-39081.20570796967,1.8735283265098906e-15
cosmx_bcc_spot_0000046920,-455147.6360046643,-38745.37237463634,0.052937889636769535
cosmx_bcc_spot_0000046922,-455119.002671331,-37893.339041303,0.8263592267091155
cosmx_bcc_spot_0000046930,-455136.8619557593,-34951.83630270119,0.6421956842390132
cosmx_bcc_spot_0000046931,-455148.77147956885,-34779.2220169869,0.6934046675254625
cosmx_bcc_spot_0000046932,-455216.8286224261,-34256.63630270119,0.41290027812676594
cosmx_bcc_spot_0000046933,-455164.9981876433,-33957.088476614255,0.7380908230431142
cosmx_bcc_spot_0000046934,-455166.8693631666,-33603.21408047899,0.8548240839246718
cosmx_bcc_spot_0000046935,-455164.6803465638,-33233.29837166674,0.8284098233136087
cosmx_bcc_spot_0000046936,-455145.2286224259,-32900.436302701215,0.7979372518101561
cosmx_bcc_spot_0000046937,-455166.43297025195,-32524.78412878816,0.6331865627284883
cosmx_bcc_spot_0000046938,-455120.0571938544,-32170.829159844066,0.6599479193177965
cosmx_bcc_spot_0000046939,-455139.02147956874,-31790.150588415498,0.6974081932238111
cosmx_bcc_spot_0000046941,-455123.35939165676,-31055.051687316576,0.41033583372576526
cosmx_bcc_spot_0000046942,-455103.98576528317,-30836.293445558338,0.4774938624592687
cosmx_bcc_spot_0000046960,-455119.07132731203,-24202.983682505193,0.9756226227336792
cosmx_bcc_spot_0000046961,-455125.42317916383,-23819.73183065334,0.9718187016908229
cosmx_bcc_spot_0000046962,-455147.65466064535,-23481.917015838528,0.9986637882211798
cosmx_bcc_spot_0000046963,-455133.8321968772,-23095.670639026936,0.9873036260640572
cosmx_bcc_spot_0000046964,-455130.771327312,-22719.943682505196,0.9815208553467887
cosmx_bcc_spot_0000046965,-455140.73799397866,-22396.833682505196,0.7827123878595182
cosmx_bcc_spot_0000046966,-455198.071327312,-22029.5211825052,0.7200829985226996
cosmx_bcc_spot_0000046967,-455146.371327312,-21742.383682505202,0.48707272452262257
cosmx_bcc_spot_0000046968,-455173.691327312,-21303.583682505196,0.9623494668645874
cosmx_bcc_spot_0000046969,-455151.53286577354,-20943.160605582118,0.9741612228787334
cosmx_bcc_spot_0000046970,-455166.946327312,-20557.87534917186,0.9355513896887024
cosmx_bcc_spot_0000046971,-455124.6765904699,-20240.846840399932,0.8784033930453266
cosmx_bcc_spot_0000047315,-454801.21933799767,-41865.20570796966,0.7898425657806551
cosmx_bcc_spot_0000047316,-454795.62875828764,-41613.84338912908,0.7643628749010368
cosmx_bcc_spot_0000047317,-454812.6262007427,-41214.891982479465,0.8515205783434605
cosmx_bcc_spot_0000047318,-454768.3481258765,-40869.084495848445,0.7412961685241348
cosmx_bcc_spot_0000047319,-454788.177671331,-40460.664041302996,0.7039788637246719
cosmx_bcc_spot_0000047320,-454786.802671331,-40113.914041303,0.30327351351647414
cosmx_bcc_spot_0000047321,-454731.46933799767,-39786.59459685855,0.2720816282672308
cosmx_bcc_spot_0000047322,-454820.6360046643,-39425.37237463633,0.17658558797262613
cosmx_bcc_spot_0000047323,-454804.802671331,-39025.789041303,3.999304914666888e-06
cosmx_bcc_spot_0000047324,-454723.6488251771,-38686.15442591838,0.3032421298191486
cosmx_bcc_spot_0000047325,-454770.17767133116,-38294.95570796966,0.8345820285778751
cosmx_bcc_spot_0000047326,-454787.48267133115,-37943.93904130299,0.8294096643310683
cosmx_bcc_spot_0000047327,-454759.002671331,-37740.539041303,0.9913011752409071
cosmx_bcc_spot_0000047334,-454767.628622426,-34969.07915984405,0.634338695001501
cosmx_bcc_spot_0000047335,-454754.87862242595,-34718.87380270119,0.5317315393478196
cosmx_bcc_spot_0000047336,-454740.89785319526,-34350.051687316576,0.20281486115709213
cosmx_bcc_spot_0000047337,-454785.1786224259,-33939.786302701206,0.5664292167542765
cosmx_bcc_spot_0000047338,-454790.2155789476,-33597.00152009251,0.8391655701556657
cosmx_bcc_spot_0000047339,-454767.7055455028,-33244.5516873166,0.7185022000979071
cosmx_bcc_spot_0000047340,-454797.00862242584,-32865.756302701215,0.6922507714744293
cosmx_bcc_spot_0000047341,-454773.8558951532,-32538.20902997393,0.6975231261938662
cosmx_bcc_spot_0000047342,-454801.6503615563,-32137.69717226642,0.6073948928018655
cosmx_bcc_spot_0000047343,-454776.7582520555,-31821.39926566417,0.5522958231815681
cosmx_bcc_spot_0000047345,-454716.5952890926,-31012.969636034522,0.5865319451159524
cosmx_bcc_spot_0000047346,-454759.75362242607,-30853.936302701193,0.6539694050560952
cosmx_bcc_spot_0000047364,-454786.1097888505,-24216.852913274422,0.9828146919694988
cosmx_bcc_spot_0000047365,-454807.50236179476,-23821.9285100914,0.8740143513691375
cosmx_bcc_spot_0000047366,-454756.521327312,-23482.383682505195,0.9873510944310776
cosmx_bcc_spot_0000047367,-454789.521327312,-23113.933682505194,0.9406227657661665
cosmx_bcc_spot_0000047368,-454784.451327312,-22773.783682505196,0.871257558505002
cosmx_bcc_spot_0000047369,-454806.01960317406,-22371.549199746572,0.8415998605088773
cosmx_bcc_spot_0000047370,-454806.7856130263,-22056.65511107663,0.7040206472195207
cosmx_bcc_spot_0000047371,-454742.771327312,-21620.7836825052,0.3069654400940018
cosmx_bcc_spot_0000047372,-454777.1070415977,-21276.690825362337,0.9574357032908936
cosmx_bcc_spot_0000047373,-454787.9161548982,-20948.238854918985,0.8552898212017517
cosmx_bcc_spot_0000047374,-454799.3405580812,-20555.96829788982,0.9575149431607424
cosmx_bcc_spot_0000047375,-454774.7618035025,-20256.440825362337,0.910618337839948
cosmx_bcc_spot_0000047720,-454434.40267133096,-41599.239041303,0.33604138259994926
cosmx_bcc_spot_0000047721,-454436.5248935532,-41230.09459685855,0.6895576938214455
cosmx_bcc_spot_0000047722,-454456.802671331,-40873.414041302996,0.4810524261340028
cosmx_bcc_spot_0000047723,-454442.26933799766,-40454.80570796967,0.6124577788186868
cosmx_bcc_spot_0000047724,-454431.8026713309,-40185.433778145096,0.3803356861610361
cosmx_bcc_spot_0000047725,-454467.69156021986,-39781.87237463633,0.365018133572738
cosmx_bcc_spot_0000047726,-454411.40267133096,-39431.939041303,0.28603851321636525
cosmx_bcc_spot_0000047728,-454405.60267133097,-38648.67237463633,0.766832490452237
cosmx_bcc_spot_0000047729,-454397.14882517734,-38305.69288745684,0.8309890219919441
cosmx_bcc_spot_0000047730,-454412.80267133133,-37946.86162194816,0.8184559266926289
cosmx_bcc_spot_0000047731,-454391.60267133097,-37751.539041303,0.6683623461271767
cosmx_bcc_spot_0000047738,-454439.3286224261,-34945.73630270119,0.8196151598203176
cosmx_bcc_spot_0000047739,-454381.62862242584,-34696.320918085825,0.6609716573118252
cosmx_bcc_spot_0000047740,-454410.0429081401,-34347.3505884155,0.7037536418085625
cosmx_bcc_spot_0000047741,-454400.0175113148,-33982.15852492342,0.6345874339668334
cosmx_bcc_spot_0000047742,-454393.0175113148,-33611.15852492342,0.7766618812211005
cosmx_bcc_spot_0000047743,-454440.4886224259,-33239.63630270121,0.745070524548225
cosmx_bcc_spot_0000047744,-454417.75362242595,-32870.68630270119,0.6556434518625798
cosmx_bcc_spot_0000047745,-454420.52862242586,-32503.836302701206,0.5783802345755129
cosmx_bcc_spot_0000047746,-454472.20554550295,-32197.43630270119,0.33738780719519923
cosmx_bcc_spot_0000047747,-454462.12862242607,-31753.32519159008,0.12258553420170466
cosmx_bcc_spot_0000047748,-454382.128622426,-31354.60296936786,0.4498158885943251
cosmx_bcc_spot_0000047749,-454422.65987242584,-31084.280052701215,0.5878892577323648
cosmx_bcc_spot_0000047768,-454445.571327312,-24133.667015838535,0.590962113975268
cosmx_bcc_spot_0000047769,-454380.04958818154,-23816.974986853023,0.9366582992820345
cosmx_bcc_spot_0000047770,-454433.446327312,-23474.625349171863,0.8911755005019031
cosmx_bcc_spot_0000047771,-454463.9923799436,-23141.215261452566,0.9406050213643025
cosmx_bcc_spot_0000047772,-454391.7531454938,-22790.220046141567,0.2874440304537784
cosmx_bcc_spot_0000047773,-454436.821327312,-22364.208682505196,0.9048940630594283
cosmx_bcc_spot_0000047774,-454413.8020965428,-21996.27599019751,0.4795595582147688
cosmx_bcc_spot_0000047775,-454458.62688286754,-21652.861460282977,0.6542925508200248
cosmx_bcc_spot_0000047776,-454432.40466064535,-21324.50034917187,0.7651227372189837
cosmx_bcc_spot_0000047777,-454364.3046606453,-20928.7836825052,0.706471566916515
cosmx_bcc_spot_0000047778,-454380.13654470333,-20600.84455207041,0.910772246422107
cosmx_bcc_spot_0000047779,-454373.04501152254,-20225.057366715722,0.9243449623096174
cosmx_bcc_spot_0000048125,-454165.46933799767,-41163.87237463634,0.02695065088859689
cosmx_bcc_spot_0000048126,-454113.552671331,-40837.664041303,0.26553252146698286
cosmx_bcc_spot_0000048129,-454132.60267133097,-39816.539041303,0.4463118627673861
cosmx_bcc_spot_0000048130,-454061.46933799767,-39427.039041303,0.018222198404264655
cosmx_bcc_spot_0000048132,-454049.4217189501,-38660.49142225537,0.6858990118828618
cosmx_bcc_spot_0000048133,-454064.7704132668,-38330.18420259332,0.7825928793339643
cosmx_bcc_spot_0000048134,-454108.6722365485,-37960.147736955165,0.7455817727982795
cosmx_bcc_spot_0000048135,-454018.002671331,-37744.73904130301,0.7856118596845292
cosmx_bcc_spot_0000048142,-454057.0516993491,-34960.1286103935,0.7110095509705482
cosmx_bcc_spot_0000048143,-454076.09737242584,-34704.780052701215,0.7029185607984341
cosmx_bcc_spot_0000048144,-454046.0952890925,-34336.83630270122,0.7672102447263414
cosmx_bcc_spot_0000048145,-454066.6286224259,-33989.2363027012,0.7199778817140408
cosmx_bcc_spot_0000048146,-454057.0286224259,-33605.6863027012,0.6625336004746549
cosmx_bcc_spot_0000048147,-454067.9547093824,-33223.00152009251,0.6810368231838485
cosmx_bcc_spot_0000048148,-454057.7286224259,-32888.59630270121,0.6066814150812616
cosmx_bcc_spot_0000048149,-454074.68417798163,-32564.547413812303,0.35411551987302337
cosmx_bcc_spot_0000048151,-454020.2952890927,-31771.10296936786,2.9006984815382224e-06
cosmx_bcc_spot_0000048152,-454118.328622426,-31378.236302701196,0.558699501440036
cosmx_bcc_spot_0000048153,-454133.37862242595,-31082.74880270119,0.505543079924012
cosmx_bcc_spot_0000048172,-454018.446327312,-24186.708682505196,0.7245976567683563
cosmx_bcc_spot_0000048173,-454059.295465243,-23832.41126871209,0.9647576542048826
cosmx_bcc_spot_0000048174,-454050.7437411051,-23456.169889401746,0.999923843211593
cosmx_bcc_spot_0000048175,-454050.0046606453,-23120.150349171858,0.9459617026704062
cosmx_bcc_spot_0000048176,-454023.446327312,-22717.7086825052,0.847280709304632
cosmx_bcc_spot_0000048177,-454063.091327312,-22381.023682505194,0.933901104266216
cosmx_bcc_spot_0000048178,-454023.0419155473,-22041.5836825052,0.9275731017419768
cosmx_bcc_spot_0000048179,-454002.571327312,-21607.297968219482,0.5263232473985218
cosmx_bcc_spot_0000048180,-454051.121327312,-21285.533682505196,0.779317429538366
cosmx_bcc_spot_0000048181,-454051.7636350043,-20941.00675942827,0.9730149585923656
cosmx_bcc_spot_0000048182,-454067.758827312,-20565.302432505192,0.9027224546487731
cosmx_bcc_spot_0000048183,-454088.65466064535,-20262.583682505192,0.9424202594219036
cosmx_bcc_spot_0000048536,-453708.73124275956,-38637.39618416014,0.5000525207895588
cosmx_bcc_spot_0000048537,-453716.0753986038,-38320.584495848445,0.8012283336424882
cosmx_bcc_spot_0000048538,-453695.4217189501,-37955.68189844585,0.7993328510009848
cosmx_bcc_spot_0000048539,-453655.96933799767,-37741.37237463634,0.9306336302861508
cosmx_bcc_spot_0000048546,-453699.7952890927,-34956.93630270119,0.6477842840968884
cosmx_bcc_spot_0000048547,-453716.8086224259,-34673.55630270121,0.6219025709051178
cosmx_bcc_spot_0000048548,-453687.1762414735,-34346.19820746311,0.6885472127825425
cosmx_bcc_spot_0000048549,-453674.02335926803,-33987.383671122254,0.549496917513245
cosmx_bcc_spot_0000048550,-453688.7649860624,-33565.43630270119,0.4230831761315687
cosmx_bcc_spot_0000048551,-453751.378622426,-33233.35296936786,0.5381306686096387
cosmx_bcc_spot_0000048552,-453690.43297025195,-32870.3058679186,0.524527149998147
cosmx_bcc_spot_0000048553,-453626.41433671175,-32604.007731272624,7.106286357744272e-11
cosmx_bcc_spot_0000048554,-453773.84290814033,-32080.864874129766,1.2141114092256266e-13
cosmx_bcc_spot_0000048555,-453700.9202890925,-31765.186302701204,0.49868601419407854
cosmx_bcc_spot_0000048556,-453691.6619557593,-31457.43630270119,0.43269333806034943
cosmx_bcc_spot_0000048557,-453644.58023532905,-31066.984689797988,0.5182167332819747
cosmx_bcc_spot_0000048558,-453617.5730668705,-30858.436302701193,0.6055469816918899
cosmx_bcc_spot_0000048576,-453753.7141844548,-24212.012253933768,0.8132105431576714
cosmx_bcc_spot_0000048577,-453720.6824384231,-23795.472571394086,0.9798128370792736
cosmx_bcc_spot_0000048578,-453700.2750310157,-23483.065163986674,0.9927984752824909
cosmx_bcc_spot_0000048579,-453680.321327312,-23112.47653964805,0.9977675221788883
cosmx_bcc_spot_0000048580,-453754.9046606453,-22771.472571394093,0.5930270113982474
cosmx_bcc_spot_0000048581,-453680.321327312,-22355.762253933764,0.9999999999997402
cosmx_bcc_spot_0000048582,-453709.771327312,-22028.103682505196,0.8500296335018797
cosmx_bcc_spot_0000048583,-453708.34405458474,-21663.35640977792,0.663694196889771
cosmx_bcc_spot_0000048584,-453688.071327312,-21277.69906712058,0.8383782556390427
cosmx_bcc_spot_0000048585,-453711.471327312,-20956.2836825052,0.6298649774620961
cosmx_bcc_spot_0000048586,-453694.8871167857,-20578.89947197888,0.6634415233183576
cosmx_bcc_spot_0000048587,-453701.6824384231,-20226.972571394086,0.7615746075731924
cosmx_bcc_spot_0000048941,-453350.03344056173,-38316.61596437992,0.5645906833303971
cosmx_bcc_spot_0000048942,-453326.2193379978,-37940.91404130299,0.8189940630080961
cosmx_bcc_spot_0000048943,-453287.1360046643,-37732.705707969675,0.6503386025244969
cosmx_bcc_spot_0000048950,-453338.0452890927,-34953.60296936786,0.5219747491877936
cosmx_bcc_spot_0000048951,-453320.9707276891,-34715.804723753834,0.7468859809637385
cosmx_bcc_spot_0000048952,-453372.59921066125,-34317.9657144659,0.6636802250744572
cosmx_bcc_spot_0000048953,-453337.7824685797,-33972.51322577814,0.5330529788249004
cosmx_bcc_spot_0000048954,-453310.3894919911,-33582.13195487512,0.4913853085784498
cosmx_bcc_spot_0000048955,-453290.5175113148,-33284.491858256755,0.45229952545867025
cosmx_bcc_spot_0000048956,-453347.0377133351,-32877.799939064826,0.019037341478062565
cosmx_bcc_spot_0000048959,-453389.7952890926,-31786.198207463105,0.3604155580320392
cosmx_bcc_spot_0000048960,-453343.3878816851,-31450.95482121973,0.4613788141475006
cosmx_bcc_spot_0000048961,-453356.6471409444,-31068.17704344195,0.4779877268855229
cosmx_bcc_spot_0000048962,-453333.528622426,-30842.636302701198,0.4450154537670351
cosmx_bcc_spot_0000048980,-453290.758827312,-24203.083682505196,0.9615032620070681
cosmx_bcc_spot_0000048981,-453315.42847016914,-23845.012253933768,0.999879330936481
cosmx_bcc_spot_0000048982,-453341.8020965428,-23458.660605582118,0.9139387089874642
cosmx_bcc_spot_0000048983,-453332.7971337636,-23136.325617989063,0.9883355496111351
cosmx_bcc_spot_0000048984,-453302.771327312,-22775.517015838534,0.9629873671907071
cosmx_bcc_spot_0000048985,-453352.571327312,-22386.1836825052,0.8905960300617337
cosmx_bcc_spot_0000048986,-453293.02966064535,-22062.125349171863,0.7307414434178584
cosmx_bcc_spot_0000048987,-453237.11678185745,-21694.85640977793,0.7379512553419405
cosmx_bcc_spot_0000048988,-453324.66810150555,-21280.51916637616,0.8819930597117994
cosmx_bcc_spot_0000048989,-453279.821327312,-20959.917015838535,0.49134004937769415
cosmx_bcc_spot_0000048990,-453333.521327312,-20547.983682505197,0.9021571981152249
cosmx_bcc_spot_0000048991,-453326.946327312,-20255.542015838528,0.94405592620922
cosmx_bcc_spot_0000049335,-452924.26420979254,-41859.462118226074,0.450089122752516
cosmx_bcc_spot_0000049337,-452995.40267133096,-41261.539041303,0.05572667958067055
cosmx_bcc_spot_0000049338,-452946.40267133096,-40923.33904130301,4.1682428175887176e-13
cosmx_bcc_spot_0000049340,-452932.40267133096,-40125.73904130301,2.0711012963381864e-15
cosmx_bcc_spot_0000049344,-452926.60267133097,-38712.939041303005,5.595878426413907e-07
cosmx_bcc_spot_0000049345,-453002.1360046643,-38295.372374636325,0.45138883981118777
cosmx_bcc_spot_0000049346,-452959.7193379978,-37965.122374636325,0.5654432519701051
cosmx_bcc_spot_0000049354,-452978.00362242607,-34955.68630270119,0.7483939418022616
cosmx_bcc_spot_0000049355,-452964.65803419065,-34673.671596818844,0.6225656764064166
cosmx_bcc_spot_0000049356,-452961.32862242585,-34339.03630270121,0.6545079953872778
cosmx_bcc_spot_0000049357,-452932.74767004495,-33994.293445558345,0.6260531978199765
cosmx_bcc_spot_0000049358,-452992.7952890925,-33597.26963603454,0.5357576720618397
cosmx_bcc_spot_0000049359,-453009.9707276891,-33292.646829016994,0.3356337380969389
cosmx_bcc_spot_0000049362,-452849.4619557594,-32158.26963603453,0.2672046545263535
cosmx_bcc_spot_0000049363,-452940.5286224261,-31830.236302701192,0.06743611736779753
cosmx_bcc_spot_0000049364,-453024.19112242595,-31412.43630270119,0.3296800247653861
cosmx_bcc_spot_0000049365,-453056.4013496988,-31067.34539361028,0.38058805618919983
cosmx_bcc_spot_0000049384,-452938.40466064535,-24154.708682505192,0.9948835936771365
cosmx_bcc_spot_0000049385,-452972.84718938096,-23835.99747560864,0.9819361487468523
cosmx_bcc_spot_0000049386,-452987.6379939786,-23481.85034917186,0.954327919479067
cosmx_bcc_spot_0000049387,-452950.42847016914,-23109.155111076623,0.9723810905164565
cosmx_bcc_spot_0000049388,-452983.29860003927,-22744.76550068701,0.9788480615037801
cosmx_bcc_spot_0000049389,-452938.2264997258,-22392.342303194848,0.8895964615685455
cosmx_bcc_spot_0000049390,-452920.04501152254,-22021.267893031512,0.9701510805210722
cosmx_bcc_spot_0000049391,-452943.3491050897,-21678.80590472742,0.7336089799309338
cosmx_bcc_spot_0000049392,-452995.321327312,-21275.333682505192,0.3162466926029529
cosmx_bcc_spot_0000049393,-452942.921327312,-20922.533682505196,0.9273231660284408
cosmx_bcc_spot_0000049394,-452961.131327312,-20559.70368250519,0.8015047790011324
cosmx_bcc_spot_0000049395,-452980.96021620085,-20256.250349171863,0.9321352836373261
cosmx_bcc_spot_0000049758,-452619.55719385465,-34952.864874129766,0.45873607500206537
cosmx_bcc_spot_0000049759,-452600.44862242584,-34719.19630270121,0.5780891556482811
cosmx_bcc_spot_0000049760,-452611.4619557592,-34354.06593233084,0.5768245905501636
cosmx_bcc_spot_0000049761,-452613.8693631666,-33984.140006404916,0.4726301935465183
cosmx_bcc_spot_0000049762,-452595.2714795689,-33689.15058841548,0.04858638022545862
cosmx_bcc_spot_0000049765,-452548.0377133351,-32452.5272117921,0.2613898492623263
cosmx_bcc_spot_0000049766,-452605.83829984517,-32156.404044636696,0.34719660181840983
cosmx_bcc_spot_0000049767,-452587.3508446481,-31855.54741381232,0.3246177979564422
cosmx_bcc_spot_0000049768,-452612.8558951533,-31476.163575428465,0.2660086870122228
cosmx_bcc_spot_0000049788,-452606.36299397866,-24195.292015838524,0.9954741039464924
cosmx_bcc_spot_0000049789,-452617.3974142685,-23841.40976946172,0.8552060802945668
cosmx_bcc_spot_0000049790,-452632.61678185745,-23497.674591596104,0.8159957899025732
cosmx_bcc_spot_0000049791,-452632.99989874056,-23095.72653964805,0.991645803192602
cosmx_bcc_spot_0000049792,-452590.6482503889,-22737.122144043657,0.9561996013181598
cosmx_bcc_spot_0000049793,-452599.7636350043,-22387.2759901975,0.8810407894020491
cosmx_bcc_spot_0000049794,-452612.42847016914,-22032.059872981386,0.9650614484466534
cosmx_bcc_spot_0000049795,-452583.5157717564,-21687.30590472742,0.9830484544291691
cosmx_bcc_spot_0000049796,-452592.8321968772,-21286.322812939976,0.8546150646891961
cosmx_bcc_spot_0000049797,-452590.99440423504,-20925.314451735965,0.9872025412155797
cosmx_bcc_spot_0000049798,-452611.8756751381,-20577.583682505192,0.951004461593521
cosmx_bcc_spot_0000049799,-452608.6889743708,-20245.40721191696,0.7669966925900876
cosmx_bcc_spot_0000050192,-452239.1230514499,-24195.307820436225,0.9361423322723015
cosmx_bcc_spot_0000050193,-452237.451327312,-23849.263682505196,0.9416994047288509
cosmx_bcc_spot_0000050194,-452239.651327312,-23475.743682505195,0.92981373489976
cosmx_bcc_spot_0000050195,-452272.8570415977,-23136.226539648058,0.8637310914874075
cosmx_bcc_spot_0000050196,-452266.171327312,-22732.783682505196,0.8518198138758664
cosmx_bcc_spot_0000050197,-452222.83448520675,-22427.267893031512,0.8733648470586889
cosmx_bcc_spot_0000050198,-452303.1007390767,-22013.054270740493,0.9321241582076664
cosmx_bcc_spot_0000050199,-452238.946327312,-21686.333682505192,0.9630926214996294
cosmx_bcc_spot_0000050200,-452272.12688286754,-21269.19479361631,0.9943444150299166
cosmx_bcc_spot_0000050201,-452246.18671192735,-20942.929836351348,0.7833278071378253
cosmx_bcc_spot_0000050202,-452238.3491050898,-20572.917015838528,0.9986706692425578
cosmx_bcc_spot_0000050203,-452233.0419155473,-20271.87780015226,0.8911646017810094
cosmx_bcc_spot_0000050596,-451893.47608921677,-24183.107492029,0.9935615034117126
cosmx_bcc_spot_0000050597,-451882.94169768237,-23835.917015838528,0.9419918198660011
cosmx_bcc_spot_0000050598,-451890.531327312,-23498.463682505197,0.8432567380069284
cosmx_bcc_spot_0000050599,-451857.8756751381,-23110.06194337476,0.6628127329306276
cosmx_bcc_spot_0000050600,-451870.98799397866,-22749.375349171863,0.8623189373332976
cosmx_bcc_spot_0000050601,-451895.6765904699,-22413.89947197888,0.8933451323344224
cosmx_bcc_spot_0000050602,-451885.321327312,-21980.792015838528,0.8261680347114426
cosmx_bcc_spot_0000050603,-451887.37132731196,-21653.383682505195,0.988811266305001
cosmx_bcc_spot_0000050604,-451858.865444959,-21335.113094269906,0.8179301280717152
cosmx_bcc_spot_0000050605,-451914.6765904699,-20928.846840399932,0.9514868151156338
cosmx_bcc_spot_0000050606,-451893.9046606453,-20597.972571394086,0.9467127693341046
cosmx_bcc_spot_0000050607,-451846.87901961966,-20210.045220966742,0.748913306875637
cosmx_bcc_spot_0000051000,-451495.98799397866,-24157.917015838524,0.9996847993911417
cosmx_bcc_spot_0000051001,-451508.5237082644,-23842.107492029005,0.8454529656389519
cosmx_bcc_spot_0000051002,-451525.4379939787,-23444.917015838535,0.6535793377799428
cosmx_bcc_spot_0000051003,-451533.59989874053,-23101.469396790904,0.999858844273864
cosmx_bcc_spot_0000051004,-451524.3808511215,-22709.82177774329,0.8882176202272059
cosmx_bcc_spot_0000051005,-451519.171327312,-22382.623682505196,0.8606123431214842
cosmx_bcc_spot_0000051006,-451537.8491050897,-22023.91701583853,0.9974633863784358
cosmx_bcc_spot_0000051007,-451546.62395889097,-21666.636314084142,0.9259672619407724
cosmx_bcc_spot_0000051008,-451537.21838613553,-21312.64250603461,0.7858954088894627
cosmx_bcc_spot_0000051009,-451516.15466064535,-20922.62534917186,0.9999988440897578
cosmx_bcc_spot_0000051010,-451506.4134325752,-20565.53105092625,0.8662742387427751
cosmx_bcc_spot_0000051011,-451507.4804182211,-20247.76550068701,0.9606552418345012
cosmx_bcc_spot_0000051404,-451125.7594282191,-24186.004735136772,0.9950075837387536
cosmx_bcc_spot_0000051405,-451136.0995107476,-23854.583682505203,0.8208048198567732
cosmx_bcc_spot_0000051406,-451145.6325126566,-23446.648198634226,0.8472263935501816
cosmx_bcc_spot_0000051407,-451198.7165040898,-23104.2711825052,0.8871609966765094
cosmx_bcc_spot_0000051408,-451143.543670511,-22722.30590472742,0.9907766224443849
cosmx_bcc_spot_0000051409,-451135.51788550144,-22402.625349171863,0.8981119903552014
cosmx_bcc_spot_0000051410,-451156.2000231738,-22021.733682505197,0.99970224659966
cosmx_bcc_spot_0000051411,-451178.4821366509,-21649.52812694964,0.835782778669755
cosmx_bcc_spot_0000051412,-451131.88607907697,-21335.678920600432,0.9946012586480382
cosmx_bcc_spot_0000051413,-451144.7555248582,-20958.429836351348,0.866528103262107
cosmx_bcc_spot_0000051414,-451170.79643619107,-20585.483682505197,0.9275316398206407
cosmx_bcc_spot_0000051415,-451153.1527888539,-20252.472571394086,0.8623215231285809
cosmx_bcc_spot_0000051808,-450818.08867862076,-24190.546645468152,0.9328050322616335
cosmx_bcc_spot_0000051809,-450787.6471971393,-23797.463682505197,0.8418664585571601
cosmx_bcc_spot_0000051810,-450791.36910190113,-23454.20273012424,0.946937546380714
cosmx_bcc_spot_0000051811,-450772.08867862076,-23086.13923806075,0.8925386761698452
cosmx_bcc_spot_0000051812,-450790.12719713926,-22750.663682505194,0.9790802369325275
cosmx_bcc_spot_0000051813,-450791.9985014871,-22371.06194337476,0.9841652293169035
cosmx_bcc_spot_0000051814,-450814.68719713925,-22012.943682505196,0.9553399593242363
cosmx_bcc_spot_0000051815,-450812.2158927914,-21663.322812939976,0.8332281165357647
cosmx_bcc_spot_0000051816,-450768.08088134974,-21297.74157724204,0.891217456261207
cosmx_bcc_spot_0000051817,-450813.3028493132,-20945.105421635628,0.828585760149022
cosmx_bcc_spot_0000051818,-450808.89291142486,-20552.29796821949,0.7379795347687689
cosmx_bcc_spot_0000051819,-450771.2593710523,-20234.97498685302,0.967922199122138
cosmx_bcc_spot_0000052212,-450448.9286257107,-24206.690825362333,0.9999022768849737
cosmx_bcc_spot_0000052213,-450430.2914076655,-23805.32052461046,0.8971445229634324
cosmx_bcc_spot_0000052214,-450434.91154496535,-23488.974986853023,0.9974890343009425
cosmx_bcc_spot_0000052215,-450449.607197139,-23082.028126949648,0.7080143652390575
cosmx_bcc_spot_0000052216,-450411.6416798979,-22748.618165263815,0.9067078457708901
cosmx_bcc_spot_0000052217,-450440.1589212772,-22382.204372160366,0.9692222153346398
cosmx_bcc_spot_0000052218,-450404.8155304726,-22010.292015838528,0.9709335472119232
cosmx_bcc_spot_0000052219,-450423.34793788,-21643.842941764455,0.9856783204141115
cosmx_bcc_spot_0000052220,-450427.1214828536,-21288.783682505193,0.9646100449667181
cosmx_bcc_spot_0000052221,-450435.4071971393,-20944.983682505193,0.9590460424120731
cosmx_bcc_spot_0000052222,-450407.7738638059,-20553.208682505192,0.9945430273907969
cosmx_bcc_spot_0000052223,-450430.9520247255,-20234.514716987953,0.9984743076037809
cosmx_bcc_spot_0000052616,-450057.2968523117,-24196.445751470706,0.9572233497070051
cosmx_bcc_spot_0000052617,-450073.2225817547,-23801.69906712058,0.7555496398186813
cosmx_bcc_spot_0000052618,-450100.131006663,-23482.059872981386,0.8344011466425957
cosmx_bcc_spot_0000052619,-450032.48219713924,-23094.833682505196,0.868836509594124
cosmx_bcc_spot_0000052620,-450089.0238638059,-22755.083682505196,0.9634359337864681
cosmx_bcc_spot_0000052621,-450067.4286257107,-22394.47653964805,0.9854311380407619
cosmx_bcc_spot_0000052622,-450075.0516415837,-22032.41701583853,0.9796659977306864
cosmx_bcc_spot_0000052623,-450069.1997897319,-21708.065163986674,0.9797464103307192
cosmx_bcc_spot_0000052624,-450057.4533509854,-21293.46829788981,0.8722739124807715
cosmx_bcc_spot_0000052625,-450084.0282497708,-20981.004735136776,0.9442222076062148
cosmx_bcc_spot_0000052626,-450075.5655304726,-20551.833682505192,0.8608720180039882
cosmx_bcc_spot_0000052627,-450058.6442341763,-20253.768867690378,0.9946865847762607
cosmx_bcc_spot_0000053020,-449698.57386380597,-24173.11701583852,0.9151289854822334
cosmx_bcc_spot_0000053021,-449671.8294193614,-23841.02812694964,0.8798615429721666
cosmx_bcc_spot_0000053022,-449700.5595780916,-23416.82177774329,0.7810260363937557
cosmx_bcc_spot_0000053023,-449700.9405304726,-23107.324423245936,0.9620787118239693
cosmx_bcc_spot_0000053024,-449734.9550232262,-22694.496725983456,0.9503597821304477
cosmx_bcc_spot_0000053025,-449714.2738638059,-22414.208682505196,0.8772242978821284
cosmx_bcc_spot_0000053026,-449712.9034934356,-21993.50960843112,0.8876174263473515
cosmx_bcc_spot_0000053027,-449712.5701601022,-21680.65775657927,0.918292768408178
cosmx_bcc_spot_0000053028,-449697.1488638059,-21298.667015838528,0.9673520748342892
cosmx_bcc_spot_0000053029,-449711.6488638059,-20936.292015838528,0.9975872939643544
cosmx_bcc_spot_0000053030,-449704.73763192183,-20537.670639026932,0.887549071245783
cosmx_bcc_spot_0000053031,-449723.142911425,-20226.690825362337,0.9999489657966518
cosmx_bcc_spot_0000053424,-449329.817723455,-24200.952103557825,0.8723336902873465
cosmx_bcc_spot_0000053425,-449346.12719713926,-23796.663682505194,0.8301532562542194
cosmx_bcc_spot_0000053426,-449320.5701601022,-23438.50960843112,0.7597607628109372
cosmx_bcc_spot_0000053427,-449322.68127121334,-23129.583682505196,0.9931105362060578
cosmx_bcc_spot_0000053428,-449339.01628804835,-22817.76550068701,0.9428052135912549
cosmx_bcc_spot_0000053429,-449373.78366772743,-22402.760153093433,0.8388872563357601
cosmx_bcc_spot_0000053430,-449353.79950483155,-22009.23752865904,0.9373200972632402
cosmx_bcc_spot_0000053431,-449363.0854580088,-21644.409769461716,0.7844577992878345
cosmx_bcc_spot_0000053432,-449374.94053047255,-21300.52812694964,0.8546917624192261
cosmx_bcc_spot_0000053433,-449349.60719713924,-20958.631301552814,0.6771718252816211
cosmx_bcc_spot_0000053434,-449356.914889447,-20570.814451735965,0.9226283444476421
cosmx_bcc_spot_0000053435,-449388.44053047255,-20263.30590472742,0.8635004060602266
cosmx_bcc_spot_0000053828,-448979.34053047263,-24208.517015838523,0.8504847046067158
cosmx_bcc_spot_0000053829,-449026.51628804835,-23771.53822795974,0.7442092835971558
cosmx_bcc_spot_0000053830,-448987.4459068167,-23472.551424440677,0.7691286772714597
cosmx_bcc_spot_0000053831,-449006.8294193615,-23128.324423245936,0.8040476504422661
cosmx_bcc_spot_0000053832,-449025.6786257106,-22751.726539648058,0.4595424246003971
cosmx_bcc_spot_0000053833,-448988.0446971392,-22398.4586825052,0.5516464126302415
cosmx_bcc_spot_0000053834,-448956.0357685679,-22032.940825362337,0.9029520632922636
cosmx_bcc_spot_0000053835,-448969.85719713924,-21635.583682505192,0.9726217673784865
cosmx_bcc_spot_0000053836,-448963.142911425,-21298.190825362337,0.9157859753966195
cosmx_bcc_spot_0000053837,-448973.5271971393,-20890.983682505193,0.905261822140292
cosmx_bcc_spot_0000053838,-448979.4405304726,-20570.783682505193,0.9912000304239342
cosmx_bcc_spot_0000053839,-448996.9960860281,-20278.083682505196,0.9526728273438038
cosmx_bcc_spot_0000054232,-448723.732197139,-24151.083682505203,0.30067837332993447
cosmx_bcc_spot_0000054233,-448602.4960860279,-23819.25034917187,0.026934902569533563
cosmx_bcc_spot_0000054234,-448613.107197139,-23458.250349171867,0.004802861334954246
cosmx_bcc_spot_0000054235,-448704.482197139,-23149.583682505203,1.9881499316724446e-13
cosmx_bcc_spot_0000054236,-448527.2738638057,-22725.917015838535,0.17952985755312964
cosmx_bcc_spot_0000054237,-448619.761043293,-22368.122144043664,0.28624976395999374
cosmx_bcc_spot_0000054238,-448609.83796637005,-22023.545220966735,0.8927037526463679
cosmx_bcc_spot_0000054239,-448613.2871971393,-21668.983682505193,0.9251670495052379
cosmx_bcc_spot_0000054240,-448665.04197974794,-21292.366291200848,0.9455286505646459
cosmx_bcc_spot_0000054241,-448621.84053047263,-20966.217015838527,0.9953174711179749
cosmx_bcc_spot_0000054242,-448608.6071971393,-20572.98368250519,0.9118575637152937
cosmx_bcc_spot_0000054243,-448638.9405304724,-20314.5836825052,0.9698726491339699
cosmx_bcc_spot_0000054636,-448265.75005428185,-24207.15511107663,5.560562966777493e-13
cosmx_bcc_spot_0000054637,-448341.20719713904,-23826.5836825052,0.0483748342267844
cosmx_bcc_spot_0000054639,-448229.38497491676,-23090.91701583854,0.013566028232143612
cosmx_bcc_spot_0000054640,-448285.482197139,-22737.708682505203,0.00025677488297752945
cosmx_bcc_spot_0000054642,-448303.42537895724,-21967.220046141567,0.5620485377545942
cosmx_bcc_spot_0000054643,-448235.15265168453,-21651.67459159611,0.5758359038641329
cosmx_bcc_spot_0000054644,-448233.08088134974,-21306.636314084142,0.9773480102020046
cosmx_bcc_spot_0000054645,-448266.6571971392,-20905.733682505197,0.9226421572619473
cosmx_bcc_spot_0000054646,-448294.0071971392,-20635.833682505196,0.9646817118270313
cosmx_bcc_spot_0000055044,-447874.9405304724,-22658.5836825052,0.010004041215894814
cosmx_bcc_spot_0000055045,-447958.607197139,-22331.5836825052,0.06930782693443954
cosmx_bcc_spot_0000055046,-447938.607197139,-22028.36146028298,3.79855340528908e-05
cosmx_bcc_spot_0000055047,-447894.3571971392,-21638.5836825052,0.7364743427683219
cosmx_bcc_spot_0000055048,-447908.9405304726,-21321.87997880149,0.7908308820759381
cosmx_bcc_spot_0000055049,-447901.30164158373,-20926.667015838524,0.9201800842351272
cosmx_bcc_spot_0000055050,-447923.607197139,-20674.012253933768,0.7849220624364934
cosmx_bcc_spot_0000055444,-447549.60719713906,-24147.5836825052,2.0693818022562015e-15
cosmx_bcc_spot_0000055447,-447588.20719713904,-23093.983682505197,4.858090910970254e-06
cosmx_bcc_spot_0000055448,-447598.7738638057,-22710.5836825052,2.442705827631535e-06
cosmx_bcc_spot_0000055449,-447530.607197139,-22425.91701583854,2.0230001149886494e-15
cosmx_bcc_spot_0000055450,-447497.007197139,-22012.283682505204,0.004038159275030566
cosmx_bcc_spot_0000055451,-447500.15265168453,-21737.401864323383,4.36933664048852e-09
cosmx_bcc_spot_0000055452,-447618.8294193612,-21310.028126949645,0.5329889168179883
cosmx_bcc_spot_0000055453,-447629.9405304724,-20974.750349171863,0.5069657214341585
cosmx_bcc_spot_0000055454,-447485.9405304724,-20668.91701583853,0.35737016331022875
cosmx_bcc_spot_0000055455,-447587.2738638057,-20306.91701583853,0.00882301297996321
cosmx_bcc_spot_0000055848,-447191.007197139,-24145.183682505198,0.24721477870715744
cosmx_bcc_spot_0000055852,-447172.75005428185,-22748.15511107663,2.056428732778582e-15
cosmx_bcc_spot_0000055853,-447155.40719713905,-22433.3836825052,0.053354212821534616
cosmx_bcc_spot_0000055854,-447241.607197139,-22024.869396790917,1.9982414744771198e-15
cosmx_bcc_spot_0000055855,-447227.70719713904,-21669.2836825052,0.013090005513007676
cosmx_bcc_spot_0000063682,-440208.168700472,33068.2997781194,2.0468184093080695e-15
cosmx_bcc_spot_0000063683,-440223.6508433291,33393.54977811941,1.9516462556291824e-15
cosmx_bcc_spot_0000063684,-440292.1937004718,33740.449778119415,1.948058428265696e-15
cosmx_bcc_spot_0000063685,-440270.1508433291,34075.69263526227,3.613985619585665e-11
cosmx_bcc_spot_0000063686,-440244.1270338053,34390.0497781194,9.645952864343569e-08
cosmx_bcc_spot_0000063687,-440293.693700472,34775.5497781194,1.6092687101617806e-09
cosmx_bcc_spot_0000063688,-440359.3846095629,35204.549778119406,1.161058777563023e-15
cosmx_bcc_spot_0000063689,-440263.4603671387,35576.71644478608,1.5260147718647633e-15
cosmx_bcc_spot_0000063690,-440270.36512904335,35892.264063833696,0.4420127102377705
cosmx_bcc_spot_0000063691,-440277.01592269406,36276.99422256386,0.24645955813702985
cosmx_bcc_spot_0000063692,-440230.29370047187,36687.608601648826,0.7248113907469433
cosmx_bcc_spot_0000063693,-440295.6783158564,37011.703624273265,0.35885763298546824
cosmx_bcc_spot_0000064086,-439958.668700472,33070.4247781194,2.0049096523318544e-15
cosmx_bcc_spot_0000064087,-439930.3846095629,33362.27705084668,1.9203810940514674e-15
cosmx_bcc_spot_0000064088,-439936.89370047196,33742.94977811941,0.06718695198446094
cosmx_bcc_spot_0000064089,-439925.293700472,34112.6747781194,0.1901237766721269
cosmx_bcc_spot_0000064091,-439916.00798618625,34848.5497781194,0.03421713123338737
cosmx_bcc_spot_0000064092,-439935.4603671387,35194.13311145274,0.4682277296258443
cosmx_bcc_spot_0000064093,-439915.4841766623,35577.88311145275,0.6479760950922091
cosmx_bcc_spot_0000064094,-439932.18843731395,35913.233988645734,0.817845470205679
cosmx_bcc_spot_0000064095,-439948.41870047175,36307.25811145275,0.8615015170437945
cosmx_bcc_spot_0000064096,-439931.1603671384,36639.716444786085,0.8645688482340623
cosmx_bcc_spot_0000064097,-439919.6603671384,36981.61644478609,0.842788219592064
cosmx_bcc_spot_0000064203,-439881.413072745,75419.93757310059,9.744919191523891e-16
cosmx_bcc_spot_0000064204,-439935.213072745,75729.13757310057,9.608729674181551e-16
cosmx_bcc_spot_0000064205,-439954.3797394117,76152.6709064339,9.78008521549095e-16
cosmx_bcc_spot_0000064208,-439935.3559298879,77223.19471595774,9.45479201418088e-16
cosmx_bcc_spot_0000064209,-439931.7130727451,77533.67090643391,1.0399601862824336e-15
cosmx_bcc_spot_0000064211,-439932.07021560223,78290.76614452915,8.757385801803328e-16
cosmx_bcc_spot_0000064213,-439888.8797394117,78997.3375731006,1.0241244292397011e-15
cosmx_bcc_spot_0000064481,-439613.29566194443,29703.785647946897,1.437124131007405e-10
cosmx_bcc_spot_0000064485,-439568.87066194456,31308.710647946897,0.0016354027545711892
cosmx_bcc_spot_0000064486,-439563.7456619447,31545.835647946897,1.888264511091855e-15
cosmx_bcc_spot_0000064487,-439572.99566194456,31929.585647946897,0.07027510093229622
cosmx_bcc_spot_0000064491,-439538.793700472,33334.6747781194,1.8902259992582703e-07
cosmx_bcc_spot_0000064492,-439606.39370047196,33795.44977811941,0.1580718926796962
cosmx_bcc_spot_0000064493,-439557.693700472,34123.049778119406,0.07508215675523847
cosmx_bcc_spot_0000064494,-439513.418700472,34491.6747781194,0.5270308224679845
cosmx_bcc_spot_0000064495,-439532.56036713853,34840.949778119415,0.6451186399370973
cosmx_bcc_spot_0000064496,-439567.2937004718,35190.07609390889,0.7307370640029272
cosmx_bcc_spot_0000064497,-439558.2437004718,35569.89977811942,0.8222406355594968
cosmx_bcc_spot_0000064498,-439577.5042267876,35929.12872548783,0.9189173541242778
cosmx_bcc_spot_0000064499,-439554.0344412125,36287.0312596009,0.9265545801452575
cosmx_bcc_spot_0000064500,-439575.20674395,36662.07151724985,0.7346399185889505
cosmx_bcc_spot_0000064501,-439546.52703380503,37009.14977811942,0.9474920476080486
cosmx_bcc_spot_0000064593,-439503.16724224394,70393.36256672595,1.4175774283082185e-15
cosmx_bcc_spot_0000064594,-439561.36724224396,70708.62923339261,1.236956969166827e-15
cosmx_bcc_spot_0000064595,-439540.16724224394,71045.9181222815,1.3668470430240047e-15
cosmx_bcc_spot_0000064596,-439528.56724224397,71367.82923339261,1.0985393138128277e-15
cosmx_bcc_spot_0000064597,-439526.91724224394,71823.1542333926,1.3458729738680895e-15
cosmx_bcc_spot_0000064598,-439428.36724224396,72183.2292333926,1.561281132455499e-15
cosmx_bcc_spot_0000064606,-439504.5464060784,75088.00423976725,1.068992853164314e-15
cosmx_bcc_spot_0000064607,-439477.01307274506,75449.33757310055,1.4775974364899465e-15
cosmx_bcc_spot_0000064608,-439560.13614966813,75780.33757310057,1.482919113088513e-15
cosmx_bcc_spot_0000064609,-439518.81307274505,76166.53757310058,1.1218793054062203e-15
cosmx_bcc_spot_0000064610,-439543.10196163395,76524.33757310058,9.986530435082214e-16
cosmx_bcc_spot_0000064611,-439560.413072745,76850.53757310056,1.0589903146644533e-15
cosmx_bcc_spot_0000064612,-439533.49878703075,77190.6232873863,1.0321214347923113e-15
cosmx_bcc_spot_0000064613,-439515.3380727451,77570.83757310058,1.4525262073675838e-15
cosmx_bcc_spot_0000064614,-439588.76862830063,77926.55979532281,1.398391749310712e-15
cosmx_bcc_spot_0000064615,-439535.7585272905,78314.88302764605,1.684382662015268e-15
cosmx_bcc_spot_0000064616,-439497.7845013165,78591.6232873863,1.331037415860995e-15
cosmx_bcc_spot_0000064617,-439549.39489092684,79017.79211855514,1.3153861013989239e-15
cosmx_bcc_spot_0000064883,-439103.99566194444,29119.085647946897,1.959588425742732e-15
cosmx_bcc_spot_0000064884,-439078.4956619447,29457.085647946897,1.9823208056817384e-15
cosmx_bcc_spot_0000064885,-439090.3418157905,29771.585647946904,0.10921525932675313
cosmx_bcc_spot_0000064886,-439091.7456619449,30070.210647946897,4.484536022027936e-15
cosmx_bcc_spot_0000064889,-439222.4956619447,31301.752314613565,1.3876333454570075e-15
cosmx_bcc_spot_0000064890,-439201.49566194473,31558.728505089755,1.3163688858526708e-15
cosmx_bcc_spot_0000064891,-439217.69566194445,31911.985647946898,4.946371929927319e-15
cosmx_bcc_spot_0000064892,-439194.40475285385,32344.5856479469,0.3228921639866192
cosmx_bcc_spot_0000064894,-439208.43409276643,33054.356952084905,0.6915109710843964
cosmx_bcc_spot_0000064895,-439177.2937004719,33379.90692097655,1.672258232131445e-10
cosmx_bcc_spot_0000064896,-439183.98600816424,33722.93439350402,1.2165169998788996e-15
cosmx_bcc_spot_0000064897,-439173.293700472,34114.94977811941,1.6080819722821282e-15
cosmx_bcc_spot_0000064898,-439216.4475466258,34515.24208581172,0.29190914641746324
cosmx_bcc_spot_0000064899,-439201.86512904335,34856.478349547986,0.7032807492661285
cosmx_bcc_spot_0000064900,-439209.3603671386,35249.14977811941,0.8149980356585493
cosmx_bcc_spot_0000064901,-439191.96036713856,35586.683111452745,0.9033177986616667
cosmx_bcc_spot_0000064902,-439228.2502222109,35929.24543029333,0.893773153023905
cosmx_bcc_spot_0000064903,-439200.3437004718,36287.59977811942,0.9166511445325891
cosmx_bcc_spot_0000064904,-439198.1573368354,36676.73159630124,0.942387586114631
cosmx_bcc_spot_0000064905,-439205.06293124094,37026.665162734804,0.8775001910615747
cosmx_bcc_spot_0000064921,-439266.280553441,42858.98057248826,0.5640763537093002
cosmx_bcc_spot_0000064922,-439224.3876962982,43194.17104867874,0.3550057346715377
cosmx_bcc_spot_0000064923,-439286.93055344105,43563.7139058216,0.17788561826816357
cosmx_bcc_spot_0000064924,-439178.93055344105,43882.013905821594,0.03998707886125556
cosmx_bcc_spot_0000064925,-439158.36388677434,44215.64723915493,1.6851519663395783e-15
cosmx_bcc_spot_0000064926,-439126.130553441,44578.513905821594,1.4523464753615965e-15
cosmx_bcc_spot_0000064994,-439205.5005755773,69209.86256672595,1.922824550629797e-15
cosmx_bcc_spot_0000064995,-439158.56724224397,69585.4292333926,1.7056397896910709e-10
cosmx_bcc_spot_0000064997,-439201.83390891063,70329.25145561482,0.043615855013251596
cosmx_bcc_spot_0000064998,-439173.66724224394,70690.36256672595,1.7821893875252463e-15
cosmx_bcc_spot_0000065000,-439207.91724224394,71466.27923339259,0.16392140100072825
cosmx_bcc_spot_0000065001,-439189.22974224394,71776.09173339259,0.49526909956346676
cosmx_bcc_spot_0000065002,-439189.88152795826,72214.7435191069,0.28900425469547064
cosmx_bcc_spot_0000065010,-439174.76862830063,75097.55979532277,1.6221423628352542e-15
cosmx_bcc_spot_0000065011,-439201.213072745,75377.93757310057,6.254419328194619e-13
cosmx_bcc_spot_0000065012,-439192.13614966813,75768.87603463905,0.0747172301719346
cosmx_bcc_spot_0000065013,-439187.0880727451,76149.40007310057,0.04022550553057465
cosmx_bcc_spot_0000065014,-439151.6676181996,76511.88302764602,0.04108235944994527
cosmx_bcc_spot_0000065015,-439169.624837451,76834.57286721822,1.4507681627641631e-15
cosmx_bcc_spot_0000065016,-439162.6746112066,77173.18372694674,1.4978553332003281e-15
cosmx_bcc_spot_0000065017,-439210.413072745,77553.13757310055,1.4216920493782405e-09
cosmx_bcc_spot_0000065018,-439202.2130727451,77940.41449617749,1.615102791910612e-15
cosmx_bcc_spot_0000065019,-439158.03125456325,78280.06484582786,2.293626906939606e-09
cosmx_bcc_spot_0000065020,-439237.98230351426,78682.26065002364,0.01196912761994198
cosmx_bcc_spot_0000065021,-439108.49878703075,79031.19471595771,0.30948955448502014
cosmx_bcc_spot_0000065281,-438681.69827724097,26848.421517774404,2.0548698243322547e-15
cosmx_bcc_spot_0000065283,-438671.498277241,27628.821517774406,0.030773394597796586
cosmx_bcc_spot_0000065286,-438828.58605423913,28751.391028421036,1.9270018546121037e-15
cosmx_bcc_spot_0000065287,-438862.1298082858,29038.049062581063,1.959175298438836e-15
cosmx_bcc_spot_0000065288,-438851.62386707263,29399.45744281871,1.9653197543924148e-15
cosmx_bcc_spot_0000065289,-438872.4956619443,29705.312920674172,0.05040885395915228
cosmx_bcc_spot_0000065290,-438926.5956619446,30109.3856479469,0.11416706282210401
cosmx_bcc_spot_0000065291,-438878.82899527816,30481.696759058006,5.105190084261064e-07
cosmx_bcc_spot_0000065292,-438871.8706619448,30877.460647946897,0.2038222183817126
cosmx_bcc_spot_0000065293,-438793.1956619446,31221.8856479469,0.17893919934345773
cosmx_bcc_spot_0000065294,-438844.03412348306,31582.97026333152,1.8858460860614293e-15
cosmx_bcc_spot_0000065295,-438839.22293467174,31933.494738855992,0.0754067765873473
cosmx_bcc_spot_0000065296,-438829.5581619445,32306.023147946908,0.7143820266729205
cosmx_bcc_spot_0000065297,-438828.60677305586,32681.252314613565,0.7271472008800215
cosmx_bcc_spot_0000065298,-438824.4053564363,33027.22640862705,0.6746703266970328
cosmx_bcc_spot_0000065299,-438847.79370047175,33350.75811145275,1.5631773050494584e-15
cosmx_bcc_spot_0000065300,-438835.4603671385,33722.16088923052,1.4672723606713785e-15
cosmx_bcc_spot_0000065301,-438851.61188228993,34132.82250539214,0.41436179944368257
cosmx_bcc_spot_0000065302,-438823.9779109981,34481.60240969836,0.866811112251312
cosmx_bcc_spot_0000065303,-438837.2270338052,34874.54977811941,0.7994883685160142
cosmx_bcc_spot_0000065304,-438838.23120047187,35165.92477811941,0.8826766184804126
cosmx_bcc_spot_0000065305,-438845.6466416483,35567.84389576648,0.8443800591696308
cosmx_bcc_spot_0000065306,-438832.79370047175,35926.79977811942,0.947704382058725
cosmx_bcc_spot_0000065307,-438840.7147531034,36269.97083075099,0.9365713404068483
cosmx_bcc_spot_0000065308,-438839.7937004718,36640.74977811942,0.9485198230852706
cosmx_bcc_spot_0000065309,-438836.04370047175,37022.42477811942,0.9455000190720121
cosmx_bcc_spot_0000065325,-438841.97499788547,42879.20279471049,1.7448325622976695e-15
cosmx_bcc_spot_0000065326,-438807.8382457488,43238.0062135139,0.6047201044118392
cosmx_bcc_spot_0000065327,-438805.1972201078,43547.180572488265,0.17611592680335655
cosmx_bcc_spot_0000065328,-438807.1972201077,43885.39723915493,0.21306742507615395
cosmx_bcc_spot_0000065329,-438861.530553441,44275.02819153589,0.20083790455008285
cosmx_bcc_spot_0000065330,-438830.25782616826,44619.222996730685,1.5050634504811129e-15
cosmx_bcc_spot_0000065331,-438863.030553441,44929.98057248827,1.5234937623924796e-15
cosmx_bcc_spot_0000065332,-438804.93055344105,45372.913905821595,1.9318213936036003e-15
cosmx_bcc_spot_0000065396,-438844.0561311328,68540.0292333926,1.998204909728569e-15
cosmx_bcc_spot_0000065398,-438827.55185762857,69289.4138487772,1.624694019869798e-10
cosmx_bcc_spot_0000065399,-438758.967242244,69577.2292333926,1.7783593829135174e-15
cosmx_bcc_spot_0000065400,-438864.4529565297,69886.31494767833,1.6860516720849574e-15
cosmx_bcc_spot_0000065401,-438822.80360588036,70314.75650611987,1.5244313181444897e-15
cosmx_bcc_spot_0000065402,-438815.83390891063,70688.58478894815,1.4429041052156033e-15
cosmx_bcc_spot_0000065403,-438833.85954993626,71053.33692570028,1.443743894849632e-15
cosmx_bcc_spot_0000065404,-438829.0958136725,71394.60066196401,0.3885390542975008
cosmx_bcc_spot_0000065405,-438855.06724224397,71778.6292333926,0.31317126719125704
cosmx_bcc_spot_0000065406,-438851.6339089106,72163.22923339259,0.47746273086077673
cosmx_bcc_spot_0000065407,-438846.33390891063,72402.19590005928,0.7945650474475442
cosmx_bcc_spot_0000065414,-438803.213072745,75128.73757310059,0.0009405791896366079
cosmx_bcc_spot_0000065415,-438883.2130727451,75422.33757310057,0.20867687448988195
cosmx_bcc_spot_0000065416,-438826.0797394117,75783.6709064339,0.2999921576193285
cosmx_bcc_spot_0000065417,-438809.6746112066,76138.02988079289,0.6118388685919824
cosmx_bcc_spot_0000065418,-438852.99878703075,76497.15900167201,0.7105374095722149
cosmx_bcc_spot_0000065419,-438877.5880727451,76830.87923976725,0.5446821246671879
cosmx_bcc_spot_0000065420,-438858.4438419758,77197.56834233136,0.22012787135949485
cosmx_bcc_spot_0000065421,-438853.3380727451,77567.21257310058,1.625095007201772e-15
cosmx_bcc_spot_0000065422,-438856.4352949673,77938.55979532278,1.5384763002617318e-15
cosmx_bcc_spot_0000065423,-438857.2130727451,78247.4914192544,0.026951848616056456
cosmx_bcc_spot_0000065424,-438811.02259655454,78695.24233500534,0.4363776662906317
cosmx_bcc_spot_0000065425,-438855.81307274505,79036.73757310057,0.6580341301041414
cosmx_bcc_spot_0000065679,-438430.473277241,24661.4965177744,1.6706367338415967e-15
cosmx_bcc_spot_0000065680,-438372.2649439077,25047.1215177744,1.3073933116741296e-15
cosmx_bcc_spot_0000065681,-438455.098277241,25471.95485110774,0.06608626932066328
cosmx_bcc_spot_0000065682,-438483.91645905917,25800.07606322895,0.0003369877222567967
cosmx_bcc_spot_0000065683,-438521.74533606454,26210.033282480294,1.214691564985253e-11
cosmx_bcc_spot_0000065684,-438494.723277241,26508.121517774412,1.9916646331150485e-15
cosmx_bcc_spot_0000065685,-438516.4853740152,26890.008614548606,1.8903552909759005e-15
cosmx_bcc_spot_0000065686,-438504.4828926256,27233.31382546672,9.1643196187495e-08
cosmx_bcc_spot_0000065687,-438471.64373178646,27593.0306086835,0.18802437297480698
cosmx_bcc_spot_0000065688,-438489.723277241,27942.788184441077,0.020369918830885455
cosmx_bcc_spot_0000065689,-438485.81256295525,28323.192946345836,1.8283789206589625e-15
cosmx_bcc_spot_0000065690,-438467.8965337102,28726.53093788941,2.5763038344673057e-09
cosmx_bcc_spot_0000065691,-438530.99566194473,29015.210647946908,1.4695469836250083e-15
cosmx_bcc_spot_0000065692,-438478.34181579074,29377.893340254595,1.798507998065448e-15
cosmx_bcc_spot_0000065693,-438471.4956619445,29746.893340254595,0.27213224449184725
cosmx_bcc_spot_0000065694,-438437.8706619447,30133.460647946897,0.23668097641815744
cosmx_bcc_spot_0000065696,-438451.3845508334,30906.252314613565,0.13116147198049438
cosmx_bcc_spot_0000065697,-438483.02197773417,31210.16459531533,0.26129185223876744
cosmx_bcc_spot_0000065698,-438477.6956619448,31564.93564794691,0.6563865372576808
cosmx_bcc_spot_0000065699,-438442.8869662923,31935.67260446865,0.8232196291004545
cosmx_bcc_spot_0000065700,-438456.99566194473,32304.58564794691,0.7926964944344789
cosmx_bcc_spot_0000065701,-438501.62899527786,32658.185647946906,0.7842774787157999
cosmx_bcc_spot_0000065702,-438483.9035978952,33016.69946761037,0.7535971859531467
cosmx_bcc_spot_0000065703,-438523.5437004718,33405.54977811941,1.4748499637796033e-15
cosmx_bcc_spot_0000065704,-438467.67831585655,33743.93439350402,1.4323603664947037e-15
cosmx_bcc_spot_0000065705,-438502.2937004718,34113.16882573847,0.17815853448655247
cosmx_bcc_spot_0000065706,-438482.54370047175,34477.92477811942,0.8724863181441945
cosmx_bcc_spot_0000065707,-438492.10620047187,34837.79977811941,0.9190165820761405
cosmx_bcc_spot_0000065708,-438498.8937004719,35212.54977811941,0.8881365721717378
cosmx_bcc_spot_0000065709,-438486.51592269406,35569.716444786085,0.9033398261088107
cosmx_bcc_spot_0000065710,-438458.9437004718,35916.04977811941,0.9479060810259805
cosmx_bcc_spot_0000065711,-438471.67465285276,36318.40692097656,0.9043052779423155
cosmx_bcc_spot_0000065712,-438468.75203380507,36627.341444786085,0.9188122910885688
cosmx_bcc_spot_0000065713,-438489.2502222109,37015.81064768464,0.9577041948082264
cosmx_bcc_spot_0000065729,-438480.405553441,42884.4389058216,2.1161315115967424e-08
cosmx_bcc_spot_0000065730,-438497.64166455215,43208.20279471049,0.36070518036862065
cosmx_bcc_spot_0000065731,-438459.66388677445,43503.447239154935,1.9079321212216346e-15
cosmx_bcc_spot_0000065732,-438521.3767072872,43924.69852120622,3.0760226244752266e-09
cosmx_bcc_spot_0000065733,-438457.8941898046,44220.49572400341,0.351720995978168
cosmx_bcc_spot_0000065734,-438500.76132267184,44600.390828898526,0.02395220943278538
cosmx_bcc_spot_0000065735,-438445.88769629825,44987.38533439303,1.6000175438656908e-15
cosmx_bcc_spot_0000065736,-438458.93055344105,45332.11390582159,1.2773073733645556e-15
cosmx_bcc_spot_0000065738,-438456.67341058387,46063.599620107314,1.9027694593810503e-15
cosmx_bcc_spot_0000065799,-438469.767242244,68251.82923339261,0.4116616734604619
cosmx_bcc_spot_0000065800,-438511.0243851011,68457.0292333926,1.7057783328020897e-08
cosmx_bcc_spot_0000065801,-438476.27835335507,68877.69590005926,0.2340581764664323
cosmx_bcc_spot_0000065802,-438569.50057557726,69251.0292333926,1.8146609897155928e-15
cosmx_bcc_spot_0000065803,-438482.33390891063,69595.86256672595,0.06175285384723069
cosmx_bcc_spot_0000065804,-438469.0005755773,69993.19590005928,0.01028935729684314
cosmx_bcc_spot_0000065805,-438466.2581513349,70317.84741521078,0.016121727425178957
cosmx_bcc_spot_0000065806,-438467.33390891063,70672.80701117037,0.1948868898981669
cosmx_bcc_spot_0000065807,-438451.4529565297,71066.0292333926,0.18418097067580952
cosmx_bcc_spot_0000065808,-438490.2441653209,71430.87538723875,0.5476555970640059
cosmx_bcc_spot_0000065809,-438474.81724224397,71793.12923339258,0.15943998147213898
cosmx_bcc_spot_0000065810,-438507.03390891064,72125.76256672593,0.15698749403847514
cosmx_bcc_spot_0000065811,-438464.167242244,72393.62923339261,0.5012224455350969
cosmx_bcc_spot_0000065818,-438459.3797394117,75105.58757310057,1.5663690059903226e-15
cosmx_bcc_spot_0000065819,-438453.81307274505,75430.83757310057,1.7183967309959612e-15
cosmx_bcc_spot_0000065820,-438483.13614966813,75804.41449617752,0.07526452964257946
cosmx_bcc_spot_0000065821,-438503.5174205711,76129.07670353538,0.4276595575513155
cosmx_bcc_spot_0000065822,-438493.7130727451,76472.33757310058,0.37919375884790857
cosmx_bcc_spot_0000065823,-438512.3380727451,76821.77507310058,0.09677463896732579
cosmx_bcc_spot_0000065824,-438454.01307274506,77199.40423976725,0.3819123638618724
cosmx_bcc_spot_0000065825,-438455.3380727451,77563.52507310058,0.8151765417822147
cosmx_bcc_spot_0000065826,-438478.163072745,77917.08757310058,0.8699597830592658
cosmx_bcc_spot_0000065827,-438487.03125456325,78295.79211855512,0.8180741949892048
cosmx_bcc_spot_0000065828,-438496.713072745,78628.43757310059,0.7783418318199328
cosmx_bcc_spot_0000065829,-438493.1261162233,79002.94626875277,0.6566545656749654
cosmx_bcc_spot_0000066083,-438131.73464087734,24754.894245047133,1.6203188364333994e-15
cosmx_bcc_spot_0000066084,-438112.6865125351,25073.562694244996,1.4852939192909273e-15
cosmx_bcc_spot_0000066085,-438103.018277241,25428.54151777441,0.23215812839951447
cosmx_bcc_spot_0000066086,-438128.48958158883,25773.79543081789,3.6097828832195704e-08
cosmx_bcc_spot_0000066087,-438119.14175550186,26138.70847429615,0.3723236376448011
cosmx_bcc_spot_0000066088,-438103.5176320797,26503.55700164538,0.2639766922365698
cosmx_bcc_spot_0000066089,-438113.32049946324,26884.343739996635,1.445633104015362e-15
cosmx_bcc_spot_0000066090,-438125.33357135864,27226.44504718618,0.3562803159527261
cosmx_bcc_spot_0000066091,-438124.99301408307,27613.884675669146,0.20405637262882786
cosmx_bcc_spot_0000066092,-438156.498277241,27951.87151777441,1.729907958929257e-15
cosmx_bcc_spot_0000066093,-438140.88399152673,28340.907232060126,1.3699321063650001e-15
cosmx_bcc_spot_0000066094,-438120.5516339246,28668.696122398265,0.0011577694832485988
cosmx_bcc_spot_0000066095,-438091.41232861165,29064.585647946904,1.3049116631915196e-15
cosmx_bcc_spot_0000066096,-438132.12066194473,29413.523147946908,0.12566323615735245
cosmx_bcc_spot_0000066097,-438118.669574988,29730.06390881648,0.47333366086346734
cosmx_bcc_spot_0000066098,-438119.7099476588,30141.29993366119,0.40371441158083327
cosmx_bcc_spot_0000066099,-438122.2456619446,30504.502314613568,0.5861844513522608
cosmx_bcc_spot_0000066100,-438054.6289952779,30850.11898128024,0.15752240555192973
cosmx_bcc_spot_0000066101,-438090.6067730557,31226.418981280243,0.6499278463317644
cosmx_bcc_spot_0000066102,-438126.70618826046,31579.58564794691,0.7554737128144334
cosmx_bcc_spot_0000066103,-438115.8956619445,31944.035647946912,0.8550100464909811
cosmx_bcc_spot_0000066104,-438090.9242333731,32283.79993366119,0.8811672775287519
cosmx_bcc_spot_0000066105,-438131.02899527806,32641.31898128024,0.9206461827964003
cosmx_bcc_spot_0000066106,-438140.7723877485,33031.34018460366,0.5900462130866463
cosmx_bcc_spot_0000066107,-438102.03283090657,33378.20195203246,1.3141294183737343e-15
cosmx_bcc_spot_0000066108,-438122.12703380507,33761.42477811942,1.2579483784450636e-15
cosmx_bcc_spot_0000066109,-438133.3846095627,34150.3679599376,0.4648756371274021
cosmx_bcc_spot_0000066110,-438109.0437004718,34481.04977811941,0.877935146547973
cosmx_bcc_spot_0000066111,-438135.67831585655,34831.088239657875,0.8923470777352993
cosmx_bcc_spot_0000066112,-438129.6437004718,35203.29977811941,0.9195655900291454
cosmx_bcc_spot_0000066113,-438128.58536713844,35553.42477811942,0.8894247058847047
cosmx_bcc_spot_0000066114,-438088.4603671385,35952.716444786085,0.9432303884103304
cosmx_bcc_spot_0000066115,-438086.7552389335,36261.93439350402,0.8884771262188157
cosmx_bcc_spot_0000066116,-438128.66870047175,36650.75811145275,0.9625431027990423
cosmx_bcc_spot_0000066117,-438143.7054651777,37030.66742517824,0.9399830020734141
cosmx_bcc_spot_0000066118,-438076.54244203295,37398.08533686332,0.950351775955469
cosmx_bcc_spot_0000066119,-438088.28847377904,37717.40279718079,0.9356844688366235
cosmx_bcc_spot_0000066120,-438055.96625155676,38099.04724162523,0.8349491874133692
cosmx_bcc_spot_0000066121,-438057.14958489005,38402.930574958555,0.9635214804559783
cosmx_bcc_spot_0000066122,-438073.23291822337,38810.680574958555,1.642400327433224e-15
cosmx_bcc_spot_0000066123,-438093.19958489,39156.113908291896,1.9148127713916606e-15
cosmx_bcc_spot_0000066124,-438034.7884737788,39530.18057495856,0.38064525503406954
cosmx_bcc_spot_0000066125,-438055.29958488996,39910.91390829189,0.8128152851915913
cosmx_bcc_spot_0000066126,-438027.77458488994,40255.1389082919,0.8127310210317928
cosmx_bcc_spot_0000066127,-438069.5662515566,40582.84724162523,0.260094362559767
cosmx_bcc_spot_0000066129,-438076.77458488994,41358.8889082919,5.788281592566379e-08
cosmx_bcc_spot_0000066133,-438149.3876962982,42862.3139058216,0.0003278592774324363
cosmx_bcc_spot_0000066134,-438101.10198201245,43160.885334393024,1.7830417555016023e-15
cosmx_bcc_spot_0000066135,-438111.33055344113,43577.84723915494,0.01201479226011147
cosmx_bcc_spot_0000066136,-438098.9472201077,43904.48057248827,5.548074193775699e-10
cosmx_bcc_spot_0000066137,-438082.4194423301,44213.53612804384,0.048960139736424206
cosmx_bcc_spot_0000066138,-438122.2527756634,44643.03612804384,0.3671818221365801
cosmx_bcc_spot_0000066139,-438086.69722010783,44969.48057248828,0.018415263828979858
cosmx_bcc_spot_0000066140,-438143.25782616826,45344.586633094324,1.493374811946814e-15
cosmx_bcc_spot_0000066141,-438141.97499788547,45680.425016932706,1.3123725044905964e-15
cosmx_bcc_spot_0000066142,-438141.530553441,46046.513905821594,1.5627336590382693e-15
cosmx_bcc_spot_0000066143,-438018.86388677434,46413.8139058216,1.7122115302780599e-15
cosmx_bcc_spot_0000066204,-438110.47493455163,68496.64461800797,0.23809329052303602
cosmx_bcc_spot_0000066205,-438091.6287807055,68880.4138487772,0.5428458807896943
cosmx_bcc_spot_0000066206,-438117.9319481263,69245.20570398083,0.5529494432287657
cosmx_bcc_spot_0000066207,-438068.33390891063,69601.94590005926,0.6060203922889127
cosmx_bcc_spot_0000066208,-438132.667242244,69952.02923339259,0.3446265602897361
cosmx_bcc_spot_0000066209,-438100.79224224394,70330.02923339259,0.8754928579299082
cosmx_bcc_spot_0000066210,-438122.07633315306,70699.75650611985,0.7157780537554718
cosmx_bcc_spot_0000066211,-438079.96724224393,71048.4292333926,0.2577932099578929
cosmx_bcc_spot_0000066212,-438113.2339089106,71437.76256672593,0.4685536948097325
cosmx_bcc_spot_0000066213,-438154.6935580334,71771.66081233995,0.7340899028582389
cosmx_bcc_spot_0000066214,-438139.167242244,72122.4292333926,0.001222417138388283
cosmx_bcc_spot_0000066222,-438063.64164417365,75103.6232873863,0.16399973865045994
cosmx_bcc_spot_0000066223,-438124.7348118755,75380.68539918754,0.06892839022119328
cosmx_bcc_spot_0000066224,-438087.01307274506,75794.23757310057,1.3059058978628519e-15
cosmx_bcc_spot_0000066225,-438089.01307274506,76107.83757310058,1.0844290278925363e-15
cosmx_bcc_spot_0000066226,-438135.64164417365,76495.48043024343,1.4854143322983636e-15
cosmx_bcc_spot_0000066227,-438128.6297394117,76846.75423976725,0.3331334288163816
cosmx_bcc_spot_0000066228,-438123.49878703075,77223.62328738629,0.7514323883706828
cosmx_bcc_spot_0000066229,-438098.03125456325,77551.5193912824,0.8084341899651231
cosmx_bcc_spot_0000066230,-438122.39489092684,77914.92848219149,0.7700893619170173
cosmx_bcc_spot_0000066231,-438149.6676181996,78274.70120946423,0.930007447551858
cosmx_bcc_spot_0000066232,-438121.03125456325,78669.20120946423,0.832942261981364
cosmx_bcc_spot_0000066233,-438131.11307274504,79041.38757310058,0.09614923868325577
cosmx_bcc_spot_0000066245,-437996.15771832305,83350.6198911163,5.846352134252637e-11
cosmx_bcc_spot_0000066486,-437743.098277241,24465.28818444107,0.028933264974944903
cosmx_bcc_spot_0000066487,-437766.88088593667,24677.57803951354,0.036323383027697526
cosmx_bcc_spot_0000066488,-437754.25212339486,25062.352287005182,0.31566247308488743
cosmx_bcc_spot_0000066489,-437729.2649439077,25424.988184441077,0.11058064072126471
cosmx_bcc_spot_0000066490,-437749.9828926256,25780.81382546672,1.6100324722258486e-15
cosmx_bcc_spot_0000066491,-437741.28875343147,26151.19294634584,0.27722544276770555
cosmx_bcc_spot_0000066492,-437738.8351193463,26516.253096721783,0.6980692338073644
cosmx_bcc_spot_0000066493,-437742.14373178646,26890.48515413805,1.542675499246104e-15
cosmx_bcc_spot_0000066494,-437775.37605501874,27261.565962218858,0.4991453960987434
cosmx_bcc_spot_0000066495,-437742.04272168543,27642.177073329967,0.046431330289433304
cosmx_bcc_spot_0000066496,-437792.32904647174,27947.006133159026,1.0620219486569555e-15
cosmx_bcc_spot_0000066497,-437721.15383279655,28312.565962218858,1.439069758917113e-15
cosmx_bcc_spot_0000066498,-437699.36981574254,28701.605213307357,1.111224637145936e-15
cosmx_bcc_spot_0000066499,-437752.49566194444,29063.15707651834,1.0042069173863007e-15
cosmx_bcc_spot_0000066500,-437758.78137623024,29396.085647946915,0.04355949186115312
cosmx_bcc_spot_0000066501,-437756.448042897,29745.347552708816,0.809692036854779
cosmx_bcc_spot_0000066502,-437749.05121750035,30083.752314613575,0.7699987694663062
cosmx_bcc_spot_0000066503,-437739.5544854742,30544.23270677044,0.7799857533398773
cosmx_bcc_spot_0000066504,-437769.12899527774,30831.785647946916,0.7049692447924147
cosmx_bcc_spot_0000066505,-437756.77566194447,31206.065647946914,0.7943294909117656
cosmx_bcc_spot_0000066506,-437765.0581619445,31576.898147946908,0.9033665132383032
cosmx_bcc_spot_0000066507,-437742.60677305586,31951.974536835798,0.9349294316270471
cosmx_bcc_spot_0000066508,-437774.8138437629,32291.494738856003,0.9439201026759405
cosmx_bcc_spot_0000066509,-437739.41232861107,32642.46064794691,0.9607449855921942
cosmx_bcc_spot_0000066510,-437759.5609392347,33027.43524015244,0.5669572793190224
cosmx_bcc_spot_0000066511,-437749.34633205074,33382.812936014154,1.072466264848578e-15
cosmx_bcc_spot_0000066512,-437773.9458743848,33719.593256380285,1.3742815469058067e-15
cosmx_bcc_spot_0000066513,-437753.42413525435,34118.07151724985,0.11684986438155812
cosmx_bcc_spot_0000066514,-437763.86512904335,34478.54977811941,0.838502259510743
cosmx_bcc_spot_0000066515,-437764.19846237655,34834.740254309894,0.9123246054007573
cosmx_bcc_spot_0000066516,-437747.43655761465,35197.54977811941,0.9386939959329992
cosmx_bcc_spot_0000066517,-437774.2270338052,35547.21644478608,0.9618219127826424
cosmx_bcc_spot_0000066518,-437766.5714782496,35955.716444786085,0.9417644714660951
cosmx_bcc_spot_0000066519,-437725.1573368354,36301.27705084669,0.9571680946649925
cosmx_bcc_spot_0000066520,-437777.0437004718,36669.449778119415,0.9549060915874216
cosmx_bcc_spot_0000066521,-437774.1437004718,37018.54977811941,0.9437484768792692
cosmx_bcc_spot_0000066522,-437768.19958489016,37374.3139082919,0.971056392892628
cosmx_bcc_spot_0000066523,-437755.11011120596,37736.46127671296,0.7689722075794112
cosmx_bcc_spot_0000066524,-437739.60228759254,38092.35174612975,0.9800717632570263
cosmx_bcc_spot_0000066525,-437748.2457387361,38433.82160059961,0.9427872478100199
cosmx_bcc_spot_0000066526,-437763.89958489,38836.87754465553,1.6848676752641072e-15
cosmx_bcc_spot_0000066527,-437799.0424420328,39166.37105114904,0.09913310770475899
cosmx_bcc_spot_0000066528,-437763.99958489015,39530.6139082919,0.8598632852233291
cosmx_bcc_spot_0000066529,-437769.5870848901,39908.4514082919,0.8682403712190462
cosmx_bcc_spot_0000066530,-437743.7231143019,40242.74920240955,0.9001823382636035
cosmx_bcc_spot_0000066531,-437696.1303541208,40544.28313906112,0.8148706675512781
cosmx_bcc_spot_0000066533,-437736.0870848901,41334.2639082919,0.003935105153592551
cosmx_bcc_spot_0000066537,-437754.530553441,42884.885334393024,4.7367886779485666e-12
cosmx_bcc_spot_0000066538,-437716.7123716228,43140.222996730685,1.3479202055398445e-15
cosmx_bcc_spot_0000066539,-437824.280553441,43558.3139058216,0.14111150842845574
cosmx_bcc_spot_0000066540,-437754.19722010795,43911.68890582162,0.3643919337872203
cosmx_bcc_spot_0000066541,-437736.6074765182,44243.58313659085,0.401013005362362
cosmx_bcc_spot_0000066542,-437763.1972201077,44663.86946137715,0.07857961478473491
cosmx_bcc_spot_0000066543,-437756.78055344115,44989.68890582161,0.49632838339074803
cosmx_bcc_spot_0000066544,-437749.38769629825,45341.528191535894,1.7413266818101936e-15
cosmx_bcc_spot_0000066545,-437759.36388677434,45683.3139058216,1.5122537176925063e-15
cosmx_bcc_spot_0000066546,-437763.155553441,46051.1889058216,1.3441188893978248e-15
cosmx_bcc_spot_0000066547,-437774.530553441,46390.61390582159,1.2963354049295367e-15
cosmx_bcc_spot_0000066548,-437720.67341058387,46707.45676296445,1.4706079207154742e-15
cosmx_bcc_spot_0000066608,-437762.54224224394,68530.52923339259,0.409951471451112
cosmx_bcc_spot_0000066609,-437744.16724224394,68892.33692570028,0.4142245505704458
cosmx_bcc_spot_0000066610,-437741.39451497124,69258.02923339258,0.804263648396387
cosmx_bcc_spot_0000066611,-437739.64092645445,69614.7134439189,0.7924002872378715
cosmx_bcc_spot_0000066612,-437794.4025363616,69962.44099809846,0.8095328859525917
cosmx_bcc_spot_0000066613,-437758.22606577334,70352.20570398083,0.8594468100599361
cosmx_bcc_spot_0000066614,-437780.8100993868,70692.02923339259,0.9403295768109624
cosmx_bcc_spot_0000066615,-437758.5308786076,71058.1201424835,0.44328868426849977
cosmx_bcc_spot_0000066616,-437780.0958136725,71430.67209053545,0.48129527991105003
cosmx_bcc_spot_0000066617,-437755.7505755773,71758.77923339259,8.848324453989048e-11
cosmx_bcc_spot_0000066618,-437746.66724224394,72133.5292333926,1.7826255599692257e-15
cosmx_bcc_spot_0000066626,-437789.0797394117,75108.93757310059,0.9854113047416614
cosmx_bcc_spot_0000066627,-437778.2871468191,75403.1523879154,0.6520226475523918
cosmx_bcc_spot_0000066628,-437737.0880727451,75789.08757310058,0.27873362931773116
cosmx_bcc_spot_0000066629,-437738.82845736045,76128.95295771597,9.267974364607074e-16
cosmx_bcc_spot_0000066630,-437749.57670910866,76472.88302764604,1.0678879395505968e-15
cosmx_bcc_spot_0000066631,-437778.9053804374,76825.64526540827,0.1737382990731027
cosmx_bcc_spot_0000066632,-437748.0255727451,77233.0250731006,0.34284440986069786
cosmx_bcc_spot_0000066633,-437692.5660139215,77603.10227898294,0.8231685196706833
cosmx_bcc_spot_0000066634,-437734.1297394117,77955.37923976725,0.8683965039069031
cosmx_bcc_spot_0000066635,-437735.7585272905,78270.20120946421,0.8893848127264583
cosmx_bcc_spot_0000066636,-437751.5579003313,78671.54446965233,0.9114435872998302
cosmx_bcc_spot_0000066637,-437754.2130727451,79032.83757310061,0.9056841104111545
cosmx_bcc_spot_0000066638,-437777.3797394117,79242.3375731006,0.9706781559933334
cosmx_bcc_spot_0000066648,-437704.8541468945,83010.6198911163,6.7315458096169e-05
cosmx_bcc_spot_0000066649,-437716.0952183231,83341.30739111631,2.0022819716301352e-15
cosmx_bcc_spot_0000066890,-437414.4316105743,24472.28818444107,0.41213552152203775
cosmx_bcc_spot_0000066891,-437391.6220867648,24676.57389872679,0.1482937122142676
cosmx_bcc_spot_0000066892,-437388.0149439077,25091.95485110774,0.023521714185742542
cosmx_bcc_spot_0000066893,-437391.20542009815,25396.8358034887,0.5765210139493653
cosmx_bcc_spot_0000066894,-437403.7649439077,25811.19294634584,0.6395681238684325
cosmx_bcc_spot_0000066895,-437407.46191360464,26128.5306086835,0.5276032971549707
cosmx_bcc_spot_0000066896,-437397.5330598497,26514.05630038311,0.35530844757077323
cosmx_bcc_spot_0000066897,-437401.5719614515,26848.463623037573,0.5225777630512578
cosmx_bcc_spot_0000066898,-437399.0030391457,27229.764374917268,0.795346686148761
cosmx_bcc_spot_0000066899,-437395.28875343147,27592.62151777441,1.0487559044363591e-15
cosmx_bcc_spot_0000066900,-437416.785777241,27957.434017774412,0.01636668134490469
cosmx_bcc_spot_0000066901,-437350.91645905917,28344.121517774412,1.3122951269649077e-15
cosmx_bcc_spot_0000066902,-437418.2567080631,28701.679995877916,1.637961540964299e-15
cosmx_bcc_spot_0000066903,-437390.74566194444,29060.48564794691,1.106451628747537e-15
cosmx_bcc_spot_0000066904,-437397.18796963675,29393.354878716145,1.0139248959296618e-15
cosmx_bcc_spot_0000066905,-437411.66232861136,29776.030092391353,0.10419398118678776
cosmx_bcc_spot_0000066906,-437405.9456619446,30121.93564794691,0.5056819072286877
cosmx_bcc_spot_0000066907,-437398.54566194455,30518.93564794691,0.5456390507779582
cosmx_bcc_spot_0000066908,-437394.5756619445,30874.145647946913,0.8146684118254695
cosmx_bcc_spot_0000066909,-437384.6456619445,31220.535647946912,0.8743113992901296
cosmx_bcc_spot_0000066910,-437381.65355668153,31577.217226894278,0.815986422239131
cosmx_bcc_spot_0000066911,-437383.64950809826,31929.31641717768,0.8731420560953373
cosmx_bcc_spot_0000066912,-437398.1067730557,32310.69675905802,0.9293832250603444
cosmx_bcc_spot_0000066913,-437414.0341234829,32666.77795563922,0.8995341377472436
cosmx_bcc_spot_0000066914,-437395.994436024,33006.688229304724,0.5412390894855639
cosmx_bcc_spot_0000066915,-437446.176053413,33393.25566047236,9.30580816922652e-16
cosmx_bcc_spot_0000066916,-437386.2937004719,33722.472855042484,1.04465622712512e-15
cosmx_bcc_spot_0000066917,-437410.46761351527,34120.593256380285,0.8115489419364511
cosmx_bcc_spot_0000066918,-437404.388938567,34465.93073050037,0.895057373858113
cosmx_bcc_spot_0000066919,-437383.82703380525,34846.14977811941,0.95593652896165
cosmx_bcc_spot_0000066920,-437374.87062354863,35229.203624273265,0.9453254722994898
cosmx_bcc_spot_0000066921,-437407.7937004718,35530.74977811942,0.9205103094907298
cosmx_bcc_spot_0000066922,-437392.3603671386,35905.74977811941,0.9317748223821208
cosmx_bcc_spot_0000066923,-437371.86512904335,36295.69263526227,0.9732987165364285
cosmx_bcc_spot_0000066924,-437426.39896362973,36641.76030443521,0.9647104863785906
cosmx_bcc_spot_0000066925,-437389.20279138087,37017.91341448305,0.976296557421809
cosmx_bcc_spot_0000066926,-437402.1588441492,37386.92131569932,0.9709398133292049
cosmx_bcc_spot_0000066927,-437412.9601909505,37738.78663556464,0.9750048928110757
cosmx_bcc_spot_0000066928,-437378.13035412057,38090.719036497045,0.9758553722241676
cosmx_bcc_spot_0000066929,-437389.5124881157,38425.96552119514,0.9588943769561542
cosmx_bcc_spot_0000066930,-437375.89958489,38769.69572647371,0.06502067468390538
cosmx_bcc_spot_0000066931,-437364.5245848901,39237.0139082919,0.6621448823952688
cosmx_bcc_spot_0000066932,-437407.3511977931,39535.51390829191,0.9545366044209529
cosmx_bcc_spot_0000066933,-437396.6773626679,39929.56946384746,0.8570937044534338
cosmx_bcc_spot_0000066934,-437374.26995526033,40268.513908291905,0.846426663488717
cosmx_bcc_spot_0000066935,-437396.14958488994,40550.8889082919,0.8963432211093483
cosmx_bcc_spot_0000066936,-437349.89958489005,41009.180574958555,1.6841696767725077e-15
cosmx_bcc_spot_0000066937,-437358.89958489,41333.3139082919,1.6583267464906608e-15
cosmx_bcc_spot_0000066941,-437419.1972201077,42877.8139058216,3.9158493008729324e-13
cosmx_bcc_spot_0000066942,-437358.7448391554,43185.45676296445,1.8048193267715403e-15
cosmx_bcc_spot_0000066943,-437417.030553441,43468.2139058216,1.243140656901317e-15
cosmx_bcc_spot_0000066944,-437432.45363036415,43929.16005966776,0.4247287934749644
cosmx_bcc_spot_0000066945,-437456.8463429149,44258.05074792688,0.6182506862064876
cosmx_bcc_spot_0000066946,-437393.330553441,44565.3139058216,6.656126932093592e-09
cosmx_bcc_spot_0000066947,-437350.030553441,44998.8139058216,0.14638708151835197
cosmx_bcc_spot_0000066948,-437387.6138867746,45349.06390582162,0.572903084588564
cosmx_bcc_spot_0000066949,-437402.6843995949,45705.313905821604,0.3046574916435185
cosmx_bcc_spot_0000066950,-437389.8162677268,46062.67104867875,1.583680508635467e-15
cosmx_bcc_spot_0000066951,-437397.7123716228,46421.85936036705,1.6290321780692132e-15
cosmx_bcc_spot_0000066952,-437403.46805344115,46811.00140582161,1.3911391943400935e-15
cosmx_bcc_spot_0000067011,-437398.66724224394,68265.86256672595,0.014682502965144914
cosmx_bcc_spot_0000067012,-437393.7826268593,68496.87538723875,4.708256201133773e-09
cosmx_bcc_spot_0000067013,-437386.1237639831,68890.07271165345,0.49778863406303997
cosmx_bcc_spot_0000067014,-437399.79224224394,69254.15423339259,0.869949501726019
cosmx_bcc_spot_0000067015,-437422.28488930274,69585.20570398083,0.9081475047416334
cosmx_bcc_spot_0000067016,-437403.7505755773,69958.11256672592,0.9456921928037378
cosmx_bcc_spot_0000067017,-437392.4399695167,70306.66559702896,0.9299920474714238
cosmx_bcc_spot_0000067018,-437398.84906042577,70722.34741521077,0.9725106725611201
cosmx_bcc_spot_0000067019,-437401.6910517678,71024.93399529734,0.8802319088431495
cosmx_bcc_spot_0000067020,-437414.77835335507,71390.25145561481,0.8285443230615016
cosmx_bcc_spot_0000067021,-437390.69665400864,71752.91158633376,0.9255160231118436
cosmx_bcc_spot_0000067022,-437366.0561311328,72119.36256672593,0.1669699273689147
cosmx_bcc_spot_0000067030,-437396.6676181996,75121.88302764605,0.8824767092863571
cosmx_bcc_spot_0000067031,-437358.6836609804,75414.16110251236,0.9498981205556881
cosmx_bcc_spot_0000067032,-437389.83212036407,75753.28995405298,0.6883464758986287
cosmx_bcc_spot_0000067033,-437373.4352949673,76100.89312865613,0.05677476187929387
cosmx_bcc_spot_0000067034,-437448.07021560223,76529.90900167203,8.815121956011349e-16
cosmx_bcc_spot_0000067035,-437425.52076505276,76842.10680386981,1.2562813533918097e-15
cosmx_bcc_spot_0000067036,-437409.13614966813,77262.02988079289,0.36108255286839763
cosmx_bcc_spot_0000067037,-437401.3895433333,77580.74933780645,0.261022815194395
cosmx_bcc_spot_0000067038,-437408.7130727451,77946.0193912824,0.8536614279117397
cosmx_bcc_spot_0000067039,-437405.39825793024,78297.63386939689,0.8277043949576
cosmx_bcc_spot_0000067040,-437399.69307274505,78664.41757310058,0.846743206602465
cosmx_bcc_spot_0000067041,-437401.1096244692,79013.99274551439,0.9499901491170408
cosmx_bcc_spot_0000067042,-437465.81307274505,79229.73757310059,0.9999925978230332
cosmx_bcc_spot_0000067052,-437381.94938498974,83058.50878000518,1.8316250482333305e-15
cosmx_bcc_spot_0000067053,-437403.4970040374,83392.2627482592,7.813873747987682e-13
cosmx_bcc_spot_0000067054,-437389.94938498974,83696.8698911163,0.07014440905785546
cosmx_bcc_spot_0000067058,-437434.68271832296,85150.6198911163,5.5766084214182226e-06
cosmx_bcc_spot_0000067060,-437347.1009001413,85864.34716384356,1.915535228085079e-15
cosmx_bcc_spot_0000067061,-437432.6160516564,86285.7310022274,1.1408069997471756e-10
cosmx_bcc_spot_0000067062,-437357.7271627675,86625.39766889407,2.1321624886747934e-06
cosmx_bcc_spot_0000067294,-436998.398277241,24469.921517774404,0.4406669641399571
cosmx_bcc_spot_0000067295,-437025.098277241,24688.14003629293,0.2974955754469751
cosmx_bcc_spot_0000067296,-437023.738277241,25080.58151777441,0.8462198058692142
cosmx_bcc_spot_0000067297,-437046.1571007704,25423.65092953912,0.2953196704085288
cosmx_bcc_spot_0000067298,-437046.4140667147,25802.25309672178,1.2884367849316076e-15
cosmx_bcc_spot_0000067299,-437035.65383279655,26146.065962218858,0.41278535498683544
cosmx_bcc_spot_0000067300,-437008.618277241,26531.141517774413,0.6397550538468995
cosmx_bcc_spot_0000067301,-437014.1399439077,26850.621517774412,0.8613116259945404
cosmx_bcc_spot_0000067302,-437017.798277241,27243.32151777441,0.6384977788923725
cosmx_bcc_spot_0000067303,-437016.5528226955,27578.576063228957,1.155385450835065e-15
cosmx_bcc_spot_0000067304,-437029.6634946323,27940.360648209193,0.1924707752916874
cosmx_bcc_spot_0000067305,-437054.83740767575,28322.404126470065,0.10875826620542492
cosmx_bcc_spot_0000067306,-437032.93395819835,28681.417733419414,1.4418367368723402e-15
cosmx_bcc_spot_0000067307,-437016.7039952779,29010.75231461358,1.4358287636716372e-15
cosmx_bcc_spot_0000067308,-437038.41566194454,29401.94564794691,1.1199483461723837e-15
cosmx_bcc_spot_0000067309,-437040.2039952779,29750.543981280247,1.0529058683805346e-15
cosmx_bcc_spot_0000067310,-437048.2873286112,30129.12731461358,1.334507033787735e-15
cosmx_bcc_spot_0000067311,-437027.9401063891,30473.19675905802,1.5926427199662055e-15
cosmx_bcc_spot_0000067312,-437046.8706619446,30840.293981280247,0.839736412940296
cosmx_bcc_spot_0000067313,-437057.17987247073,31216.059332157438,0.9170208310475713
cosmx_bcc_spot_0000067314,-437080.3623286112,31603.185647946906,0.45324629174228726
cosmx_bcc_spot_0000067315,-437010.44804289704,31959.204695565957,0.15107006699339026
cosmx_bcc_spot_0000067316,-437071.71788416675,32292.474536835784,0.13724016070068348
cosmx_bcc_spot_0000067317,-437030.2813762304,32643.585647946904,0.1227074490404217
cosmx_bcc_spot_0000067318,-437030.644068248,33050.74400371207,0.0664798791842879
cosmx_bcc_spot_0000067319,-437067.35252400127,33393.54977811941,9.178097080106934e-16
cosmx_bcc_spot_0000067320,-437014.16036713857,33750.08311145275,8.167970981514841e-16
cosmx_bcc_spot_0000067321,-437053.4937004718,34104.949778119415,0.11421807690617371
cosmx_bcc_spot_0000067322,-437033.0714782496,34449.38311145275,0.9619447826772838
cosmx_bcc_spot_0000067323,-437027.8846095627,34827.32250539214,0.9567089657721054
cosmx_bcc_spot_0000067324,-437036.49370047176,35204.74977811942,0.9526208734926138
cosmx_bcc_spot_0000067325,-437041.06293124094,35573.39593196557,0.83991219526329
cosmx_bcc_spot_0000067326,-437029.6094899455,35890.28662022468,0.9240327914070438
cosmx_bcc_spot_0000067327,-437042.23814491625,36295.438667008304,0.9721725498423607
cosmx_bcc_spot_0000067328,-437016.0664277445,36663.504323573965,0.9675991939909407
cosmx_bcc_spot_0000067329,-437022.6466416483,36988.373307531176,0.9657564174032349
cosmx_bcc_spot_0000067330,-437051.3370848901,37383.82640829189,0.9537438888735166
cosmx_bcc_spot_0000067331,-437007.33958489,37716.23390829191,0.991426639917618
cosmx_bcc_spot_0000067332,-437108.9584084195,38074.98449652719,0.8906161978497384
cosmx_bcc_spot_0000067333,-437066.0329182234,38437.91390829189,0.2991228373802389
cosmx_bcc_spot_0000067334,-437036.53594852635,38804.78663556462,1.7118921515136889e-15
cosmx_bcc_spot_0000067335,-437017.74573873624,39264.12929290727,0.7536018583712282
cosmx_bcc_spot_0000067336,-437039.4551404455,39560.587982365985,0.8880457424705063
cosmx_bcc_spot_0000067337,-437054.69958489,39892.39390829191,0.86217631820973
cosmx_bcc_spot_0000067338,-437084.7231143019,40283.92567299778,0.9135631551740621
cosmx_bcc_spot_0000067339,-437038.3662515568,40640.58057495856,0.7752622415615892
cosmx_bcc_spot_0000067340,-437012.53594852635,40997.6048173828,0.32535666233256644
cosmx_bcc_spot_0000067346,-437040.38769629825,43214.17104867874,1.5323801308139477e-15
cosmx_bcc_spot_0000067347,-437059.6972201077,43531.897239154925,1.1557135018797806e-15
cosmx_bcc_spot_0000067348,-437109.0861089966,43912.64723915493,4.3771619499076025e-08
cosmx_bcc_spot_0000067349,-437049.86388677434,44332.536128043816,1.7165222032632244e-15
cosmx_bcc_spot_0000067350,-437037.11388677434,44622.0639058216,1.2319969311213499e-15
cosmx_bcc_spot_0000067351,-437002.98509889556,44913.67754218523,0.001961440873548678
cosmx_bcc_spot_0000067352,-437080.61388677434,45305.14723915493,1.8123187666999227e-15
cosmx_bcc_spot_0000067353,-437031.84305344115,45743.62640582161,0.44543563140274034
cosmx_bcc_spot_0000067354,-437027.3972201078,46071.980572488275,0.03837620095196103
cosmx_bcc_spot_0000067355,-437032.61388677434,46402.98057248827,0.46184956262632193
cosmx_bcc_spot_0000067356,-437041.280553441,46806.8139058216,0.048676801339913235
cosmx_bcc_spot_0000067415,-437028.0005755773,68283.19590005928,9.147221071452833e-10
cosmx_bcc_spot_0000067416,-437038.0243851011,68519.38637624973,0.1378830079690288
cosmx_bcc_spot_0000067417,-437069.7826268593,68864.10615646951,0.22657160660979186
cosmx_bcc_spot_0000067418,-437008.41724224394,69297.7792333926,0.7998935680899192
cosmx_bcc_spot_0000067419,-437020.35474224394,69624.21673339259,0.9432829310374874
cosmx_bcc_spot_0000067420,-437016.70570378244,69960.64461800797,0.9519857476308192
cosmx_bcc_spot_0000067421,-437021.83390891063,70326.02923339259,0.983731639168979
cosmx_bcc_spot_0000067422,-437043.267242244,70728.4292333926,0.8386347260926093
cosmx_bcc_spot_0000067423,-437040.27835335507,71055.36256672592,0.8448312903769477
cosmx_bcc_spot_0000067424,-437064.2441653209,71427.18307954643,0.795460730534941
cosmx_bcc_spot_0000067425,-437016.88152795826,71797.52923339259,0.9047384655408578
cosmx_bcc_spot_0000067426,-437005.50057557726,72168.36256672592,0.5909685559026855
cosmx_bcc_spot_0000067427,-437026.3100993868,72401.31494767833,0.6430723421590794
cosmx_bcc_spot_0000067434,-437033.3380727451,75101.21257310057,0.8349773185086192
cosmx_bcc_spot_0000067435,-437037.5976881297,75354.33757310058,0.7183702893171693
cosmx_bcc_spot_0000067436,-437005.413072745,75768.48757310057,0.9258538917833665
cosmx_bcc_spot_0000067437,-437020.4630727451,76145.12923976725,0.8247166336024602
cosmx_bcc_spot_0000067438,-437013.0551780082,76439.44283625847,0.37842277718750306
cosmx_bcc_spot_0000067439,-437008.10196163395,76825.00423976727,1.2661918489774446e-15
cosmx_bcc_spot_0000067440,-437057.713072745,77253.3375731006,1.4715422777935926e-15
cosmx_bcc_spot_0000067441,-437041.10196163395,77573.0597953228,0.06024483506358029
cosmx_bcc_spot_0000067442,-437043.963072745,77947.93757310059,0.8646428100450784
cosmx_bcc_spot_0000067443,-437021.9214060784,78304.92090643391,0.9453242179032301
cosmx_bcc_spot_0000067444,-437032.5330727451,78654.53757310058,0.9732548360116823
cosmx_bcc_spot_0000067445,-437018.2130727451,79007.93757310059,0.8901869536235621
cosmx_bcc_spot_0000067456,-437066.56843260874,83020.33417683058,6.793646302732683e-07
cosmx_bcc_spot_0000067457,-437064.5493849898,83359.35322444963,0.3068217247965774
cosmx_bcc_spot_0000067458,-437063.1327183231,83761.26989111633,0.09690489167422793
cosmx_bcc_spot_0000067459,-437038.6740226709,84078.88076068155,0.022193731922120645
cosmx_bcc_spot_0000067460,-436979.5684326088,84466.47703397344,2.0284082799776067e-15
cosmx_bcc_spot_0000067461,-436929.92557546595,84853.04846254487,0.02235148797891832
cosmx_bcc_spot_0000067462,-436963.3327183231,85183.71989111633,0.0020243082640292102
cosmx_bcc_spot_0000067463,-436983.2350992755,85566.0484625449,2.05731309481191e-15
cosmx_bcc_spot_0000067464,-437006.40036538197,85879.91400876337,3.7323757077797056e-14
cosmx_bcc_spot_0000067466,-437052.6160516564,86612.50878000518,0.051295700987093885
cosmx_bcc_spot_0000067698,-436634.7649439077,24468.6215177744,0.8795595982224831
cosmx_bcc_spot_0000067699,-436673.6816105743,24670.413184441077,0.872007525560131
cosmx_bcc_spot_0000067700,-436688.69827724097,25089.988184441077,0.9103257925921013
cosmx_bcc_spot_0000067701,-436679.298277241,25413.92151777441,0.04410830025746503
cosmx_bcc_spot_0000067702,-436662.03161057434,25776.021517774407,1.291933292210218e-15
cosmx_bcc_spot_0000067703,-436646.44827724097,26133.721517774415,1.4779394700940557e-15
cosmx_bcc_spot_0000067704,-436663.41645905917,26497.98515413805,0.0021796828426928773
cosmx_bcc_spot_0000067705,-436674.648277241,26870.32151777441,0.5708552372917418
cosmx_bcc_spot_0000067706,-436670.7093883521,27240.954851107745,0.2898808729661992
cosmx_bcc_spot_0000067707,-436692.723277241,27576.204851107745,2.791846259651194e-11
cosmx_bcc_spot_0000067708,-436647.6466643378,27967.363453258284,0.768403851867228
cosmx_bcc_spot_0000067709,-436673.378277241,28344.42151777441,0.8558264769352081
cosmx_bcc_spot_0000067710,-436647.896843046,28680.763137546433,0.6258803220440369
cosmx_bcc_spot_0000067711,-436684.3104767592,29059.844907206174,1.3686867678404248e-15
cosmx_bcc_spot_0000067712,-436689.6623286112,29408.62731461358,9.388842227109678e-16
cosmx_bcc_spot_0000067713,-436691.9956619446,29755.73564794691,1.0031322840258881e-15
cosmx_bcc_spot_0000067714,-436658.6067730556,30115.62268498395,1.372609292275667e-15
cosmx_bcc_spot_0000067715,-436683.0219777342,30457.322490052175,0.7503625449109658
cosmx_bcc_spot_0000067716,-436652.5456619447,30855.035647946912,0.7280384935896748
cosmx_bcc_spot_0000067717,-436696.8706619446,31217.898147946908,0.8021457977461993
cosmx_bcc_spot_0000067718,-436645.55121750024,31575.030092391353,1.43617152971116e-15
cosmx_bcc_spot_0000067719,-436656.22899527795,31917.25231461357,1.2964467290745918e-15
cosmx_bcc_spot_0000067720,-436636.2289952778,32284.51898128024,1.1707237287010699e-15
cosmx_bcc_spot_0000067721,-436674.7623286114,32699.31898128024,7.97734523756429e-15
cosmx_bcc_spot_0000067722,-436640.994436024,33014.313229304724,0.5324576662968334
cosmx_bcc_spot_0000067723,-436688.1197874283,33393.54977811942,1.0622461610346928e-15
cosmx_bcc_spot_0000067724,-436686.2437004718,33726.04977811941,8.012107372252984e-16
cosmx_bcc_spot_0000067725,-436689.5289945895,34151.785072237064,0.36297629505256807
cosmx_bcc_spot_0000067726,-436667.7147531034,34446.76030443521,0.9318628213988586
cosmx_bcc_spot_0000067727,-436673.5042267876,34831.391883382574,0.8996095027501013
cosmx_bcc_spot_0000067728,-436679.8437004718,35190.59977811942,0.961922110742858
cosmx_bcc_spot_0000067729,-436696.96036713844,35544.502159071795,0.9348797244665501
cosmx_bcc_spot_0000067730,-436655.29370047175,35911.81064768464,0.9596926705214905
cosmx_bcc_spot_0000067731,-436658.19846237655,36288.216444786085,0.8716074141964487
cosmx_bcc_spot_0000067732,-436663.7937004718,36650.09977811942,0.932958066726936
cosmx_bcc_spot_0000067733,-436666.2502222109,37016.33238681507,0.9573234100522734
cosmx_bcc_spot_0000067734,-436687.32063752174,37386.5139082919,0.9641617426485981
cosmx_bcc_spot_0000067735,-436667.01958489,37745.95390829191,0.9649872318590562
cosmx_bcc_spot_0000067736,-436676.6495848901,38090.7014082919,0.8615794824146468
cosmx_bcc_spot_0000067737,-436704.56625155674,38476.04724162523,1.806343892964808e-15
cosmx_bcc_spot_0000067738,-436657.1138706044,38803.58533686332,1.8560439112584617e-15
cosmx_bcc_spot_0000067739,-436616.5662515566,39211.40279718078,0.16877549507759315
cosmx_bcc_spot_0000067740,-436624.82815631863,39533.01390829189,0.7473623752137696
cosmx_bcc_spot_0000067741,-436648.7329182235,39888.84724162523,0.8432726236967806
cosmx_bcc_spot_0000067742,-436655.39958488994,40273.15676543477,0.7734132328705929
cosmx_bcc_spot_0000067743,-436665.8043467949,40636.228194006195,0.8782846352418534
cosmx_bcc_spot_0000067744,-436659.35791822337,40979.76390829191,0.8540044274802999
cosmx_bcc_spot_0000067750,-436666.98509889556,43153.04117854887,1.872023119235846e-15
cosmx_bcc_spot_0000067751,-436682.330553441,43572.3139058216,3.420492956470381e-10
cosmx_bcc_spot_0000067752,-436661.330553441,43899.2139058216,0.035863102625536124
cosmx_bcc_spot_0000067753,-436630.34873525915,44248.76845127614,1.5322738739096657e-15
cosmx_bcc_spot_0000067754,-436685.1305534411,44627.51390582161,1.4417038109137222e-15
cosmx_bcc_spot_0000067755,-436687.6972201077,44952.0639058216,3.5408469782392297e-11
cosmx_bcc_spot_0000067756,-436621.4194423299,45362.75835026604,1.1200535154802922e-14
cosmx_bcc_spot_0000067757,-436639.25782616826,45703.49572400341,1.1278446657185998e-07
cosmx_bcc_spot_0000067758,-436729.0638867745,46087.64723915494,0.5883008545611614
cosmx_bcc_spot_0000067759,-436714.3876962982,46418.17104867874,1.7303146564985465e-15
cosmx_bcc_spot_0000067760,-436676.86388677434,46792.98057248826,3.6005488712066424e-13
cosmx_bcc_spot_0000067819,-436647.04224224394,68273.9042333926,0.12187392955600941
cosmx_bcc_spot_0000067820,-436712.33390891063,68489.02923339259,0.23149289609025014
cosmx_bcc_spot_0000067821,-436715.167242244,68868.8292333926,1.7759601716401388e-15
cosmx_bcc_spot_0000067822,-436671.31009938684,69241.21970958306,0.7447084171122572
cosmx_bcc_spot_0000067823,-436680.77593789616,69595.89879860997,0.9058769801541666
cosmx_bcc_spot_0000067824,-436658.2725054018,69959.87133865575,0.8034058973830818
cosmx_bcc_spot_0000067825,-436664.8143010675,70361.088056922,0.7846759677762141
cosmx_bcc_spot_0000067826,-436656.23867081536,70692.67209053545,0.8609030980864147
cosmx_bcc_spot_0000067827,-436692.4529565297,71060.88637624973,0.629632586480045
cosmx_bcc_spot_0000067828,-436698.96724224393,71398.89590005926,0.7875372462540489
cosmx_bcc_spot_0000067829,-436633.75547753804,71813.38217456907,0.7073258744220515
cosmx_bcc_spot_0000067830,-436646.4281118092,72117.46401600128,0.7256474822697656
cosmx_bcc_spot_0000067831,-436679.33390891063,72398.69590005928,0.9488197724565411
cosmx_bcc_spot_0000067838,-436691.9630727451,75095.2125731006,0.9120079854394616
cosmx_bcc_spot_0000067839,-436680.7130727451,75416.11535087838,0.6074072060543753
cosmx_bcc_spot_0000067840,-436686.3709674819,75780.0217836269,0.920363714219549
cosmx_bcc_spot_0000067841,-436675.3797394117,76156.00423976725,0.8434692565876639
cosmx_bcc_spot_0000067842,-436624.7464060784,76485.50423976728,0.5820359793922641
cosmx_bcc_spot_0000067843,-436629.9908505229,76817.44868421167,0.16922083592452555
cosmx_bcc_spot_0000067844,-436695.3380727451,77234.2125731006,0.27537547086869557
cosmx_bcc_spot_0000067845,-436646.11307274504,77583.73757310057,0.5864368591889767
cosmx_bcc_spot_0000067846,-436707.87973941176,77946.27090643391,0.8646558026961503
cosmx_bcc_spot_0000067847,-436700.9630727451,78274.67090643391,0.8746833312125462
cosmx_bcc_spot_0000067848,-436650.79371790634,78661.85370213287,0.6789540227025821
cosmx_bcc_spot_0000067849,-436665.82845736045,79005.26065002367,0.7682251261384258
cosmx_bcc_spot_0000067850,-436685.7130727451,79221.67090643392,0.8046098940450708
cosmx_bcc_spot_0000067860,-436654.1398611803,83049.47703397344,1.8081943913299133e-15
cosmx_bcc_spot_0000067861,-436666.4702183231,83373.05739111631,0.4165356429066213
cosmx_bcc_spot_0000067862,-436657.50494054536,83775.61989111632,0.37426678986212986
cosmx_bcc_spot_0000067863,-436670.8660516564,84115.6198911163,0.22510511634540684
cosmx_bcc_spot_0000067864,-436719.9493849898,84489.95322444965,0.22627078213245794
cosmx_bcc_spot_0000067865,-436703.35679239716,84817.80507630153,0.0005355689413802981
cosmx_bcc_spot_0000067866,-436671.1615062019,85159.1047396012,1.9805135180411634e-15
cosmx_bcc_spot_0000067867,-436647.30974535015,85544.13340462987,0.015174679188462171
cosmx_bcc_spot_0000067868,-436675.1160516564,85898.65322444968,0.01797203604437727
cosmx_bcc_spot_0000067869,-436642.71750093176,86274.83728242069,1.9479672701916357e-15
cosmx_bcc_spot_0000067871,-436669.68271832296,86986.81989111629,0.08474384255943604
cosmx_bcc_spot_0000068102,-436312.0073681501,24469.16697231986,0.9814825886242152
cosmx_bcc_spot_0000068103,-436312.3710045137,24698.5306086835,0.8561030904987019
cosmx_bcc_spot_0000068104,-436315.348277241,25032.67151777441,1.9714599797769277e-06
cosmx_bcc_spot_0000068105,-436302.47922962194,25417.0977082506,0.35576948817781295
cosmx_bcc_spot_0000068106,-436323.658277241,25770.66151777441,0.2910063711374256
cosmx_bcc_spot_0000068107,-436311.5056846484,26172.362258515153,1.2761067819989334e-15
cosmx_bcc_spot_0000068108,-436305.3051737927,26497.621517774412,0.4517977365325936
cosmx_bcc_spot_0000068109,-436325.098277241,26868.184017774412,1.7727947577018161e-15
cosmx_bcc_spot_0000068110,-436298.473277241,27272.413184441077,1.7048841607082155e-15
cosmx_bcc_spot_0000068111,-436326.81827724096,27596.22151777441,2.4083711691229575e-11
cosmx_bcc_spot_0000068112,-436300.55981570255,27944.58305623595,0.7865508792660361
cosmx_bcc_spot_0000068113,-436312.65383279655,28299.954851107745,0.8074755677271944
cosmx_bcc_spot_0000068114,-436311.63218678976,28686.8966455128,0.7779987621659622
cosmx_bcc_spot_0000068115,-436328.1206619445,29039.398147946908,0.13122395800843073
cosmx_bcc_spot_0000068116,-436328.99566194456,29398.994738856003,7.974971790949479e-16
cosmx_bcc_spot_0000068117,-436294.16232861124,29750.363425724692,8.265785126288827e-16
cosmx_bcc_spot_0000068118,-436338.45020739915,30155.449284310547,1.0948928334995832e-15
cosmx_bcc_spot_0000068119,-436309.3780148858,30524.23270677044,0.4169759614521367
cosmx_bcc_spot_0000068120,-436257.63851908746,30872.79993366119,0.5253403437153977
cosmx_bcc_spot_0000068121,-436302.55816194456,31207.148147946908,0.26939920363175623
cosmx_bcc_spot_0000068122,-436299.70994765876,31572.442790804056,1.389940720996124e-15
cosmx_bcc_spot_0000068123,-436310.6956619445,31953.25231461357,1.5390386575109207e-15
cosmx_bcc_spot_0000068124,-436323.0289952779,32346.78564794691,1.2423714567585158e-15
cosmx_bcc_spot_0000068125,-436313.8592983082,32675.949284310547,0.185681149121525
cosmx_bcc_spot_0000068126,-436297.9880679341,33021.6019068191,0.914583230085633
cosmx_bcc_spot_0000068127,-436283.2190958479,33334.00432357395,0.6365571484082907
cosmx_bcc_spot_0000068128,-436300.926412787,33768.16882573847,1.5186863686282927e-15
cosmx_bcc_spot_0000068129,-436302.8960226896,34136.23159630124,0.8563495014576873
cosmx_bcc_spot_0000068130,-436315.45266792865,34444.04977811941,0.8745334106025335
cosmx_bcc_spot_0000068131,-436298.99112619774,34820.233988645734,0.8757727972905703
cosmx_bcc_spot_0000068132,-436330.43821634166,35210.09523266487,0.9248499378087317
cosmx_bcc_spot_0000068133,-436302.86517881654,35542.26977811942,0.9735638020832255
cosmx_bcc_spot_0000068134,-436294.8065111245,35918.69263526227,0.914244442218013
cosmx_bcc_spot_0000068135,-436308.3991870892,36293.64501621466,0.7169339150962514
cosmx_bcc_spot_0000068136,-436293.1490209346,36654.655041277314,0.849912181899844
cosmx_bcc_spot_0000068137,-436305.49240979296,37026.92477811941,0.9758850466663072
cosmx_bcc_spot_0000068138,-436284.39958489005,37391.34724162524,0.975498813577839
cosmx_bcc_spot_0000068139,-436300.69958489,37733.67390829191,0.9584984800250121
cosmx_bcc_spot_0000068140,-436355.47101346153,38110.94247972048,0.6446426029689324
cosmx_bcc_spot_0000068141,-436319.5870848901,38471.7014082919,1.6609624712678788e-15
cosmx_bcc_spot_0000068142,-436298.6852991758,38877.15676543475,1.6353741074705177e-15
cosmx_bcc_spot_0000068143,-436366.14958488994,39197.3889082919,0.36728503804070606
cosmx_bcc_spot_0000068144,-436300.76915010746,39568.25303872669,0.8848614968935445
cosmx_bcc_spot_0000068145,-436320.05958489,39916.35390829191,0.8797597712825015
cosmx_bcc_spot_0000068146,-436352.4259006796,40281.513908291905,0.7250651526124754
cosmx_bcc_spot_0000068147,-436369.8440293346,40640.236130514124,0.746305888848259
cosmx_bcc_spot_0000068148,-436385.89958488994,40944.40279718078,0.6515588818305312
cosmx_bcc_spot_0000068149,-436329.0662515566,41322.84724162523,1.5249236252397848e-15
cosmx_bcc_spot_0000068154,-436342.2448391553,43135.599620107314,1.2161144511084368e-05
cosmx_bcc_spot_0000068155,-436241.93055344105,43537.913905821595,1.991842822495996e-15
cosmx_bcc_spot_0000068157,-436344.530553441,44270.536128043816,1.8203565617689923e-15
cosmx_bcc_spot_0000068158,-436239.6972201077,44618.48057248827,1.5868269875628647e-08
cosmx_bcc_spot_0000068159,-436300.155553441,44968.3139058216,2.7737291785674037e-10
cosmx_bcc_spot_0000068160,-436315.2638867745,45369.247239154945,1.5198374896449996e-10
cosmx_bcc_spot_0000068161,-436330.1187887353,45707.72567052749,1.8962428122611693e-15
cosmx_bcc_spot_0000068162,-436279.36388677434,46049.98057248827,1.8605601955334904e-15
cosmx_bcc_spot_0000068163,-436317.905553441,46434.6889058216,1.7476191949006583e-15
cosmx_bcc_spot_0000068164,-436327.45912486967,46778.456762964466,1.6566419902074147e-15
cosmx_bcc_spot_0000068223,-436357.4529565297,68264.60066196404,0.3758200599860202
cosmx_bcc_spot_0000068224,-436337.0005755773,68493.19590005928,1.9145451635111674e-15
cosmx_bcc_spot_0000068225,-436345.66724224394,68841.36256672595,1.8486420865431894e-15
cosmx_bcc_spot_0000068226,-436318.57633315306,69257.25650611985,0.661726667601471
cosmx_bcc_spot_0000068227,-436288.667242244,69612.47923339259,0.8241946144275257
cosmx_bcc_spot_0000068228,-436307.9498509396,69938.33358121867,0.8496651928616434
cosmx_bcc_spot_0000068229,-436304.3251369808,70342.76607549784,0.8268866464425353
cosmx_bcc_spot_0000068230,-436286.3100993868,70686.17209053545,0.7832204217131469
cosmx_bcc_spot_0000068231,-436355.7505755773,71039.77923339259,0.2437328469830142
cosmx_bcc_spot_0000068232,-436274.16724224394,71410.33692570028,0.26409429595006306
cosmx_bcc_spot_0000068233,-436275.83390891063,71759.19590005925,0.7518160246996312
cosmx_bcc_spot_0000068234,-436313.8731245969,72156.85276280435,0.8067545398159158
cosmx_bcc_spot_0000068235,-436362.73867081536,72393.17209053547,0.9726396199831315
cosmx_bcc_spot_0000068242,-436307.7845013165,75130.76614452917,0.7462412120977728
cosmx_bcc_spot_0000068243,-436310.2755727451,75421.77507310057,0.7907774378797784
cosmx_bcc_spot_0000068244,-436302.7348118755,75762.46800788319,0.8039124790707323
cosmx_bcc_spot_0000068245,-436331.0464060784,76145.0875731006,0.9631567513349913
cosmx_bcc_spot_0000068246,-436348.12216365413,76513.29211855512,0.6432110179521834
cosmx_bcc_spot_0000068247,-436334.2547394117,76803.46257310058,0.38601028447430624
cosmx_bcc_spot_0000068248,-436339.07021560223,77272.3375731006,0.5930142389531908
cosmx_bcc_spot_0000068249,-436326.1178346498,77587.28995405295,0.3250751515436007
cosmx_bcc_spot_0000068250,-436257.0880727451,77936.5875731006,1.3589209681299952e-15
cosmx_bcc_spot_0000068251,-436360.98230351426,78316.26065002366,0.22137691023045708
cosmx_bcc_spot_0000068252,-436357.213072745,78688.09947786249,0.21003508896568282
cosmx_bcc_spot_0000068253,-436318.624837451,78975.27874957117,0.13891116124251227
cosmx_bcc_spot_0000068264,-436292.2350992755,83045.71512921157,4.5722448419910156e-14
cosmx_bcc_spot_0000068265,-436297.6577183231,83373.49489111631,0.5140846347806084
cosmx_bcc_spot_0000068266,-436296.22716276755,83744.17544667187,0.6201496618028662
cosmx_bcc_spot_0000068267,-436312.171607212,84083.17544667187,0.5686130519398246
cosmx_bcc_spot_0000068268,-436298.8382738787,84474.61989111632,0.47019827126886515
cosmx_bcc_spot_0000068269,-436331.12887216924,84816.04296803942,0.26155655546034184
cosmx_bcc_spot_0000068270,-436310.8981029385,85169.6198911163,1.4638534135223342e-15
cosmx_bcc_spot_0000068271,-436312.92557546595,85538.33417683058,0.00944417461607277
cosmx_bcc_spot_0000068272,-436345.2827183231,85909.20322444962,0.05941357934778723
cosmx_bcc_spot_0000068273,-436337.1264683231,86305.83864111635,1.48504923282167e-08
cosmx_bcc_spot_0000068274,-436310.5554455958,86572.25625475265,1.93547848890062e-15
cosmx_bcc_spot_0000068275,-436289.12887216924,87034.85066034706,1.9655914395155595e-15
cosmx_bcc_spot_0000068506,-435945.598277241,24463.621517774405,0.9758630026109452
cosmx_bcc_spot_0000068507,-435932.2706910341,24654.759448808894,0.6755985793860023
cosmx_bcc_spot_0000068508,-435938.598277241,25053.038184441077,1.2250041180191772e-15
cosmx_bcc_spot_0000068509,-435949.48958158883,25425.534561252673,0.10640841290549731
cosmx_bcc_spot_0000068510,-435940.2035403989,25773.516254616516,0.44902575276764484
cosmx_bcc_spot_0000068511,-435984.54272168543,26079.954851107745,1.6089937497642588e-15
cosmx_bcc_spot_0000068512,-435980.848277241,26496.871517774412,1.6399860058810803e-15
cosmx_bcc_spot_0000068513,-435979.98716612987,26892.954851107745,1.7319824764884193e-15
cosmx_bcc_spot_0000068514,-435925.5719614515,27240.09520198494,0.46881482844160316
cosmx_bcc_spot_0000068515,-435981.19827724097,27575.37151777441,1.7449239577879487e-15
cosmx_bcc_spot_0000068516,-435950.2800954228,27973.121517774412,0.5825822327081654
cosmx_bcc_spot_0000068517,-435942.95542009815,28314.621517774412,0.7638057600059518
cosmx_bcc_spot_0000068518,-435913.3867080632,28700.449995877912,0.818643342305906
cosmx_bcc_spot_0000068519,-435947.7813762305,29053.395171756434,0.19117311059011804
cosmx_bcc_spot_0000068520,-435940.4956619445,29385.871362232625,1.0367196696627228e-15
cosmx_bcc_spot_0000068521,-435934.43316194473,29765.273147946908,8.086711541021723e-16
cosmx_bcc_spot_0000068522,-435947.1831619446,30127.835647946908,7.852055533285918e-16
cosmx_bcc_spot_0000068523,-435935.5456619446,30491.08564794691,1.2645313827740507e-15
cosmx_bcc_spot_0000068524,-435940.9956619442,30859.418981280236,0.1744795009092567
cosmx_bcc_spot_0000068525,-435939.27343972237,31238.91898128023,1.3468958129167939e-15
cosmx_bcc_spot_0000068526,-435939.78137623024,31582.014219375476,1.3687619638991294e-15
cosmx_bcc_spot_0000068527,-435948.45020739903,31960.949284310547,1.379908385254111e-15
cosmx_bcc_spot_0000068528,-435939.3780148857,32290.703295005733,1.44089283716072e-15
cosmx_bcc_spot_0000068529,-435951.8802773291,32660.047186408443,0.2697512089091651
cosmx_bcc_spot_0000068530,-435927.1793977927,33018.91053906766,0.8385169415233751
cosmx_bcc_spot_0000068531,-435950.77401474345,33386.66088923052,0.6212903798732669
cosmx_bcc_spot_0000068532,-435929.179570299,33771.54977811941,0.10703878678254458
cosmx_bcc_spot_0000068533,-435929.767070299,34112.76852811942,0.8655728221655206
cosmx_bcc_spot_0000068534,-435942.67572414514,34464.4728550425,0.9391788457664609
cosmx_bcc_spot_0000068535,-435954.0081417276,34834.5140638337,0.8795984776917002
cosmx_bcc_spot_0000068536,-435940.37718934665,35202.88311145275,0.8950502644927064
cosmx_bcc_spot_0000068537,-435954.8468116783,35580.48081260218,0.8238359406849367
cosmx_bcc_spot_0000068538,-435937.5568430263,35898.77705084669,0.9552323821668584
cosmx_bcc_spot_0000068539,-435942.6629036323,36291.06829663794,0.9437785303829913
cosmx_bcc_spot_0000068540,-435914.569570299,36656.34977811942,0.9289837932071762
cosmx_bcc_spot_0000068541,-435950.15565725556,37017.8541259455,0.9729112180920048
cosmx_bcc_spot_0000068542,-435980.8440293346,37392.06946384745,0.6396442331315506
cosmx_bcc_spot_0000068543,-436015.02458488994,37710.7639082919,0.2881506606204717
cosmx_bcc_spot_0000068544,-435895.69958489016,38123.263908291905,0.3417963395161752
cosmx_bcc_spot_0000068545,-435932.7256718466,38463.60086481365,0.6176508314567449
cosmx_bcc_spot_0000068546,-435911.75672774727,38820.65676543476,0.42682639259224
cosmx_bcc_spot_0000068547,-435950.1138706044,39203.51390829189,0.10971875745844542
cosmx_bcc_spot_0000068548,-435930.3370848901,39553.7014082919,1.3221096548093063e-15
cosmx_bcc_spot_0000068549,-435883.23291822325,39854.06946384745,4.1391575488541414e-05
cosmx_bcc_spot_0000068550,-435934.49958488997,40313.5139082919,0.0018709820162681196
cosmx_bcc_spot_0000068551,-435874.2329182233,40603.68057495857,1.819664782083108e-15
cosmx_bcc_spot_0000068552,-435955.69958489,40968.3139082919,1.168484000750744e-12
cosmx_bcc_spot_0000068558,-435970.030553441,43130.3139058216,1.963275986635179e-14
cosmx_bcc_spot_0000068560,-435957.86388677434,43898.536128043816,1.9387283547457716e-15
cosmx_bcc_spot_0000068564,-435970.73055344104,45360.3139058216,1.8278134365597825e-15
cosmx_bcc_spot_0000068565,-435949.0638867745,45705.31390582161,1.5476432209945087e-15
cosmx_bcc_spot_0000068566,-435955.61388677434,46043.39723915493,1.8182745889420474e-15
cosmx_bcc_spot_0000068567,-435991.905553441,46427.0639058216,1.5847053594469248e-12
cosmx_bcc_spot_0000068568,-435899.2448391554,46756.09962010732,1.6425219730199914e-15
cosmx_bcc_spot_0000068629,-435997.86724224396,68894.4292333926,0.00015966907739728124
cosmx_bcc_spot_0000068630,-435944.56724224397,69227.02923339259,0.038860063508631304
cosmx_bcc_spot_0000068631,-435967.7505755773,69625.27923339259,0.27062072319432534
cosmx_bcc_spot_0000068632,-435983.91724224394,69969.96673339259,0.5083284593436108
cosmx_bcc_spot_0000068633,-436000.36724224396,70331.1292333926,0.7941569099422612
cosmx_bcc_spot_0000068634,-435976.167242244,70707.52923339259,0.06669640049153851
cosmx_bcc_spot_0000068635,-435941.97974224394,71058.40423339259,0.34942836859265936
cosmx_bcc_spot_0000068636,-435962.2198738229,71427.9239702347,0.5937923711312568
cosmx_bcc_spot_0000068637,-435953.9907716557,71799.088056922,0.9498570040053066
cosmx_bcc_spot_0000068638,-435941.50057557726,72103.29590005925,0.8250797780550488
cosmx_bcc_spot_0000068639,-436007.967242244,72391.62923339261,0.684040384535002
cosmx_bcc_spot_0000068646,-436030.10196163395,75114.67090643392,0.672088311274019
cosmx_bcc_spot_0000068647,-436013.413072745,75403.23757310057,0.4633273130369695
cosmx_bcc_spot_0000068648,-436019.12216365413,75748.15575491877,0.8360101107693023
cosmx_bcc_spot_0000068649,-436035.8494363814,76152.70120946421,0.729343709308874
cosmx_bcc_spot_0000068650,-436018.64164417365,76502.76614452917,0.9217373034522999
cosmx_bcc_spot_0000068651,-436032.61307274504,76831.93757310059,0.7540870545398493
cosmx_bcc_spot_0000068652,-436019.2130727451,77168.05185881487,1.5846580723577654e-15
cosmx_bcc_spot_0000068653,-436018.4858000178,77578.15575491876,0.20930587548628043
cosmx_bcc_spot_0000068654,-436015.9630727451,77927.5875731006,1.2782179033929076e-15
cosmx_bcc_spot_0000068655,-436068.61307274504,78377.93757310059,1.2558920213148842e-15
cosmx_bcc_spot_0000068657,-436013.2130727451,79088.33757310057,1.5254567382879937e-15
cosmx_bcc_spot_0000068668,-435939.0327183231,83048.45322444962,1.5914480804585526e-15
cosmx_bcc_spot_0000068669,-435993.23726377764,83371.43807293451,1.7130786006970019e-15
cosmx_bcc_spot_0000068670,-435961.94938498974,83729.90560540205,1.5962981551353487e-15
cosmx_bcc_spot_0000068671,-435961.1918092322,84089.93807293451,9.892080355694242e-14
cosmx_bcc_spot_0000068672,-435927.1577183231,84447.36989111631,0.22283068747465576
cosmx_bcc_spot_0000068673,-435934.5493849898,84805.4198911163,0.007328857970500388
cosmx_bcc_spot_0000068674,-435910.4827183231,85181.88655778297,8.876134100840791e-16
cosmx_bcc_spot_0000068675,-435941.4645365049,85499.07443657084,3.3703881429532426e-12
cosmx_bcc_spot_0000068676,-435952.6160516564,85938.17544667184,0.004718060583694822
cosmx_bcc_spot_0000068677,-435964.68271832314,86269.15322444963,0.0002417611032073155
cosmx_bcc_spot_0000068678,-435945.2827183231,86634.88655778297,0.30914449829022583
cosmx_bcc_spot_0000068679,-435921.94938498974,87009.50878000518,2.043042796910486e-15
cosmx_bcc_spot_0000068910,-435606.498277241,24463.021517774403,0.37284997710420337
cosmx_bcc_spot_0000068911,-435572.96494390763,24687.688184441075,0.31410937200875233
cosmx_bcc_spot_0000068912,-435570.473277241,25064.05901777441,1.407815385059031e-15
cosmx_bcc_spot_0000068913,-435575.25617197785,25425.726780932306,0.290302951424077
cosmx_bcc_spot_0000068914,-435636.498277241,25793.37151777441,0.3244026374633052
cosmx_bcc_spot_0000068915,-435620.9316105743,26054.1215177744,1.8838783050106e-15
cosmx_bcc_spot_0000068916,-435601.848277241,26467.37151777441,0.025461384018146193
cosmx_bcc_spot_0000068917,-435554.9316105743,26917.45485110774,0.2354353166046443
cosmx_bcc_spot_0000068918,-435613.8316105743,27253.08818444108,0.628625207236418
cosmx_bcc_spot_0000068919,-435570.9444310871,27617.929210082104,1.6911472542728235e-15
cosmx_bcc_spot_0000068920,-435584.64373178646,27959.257881410773,1.643235688610795e-15
cosmx_bcc_spot_0000068921,-435590.86298312334,28346.44504718618,1.3254971957203336e-15
cosmx_bcc_spot_0000068922,-435592.9301576321,28695.9349234258,1.1082201511671787e-15
cosmx_bcc_spot_0000068923,-435631.59090003977,29052.15707651834,0.7988167567531625
cosmx_bcc_spot_0000068924,-435628.49566194444,29368.585647946904,0.09895149646390856
cosmx_bcc_spot_0000068925,-435617.99566194456,29758.335647946897,9.241065985955789e-16
cosmx_bcc_spot_0000068926,-435628.0341234832,30134.816417177673,9.195383710584415e-16
cosmx_bcc_spot_0000068927,-435623.26489271404,30497.893340254595,1.2324686664455956e-15
cosmx_bcc_spot_0000068928,-435635.4956619447,30872.662571023826,1.3790609060417522e-15
cosmx_bcc_spot_0000068929,-435617.3081619447,31216.960647946908,1.375588113504348e-15
cosmx_bcc_spot_0000068930,-435636.05816194444,31560.648147946908,1.5964844672266629e-15
cosmx_bcc_spot_0000068931,-435642.3138437627,31952.449284310547,1.5843668983071336e-15
cosmx_bcc_spot_0000068932,-435608.03412348306,32338.585647946915,0.5660126089987754
cosmx_bcc_spot_0000068933,-435622.8434880314,32646.84651751213,0.8554391029986749
cosmx_bcc_spot_0000068934,-435584.75006830983,33020.79641379263,0.8831236926327052
cosmx_bcc_spot_0000068935,-435546.7581417276,33366.35930192894,0.691052621583459
cosmx_bcc_spot_0000068936,-435599.9611492464,33774.70767285626,0.08358021065347034
cosmx_bcc_spot_0000068937,-435586.2938560133,34110.5140638337,0.8785943057216289
cosmx_bcc_spot_0000068938,-435574.69320666266,34483.155838725485,0.9198373552049961
cosmx_bcc_spot_0000068939,-435591.47771844716,34827.84607441571,0.9552010399247505
cosmx_bcc_spot_0000068940,-435605.7413350049,35238.66742517824,0.45536693848716586
cosmx_bcc_spot_0000068941,-435581.8812944369,35555.5152953608,0.8940330814643859
cosmx_bcc_spot_0000068942,-435612.37718934665,35924.740254309894,0.8377322256213846
cosmx_bcc_spot_0000068943,-435594.4600050816,36272.767169423765,0.9006437619505865
cosmx_bcc_spot_0000068944,-435600.07031103974,36634.7349633046,0.9793431275400426
cosmx_bcc_spot_0000068945,-435560.329570299,36994.98727811941,0.676521435137738
cosmx_bcc_spot_0000068946,-435565.8611233515,37384.82160059961,0.3419594799758746
cosmx_bcc_spot_0000068947,-435553.01069600106,37763.29168606969,0.6547821269223926
cosmx_bcc_spot_0000068948,-435587.157649406,38082.83648893707,0.9030497610834132
cosmx_bcc_spot_0000068949,-435578.60328859364,38457.43983421784,0.966543541892067
cosmx_bcc_spot_0000068950,-435595.39958489,38805.090831368834,0.7752166259897466
cosmx_bcc_spot_0000068951,-435588.60546724306,39149.74920240955,0.6105276952045693
cosmx_bcc_spot_0000068952,-435603.89958489,39570.713908291895,1.65131232336496e-15
cosmx_bcc_spot_0000068953,-435559.39958488994,39930.1389082919,1.6798802646653837e-15
cosmx_bcc_spot_0000068954,-435546.0662515566,40201.84724162523,1.5404038760375683e-15
cosmx_bcc_spot_0000068955,-435544.3440293344,40618.847241625226,1.4119438984061686e-15
cosmx_bcc_spot_0000068956,-435519.2329182233,41101.18057495857,1.49935425251018e-15
cosmx_bcc_spot_0000068962,-435619.3083312188,43165.75835026604,1.1033967721688158e-15
cosmx_bcc_spot_0000068963,-435475.530553441,43452.913905821595,1.4208995520185454e-07
cosmx_bcc_spot_0000068964,-435571.93055344105,43919.11390582159,0.019130203152960032
cosmx_bcc_spot_0000068967,-435581.4194423299,45017.09168359937,1.5409387910374517e-15
cosmx_bcc_spot_0000068969,-435601.86388677434,45695.3139058216,1.8384555510892046e-15
cosmx_bcc_spot_0000068970,-435578.1734105839,46058.59962010732,1.801042803351701e-15
cosmx_bcc_spot_0000068971,-435572.1187887353,46436.019788174555,1.954929242092321e-15
cosmx_bcc_spot_0000068972,-435575.030553441,46751.3139058216,1.8923101966540604e-15
cosmx_bcc_spot_0000069033,-435637.88152795826,68915.45780482118,1.3113334291478696e-15
cosmx_bcc_spot_0000069036,-435619.5958136725,70000.88637624975,9.11547716161654e-07
cosmx_bcc_spot_0000069037,-435622.73867081536,70315.31494767833,4.247765943027299e-06
cosmx_bcc_spot_0000069038,-435591.16724224394,70643.88637624975,1.7969874639730393e-15
cosmx_bcc_spot_0000069039,-435611.28488930274,71053.088056922,0.9012760601638876
cosmx_bcc_spot_0000069040,-435614.9319481263,71445.26452751024,0.8109073393929105
cosmx_bcc_spot_0000069041,-435629.090319167,71762.79846416182,0.9380517769990011
cosmx_bcc_spot_0000069042,-435617.83390891063,72155.80701117037,0.9321713290708746
cosmx_bcc_spot_0000069072,-435597.8281728685,83068.34716384356,1.771020833838877e-15
cosmx_bcc_spot_0000069073,-435591.2112897517,83384.19131968773,1.7703384538583244e-15
cosmx_bcc_spot_0000069074,-435599.4731945136,83721.5722720687,0.08667041145098943
cosmx_bcc_spot_0000069075,-435582.8914139753,84100.35902155112,0.38012112985977486
cosmx_bcc_spot_0000069076,-435596.23271832307,84442.36989111632,0.43780038806434435
cosmx_bcc_spot_0000069077,-435584.9142972705,84833.83041743211,0.367294670206575
cosmx_bcc_spot_0000069078,-435588.22716276755,85162.73100222743,0.4416473395898293
cosmx_bcc_spot_0000069079,-435562.00494054536,85546.73100222743,0.4192049833589745
cosmx_bcc_spot_0000069080,-435603.3415418525,85924.38459699867,0.30434401198711886
cosmx_bcc_spot_0000069081,-435585.2350992755,86255.61989111632,0.19575437011521937
cosmx_bcc_spot_0000069082,-435570.6918092322,86622.80170929815,0.45259339539079835
cosmx_bcc_spot_0000069083,-435600.0604961009,86978.56433556076,0.27326789407843183
cosmx_bcc_spot_0000069314,-435205.348277241,24458.8715177744,0.36490774291847744
cosmx_bcc_spot_0000069315,-435216.498277241,24732.221517774407,1.7159814685776383e-15
cosmx_bcc_spot_0000069316,-435243.27474782924,25065.856811892056,0.11677639031018654
cosmx_bcc_spot_0000069317,-435220.6697058124,25389.907232060123,0.23947076361479844
cosmx_bcc_spot_0000069318,-435202.898277241,25732.421517774404,1.4277310638989036e-15
cosmx_bcc_spot_0000069322,-435219.098277241,27268.8358034887,1.6758946494113513e-15
cosmx_bcc_spot_0000069323,-435240.098277241,27648.8358034887,0.2978499291180023
cosmx_bcc_spot_0000069324,-435225.5149439077,27936.288184441077,0.16278991920192631
cosmx_bcc_spot_0000069325,-435249.298277241,28334.42151777441,1.6499142925743996e-05
cosmx_bcc_spot_0000069326,-435174.098277241,28595.80333595623,0.4825811626722641
cosmx_bcc_spot_0000069338,-435207.15309971076,33079.49095459,0.8709671871385176
cosmx_bcc_spot_0000069339,-435200.4600050816,33373.54977811942,0.9509664347847843
cosmx_bcc_spot_0000069340,-435206.86803183745,33783.78054735018,0.08737508652664792
cosmx_bcc_spot_0000069341,-435215.47242744185,34116.442635262276,0.8149120434309489
cosmx_bcc_spot_0000069342,-435247.2184591879,34482.36459293423,0.952322181090988
cosmx_bcc_spot_0000069343,-435206.449570299,34826.02977811942,0.9486076574822561
cosmx_bcc_spot_0000069344,-435230.1867131562,35185.04977811941,0.22168100732493118
cosmx_bcc_spot_0000069345,-435234.40099887043,35565.406920976566,0.5519614636663658
cosmx_bcc_spot_0000069346,-435216.1190439832,35871.49714654047,0.10840161079058676
cosmx_bcc_spot_0000069347,-435282.90099887043,36243.04977811941,0.7710618667409529
cosmx_bcc_spot_0000069348,-435263.767070299,36653.04977811941,0.8057754630882171
cosmx_bcc_spot_0000069349,-435201.2938560133,37045.62120669085,0.6917159463759458
cosmx_bcc_spot_0000069350,-435220.7525260663,37376.9550847625,0.8685002199443125
cosmx_bcc_spot_0000069351,-435222.3757753663,37765.18057495858,0.7749536068194836
cosmx_bcc_spot_0000069352,-435241.487820184,38109.60214358603,0.9726899199192631
cosmx_bcc_spot_0000069353,-435212.03001967265,38465.73129959626,0.8762623930017109
cosmx_bcc_spot_0000069354,-435204.30699229735,38808.81020458821,0.7847812567398628
cosmx_bcc_spot_0000069355,-435206.39958489,39179.05236983037,0.6504511604116089
cosmx_bcc_spot_0000069356,-435190.53594852635,39474.059362837346,0.17534618295050372
cosmx_bcc_spot_0000069357,-435227.8995848901,39922.78057495856,1.332010570334699e-15
cosmx_bcc_spot_0000069358,-435195.2120848901,40277.8889082919,1.2897349058882689e-15
cosmx_bcc_spot_0000069359,-435207.1662515568,40630.04724162523,1.252638967950393e-15
cosmx_bcc_spot_0000069360,-435212.19958489,40983.01390829189,1.387810844032452e-15
cosmx_bcc_spot_0000069361,-435210.04244203295,41287.01390829189,6.950297234294762e-14
cosmx_bcc_spot_0000069367,-435309.9591248696,43500.02819153589,1.8889696245144163e-15
cosmx_bcc_spot_0000069372,-435276.530553441,45319.11390582159,1.46815132417099e-15
cosmx_bcc_spot_0000069373,-435287.5305534411,45723.09962010732,6.814279651946276e-13
cosmx_bcc_spot_0000069374,-435274.030553441,46006.913905821595,1.453126894534767e-10
cosmx_bcc_spot_0000069375,-435301.530553441,46424.8139058216,1.9602657581906676e-15
cosmx_bcc_spot_0000069376,-435273.330553441,46671.11390582159,2.00671824827253e-15
cosmx_bcc_spot_0000069476,-435242.57683597016,83029.85518523396,0.2007137839106788
cosmx_bcc_spot_0000069477,-435198.81605165644,83388.08655778297,1.7482970251860899e-15
cosmx_bcc_spot_0000069478,-435236.0554455958,83761.61989111634,0.624433971938453
cosmx_bcc_spot_0000069479,-435223.3452183231,84097.05739111635,0.48037346478116383
cosmx_bcc_spot_0000069480,-435208.71750093176,84447.5329345946,0.744599025010623
cosmx_bcc_spot_0000069481,-435214.3327183231,84820.41989111633,0.3464823543989902
cosmx_bcc_spot_0000069482,-435204.23271832307,85170.51989111633,0.7437503167023193
cosmx_bcc_spot_0000069483,-435238.23924006225,85523.75032589895,0.28793134866077447
cosmx_bcc_spot_0000069484,-435243.8914139753,85923.35902155112,0.6079800833971597
cosmx_bcc_spot_0000069485,-435234.85964140005,86266.81219880865,0.6486315680357277
cosmx_bcc_spot_0000069486,-435211.1009001413,86634.07443657088,0.34214354327320445
cosmx_bcc_spot_0000069487,-435238.73271832307,86960.11989111632,0.6153402551238774
cosmx_bcc_spot_0000069718,-434933.498277241,24470.221517774404,0.9069951414574652
cosmx_bcc_spot_0000069719,-434860.6634946323,24718.96934386137,1.6564148083176129e-15
cosmx_bcc_spot_0000069720,-434850.748277241,25039.52151777441,1.6598894887978714e-15
cosmx_bcc_spot_0000069721,-434858.5268486696,25456.859613012504,1.403848054832954e-15
cosmx_bcc_spot_0000069722,-434834.1697058124,25771.050089202978,1.4224720444806663e-15
cosmx_bcc_spot_0000069723,-434786.81256295525,26199.907232060123,1.7358673990261658e-15
cosmx_bcc_spot_0000069724,-434828.973277241,26486.87151777441,1.728860451503997e-15
cosmx_bcc_spot_0000069725,-434843.95542009815,26864.335803488695,1.6419922890652449e-15
cosmx_bcc_spot_0000069726,-434862.098277241,27296.62151777441,1.7254131203179865e-15
cosmx_bcc_spot_0000069727,-434901.81256295525,27550.907232060123,1.0926579158142073e-15
cosmx_bcc_spot_0000069728,-434844.0073681501,27917.257881410773,1.4795877079810784e-15
cosmx_bcc_spot_0000069729,-434846.098277241,28345.159979312873,0.10616506123750741
cosmx_bcc_spot_0000069730,-434898.598277241,28585.02151777441,0.9039786939199951
cosmx_bcc_spot_0000069742,-434867.1629036323,33064.77200034164,0.8240358451123729
cosmx_bcc_spot_0000069743,-434841.489570299,33397.46977811942,0.9343078244057743
cosmx_bcc_spot_0000069744,-434841.60734807677,33710.49422256386,0.4664714157427506
cosmx_bcc_spot_0000069745,-434907.129570299,34134.99977811942,0.23781691110675704
cosmx_bcc_spot_0000069746,-434860.78411575354,34471.42856599821,0.9095542836276247
cosmx_bcc_spot_0000069747,-434864.86290363234,34833.24977811942,0.8757230076357826
cosmx_bcc_spot_0000069748,-434874.179570299,35178.04977811941,0.3954717278761528
cosmx_bcc_spot_0000069749,-434902.78411575354,35594.00432357395,1.8292646853829955e-15
cosmx_bcc_spot_0000069750,-434851.55179252126,35936.99422256386,1.7527221166649856e-15
cosmx_bcc_spot_0000069751,-434883.1629036323,36306.77200034164,1.782389073010262e-15
cosmx_bcc_spot_0000069752,-434876.44068141014,36661.660889230516,1.7665797295845271e-15
cosmx_bcc_spot_0000069753,-434854.3589820637,37070.9615428253,0.7981220335043709
cosmx_bcc_spot_0000069754,-434878.3162515565,37386.62501940303,0.9430612222146845
cosmx_bcc_spot_0000069755,-434844.30699229735,37777.884278662284,0.7577606362133501
cosmx_bcc_spot_0000069756,-434873.8995848901,38087.18057495858,0.9414925848246543
cosmx_bcc_spot_0000069757,-434848.0662515567,38487.43057495858,0.9657738409219117
cosmx_bcc_spot_0000069758,-434872.21958489,38841.87390829191,0.8638967164459858
cosmx_bcc_spot_0000069759,-434858.09958488983,39205.74247972049,0.6420133553035197
cosmx_bcc_spot_0000069760,-434853.2995848901,39485.980574958565,0.22261143352356494
cosmx_bcc_spot_0000069761,-434843.39958488994,39866.5139082919,1.202424782664277e-07
cosmx_bcc_spot_0000069762,-434845.29958488996,40314.41390829189,1.8391817593635542e-15
cosmx_bcc_spot_0000069763,-434849.8995848901,40619.0764082919,1.107988630579876e-15
cosmx_bcc_spot_0000069764,-434901.3541303445,40925.87754465553,1.0730215028054828e-15
cosmx_bcc_spot_0000069880,-434855.694483029,83024.38459699867,1.6159138174781805e-15
cosmx_bcc_spot_0000069881,-434842.02184875787,83365.61989111634,0.01894143643406301
cosmx_bcc_spot_0000069882,-434852.2827183231,83724.46199637948,1.2609349259943314e-15
cosmx_bcc_spot_0000069883,-434847.94938498974,84148.36063185708,0.562559951691425
cosmx_bcc_spot_0000069884,-434839.6398611803,84427.65560540206,0.7249086347694146
cosmx_bcc_spot_0000069885,-434854.0068562541,84823.75782215083,0.11797196259556951
cosmx_bcc_spot_0000069886,-434870.9750260154,85187.11989111634,0.27466341992320464
cosmx_bcc_spot_0000069887,-434834.41908195947,85535.30170929815,0.17535868834114432
cosmx_bcc_spot_0000069888,-434862.73271832307,85941.31989111632,0.8105547947919823
cosmx_bcc_spot_0000069889,-434848.8027183231,86293.29989111634,0.888278677420733
cosmx_bcc_spot_0000069890,-434862.8065278469,86617.66751016394,0.7560096894413306
cosmx_bcc_spot_0000069891,-434852.1918092322,86967.93807293451,0.7341511179954067
cosmx_bcc_spot_0000070123,-434577.87605501874,24727.17707332996,9.86162389540289e-16
cosmx_bcc_spot_0000070124,-434608.38399152673,25115.478660631543,1.7827422058705185e-15
cosmx_bcc_spot_0000070125,-434579.98716612987,25437.62151777441,1.4346942797327078e-15
cosmx_bcc_spot_0000070126,-434560.88399152673,25773.192946345836,1.790151092130836e-15
cosmx_bcc_spot_0000070127,-434583.71366185637,26111.006133159022,1.7024114802507281e-15
cosmx_bcc_spot_0000070128,-434576.9316105743,26512.621517774405,7.621186969278879e-09
cosmx_bcc_spot_0000070131,-434597.498277241,27548.221517774404,6.196423330786412e-09
cosmx_bcc_spot_0000070146,-434468.079570299,33074.5497781194,0.06670863480153968
cosmx_bcc_spot_0000070147,-434508.0568430263,33420.186141755774,0.19210109277548493
cosmx_bcc_spot_0000070148,-434446.329570299,33730.660889230516,1.352377511965164e-15
cosmx_bcc_spot_0000070149,-434507.39623696567,34118.34977811941,1.531788304904612e-15
cosmx_bcc_spot_0000070150,-434530.90099887043,34443.90692097655,0.22180945356486198
cosmx_bcc_spot_0000070151,-434480.1674081368,34858.03626460591,0.7084762948091423
cosmx_bcc_spot_0000070152,-434494.30179252126,35178.77200034165,0.7019051906048467
cosmx_bcc_spot_0000070153,-434474.329570299,35598.11227811941,1.6062039225899753e-15
cosmx_bcc_spot_0000070154,-434504.97242744185,35943.90692097655,1.7015026627336906e-15
cosmx_bcc_spot_0000070155,-434524.19623696565,36299.21644478608,1.6910450615934125e-15
cosmx_bcc_spot_0000070156,-434471.56033952977,36642.93439350402,0.20069752933748103
cosmx_bcc_spot_0000070157,-434492.8001585343,37041.72624870765,0.3450198498869622
cosmx_bcc_spot_0000070158,-434546.8255108159,37390.18057495858,0.8499818817555396
cosmx_bcc_spot_0000070159,-434541.8995848901,37790.2639082919,0.5335354911286178
cosmx_bcc_spot_0000070160,-434498.05958489,38090.99390829191,0.797996001848297
cosmx_bcc_spot_0000070161,-434473.45130902785,38453.1690807057,0.8655542304833366
cosmx_bcc_spot_0000070162,-434493.8495848902,38823.81390829191,0.7728058241696034
cosmx_bcc_spot_0000070163,-434546.74958489015,39143.91390829191,0.7827824979310347
cosmx_bcc_spot_0000070164,-434520.23291822325,39528.18057495856,1.7964988025292574e-15
cosmx_bcc_spot_0000070165,-434537.14958489005,39896.26390829189,1.8014979752583793e-15
cosmx_bcc_spot_0000070166,-434493.1852991758,40296.79962257761,1.4498387742864439e-15
cosmx_bcc_spot_0000070167,-434546.0662515567,40641.097241625226,1.8316395423841605e-15
cosmx_bcc_spot_0000070168,-434544.5662515566,40984.68057495857,1.2942874150939707e-15
cosmx_bcc_spot_0000070284,-434515.1577183231,83076.68239111631,0.809747981701383
cosmx_bcc_spot_0000070285,-434505.7514683231,83369.18239111635,0.6526953697524293
cosmx_bcc_spot_0000070286,-434471.8709536172,83689.73753817513,0.2521231369035426
cosmx_bcc_spot_0000070287,-434529.0952183231,84095.49489111631,0.4949901056672544
cosmx_bcc_spot_0000070288,-434536.66367070406,84405.14370064014,0.19799998500271213
cosmx_bcc_spot_0000070289,-434490.22716276755,84862.39766889409,0.4909487413755859
cosmx_bcc_spot_0000070290,-434502.93489223614,85211.35902155112,0.09382931480835818
cosmx_bcc_spot_0000070291,-434527.14938498975,85541.88655778297,1.7549843841699306e-15
cosmx_bcc_spot_0000070292,-434511.6918092322,85937.11989111634,0.7893666205819757
cosmx_bcc_spot_0000070293,-434474.66733370774,86292.77373727018,0.9150945675318082
cosmx_bcc_spot_0000070294,-434517.386166599,86636.86127042669,0.9319739225594965
cosmx_bcc_spot_0000070295,-434494.373627414,87013.80170929815,0.8518503735094791
cosmx_bcc_spot_0000070550,-434108.72957029904,33077.61644478608,9.378046568129776e-16
cosmx_bcc_spot_0000070551,-434167.4129036323,33422.38311145274,9.674689454322706e-16
cosmx_bcc_spot_0000070552,-434127.1629036323,33746.96644478608,1.1260591787358697e-15
cosmx_bcc_spot_0000070553,-434142.079570299,34116.46644478608,9.861965366447122e-16
cosmx_bcc_spot_0000070554,-434153.72957029904,34412.549778119406,1.5964812448496694e-15
cosmx_bcc_spot_0000070555,-434207.329570299,34857.233988645734,0.30717433984175113
cosmx_bcc_spot_0000070556,-434156.5676655371,35192.31168288132,0.416202955960378
cosmx_bcc_spot_0000070557,-434105.579570299,35593.299778119406,1.5969663257661723e-15
cosmx_bcc_spot_0000070558,-434142.179570299,35971.34977811942,0.11522502540386324
cosmx_bcc_spot_0000070559,-434109.829570299,36287.67477811941,0.37853234100959543
cosmx_bcc_spot_0000070560,-434116.267070299,36630.92477811941,0.7944143241430693
cosmx_bcc_spot_0000070561,-434137.7581417276,37019.35930192894,1.7216988284077065e-15
cosmx_bcc_spot_0000070562,-434137.6688156593,37403.97544675343,1.7369288595658366e-15
cosmx_bcc_spot_0000070563,-434118.6773626679,37754.013908291905,1.6689922835537678e-15
cosmx_bcc_spot_0000070564,-434164.85791822337,38112.38890829191,0.10929368926829473
cosmx_bcc_spot_0000070565,-434182.99958489015,38463.6139082919,0.5475784246308132
cosmx_bcc_spot_0000070566,-434166.3778457596,38806.861734378865,0.39002807719444993
cosmx_bcc_spot_0000070567,-434093.7884737788,39215.18057495856,1.779914355785146e-15
cosmx_bcc_spot_0000070568,-434123.23291822325,39584.06946384745,7.53207779397542e-08
cosmx_bcc_spot_0000070569,-434155.7884737788,39924.62501940301,1.776712616170833e-15
cosmx_bcc_spot_0000070570,-434145.27458488994,40298.1389082919,1.8740241466624337e-07
cosmx_bcc_spot_0000070571,-434124.59189258236,40625.36006213805,6.796374293687834e-10
cosmx_bcc_spot_0000070572,-434136.19958489,40987.31390829189,1.8126181009502721e-12
cosmx_bcc_spot_0000070688,-434145.86166569154,83035.77778585316,0.6627447863105017
cosmx_bcc_spot_0000070689,-434129.171607212,83379.45322444965,0.23830250891293064
cosmx_bcc_spot_0000070690,-434120.5985077968,83754.56725953738,0.262944102410468
cosmx_bcc_spot_0000070691,-434160.2827183231,84096.14620690579,0.5366386791371239
cosmx_bcc_spot_0000070692,-434136.93489223614,84472.0981519859,0.18111744556429632
cosmx_bcc_spot_0000070693,-434151.4750260154,84829.11989111634,0.7818802742768759
cosmx_bcc_spot_0000070694,-434141.73271832307,85145.61989111632,0.778326407955898
cosmx_bcc_spot_0000070695,-434138.34938498976,85523.2198911163,0.19594561405909336
cosmx_bcc_spot_0000070696,-434175.98860067606,85877.67871464572,0.10534773751172459
cosmx_bcc_spot_0000070697,-434130.4365644769,86289.23527573173,0.8663471526265049
cosmx_bcc_spot_0000070698,-434123.5627183231,86622.77989111634,0.8526886165950908
cosmx_bcc_spot_0000070699,-434128.23726377764,86992.43807293451,0.8049486070013914
cosmx_bcc_spot_0000070954,-433735.17167556216,33070.02346232994,0.2828209960904679
cosmx_bcc_spot_0000070955,-433781.23866120813,33368.458869028495,1.2928334186736863e-15
cosmx_bcc_spot_0000070956,-433791.4962369657,33741.799778119406,1.039788467835057e-15
cosmx_bcc_spot_0000070957,-433732.1867131562,34109.12120669083,7.954048589079445e-16
cosmx_bcc_spot_0000070958,-433764.56033952977,34490.011316580945,1.4828894701378008e-15
cosmx_bcc_spot_0000070959,-433753.0438560133,34832.12120669083,1.7002680842319327e-15
cosmx_bcc_spot_0000070960,-433734.7413350049,35226.25566047236,0.4334562461572195
cosmx_bcc_spot_0000070961,-433749.249570299,35554.18977811942,0.5315558272205486
cosmx_bcc_spot_0000070962,-433774.38220187795,35902.33925180363,0.733529631587861
cosmx_bcc_spot_0000070963,-433794.71052267996,36301.216444786085,0.7341205673564278
cosmx_bcc_spot_0000070964,-433840.329570299,36629.71644478608,0.5079094127898957
cosmx_bcc_spot_0000070965,-433769.90851766744,37023.07609390889,1.5547733346185731e-15
cosmx_bcc_spot_0000071090,-433675.31858815,82414.6211987647,0.43448368672794985
cosmx_bcc_spot_0000071091,-433695.98525481665,82637.62119876473,0.48573489805894
cosmx_bcc_spot_0000071092,-433743.3772060689,82988.92073174742,0.11229013175714415
cosmx_bcc_spot_0000071093,-433784.70065323653,83316.6205449405,1.6966142428419181e-15
cosmx_bcc_spot_0000071094,-433770.90424021916,83725.23400903869,0.7003353894533998
cosmx_bcc_spot_0000071095,-433787.79841137223,84091.65796321249,0.2931285193452638
cosmx_bcc_spot_0000071096,-433816.20485280553,84505.54763935208,0.6054916128210911
cosmx_bcc_spot_0000071097,-433790.4506532365,84801.72054494053,0.2299558614285628
cosmx_bcc_spot_0000071098,-433775.6153951006,85178.50812666854,0.6288869863577495
cosmx_bcc_spot_0000071099,-433772.65244672773,85535.96061032296,1.577666611743043e-15
cosmx_bcc_spot_0000071100,-433789.24077471206,85888.70285942145,1.5885793149305712e-15
cosmx_bcc_spot_0000071101,-433802.8269000164,86261.24395897155,0.2084438700291731
cosmx_bcc_spot_0000071102,-433781.67565323657,86590.8955449405,0.5336789094140917
cosmx_bcc_spot_0000071103,-433879.40771832305,87023.2448911163,0.3090040423054803
cosmx_bcc_spot_0000071358,-433440.429570299,33074.2497781194,0.1966843066084515
cosmx_bcc_spot_0000071359,-433384.51138848084,33372.186141755774,0.04491645229783895
cosmx_bcc_spot_0000071360,-433455.23866120813,33700.73159630122,7.686050594507746e-16
cosmx_bcc_spot_0000071361,-433413.4834164529,34110.1651627348,8.780769967076815e-16
cosmx_bcc_spot_0000071362,-433449.829570299,34444.5497781194,1.0331433252481552e-15
cosmx_bcc_spot_0000071363,-433423.72957029904,34889.149778119405,1.1055019162247314e-15
cosmx_bcc_spot_0000071364,-433428.96593393537,35231.913414483046,0.5454603522965383
cosmx_bcc_spot_0000071365,-433468.4472173578,35559.608601648826,0.5645508144986504
cosmx_bcc_spot_0000071366,-433424.23866120813,35934.00432357395,0.36285705747103364
cosmx_bcc_spot_0000071367,-433438.61528458475,36268.5497781194,0.3728044927172446
cosmx_bcc_spot_0000071368,-433489.829570299,36672.149778119405,0.11051977229771122
cosmx_bcc_spot_0000071369,-433381.704570299,36988.9247781194,1.7380264695878689e-15
cosmx_bcc_spot_0000071495,-433391.3185881501,82611.2211987647,7.314793809721425e-06
cosmx_bcc_spot_0000071496,-433389.24715957855,83010.42119876471,1.864431059453842e-15
cosmx_bcc_spot_0000071497,-433372.0832940323,83407.7741399412,1.367054999749079e-15
cosmx_bcc_spot_0000071498,-433416.01089584234,83726.65196799548,0.027820169367406042
cosmx_bcc_spot_0000071499,-433385.63108814997,84073.29619876473,0.029223645935236655
cosmx_bcc_spot_0000071500,-433400.06858815,84431.25453209803,1.1715240303294536e-15
cosmx_bcc_spot_0000071501,-433423.25976462057,84792.3035517059,1.5914510677321352e-15
cosmx_bcc_spot_0000071502,-433430.70320353465,85154.7288910724,0.13286765745928852
cosmx_bcc_spot_0000071503,-433396.2316316283,85560.46467702562,1.225888396045037e-15
cosmx_bcc_spot_0000071504,-433448.01089584234,85933.7288910724,1.138529593223197e-15
cosmx_bcc_spot_0000071505,-433419.8685881499,86258.12119876474,1.7282546746971817e-15
cosmx_bcc_spot_0000071506,-433453.98525481677,86545.53230987581,1.960615119487799e-15
cosmx_bcc_spot_0000071762,-433083.22957029904,33061.149778119405,1.2893993085035657e-15
cosmx_bcc_spot_0000071763,-433010.079570299,33371.88311145274,1.363625930133049e-15
cosmx_bcc_spot_0000071764,-433042.829570299,33803.2497781194,1.5436484157596118e-15
cosmx_bcc_spot_0000071765,-433035.329570299,34166.00432357395,0.048251899847299766
cosmx_bcc_spot_0000071766,-433030.089570299,34498.309778119416,0.5826451234541705
cosmx_bcc_spot_0000071767,-433050.454570299,34841.716444786085,0.6386416147092788
cosmx_bcc_spot_0000071768,-433069.4204793899,35208.004323573965,0.600994640180778
cosmx_bcc_spot_0000071769,-433022.579570299,35531.74977811942,0.6626811274255653
cosmx_bcc_spot_0000071770,-433012.90099887043,35920.54977811941,0.3117159422094297
cosmx_bcc_spot_0000071771,-433082.9962369657,36282.71644478608,1.88594626361828e-15
cosmx_bcc_spot_0000071772,-433025.329570299,36692.78054735018,1.7432794565277588e-15
cosmx_bcc_spot_0000071773,-433044.19623696565,37056.683111452745,1.2866575825988917e-15
cosmx_bcc_spot_0000071899,-433050.8185881501,82633.2211987647,0.0053114713160613445
cosmx_bcc_spot_0000071900,-433058.65192148346,83002.31008765359,0.0010319291165070688
cosmx_bcc_spot_0000071901,-433051.3185881499,83372.82119876475,0.0006942456358497315
cosmx_bcc_spot_0000071902,-433019.94358814997,83746.10869876473,0.09034349925326482
cosmx_bcc_spot_0000071903,-433046.0328738643,84115.99262733615,1.6737849416852917e-15
cosmx_bcc_spot_0000071904,-433048.84799991467,84458.00943405885,1.818825069743595e-15
cosmx_bcc_spot_0000071905,-433047.3662071976,84807.70691305047,1.29999916212554e-15
cosmx_bcc_spot_0000071906,-433054.81858814997,85164.75453209807,1.1130743984113682e-15
cosmx_bcc_spot_0000071907,-433067.46144529287,85539.8497701933,1.222799119614653e-15
cosmx_bcc_spot_0000071908,-433045.5004063319,85909.87574421924,1.66182906766233e-15
cosmx_bcc_spot_0000071909,-433031.44358814997,86257.67119876473,1.5310175742681972e-15
cosmx_bcc_spot_0000071910,-433064.2352548167,86539.00453209803,1.5651410032212406e-15
cosmx_bcc_spot_0000072166,-432736.629570299,33091.3497781194,1.4156055169633134e-15
cosmx_bcc_spot_0000072167,-432664.4962369657,33410.71644478606,1.6591196697192029e-15
cosmx_bcc_spot_0000072168,-432703.204570299,33713.1747781194,1.1300189511448874e-15
cosmx_bcc_spot_0000072169,-432702.829570299,34111.383111452735,2.1760451919142901e-10
cosmx_bcc_spot_0000072170,-432738.9962369657,34488.27200034164,0.5938491827565344
cosmx_bcc_spot_0000072171,-432676.579570299,34821.54977811941,0.560780340008879
cosmx_bcc_spot_0000072172,-432727.579570299,35197.04977811941,0.5653519170534015
cosmx_bcc_spot_0000072173,-432708.4204793899,35560.913414483046,0.5514448040125113
cosmx_bcc_spot_0000072174,-432675.54696160334,35925.20195203246,0.5830292522985813
cosmx_bcc_spot_0000072175,-432707.329570299,36270.391883382574,0.2148835985641179
cosmx_bcc_spot_0000072176,-432696.72957029904,36673.28311145274,1.7592865583871436e-15
cosmx_bcc_spot_0000072177,-432683.267070299,37074.23727811941,1.1347465263967983e-15
cosmx_bcc_spot_0000072303,-432739.13676996826,82637.4211987647,0.006057297606478146
cosmx_bcc_spot_0000072304,-432697.2009410911,83073.2447281765,0.13762930156429137
cosmx_bcc_spot_0000072305,-432687.1822245136,83364.83028967385,0.5678032688209401
cosmx_bcc_spot_0000072306,-432709.13108814997,83734.67119876473,0.4445421839239635
cosmx_bcc_spot_0000072307,-432678.56858815,84105.58786543137,2.0366118725148004e-10
cosmx_bcc_spot_0000072308,-432719.65192148334,84484.22119876472,1.3725408048644107e-15
cosmx_bcc_spot_0000072309,-432727.7801266116,84833.65196799548,9.568676563185411e-16
cosmx_bcc_spot_0000072310,-432677.937635769,85183.23072257427,1.2254422856134808e-15
cosmx_bcc_spot_0000072311,-432726.25608814997,85545.98369876473,1.4835764452244193e-15
cosmx_bcc_spot_0000072312,-432685.6519214833,85917.75453209807,1.6654240546317682e-15
cosmx_bcc_spot_0000072313,-432698.96564697346,86249.18590464709,1.4816991061095352e-15
cosmx_bcc_spot_0000072314,-432683.06858815,86544.75453209803,1.396230527938404e-15
cosmx_bcc_spot_0000072570,-432421.329570299,33096.71644478606,1.3085252172019345e-15
cosmx_bcc_spot_0000072571,-432261.1629036323,33422.0497781194,1.0557190751512413e-15
cosmx_bcc_spot_0000072572,-432309.4962369657,33835.96644478608,1.694835203346011e-15
cosmx_bcc_spot_0000072573,-432313.77401474345,34094.43866700829,1.2982581406968705e-15
cosmx_bcc_spot_0000072574,-432314.77401474345,34445.43866700829,1.665827151249195e-15
cosmx_bcc_spot_0000072575,-432326.55179252126,34844.660889230516,1.718353551012154e-15
cosmx_bcc_spot_0000072576,-432306.329570299,35218.88311145274,1.6962834782756605e-15
cosmx_bcc_spot_0000072577,-432310.96593393537,35543.36795993759,1.737737610636135e-15
cosmx_bcc_spot_0000072578,-432350.329570299,35920.5497781194,0.2640125839433997
cosmx_bcc_spot_0000072579,-432391.17572414514,36264.011316580945,0.7332155913307873
cosmx_bcc_spot_0000072580,-432344.26290363236,36663.08311145275,1.6159609302674157e-15
cosmx_bcc_spot_0000072581,-432350.06290363235,37008.14977811941,1.793440521657424e-15
cosmx_bcc_spot_0000072706,-432328.31858815,82431.8211987647,1.566541964038273e-07
cosmx_bcc_spot_0000072707,-432276.91858815,82579.8211987647,0.021852772782266588
cosmx_bcc_spot_0000072708,-432350.91858815,83045.88786543139,0.24342691233926497
cosmx_bcc_spot_0000072709,-432317.7685881499,83358.97119876475,0.33188224949551054
cosmx_bcc_spot_0000072710,-432305.0185881501,83739.8211987647,1.2997727932702693e-15
cosmx_bcc_spot_0000072711,-432336.11858814996,84114.62119876473,9.683920436590556e-16
cosmx_bcc_spot_0000072712,-432313.56858815,84483.50453209803,1.0338940104110285e-15
cosmx_bcc_spot_0000072713,-432347.6043024357,84852.3497701933,1.0210853532543877e-15
cosmx_bcc_spot_0000072714,-432318.90682344406,85158.53884582355,1.0379943660374356e-15
cosmx_bcc_spot_0000072715,-432308.75608814997,85538.98369876473,1.3198201651272438e-15
cosmx_bcc_spot_0000072716,-432349.9852548167,85938.08786543137,1.3499916195509934e-15
cosmx_bcc_spot_0000072717,-432310.612705797,86256.18590464709,1.3649877274131485e-15
cosmx_bcc_spot_0000072718,-432311.68222451373,86548.33028967379,1.3526625345683966e-15
cosmx_bcc_spot_0000072976,-432071.329570299,33799.1497781194,1.6468836995022538e-15
cosmx_bcc_spot_0000072978,-432049.929570299,34468.9497781194,4.912505457296442e-14
cosmx_bcc_spot_0000072979,-432063.9962369657,34892.5497781194,0.09401251379947752
cosmx_bcc_spot_0000072980,-432075.329570299,35199.73159630122,0.32803634172952584
cosmx_bcc_spot_0000072981,-432063.6629036323,35530.049778119406,0.3259905944757556
cosmx_bcc_spot_0000072983,-432086.929570299,36272.749778119396,1.5821698269762359e-15
cosmx_bcc_spot_0000072984,-432066.329570299,36721.3497781194,1.904951581071274e-15
cosmx_bcc_spot_0000072985,-432077.4962369657,37047.21644478606,1.4250988660108332e-15
cosmx_bcc_spot_0000073111,-431963.43623520876,82653.48002229414,1.933187533819109e-14
cosmx_bcc_spot_0000073112,-431977.41858814994,83014.62119876474,0.03935268666723029
cosmx_bcc_spot_0000073113,-431920.85704968846,83343.19042953393,0.001559023706734038
cosmx_bcc_spot_0000073114,-431970.96144529287,83735.70691305042,1.2575559933524094e-15
cosmx_bcc_spot_0000073115,-431919.18525481666,84098.42119876473,1.30048292269143e-15
cosmx_bcc_spot_0000073116,-431964.65192148346,84480.19897654248,1.3204616613579574e-15
cosmx_bcc_spot_0000073117,-431933.8519214833,84845.42119876473,1.3724490411720945e-15
cosmx_bcc_spot_0000073118,-431957.58525481663,85147.22119876472,1.0922756949704225e-15
cosmx_bcc_spot_0000073119,-431947.7352548167,85502.25453209803,1.030046187034906e-15
cosmx_bcc_spot_0000073120,-431971.0519214833,85907.08786543139,1.3597411511326655e-15
cosmx_bcc_spot_0000073121,-431972.06858814997,86293.67119876473,1.6056548691298405e-15
cosmx_bcc_spot_0000073122,-431980.9339727654,86552.03658338009,1.7925523715242693e-15
cosmx_bcc_spot_0000073515,-431684.2185881501,82667.5211987647,0.0015986356774833797
cosmx_bcc_spot_0000073516,-431636.9019214834,83015.50453209803,1.5735349781740073e-15
cosmx_bcc_spot_0000073517,-431618.00279867626,83391.78961981737,1.4020248760644411e-15
cosmx_bcc_spot_0000073518,-431598.2630325944,83745.64342098696,1.57025274205339e-15
cosmx_bcc_spot_0000073519,-431556.40949724097,84093.14847149198,1.6385576620561375e-15
cosmx_bcc_spot_0000073520,-431623.3185881501,84405.3211987647,1.666775865003039e-15
cosmx_bcc_spot_0000073521,-431598.13676996826,84856.60301694652,1.0789060287985445e-15
cosmx_bcc_spot_0000073522,-431634.20747703896,85213.75453209803,1.2170958823250539e-15
cosmx_bcc_spot_0000073523,-431588.40554467175,85546.76902485172,1.0397691080131857e-15
cosmx_bcc_spot_0000073524,-431585.0963659277,85938.81008765363,1.2078322502821792e-15
cosmx_bcc_spot_0000073525,-431590.27313360455,86271.73938058293,1.3415227205490676e-15
cosmx_bcc_spot_0000073526,-431622.7731336046,86562.4211987647,8.298178165236735e-06
cosmx_bcc_spot_0000073919,-431191.87414370565,82594.53230987581,0.03231986321950515
cosmx_bcc_spot_0000073920,-431189.51858815004,83010.6211987647,0.015287554094124906
cosmx_bcc_spot_0000073921,-431256.01089584234,83437.65196799548,1.7388708239232347e-15
cosmx_bcc_spot_0000073922,-431257.1822245136,83729.23938058293,1.1601133987131853e-15
cosmx_bcc_spot_0000073923,-431217.0519214833,84111.42119876473,1.2433709291807476e-15
cosmx_bcc_spot_0000073924,-431218.25608814997,84437.35869876473,1.4824279813377589e-15
cosmx_bcc_spot_0000073925,-431281.03287386434,84808.56405590755,1.3385572901182346e-15
cosmx_bcc_spot_0000073926,-431278.4852548167,85183.4211987647,0.03970038197916092
cosmx_bcc_spot_0000073927,-431245.0185881501,85588.8211987647,1.3757674597670665e-15
cosmx_bcc_spot_0000073928,-431234.2009410911,85906.42119876473,1.3963001535078497e-15
cosmx_bcc_spot_0000073929,-431225.31858814997,86291.8757442193,1.5501935263976963e-15
cosmx_bcc_spot_0000073930,-431260.81858815,86547.9211987647,6.022098187277105e-08
cosmx_bcc_spot_0000074323,-430854.4185881501,82578.0211987647,0.0025204836255973188
cosmx_bcc_spot_0000074324,-430806.74715957866,83068.13548447899,0.049121258332680585
cosmx_bcc_spot_0000074325,-430918.03287386434,83424.4211987647,0.049619996642465504
cosmx_bcc_spot_0000074326,-430887.5538822676,83723.42119876473,1.859295065316675e-15
cosmx_bcc_spot_0000074327,-430893.25608814997,84086.23369876473,1.4826753129622117e-15
cosmx_bcc_spot_0000074328,-430870.37741167936,84467.00943405885,1.586027929022991e-15
cosmx_bcc_spot_0000074329,-430820.9852548167,84801.1711987647,1.4438534906341887e-15
cosmx_bcc_spot_0000074330,-430824.68222451373,85185.51210785561,1.0269334727186327e-15
cosmx_bcc_spot_0000074331,-430841.2519214833,85562.68786543139,1.4268545215359389e-15
cosmx_bcc_spot_0000074332,-430855.91858815,85914.35453209806,1.0685734163112206e-15
cosmx_bcc_spot_0000074333,-430878.31858814997,86303.04619876473,1.847621863078211e-15
cosmx_bcc_spot_0000074334,-430913.4185881501,86521.2211987647,1.8924356100679722e-15
cosmx_bcc_spot_0000074727,-430574.91858815,82629.2211987647,0.11623912673054977
cosmx_bcc_spot_0000074728,-430511.85704968846,83011.80581414932,1.5732305121419467e-09
cosmx_bcc_spot_0000074729,-430466.56858815,83354.25453209803,1.903413992564332e-15
cosmx_bcc_spot_0000074730,-430551.4435881501,83832.7961987647,0.004571645115883961
cosmx_bcc_spot_0000074731,-430513.49505873816,84103.42119876473,1.5689198799472651e-15
cosmx_bcc_spot_0000074732,-430517.4549517864,84475.28483512839,1.2494979489017205e-15
cosmx_bcc_spot_0000074733,-430498.58525481663,84826.28786543138,9.95795978371846e-16
cosmx_bcc_spot_0000074734,-430514.11858814996,85210.68786543139,1.2474960390527094e-15
cosmx_bcc_spot_0000074735,-430522.04081037216,85550.19897654251,1.142953433247067e-15
cosmx_bcc_spot_0000074736,-430495.47648288676,85881.52646192264,1.5178970349933898e-15
cosmx_bcc_spot_0000074737,-430502.7685881499,86264.72119876475,2.3176907017061166e-07
cosmx_bcc_spot_0000074738,-430498.65192148346,86542.64342098692,1.637704308288048e-15
cosmx_bcc_spot_0000075131,-430148.11858815,82643.0211987647,9.905717245743907e-10
cosmx_bcc_spot_0000075132,-430151.1757310072,83088.27834162184,2.878208430449508e-13
cosmx_bcc_spot_0000075133,-430130.1185881499,83372.97119876475,1.481134227592039e-15
cosmx_bcc_spot_0000075134,-430136.46144529287,83739.27834162186,1.9173125001353783e-15
cosmx_bcc_spot_0000075135,-430163.95495178644,84114.23938058288,1.5255965944648143e-15
cosmx_bcc_spot_0000075136,-430159.20747703884,84466.53230987585,1.0602806396413677e-15
cosmx_bcc_spot_0000075137,-430135.4852548166,84795.75453209807,9.462181587740612e-16
cosmx_bcc_spot_0000075138,-430157.96564697346,85156.18590464709,1.3159658058452305e-15
cosmx_bcc_spot_0000075139,-430152.39858815004,85528.30119876476,1.2230081942199351e-15
cosmx_bcc_spot_0000075140,-430168.21858814993,85892.37119876474,1.1154942892647749e-15
cosmx_bcc_spot_0000075141,-430161.7801266116,86236.26735261086,1.7952448619220622e-15
cosmx_bcc_spot_0000075142,-430208.3185881501,86517.84977019326,1.8946579642914513e-15
cosmx_bcc_spot_0000075536,-429809.7630325945,83086.4211987647,0.005412681238384608
cosmx_bcc_spot_0000075537,-429812.31858815,83371.26735261086,1.9311269547632112e-15
cosmx_bcc_spot_0000075538,-429781.4019214834,83706.33786543137,1.3615486044913262e-15
cosmx_bcc_spot_0000075539,-429729.87414370565,84117.53230987581,1.071433069712777e-15
cosmx_bcc_spot_0000075540,-429800.3852548167,84500.4878654314,1.024567549876662e-15
cosmx_bcc_spot_0000075541,-429763.6757310071,84781.635484479,9.92308922583127e-16
cosmx_bcc_spot_0000075542,-429790.81858815,85156.9211987647,1.4887223682696159e-15
cosmx_bcc_spot_0000075543,-429806.4614452929,85500.70691305041,1.3117859645351676e-15
cosmx_bcc_spot_0000075544,-429782.16474199615,85938.49812184164,1.3539121534741566e-15
cosmx_bcc_spot_0000075545,-429752.38108814997,86238.35869876473,1.4091362687657438e-15
cosmx_bcc_spot_0000075546,-429806.5913154228,86543.14847149198,1.765984616023001e-15
cosmx_bcc_spot_0000075944,-429594.91858815,84508.4211987647,7.453453850375431e-16
cosmx_bcc_spot_0000076447,-428663.49816455174,-26035.931826186355,0.14940117084861482
cosmx_bcc_spot_0000076448,-428659.9099292576,-25595.931826186355,0.8305467495939544
cosmx_bcc_spot_0000076449,-428658.96639984584,-25267.6565320687,0.9531754083332971
cosmx_bcc_spot_0000076450,-428667.943542703,-24891.982246354426,0.9331804808692539
cosmx_bcc_spot_0000076451,-428663.21139984584,-24552.196532068705,0.9282418269607153
cosmx_bcc_spot_0000076452,-428670.8591271186,-24190.28744115962,0.7615181964136826
cosmx_bcc_spot_0000076453,-428643.6516172372,-23806.826966851317,0.9741783557264954
cosmx_bcc_spot_0000076454,-428665.8795032941,-23495.79998034456,0.9337301020584542
cosmx_bcc_spot_0000076455,-428680.3456591051,-23094.178013550183,0.9788663899232786
cosmx_bcc_spot_0000076456,-428663.3472694111,-22816.174792938273,0.8617338880119413
cosmx_bcc_spot_0000076851,-428286.7017844612,-26058.0042243764,0.05520485639679861
cosmx_bcc_spot_0000076852,-428324.1773089368,-25629.51471388689,0.04773261037283244
cosmx_bcc_spot_0000076853,-428387.26821802766,-25283.24198661416,0.5156266442867882
cosmx_bcc_spot_0000076854,-428427.2113998459,-24953.1965320687,0.687811813542809
cosmx_bcc_spot_0000076855,-428390.26821802766,-24558.15107752325,0.07418081723632507
cosmx_bcc_spot_0000076856,-428308.3591271186,-24176.06016843234,0.5449043085219563
cosmx_bcc_spot_0000076857,-428343.33639984584,-23851.75903206871,0.2671698396636994
cosmx_bcc_spot_0000076858,-428294.1733563676,-23410.131314677405,0.6274534577666626
cosmx_bcc_spot_0000076859,-428317.8591271186,-23151.651077523256,0.5631406363039604
cosmx_bcc_spot_0000076860,-428331.2197331792,-22750.363198735376,0.614723834965168
cosmx_bcc_spot_0000076861,-428303.15782841726,-22448.05367492585,0.7787954675137027
cosmx_bcc_spot_0000077254,-427922.41973317927,-26262.02986540204,0.5607913921851782
cosmx_bcc_spot_0000077255,-427968.5530665125,-26000.163198735376,4.475859648379793e-15
cosmx_bcc_spot_0000077256,-427986.3086220681,-25672.807643179814,4.082577945148437e-12
cosmx_bcc_spot_0000077257,-427972.7530665125,-25290.474309846482,0.020134689282713933
cosmx_bcc_spot_0000077258,-427976.65782841726,-24910.55367492585,0.007011254588139285
cosmx_bcc_spot_0000077259,-427957.86417762365,-24565.140976513147,2.027631948714253e-05
cosmx_bcc_spot_0000077260,-427974.99549075495,-24177.514713886874,0.9319254967388113
cosmx_bcc_spot_0000077261,-427972.94751095696,-23843.19653206869,0.8340873292045828
cosmx_bcc_spot_0000077262,-428033.7179787932,-23414.591268910815,0.8012424559222792
cosmx_bcc_spot_0000077263,-427979.0479383074,-23097.85037822255,0.9658987692797874
cosmx_bcc_spot_0000077264,-427960.58639984584,-22759.741986614164,0.9733483615517556
cosmx_bcc_spot_0000077265,-427961.58639984584,-22453.029865402044,0.9665400628910589
cosmx_bcc_spot_0000077658,-427604.47101523046,-26298.92730129948,0.19444743520735203
cosmx_bcc_spot_0000077659,-427593.96139984584,-26009.32153206871,1.8342444822160148e-15
cosmx_bcc_spot_0000077660,-427588.15782841726,-25628.05367492585,0.4811115014947858
cosmx_bcc_spot_0000077661,-427604.6280665125,-25280.23819873537,0.4464447376470719
cosmx_bcc_spot_0000077662,-427621.7706103721,-24942.275479437132,0.3453987611121831
cosmx_bcc_spot_0000077663,-427577.0030665125,-24559.863198735373,0.6261769549954754
cosmx_bcc_spot_0000077664,-427615.08639984584,-24181.88403206871,0.7479322591566427
cosmx_bcc_spot_0000077665,-427639.9994433241,-23865.000879894797,0.9501806161646595
cosmx_bcc_spot_0000077666,-427651.8721141316,-23476.410817782995,0.9427935817297742
cosmx_bcc_spot_0000077667,-427633.52118245454,-23080.435662503492,0.9536043240809106
cosmx_bcc_spot_0000077668,-427613.46139984584,-22730.113198735376,0.9156053617072376
cosmx_bcc_spot_0000078062,-427186.58639984584,-26355.613198735376,0.4591522250997844
cosmx_bcc_spot_0000078063,-427234.0197331792,-25990.563198735374,0.08458551208722864
cosmx_bcc_spot_0000078064,-427241.60813897627,-25616.04435815566,0.4591639809682684
cosmx_bcc_spot_0000078065,-427260.33639984584,-25282.32153206869,0.5361154824356628
cosmx_bcc_spot_0000078066,-427274.9045816641,-24911.37835025053,0.8011811212539547
cosmx_bcc_spot_0000078067,-427242.46139984584,-24535.238198735373,0.6633175870429076
cosmx_bcc_spot_0000078068,-427260.52639984584,-24197.216532068705,0.9102914933391383
cosmx_bcc_spot_0000078069,-427288.56008405634,-23861.222847858182,0.8650494395423388
cosmx_bcc_spot_0000078070,-427245.7017844612,-23473.619608991783,0.9056864473209908
cosmx_bcc_spot_0000078071,-427241.1733563676,-23085.870445112185,0.9745227916747565
cosmx_bcc_spot_0000078072,-427269.19751095696,-22768.863198735376,0.9565367392447043
cosmx_bcc_spot_0000078073,-427258.0863998459,-22454.796532068704,0.7392606856202678
cosmx_bcc_spot_0000078466,-426922.39889984584,-26391.946532068712,0.09095162327355936
cosmx_bcc_spot_0000078467,-426936.5863998459,-25981.3215320687,0.05508234368818123
cosmx_bcc_spot_0000078468,-426975.0863998459,-25583.807643179814,0.211932046257418
cosmx_bcc_spot_0000078469,-426924.58639984584,-25274.82153206871,0.17385694265595675
cosmx_bcc_spot_0000078470,-426896.4792569887,-24888.62510349727,0.7237572932686382
cosmx_bcc_spot_0000078471,-426901.56788132736,-24561.140976513147,0.9112445153017096
cosmx_bcc_spot_0000078472,-426886.4463998459,-24212.176532068705,0.7785970343420758
cosmx_bcc_spot_0000078473,-426865.7530665125,-23816.474309846486,0.9100937637099518
cosmx_bcc_spot_0000078474,-426874.7179787932,-23465.643900489762,0.9370029346575713
cosmx_bcc_spot_0000078475,-426887.95596506324,-23105.348705981753,0.9250695749088859
cosmx_bcc_spot_0000078476,-426897.55698808114,-22722.873002656943,0.8805441181135032
cosmx_bcc_spot_0000078477,-426834.98639984586,-22458.796532068704,0.9444542508296792
cosmx_bcc_spot_0000078870,-426577.0863998459,-26403.94653206871,0.2613898601154402
cosmx_bcc_spot_0000078871,-426548.686399846,-26022.4965320687,0.1589119428223213
cosmx_bcc_spot_0000078874,-426511.6697331792,-24877.446532068705,0.75604456078132
cosmx_bcc_spot_0000078875,-426513.808622068,-24580.640976513154,0.9417195097962086
cosmx_bcc_spot_0000078876,-426513.8450205355,-24181.79998034456,0.9618140332524189
cosmx_bcc_spot_0000078877,-426534.2442945827,-23845.591268910815,0.7537531630833271
cosmx_bcc_spot_0000078878,-426519.0308442903,-23480.69653206871,0.752623051268269
cosmx_bcc_spot_0000078879,-426554.98639984586,-23087.24653206871,0.9735537991033602
cosmx_bcc_spot_0000078880,-426503.3363998459,-22745.44653206871,0.8044454025597305
cosmx_bcc_spot_0000078881,-426540.08639984584,-22453.619608991783,0.7860388435094406
cosmx_bcc_spot_0000079278,-426124.8863998458,-24932.429865402042,0.27608334492715925
cosmx_bcc_spot_0000079279,-426222.6578284173,-24579.458436830617,0.6616224475626363
cosmx_bcc_spot_0000079280,-426203.042921585,-24215.30522772088,0.8059283003082096
cosmx_bcc_spot_0000079281,-426189.7706103721,-23878.380742595025,0.615523884817732
cosmx_bcc_spot_0000079282,-426196.7530665125,-23423.963198735375,0.39090735299993123
cosmx_bcc_spot_0000079283,-426216.2442945827,-23123.170216279235,0.8024390181131855
cosmx_bcc_spot_0000079284,-426181.61581161054,-22811.931826186355,0.7175903505643629
cosmx_bcc_spot_0000079285,-426177.9099292576,-22434.873002656943,0.6431476415329523
cosmx_bcc_spot_0000079678,-425746.08639984584,-26401.06016843235,0.27005871370228857
cosmx_bcc_spot_0000079681,-425754.686399846,-25207.896532068702,0.4154921561245482
cosmx_bcc_spot_0000079682,-425831.4197331792,-24963.363198735373,0.13346866456045847
cosmx_bcc_spot_0000079683,-425806.9613998459,-24533.8215320687,0.027616498629596187
cosmx_bcc_spot_0000079684,-425773.7292569887,-24196.05367492585,0.45604690220236194
cosmx_bcc_spot_0000079685,-425763.1363998459,-23813.39653206871,0.8011117084052043
cosmx_bcc_spot_0000079686,-425797.77870753815,-23466.42730129947,0.9283456196303101
cosmx_bcc_spot_0000079687,-425800.5308442903,-23142.029865402044,0.9190454719879805
cosmx_bcc_spot_0000079688,-425814.20404690463,-22739.34359089224,0.9833292974467808
cosmx_bcc_spot_0000079689,-425879.28639984597,-22438.6965320687,0.17346580991877028
cosmx_bcc_spot_0000080082,-425480.02757631644,-26374.873002656946,0.018169199597723416
cosmx_bcc_spot_0000080083,-425361.2113998459,-26036.0715320687,0.3831495165769333
cosmx_bcc_spot_0000080084,-425435.686399846,-25666.4965320687,0.13969085905312542
cosmx_bcc_spot_0000080085,-425493.08639984584,-25290.06016843234,0.2556233748503985
cosmx_bcc_spot_0000080086,-425438.26821802766,-24952.06016843234,1.7937144745192947e-15
cosmx_bcc_spot_0000080087,-425427.27389984584,-24523.57153206871,0.09659866099538914
cosmx_bcc_spot_0000080088,-425426.08639984584,-24190.02986540204,0.5535956973755917
cosmx_bcc_spot_0000080089,-425437.89592365536,-23825.410817782995,0.8093414441584444
cosmx_bcc_spot_0000080090,-425439.4197331792,-23490.946532068705,0.8552177548168103
cosmx_bcc_spot_0000080091,-425414.3472694111,-23104.218271199145,0.9137290286446328
cosmx_bcc_spot_0000080092,-425430.0094767689,-22778.23499360717,0.9967321550214177
cosmx_bcc_spot_0000080093,-425451.2113998459,-22418.1965320687,0.9397511273907054
cosmx_bcc_spot_0000080096,-425444.9622620911,-21238.18956473762,0.9149017456845894
cosmx_bcc_spot_0000080097,-425440.61443600414,-20950.667825607183,0.8913156431426555
cosmx_bcc_spot_0000080098,-425426.3922137819,-20571.010820776268,0.862073728781594
cosmx_bcc_spot_0000080100,-425467.86443600396,-19753.3580429985,0.764709678598745
cosmx_bcc_spot_0000080101,-425447.51919790887,-19508.566376331826,0.9273543351089205
cosmx_bcc_spot_0000080102,-425421.5144360041,-19099.683042998495,0.5235944726718369
cosmx_bcc_spot_0000080103,-425412.74487078673,-18732.31999952023,0.8844154732201506
cosmx_bcc_spot_0000080104,-425421.1501502899,-18414.054471569918,0.9134318559501634
cosmx_bcc_spot_0000080105,-425398.61443600414,-18064.733042998494,0.9449986469083322
cosmx_bcc_spot_0000080106,-425450.8871632767,-17695.778497543957,0.6262034661659484
cosmx_bcc_spot_0000080487,-425102.72276348225,-25969.969259341433,0.02374269035796349
cosmx_bcc_spot_0000080488,-425073.5863998459,-25617.996532068704,1.889619816143321e-15
cosmx_bcc_spot_0000080489,-425067.0863998459,-25223.296532068704,1.787037788280253e-15
cosmx_bcc_spot_0000080490,-425052.60813897627,-24933.087836416533,0.4788875346378767
cosmx_bcc_spot_0000080491,-425058.0308442903,-24546.91875429093,0.78563782635604
cosmx_bcc_spot_0000080492,-425043.3863998459,-24183.99653206871,0.9019401387586997
cosmx_bcc_spot_0000080493,-425072.4393410223,-23830.69653206871,0.7120007411284185
cosmx_bcc_spot_0000080494,-425067.4500362095,-23455.696532068712,0.9542338327126381
cosmx_bcc_spot_0000080495,-425084.08639984584,-23098.738198735373,0.973870548307695
cosmx_bcc_spot_0000080496,-425071.03878079826,-22745.410817782995,0.98830134192641
cosmx_bcc_spot_0000080497,-425077.86417762365,-22449.807643179814,0.9146448614718836
cosmx_bcc_spot_0000080500,-425111.8019360041,-21220.420542998494,0.8903268745849119
cosmx_bcc_spot_0000080501,-425094.6501502899,-20972.554471569914,0.8840774436268377
cosmx_bcc_spot_0000080502,-425080.33443600417,-20546.473042998485,0.7409821231076282
cosmx_bcc_spot_0000080503,-425049.0689814585,-20228.2330429985,0.38375384292827497
cosmx_bcc_spot_0000080504,-425047.45443600416,-19827.35304299849,0.8682019699784616
cosmx_bcc_spot_0000080505,-425036.614436004,-19539.89970966517,0.1748138165991252
cosmx_bcc_spot_0000080506,-425071.38366677327,-19100.309966075423,0.638115066763483
cosmx_bcc_spot_0000080507,-425112.16999155964,-18790.45526522072,0.8254327471991009
cosmx_bcc_spot_0000080508,-425064.2334836232,-18426.09018585564,0.9342520763880752
cosmx_bcc_spot_0000080509,-425082.0354886357,-18085.075148261654,0.7070150789618922
cosmx_bcc_spot_0000080510,-425063.86443600414,-17671.383042998496,0.21017508455280762
cosmx_bcc_spot_0000080511,-425099.114436004,-17407.89970966517,0.08746533777639805
cosmx_bcc_spot_0000080891,-424723.3363998459,-25997.0715320687,1.7275063355280367e-15
cosmx_bcc_spot_0000080892,-424777.197510957,-25621.6965320687,1.7184928083450867e-15
cosmx_bcc_spot_0000080893,-424722.71139984584,-25287.279865402033,1.704502829924973e-15
cosmx_bcc_spot_0000080894,-424714.0094767689,-24909.158070530244,0.8963400220573127
cosmx_bcc_spot_0000080895,-424739.6863998459,-24570.14653206871,0.9076019425168605
cosmx_bcc_spot_0000080896,-424720.02389984584,-24203.50903206871,0.9253749410280787
cosmx_bcc_spot_0000080897,-424728.5094767689,-23836.88883976101,0.8372945746326099
cosmx_bcc_spot_0000080898,-424739.1733563676,-23450.5660972861,0.9662916249632911
cosmx_bcc_spot_0000080899,-424713.96139984584,-23093.571532068705,0.9262883876993379
cosmx_bcc_spot_0000080900,-424726.41973317915,-22766.5854209576,0.8811914130175083
cosmx_bcc_spot_0000080901,-424718.1863998459,-22481.096532068703,0.8516727632104572
cosmx_bcc_spot_0000080904,-424643.8144360039,-21232.2330429985,0.0972249698887298
cosmx_bcc_spot_0000080905,-424690.09591748565,-20904.0478578133,0.6807111314823691
cosmx_bcc_spot_0000080906,-424768.48400122154,-20598.146086476747,0.9147172462427406
cosmx_bcc_spot_0000080907,-424725.37443600415,-20229.27304299849,0.8192236808675045
cosmx_bcc_spot_0000080908,-424746.3019360041,-19838.2330429985,0.7850997480092328
cosmx_bcc_spot_0000080909,-424711.21443600405,-19537.766376331838,0.7759695696599359
cosmx_bcc_spot_0000080910,-424729.03110267065,-19081.2330429985,0.6820157928313378
cosmx_bcc_spot_0000080911,-424729.35127810936,-18777.390937735338,0.8300570988484355
cosmx_bcc_spot_0000080912,-424725.5709577433,-18357.363477781102,0.8532687664312039
cosmx_bcc_spot_0000080913,-424758.757293147,-18076.709233474685,0.8782124736964962
cosmx_bcc_spot_0000080914,-424718.1933833726,-17672.54883247217,0.8350020789655423
cosmx_bcc_spot_0000080915,-424710.52872171847,-17356.204471569916,0.8072822505096251
cosmx_bcc_spot_0000081308,-424322.43261782214,-21270.41486118032,0.3697475885396184
cosmx_bcc_spot_0000081309,-424378.5709577433,-20931.580869085443,0.2342649421574376
cosmx_bcc_spot_0000081310,-424406.8227693375,-20570.649709665155,0.7136105252259197
cosmx_bcc_spot_0000081311,-424345.94776933745,-20190.010820776275,0.6588122869253645
cosmx_bcc_spot_0000081312,-424330.87759389885,-19833.811990366918,0.7603204361519882
cosmx_bcc_spot_0000081313,-424337.7644360041,-19528.083042998496,0.6078534206515067
cosmx_bcc_spot_0000081315,-424391.0588804484,-18788.121931887392,0.4306536824105519
cosmx_bcc_spot_0000081316,-424415.86443600396,-18459.1080429985,0.4532449604019473
cosmx_bcc_spot_0000081317,-424398.3287217183,-18079.947328712788,0.341243641404092
cosmx_bcc_spot_0000081318,-424423.5144360039,-17608.0330429985,0.5313883588784911
cosmx_bcc_spot_0000081319,-424459.34170873126,-17351.596679362137,0.5441219690651585
cosmx_bcc_spot_0000081712,-423984.6769360041,-21257.045542998494,0.8404373225874755
cosmx_bcc_spot_0000081713,-423976.8871632767,-20912.869406634865,0.010461095286806733
cosmx_bcc_spot_0000081714,-424007.83665822615,-20599.89970966517,0.006071389752501257
cosmx_bcc_spot_0000081715,-424023.73943600414,-20164.85804299849,0.4926165759415442
cosmx_bcc_spot_0000081716,-423978.25079964055,-19859.626982392427,0.6152671984094045
cosmx_bcc_spot_0000081717,-424045.2572931469,-19539.447328712788,0.45674582073855113
cosmx_bcc_spot_0000081720,-423934.1858645754,-18385.661614427074,0.03409842328404095
cosmx_bcc_spot_0000081722,-423966.614436004,-17747.7330429985,0.009966829559932994
cosmx_bcc_spot_0000081723,-423991.1858645754,-17242.2330429985,0.0007831265237898888
cosmx_bcc_spot_0000082116,-423645.15289754246,-21283.386889152345,0.7316710216836205
cosmx_bcc_spot_0000082117,-423673.41443600395,-20910.133042998503,0.03861515619848019
cosmx_bcc_spot_0000082118,-423667.71443600394,-20544.0330429985,8.113533804537013e-06
cosmx_bcc_spot_0000082119,-423614.53110267065,-20226.14970966517,1.4944683988967504e-10
cosmx_bcc_spot_0000082120,-423684.3644360041,-19854.1080429985,0.09609662580406657
cosmx_bcc_spot_0000082121,-423634.1858645754,-19470.090185855643,1.3608709343893015e-08
cosmx_bcc_spot_0000082124,-423679.2811026706,-18426.788598554056,2.142349094021767e-08
cosmx_bcc_spot_0000082125,-423709.614436004,-18111.566376331833,1.3169925892725606e-11
cosmx_bcc_spot_0000082126,-423660.9780723676,-17676.778497543957,0.007095901764615042
cosmx_bcc_spot_0000082127,-423633.0354886357,-17279.811990366918,0.004074361161339536
cosmx_bcc_spot_0000082520,-423288.08812021464,-21261.23304299849,0.6756459712194568
cosmx_bcc_spot_0000082521,-423250.9780723678,-20917.36940663485,0.2816917203721388
cosmx_bcc_spot_0000082522,-423245.7682821579,-20551.386889152345,0.01568347402735417
cosmx_bcc_spot_0000082523,-423245.8871632767,-20198.596679362137,0.03388902710743912
cosmx_bcc_spot_0000082524,-423261.7682821579,-19904.079196844654,1.3686435660433357e-14
cosmx_bcc_spot_0000082527,-423276.21443600405,-18707.8330429985,0.0028430465258588323
cosmx_bcc_spot_0000082528,-423283.78110267065,-18437.39970966517,0.015455548077641143
cosmx_bcc_spot_0000082530,-423200.1858645754,-17699.518757284215,8.767476546523616e-08
cosmx_bcc_spot_0000082531,-423242.11443600396,-17266.933042998502,8.223571174809523e-15
cosmx_bcc_spot_0000082924,-422922.114436004,-21239.066376331833,0.180687506707502
cosmx_bcc_spot_0000082925,-422893.88110267074,-20918.033042998497,0.3922993775692937
cosmx_bcc_spot_0000082926,-422894.9605898503,-20569.34842761387,0.651132987463085
cosmx_bcc_spot_0000082927,-422872.2644360041,-20184.483042998494,0.41022144181466186
cosmx_bcc_spot_0000082928,-422930.7053450949,-19861.50577027123,0.10699602607368817
cosmx_bcc_spot_0000082929,-422915.7255471151,-19439.89970966517,0.39034914326456077
cosmx_bcc_spot_0000082930,-422917.01443600404,-19128.766376331838,0.4120058299524981
cosmx_bcc_spot_0000082931,-422873.114436004,-18778.816376331833,0.4412390358408459
cosmx_bcc_spot_0000082932,-422864.43261782214,-18381.05122481668,0.15575707103472125
cosmx_bcc_spot_0000082933,-422883.36443600414,-18067.533042998497,0.17210193493637985
cosmx_bcc_spot_0000082934,-422851.44776933733,-17647.7330429985,0.421305857011466
cosmx_bcc_spot_0000082935,-422906.54776933737,-17330.69970966517,0.60446469881813
cosmx_bcc_spot_0000083255,-422471.23372572724,-47763.586884396114,0.31337904478519596
cosmx_bcc_spot_0000083256,-422453.11944001296,-47332.7011701104,1.8150076307534635e-15
cosmx_bcc_spot_0000083257,-422428.519440013,-46958.9011701104,1.431863640749232e-15
cosmx_bcc_spot_0000083259,-422460.019440013,-46280.801170110404,1.6802168991755773e-15
cosmx_bcc_spot_0000083316,-422421.970036741,-25588.470706021497,0.05871819709388026
cosmx_bcc_spot_0000083317,-422411.5367034076,-25313.537372688166,0.9021862383738846
cosmx_bcc_spot_0000083318,-422417.37003674096,-24853.0707060215,0.9249927533692733
cosmx_bcc_spot_0000083319,-422419.37003674096,-24582.204039354834,0.6758424566237331
cosmx_bcc_spot_0000083320,-422419.5367034076,-24186.8707060215,0.9642308275207684
cosmx_bcc_spot_0000083321,-422414.65575102664,-23820.29927745007,0.7454718525401478
cosmx_bcc_spot_0000083322,-422439.3700367409,-23466.470706021497,0.8509595211362311
cosmx_bcc_spot_0000083323,-422422.9700367409,-23104.3707060215,0.8903028885220672
cosmx_bcc_spot_0000083324,-422417.03670340753,-22717.648483799276,0.8780387585068481
cosmx_bcc_spot_0000083328,-422496.21443600394,-21217.8330429985,0.26030200798009634
cosmx_bcc_spot_0000083329,-422513.9780723678,-20957.414861180307,0.7414101761325772
cosmx_bcc_spot_0000083330,-422553.16999155964,-20551.62193188738,0.7453227915875328
cosmx_bcc_spot_0000083331,-422548.88716327684,-20196.051224816674,0.6764467688345086
cosmx_bcc_spot_0000083332,-422548.719699162,-19864.601464051128,0.6302807163738805
cosmx_bcc_spot_0000083333,-422529.79625418596,-19492.18758845304,0.6936869803404012
cosmx_bcc_spot_0000083334,-422546.87759389885,-19148.706727209024,0.5863274495325732
cosmx_bcc_spot_0000083335,-422543.5344360042,-18754.95304299849,0.6359850414754409
cosmx_bcc_spot_0000083336,-422546.2811026709,-18387.86637633182,0.646184048140709
cosmx_bcc_spot_0000083337,-422531.16999155964,-18049.733042998498,0.5899162242160034
cosmx_bcc_spot_0000083338,-422535.61443600414,-17682.41486118031,0.6702210408070354
cosmx_bcc_spot_0000083339,-422529.11443600414,-17304.89970966516,0.802777007155139
cosmx_bcc_spot_0000083658,-422166.9638844574,-48056.85672566596,0.3514274501941023
cosmx_bcc_spot_0000083659,-422166.519440013,-47764.301170110404,0.25554139873611514
cosmx_bcc_spot_0000083661,-422200.88307637663,-46976.028442837676,1.731300350087869e-15
cosmx_bcc_spot_0000083662,-422228.419440013,-46673.201170110406,1.6908651608438334e-15
cosmx_bcc_spot_0000083663,-422159.269440013,-46266.176170110404,1.5167264265392315e-15
cosmx_bcc_spot_0000083664,-422060.18610667967,-45939.13450344373,1.5036843681922702e-15
cosmx_bcc_spot_0000083665,-422098.269440013,-45503.051170110404,0.3845358479154339
cosmx_bcc_spot_0000083666,-422180.07499556855,-45263.63450344374,0.050309037461765196
cosmx_bcc_spot_0000083718,-422210.970036741,-26310.870706021502,2.063158598154158e-15
cosmx_bcc_spot_0000083719,-422162.07003674086,-26054.970706021497,0.23561587458530578
cosmx_bcc_spot_0000083720,-422169.57003674086,-25592.470706021497,1.635692553063549e-15
cosmx_bcc_spot_0000083721,-422218.3700367411,-25284.463298614104,0.7115457228678136
cosmx_bcc_spot_0000083722,-422176.46527483617,-24953.442134592926,0.8461309115788944
cosmx_bcc_spot_0000083723,-422165.82003674086,-24531.3707060215,0.8675989170197592
cosmx_bcc_spot_0000083724,-422186.89944850554,-24185.106000139145,0.8529865591763154
cosmx_bcc_spot_0000083725,-422161.05753674085,-23810.0582060215,0.9065497156574355
cosmx_bcc_spot_0000083726,-422173.1392675103,-23477.409167559967,0.7787291780583487
cosmx_bcc_spot_0000083727,-422183.57003674086,-23095.8707060215,0.8039337059194701
cosmx_bcc_spot_0000083728,-422204.46094583184,-22706.734342385134,0.7996136640321747
cosmx_bcc_spot_0000083729,-422192.87003674096,-22522.037372688166,0.8029041154861903
cosmx_bcc_spot_0000083732,-422186.9269360041,-21244.233042998494,0.6962898308874741
cosmx_bcc_spot_0000083733,-422213.6466940687,-20962.168526869453,0.7278823760406146
cosmx_bcc_spot_0000083734,-422159.8544360042,-20574.633042998485,0.7088485846766
cosmx_bcc_spot_0000083735,-422165.4061026708,-20238.06637633182,0.8291630493173399
cosmx_bcc_spot_0000083736,-422177.32031835703,-19827.88010182203,0.7311200697435719
cosmx_bcc_spot_0000083737,-422161.8249623199,-19481.54883247218,0.6921522323804046
cosmx_bcc_spot_0000083738,-422243.40015028976,-19119.018757284215,0.48388195566787684
cosmx_bcc_spot_0000083739,-422196.30674369633,-18733.69458146004,0.6128240195997428
cosmx_bcc_spot_0000083740,-422173.8049121946,-18372.32828109373,0.7247385926482541
cosmx_bcc_spot_0000083741,-422170.2986465304,-18056.96988510376,0.6699644518214016
cosmx_bcc_spot_0000083742,-422182.61443600414,-17672.133042998496,0.6926347733289524
cosmx_bcc_spot_0000083743,-422185.65289754263,-17340.540735306182,0.7588833456289749
cosmx_bcc_spot_0000084062,-421773.11944001296,-48020.7011701104,0.013845738120010305
cosmx_bcc_spot_0000084063,-421744.519440013,-47716.87259868183,0.007050193741815
cosmx_bcc_spot_0000084064,-421828.37658287014,-47390.301170110404,1.3862908588383236e-15
cosmx_bcc_spot_0000084065,-421821.769440013,-47014.301170110404,1.2463091884874561e-15
cosmx_bcc_spot_0000084067,-421859.319440013,-46279.03450344373,0.059607790631279654
cosmx_bcc_spot_0000084068,-421833.2036505393,-45919.511696426176,0.6307778800710928
cosmx_bcc_spot_0000084069,-421848.769440013,-45537.801170110404,0.8110572377536844
cosmx_bcc_spot_0000084070,-421794.18610667967,-45207.13450344372,0.433989000852272
cosmx_bcc_spot_0000084122,-421839.5367034076,-26304.8707060215,2.1258151101702843e-11
cosmx_bcc_spot_0000084123,-421818.481147852,-26031.09292824372,0.22511447430671008
cosmx_bcc_spot_0000084124,-421839.7336731045,-25612.77979693059,1.6432588102152135e-15
cosmx_bcc_spot_0000084126,-421836.27912764996,-24971.052524203318,0.8562509337242528
cosmx_bcc_spot_0000084127,-421815.49503674085,-24533.7457060215,0.9240362796879322
cosmx_bcc_spot_0000084128,-421812.75098912185,-24213.156420307212,0.8223294808388663
cosmx_bcc_spot_0000084129,-421798.1700367409,-23841.270706021496,0.9127069266233734
cosmx_bcc_spot_0000084130,-421816.98908435996,-23454.489753640544,0.9113884643117267
cosmx_bcc_spot_0000084131,-421812.9700367409,-23107.5707060215,0.7710585102673663
cosmx_bcc_spot_0000084132,-421815.2200367409,-22740.670706021498,0.7382461792549315
cosmx_bcc_spot_0000084133,-421855.7450367409,-22482.9957060215,0.2846863554566732
cosmx_bcc_spot_0000084136,-421823.21443600405,-21231.2330429985,0.025835825639819628
cosmx_bcc_spot_0000084137,-421841.56180442515,-20946.969885103754,0.6047308171930061
cosmx_bcc_spot_0000084138,-421817.005740352,-20580.624347346315,0.7178185622262777
cosmx_bcc_spot_0000084139,-421819.86443600396,-20220.1080429985,0.6840805806489892
cosmx_bcc_spot_0000084140,-421838.08812021464,-19825.33830615639,0.6968960977706875
cosmx_bcc_spot_0000084141,-421818.4477693375,-19488.066376331826,0.6511972655469833
cosmx_bcc_spot_0000084142,-421826.30674369645,-19144.96381222926,0.7073825907201684
cosmx_bcc_spot_0000084143,-421817.9644360041,-18754.733042998494,0.7161607746405874
cosmx_bcc_spot_0000084144,-421800.89443600416,-18402.03304299849,0.7247554204311845
cosmx_bcc_spot_0000084145,-421804.8902980731,-18054.88821541228,0.7464797883464404
cosmx_bcc_spot_0000084146,-421880.03110267065,-17670.14970966517,0.6750089052960613
cosmx_bcc_spot_0000084147,-421816.114436004,-17317.090185855643,0.8020427529300134
cosmx_bcc_spot_0000084466,-421459.3527733463,-48047.13450344373,0.0258091854920987
cosmx_bcc_spot_0000084467,-421452.94801144156,-47679.44402725326,0.03710183270673945
cosmx_bcc_spot_0000084468,-421473.269440013,-47388.926170110404,1.4196599702100215e-15
cosmx_bcc_spot_0000084469,-421513.719440013,-46979.5011701104,1.4410356508528957e-15
cosmx_bcc_spot_0000084471,-421419.419440013,-46249.4011701104,0.3214849674249978
cosmx_bcc_spot_0000084472,-421450.819440013,-45906.80117011038,0.7796715368058409
cosmx_bcc_spot_0000084473,-421447.0611066798,-45541.80117011038,0.7878672743285084
cosmx_bcc_spot_0000084474,-421431.144440013,-45215.30117011039,0.6897987953175095
cosmx_bcc_spot_0000084527,-421459.06234443316,-25991.8707060215,3.3333854791274273e-12
cosmx_bcc_spot_0000084528,-421475.06234443316,-25637.793782944576,4.3930666334151946e-05
cosmx_bcc_spot_0000084529,-421337.65575102664,-25302.8707060215,1.5279808406341381e-15
cosmx_bcc_spot_0000084530,-421502.81448118534,-24964.09292824372,0.19497912299997228
cosmx_bcc_spot_0000084531,-421458.9057510268,-24560.54927745008,0.8592510603242478
cosmx_bcc_spot_0000084532,-421467.6743845671,-24160.348966891066,0.8185365372234732
cosmx_bcc_spot_0000084533,-421465.0016156882,-23821.344390232025,0.8190667923431626
cosmx_bcc_spot_0000084534,-421465.27912765,-23442.507069657862,0.895463438551012
cosmx_bcc_spot_0000084535,-421435.37003674096,-23114.175053847583,0.8733625435279578
cosmx_bcc_spot_0000084536,-421463.45003674104,-22753.6307060215,0.6689838509969039
cosmx_bcc_spot_0000084540,-421472.2811026706,-21244.2330429985,1.9650152287845797e-15
cosmx_bcc_spot_0000084541,-421544.11443600396,-20908.5330429985,0.37248819651439125
cosmx_bcc_spot_0000084542,-421499.7255471152,-20593.78859855405,0.7093133775399861
cosmx_bcc_spot_0000084543,-421488.2811026708,-20232.233042998494,0.8085184335061548
cosmx_bcc_spot_0000084544,-421523.0759744656,-19838.002273767732,0.6811136133308192
cosmx_bcc_spot_0000084545,-421496.0519360041,-19495.2330429985,0.7060852586380217
cosmx_bcc_spot_0000084546,-421497.2394360041,-19126.9205429985,0.7627795702435044
cosmx_bcc_spot_0000084547,-421496.61443600414,-18713.075148261654,0.8436805037844748
cosmx_bcc_spot_0000084548,-421493.6561026708,-18388.98304299849,0.7720611791583111
cosmx_bcc_spot_0000084549,-421498.06898145867,-18045.91486118031,0.7447470217212225
cosmx_bcc_spot_0000084550,-421488.7344360042,-17671.993042998492,0.807434272595591
cosmx_bcc_spot_0000084551,-421503.02352691325,-17311.59667936213,0.8897013092134278
cosmx_bcc_spot_0000084871,-421087.769440013,-47775.63450344373,0.01835365299843109
cosmx_bcc_spot_0000084872,-421138.769440013,-47365.676170110404,1.253518336028775e-15
cosmx_bcc_spot_0000084874,-421084.18610667967,-46620.63450344374,1.7007813760382673e-15
cosmx_bcc_spot_0000084875,-421064.769440013,-46269.426170110404,0.29795615458291463
cosmx_bcc_spot_0000084876,-421134.3655938591,-45941.99347780271,0.4814038922885651
cosmx_bcc_spot_0000084877,-421097.93610667967,-45548.051170110404,0.4159184225971915
cosmx_bcc_spot_0000084878,-421211.719440013,-45261.1011701104,0.7231806407514719
cosmx_bcc_spot_0000084931,-421096.8700367409,-25980.8707060215,0.08998099365097048
cosmx_bcc_spot_0000084932,-421077.77003674087,-25661.270706021496,1.580791887628968e-15
cosmx_bcc_spot_0000084933,-421083.21619058703,-25247.40916755996,1.7700804904490386e-15
cosmx_bcc_spot_0000084934,-421069.9154912863,-24900.052524203318,0.03510131981727165
cosmx_bcc_spot_0000084935,-421140.82458219543,-24533.77979693059,0.5541977140831998
cosmx_bcc_spot_0000084936,-421139.00640037726,-24207.416160566954,0.9035814528639294
cosmx_bcc_spot_0000084937,-421065.24503674085,-23839.3082060215,0.7770951937191715
cosmx_bcc_spot_0000084938,-421109.6478145186,-23459.537372688166,0.7917649377112442
cosmx_bcc_spot_0000084939,-421109.82003674086,-23129.3207060215,0.819940478247946
cosmx_bcc_spot_0000084940,-421120.07003674086,-22786.170706021498,0.14786229579012508
cosmx_bcc_spot_0000085274,-420679.719440013,-47985.5011701104,0.051010393365582475
cosmx_bcc_spot_0000085275,-420670.519440013,-47730.9011701104,1.1640671020778097e-15
cosmx_bcc_spot_0000085276,-420697.8527733463,-47438.46783677707,1.330449013658e-15
cosmx_bcc_spot_0000085277,-420714.3527733463,-46962.63450344373,1.5269988475147223e-15
cosmx_bcc_spot_0000085278,-420746.519440013,-46633.01545582468,1.609248476503455e-15
cosmx_bcc_spot_0000085279,-420750.019440013,-46262.21783677707,0.00011454728705612563
cosmx_bcc_spot_0000085280,-420732.61467810825,-45935.348789158,0.26265576905363025
cosmx_bcc_spot_0000085281,-420758.144440013,-45559.676170110404,1.7271761294147308e-15
cosmx_bcc_spot_0000085282,-420663.019440013,-45228.50117011041,1.8115969690962997e-15
cosmx_bcc_spot_0000085337,-420761.5128938838,-25266.8707060215,1.6605995321135647e-15
cosmx_bcc_spot_0000085338,-420723.53670340753,-24885.8707060215,1.911703447139255e-06
cosmx_bcc_spot_0000085339,-420792.57003674086,-24615.970706021497,2.5667381749923718e-11
cosmx_bcc_spot_0000085340,-420749.6700367409,-24167.8707060215,0.05039375442980755
cosmx_bcc_spot_0000085341,-420663.481147852,-23810.09292824372,0.04541757965830472
cosmx_bcc_spot_0000085342,-420742.8315752024,-23465.63993679073,0.053385004408101434
cosmx_bcc_spot_0000085343,-420738.2589256298,-23092.648483799276,0.04184549936057936
cosmx_bcc_spot_0000085344,-420705.74503674085,-22751.1207060215,0.5277104627661687
cosmx_bcc_spot_0000085345,-420697.1200367409,-22517.3707060215,0.2493429173109363
cosmx_bcc_spot_0000085678,-420325.07499556855,-48043.96783677707,1.4933211358659275e-15
cosmx_bcc_spot_0000085679,-420323.88307637663,-47752.75571556495,1.2531995604113855e-13
cosmx_bcc_spot_0000085680,-420327.07499556855,-47367.63450344374,9.416290902989715e-14
cosmx_bcc_spot_0000085681,-420317.644440013,-47009.551170110404,1.4356493394887147e-15
cosmx_bcc_spot_0000085682,-420383.144440013,-46740.801170110404,1.4477039486473376e-15
cosmx_bcc_spot_0000085683,-420358.45277334633,-46299.234503443724,0.15491557304498788
cosmx_bcc_spot_0000085684,-420381.519440013,-45923.658312967535,0.6255994824214814
cosmx_bcc_spot_0000085685,-420338.519440013,-45562.92617011039,0.40173869919902144
cosmx_bcc_spot_0000085686,-420352.519440013,-45200.93274905775,0.775223427170746
cosmx_bcc_spot_0000085687,-420382.33194001333,-44834.551170110404,0.7808274614078077
cosmx_bcc_spot_0000085740,-420411.37003674096,-25634.8707060215,0.1726090792621681
cosmx_bcc_spot_0000085741,-420341.7033700743,-25307.704039354834,0.0008872128631777032
cosmx_bcc_spot_0000085742,-420367.7033700742,-24906.981817132608,0.137049431236973
cosmx_bcc_spot_0000085743,-420396.14781451866,-24543.981817132608,0.0001301220127472503
cosmx_bcc_spot_0000085744,-420365.09730946814,-24222.77979693059,1.542283899779267e-05
cosmx_bcc_spot_0000085745,-420378.5238828947,-23796.17839832919,0.4129987127919415
cosmx_bcc_spot_0000085746,-420369.8245821955,-23457.325251476042,0.8569578037897466
cosmx_bcc_spot_0000085747,-420361.4811478522,-23109.796631947433,0.8797230178547626
cosmx_bcc_spot_0000085748,-420378.17003674107,-22752.070706021503,0.8647363778110455
cosmx_bcc_spot_0000085749,-420355.4691579971,-22443.317696744507,0.8492903904746165
cosmx_bcc_spot_0000085750,-420303.8843600909,-22046.56268128286,0.6754861439887502
cosmx_bcc_spot_0000085751,-420310.8843600909,-21679.58351461619,0.5218265675866595
cosmx_bcc_spot_0000085752,-420289.245471202,-21261.340459060637,0.495795500118422
cosmx_bcc_spot_0000085753,-420289.91213786864,-20981.5071257273,0.5020538576906574
cosmx_bcc_spot_0000085754,-420248.43436009093,-20553.196014616195,0.010934557758188286
cosmx_bcc_spot_0000085755,-420292.23436009104,-20237.3960146162,0.00018933018600463035
cosmx_bcc_spot_0000085758,-420329.30102675763,-19097.562681282867,0.0023289588994268875
cosmx_bcc_spot_0000085760,-420305.434360091,-18374.7960146162,0.03400362353188879
cosmx_bcc_spot_0000086082,-420024.269440013,-48040.426170110404,0.0024353686951673415
cosmx_bcc_spot_0000086083,-420003.75473413063,-47727.948228933914,0.2750923985039717
cosmx_bcc_spot_0000086084,-420041.894440013,-47377.80117011039,0.050407512217173836
cosmx_bcc_spot_0000086085,-420003.206940013,-47041.05117011039,1.4761376754807845e-15
cosmx_bcc_spot_0000086086,-420028.919440013,-46607.501170110394,1.657038528025678e-15
cosmx_bcc_spot_0000086087,-420031.5782635424,-46291.41881716921,0.039513342581430994
cosmx_bcc_spot_0000086088,-420048.519440013,-45893.63450344373,0.4637840127234985
cosmx_bcc_spot_0000086089,-419999.519440013,-45565.967836777054,0.7483023026649566
cosmx_bcc_spot_0000086090,-419998.28414589533,-45188.183523051564,0.7280570307201516
cosmx_bcc_spot_0000086091,-419958.04117914353,-44814.25769184951,0.6634726582531736
cosmx_bcc_spot_0000086092,-419937.0579015514,-44498.99347780271,0.5771159379369657
cosmx_bcc_spot_0000086144,-420033.3700367409,-25758.156420307212,0.18992469559814973
cosmx_bcc_spot_0000086145,-420036.07003674086,-25218.770706021496,0.4073487601582174
cosmx_bcc_spot_0000086146,-420013.18821855914,-24906.46161511241,0.7334795657479272
cosmx_bcc_spot_0000086147,-420025.09730946814,-24552.234342385138,0.539375346681892
cosmx_bcc_spot_0000086148,-419985.5238828947,-24214.024552175346,0.6009863535807547
cosmx_bcc_spot_0000086149,-420001.727179598,-23841.227848878643,0.21404648672373555
cosmx_bcc_spot_0000086150,-420013.77003674104,-23462.4707060215,0.8368659257026009
cosmx_bcc_spot_0000086151,-420014.0238828949,-23114.409167559967,0.8138290126892397
cosmx_bcc_spot_0000086152,-420013.63319463556,-22748.23912707413,0.8332586297174127
cosmx_bcc_spot_0000086153,-420008.0813250853,-22378.06033087188,0.8640694488929742
cosmx_bcc_spot_0000086154,-420017.4070873637,-22022.077832798008,0.792004610206014
cosmx_bcc_spot_0000086155,-419977.59088183014,-21684.222101572712,0.4342462009347854
cosmx_bcc_spot_0000086156,-420043.7543600911,-21272.596014616192,0.3219990255192413
cosmx_bcc_spot_0000086157,-420033.4915029483,-20954.39601461619,0.4999288911709913
cosmx_bcc_spot_0000086158,-420015.1968600909,-20589.95851461619,6.490711187358498e-14
cosmx_bcc_spot_0000086159,-420041.6343600909,-20248.89601461619,0.000586729149635987
cosmx_bcc_spot_0000086160,-419940.99799645453,-19848.57783279801,1.803186491674222e-15
cosmx_bcc_spot_0000086161,-419965.55743701395,-19541.39601461619,0.0002970534400965423
cosmx_bcc_spot_0000086163,-420027.0788045354,-18767.951570171754,5.058112941597383e-12
cosmx_bcc_spot_0000086164,-419992.43436009093,-18403.696014616195,0.0032270715184521737
cosmx_bcc_spot_0000086486,-419696.6622971558,-48037.87259868183,2.750003344339986e-14
cosmx_bcc_spot_0000086487,-419646.919440013,-47724.50117011041,0.13378383363588794
cosmx_bcc_spot_0000086488,-419649.61944001296,-47354.301170110404,1.5443014445928353e-06
cosmx_bcc_spot_0000086489,-419706.73372572724,-47017.22974153897,1.7055745331717601e-06
cosmx_bcc_spot_0000086490,-419658.33762183116,-46675.57389738313,1.419472369369904e-15
cosmx_bcc_spot_0000086491,-419633.29721779074,-46250.078947888185,1.5716648842326633e-15
cosmx_bcc_spot_0000086492,-419664.18610667967,-45928.70117011039,0.08074949428560763
cosmx_bcc_spot_0000086493,-419620.98610667966,-45552.501170110394,0.14276661826760204
cosmx_bcc_spot_0000086494,-419604.24166223523,-45203.02339233261,0.9306839736959435
cosmx_bcc_spot_0000086495,-419630.5935140873,-44856.48635529558,0.9355568996473478
cosmx_bcc_spot_0000086496,-419656.069440013,-44470.80117011038,0.9999980528308153
cosmx_bcc_spot_0000086497,-419606.3527733463,-44231.801170110404,0.5911619071499884
cosmx_bcc_spot_0000086548,-419601.9700367409,-25635.8707060215,0.07862636610304662
cosmx_bcc_spot_0000086549,-419643.70337007416,-25262.148483799276,0.501953613821305
cosmx_bcc_spot_0000086550,-419662.84829761053,-24928.783749499762,0.7108617277549203
cosmx_bcc_spot_0000086551,-419657.0759190938,-24569.8707060215,0.4082524818901881
cosmx_bcc_spot_0000086552,-419669.9154912863,-24169.052524203318,0.07688410697347552
cosmx_bcc_spot_0000086553,-419659.9700367409,-23767.8707060215,0.43442564600422934
cosmx_bcc_spot_0000086554,-419650.1200367409,-23490.020706021496,0.8369341085836657
cosmx_bcc_spot_0000086555,-419649.0064003773,-23113.961615112406,0.8205867315039413
cosmx_bcc_spot_0000086556,-419625.7867034077,-22740.2457060215,0.8217605759953346
cosmx_bcc_spot_0000086557,-419643.3097766191,-22389.507915865892,0.7869539685304016
cosmx_bcc_spot_0000086558,-419634.38436009095,-22050.19601461619,0.7531158385568555
cosmx_bcc_spot_0000086559,-419697.4238337751,-21665.23811987935,0.6982370545719111
cosmx_bcc_spot_0000086560,-419673.56769342424,-21363.19601461619,0.42226491347954503
cosmx_bcc_spot_0000086561,-419708.23436009104,-20908.996014616197,1.18187458135231e-06
cosmx_bcc_spot_0000086562,-419649.3843600909,-20533.31268128286,3.2035863624030873e-06
cosmx_bcc_spot_0000086563,-419740.634360091,-20282.5960146162,0.027678316068310803
cosmx_bcc_spot_0000086564,-419710.34864580526,-19817.96744318763,2.0537252729369982e-14
cosmx_bcc_spot_0000086565,-419708.6343600909,-19499.896014616195,0.00010908076746518712
cosmx_bcc_spot_0000086566,-419604.634360091,-19196.8960146162,0.0039212016398728474
cosmx_bcc_spot_0000086567,-419633.0629315195,-18736.538871759058,3.437363448261546e-07
cosmx_bcc_spot_0000086568,-419700.0629315195,-18433.25315747334,0.010602804416455317
cosmx_bcc_spot_0000086890,-419277.919440013,-48009.5011701104,9.332574358976426e-07
cosmx_bcc_spot_0000086891,-419293.269440013,-47706.73867011039,1.0330607814491866e-05
cosmx_bcc_spot_0000086892,-419244.07499556855,-47391.301170110404,1.3679665597371342e-15
cosmx_bcc_spot_0000086893,-419300.73372572724,-46987.158312967535,1.3028402757929e-15
cosmx_bcc_spot_0000086894,-419336.61944001296,-46692.60117011041,1.5387583821026153e-15
cosmx_bcc_spot_0000086895,-419285.0579015514,-46302.99347780271,0.0002765757146414488
cosmx_bcc_spot_0000086896,-419316.5963630899,-45944.53193934117,0.3086876909142053
cosmx_bcc_spot_0000086897,-419285.9900282483,-45574.88940540451,0.21423813040119927
cosmx_bcc_spot_0000086898,-419276.1194400132,-45185.02117011038,0.9224247593996332
cosmx_bcc_spot_0000086899,-419291.31254346156,-44842.50806666212,0.8433831179972988
cosmx_bcc_spot_0000086900,-419311.89444001316,-44451.17617011038,0.8590533254387934
cosmx_bcc_spot_0000086901,-419221.65277334634,-44089.634503443725,0.9935739999572462
cosmx_bcc_spot_0000086952,-419295.4950367409,-25597.6832060215,0.4056578744077788
cosmx_bcc_spot_0000086953,-419274.98542135634,-25269.8707060215,1.7934593549128453e-15
cosmx_bcc_spot_0000086954,-419311.64276401367,-24854.77979693059,0.1036298532469693
cosmx_bcc_spot_0000086955,-419284.3700367409,-24515.584991735785,0.606452344853308
cosmx_bcc_spot_0000086956,-419245.9084982794,-24217.40916755996,0.8108581174032836
cosmx_bcc_spot_0000086957,-419260.7986081695,-23856.727848878643,0.7811341970358177
cosmx_bcc_spot_0000086958,-419290.41765578854,-23465.584991735785,0.6182554304906231
cosmx_bcc_spot_0000086959,-419291.1200367409,-23114.520706021496,0.6979083030939512
cosmx_bcc_spot_0000086960,-419289.120036741,-22705.912372688166,0.7861043869229806
cosmx_bcc_spot_0000086961,-419310.4307698445,-22387.490503175988,0.5874155434186064
cosmx_bcc_spot_0000086962,-419303.7520071497,-22025.513661675013,0.722677091604399
cosmx_bcc_spot_0000086963,-419298.79225482774,-21678.44864619514,0.6032886658193344
cosmx_bcc_spot_0000086964,-419301.714360091,-21299.99601461619,0.6756897949511044
cosmx_bcc_spot_0000086965,-419256.9676934242,-20939.618236838414,0.5384743013872461
cosmx_bcc_spot_0000086966,-419282.43436009093,-20631.996014616197,0.10389045829588663
cosmx_bcc_spot_0000086967,-419304.3010267576,-20223.50712572731,1.9089241963193027e-15
cosmx_bcc_spot_0000086968,-419321.034360091,-19773.1960146162,8.231338158474419e-12
cosmx_bcc_spot_0000086969,-419332.434360091,-19534.1960146162,1.101657756455525e-06
cosmx_bcc_spot_0000086970,-419260.3010267576,-19127.84045906064,2.0545786515272446e-07
cosmx_bcc_spot_0000086971,-419250.80102675763,-18731.562681282867,1.7721261441549763e-15
cosmx_bcc_spot_0000086972,-419238.7343600909,-18388.996014616197,0.010576949263150608
cosmx_bcc_spot_0000087295,-418868.019440013,-47728.301170110404,1.6618760686277717e-15
cosmx_bcc_spot_0000087296,-418956.15580364934,-47378.84662465586,1.4613582120206095e-15
cosmx_bcc_spot_0000087297,-418930.2117477053,-47061.224247033475,1.5319939220360787e-15
cosmx_bcc_spot_0000087298,-418943.74166223523,-46586.52339233263,2.4496576037893786e-09
cosmx_bcc_spot_0000087299,-418894.519440013,-46293.19590695249,0.3847860138096696
cosmx_bcc_spot_0000087300,-418919.1076753071,-45896.00705246333,0.6179354312044941
cosmx_bcc_spot_0000087301,-418919.9638844574,-45556.4122812215,0.023284478166445615
cosmx_bcc_spot_0000087302,-418929.92853092216,-45179.61935192856,0.6994092838817079
cosmx_bcc_spot_0000087303,-418948.9931242235,-44851.090643794596,0.8668924541136128
cosmx_bcc_spot_0000087304,-418896.3581496907,-44471.78504107815,0.6591638187627722
cosmx_bcc_spot_0000087305,-418912.23819001333,-44124.144920110404,0.9678594904416348
cosmx_bcc_spot_0000087306,-418875.719440013,-43903.3011701104,0.9763731418117706
cosmx_bcc_spot_0000087356,-418910.27912765,-25596.234342385138,0.19164098763583837
cosmx_bcc_spot_0000087357,-418985.77003674104,-25304.0707060215,0.012861248668730915
cosmx_bcc_spot_0000087358,-418952.10337007424,-24887.20403935483,0.3518953804390203
cosmx_bcc_spot_0000087359,-418921.8700367409,-24571.3707060215,0.6076531753063819
cosmx_bcc_spot_0000087360,-418967.8367034076,-24247.737372688167,0.701784479700758
cosmx_bcc_spot_0000087361,-418945.0575367409,-23833.1832060215,0.729160396602108
cosmx_bcc_spot_0000087362,-418933.57003674103,-23445.9507060215,0.6578842451195854
cosmx_bcc_spot_0000087363,-418915.0170955644,-23127.694235433264,0.6608978487675982
cosmx_bcc_spot_0000087364,-418909.09730946826,-22730.007069657862,0.5993008764863187
cosmx_bcc_spot_0000087365,-418930.7980578171,-22389.28487883453,0.6181814925313028
cosmx_bcc_spot_0000087366,-418898.034360091,-22023.236014616192,0.7469490269634804
cosmx_bcc_spot_0000087367,-418907.56293151947,-21665.967443187623,0.6326943186947632
cosmx_bcc_spot_0000087368,-418938.3676934242,-21291.796014616193,0.6153401006973166
cosmx_bcc_spot_0000087369,-418950.4438839004,-20948.110300330474,0.6010471069545298
cosmx_bcc_spot_0000087370,-418897.7252691818,-20596.123287343467,0.07235619236122702
cosmx_bcc_spot_0000087371,-418934.0189754755,-20219.0883223085,2.564109706535064e-14
cosmx_bcc_spot_0000087372,-418948.134360091,-19786.8960146162,0.0026978354908691977
cosmx_bcc_spot_0000087375,-418897.634360091,-18760.72934794953,0.002984995092815742
cosmx_bcc_spot_0000087376,-418955.0788045354,-18348.284903505086,1.903170906692148e-09
cosmx_bcc_spot_0000087699,-418561.23372572724,-47746.58688439611,1.4751470027336303e-15
cosmx_bcc_spot_0000087700,-418559.40832890186,-47341.190058999295,1.6278470265959356e-15
cosmx_bcc_spot_0000087701,-418543.019440013,-47039.9011701104,1.5029896305876977e-15
cosmx_bcc_spot_0000087702,-418570.0579015514,-46705.685785495014,1.4944230871717236e-15
cosmx_bcc_spot_0000087703,-418571.75473413063,-46239.71293481627,0.44636909602023983
cosmx_bcc_spot_0000087704,-418548.519440013,-45907.9853806367,0.573773424496951
cosmx_bcc_spot_0000087705,-418585.894440013,-45564.80117011039,0.16208899474084412
cosmx_bcc_spot_0000087706,-418560.09086858446,-45208.539265348474,0.748171364339788
cosmx_bcc_spot_0000087707,-418560.6794400132,-44836.141170110386,0.5577627617867525
cosmx_bcc_spot_0000087708,-418539.0194400133,-44465.034503443734,0.9556516035562277
cosmx_bcc_spot_0000087709,-418608.24671274034,-44118.75571556493,0.9309026960075296
cosmx_bcc_spot_0000087758,-418629.0367034077,-26316.8707060215,1.1015141619888967e-07
cosmx_bcc_spot_0000087760,-418577.67003674095,-25596.0707060215,0.04125382068150893
cosmx_bcc_spot_0000087762,-418603.5367034077,-24903.8707060215,1.7725564268682686e-15
cosmx_bcc_spot_0000087763,-418601.1700367409,-24522.937372688164,0.038058587089285736
cosmx_bcc_spot_0000087764,-418588.7450367409,-24199.4957060215,1.7277817137986768e-15
cosmx_bcc_spot_0000087765,-418560.60533085855,-23847.164823668558,1.652221699037249e-15
cosmx_bcc_spot_0000087766,-418576.3700367409,-23461.8707060215,1.62458380520774e-15
cosmx_bcc_spot_0000087767,-418603.7033700742,-23100.337372688165,0.31096373961887813
cosmx_bcc_spot_0000087768,-418585.9352541323,-22738.044619064975,0.6729873941461191
cosmx_bcc_spot_0000087769,-418528.2742253619,-22402.218802701736,0.7494786663126671
cosmx_bcc_spot_0000087770,-418547.8952296562,-22008.30905809445,0.714555673601951
cosmx_bcc_spot_0000087771,-418553.543451,-21649.305105525287,0.7678480802417709
cosmx_bcc_spot_0000087772,-418540.28141891444,-21285.160720498545,0.6928886530491188
cosmx_bcc_spot_0000087773,-418520.8565823131,-20937.0071257273,0.11896789883865463
cosmx_bcc_spot_0000087774,-418525.8843600909,-20574.49601461619,0.0010106171918606449
cosmx_bcc_spot_0000087775,-418535.6869916698,-20181.55390935303,1.8538593428070714e-15
cosmx_bcc_spot_0000087776,-418532.0843600909,-19870.64601461619,5.5030358320255255e-08
cosmx_bcc_spot_0000087778,-418628.034360091,-19082.5960146162,2.220629081045302e-09
cosmx_bcc_spot_0000087780,-418556.96769342426,-18420.951570171754,2.3620838560563817e-10
cosmx_bcc_spot_0000088103,-418271.2490985108,-47650.93030195972,1.2828251582735105e-15
cosmx_bcc_spot_0000088104,-418207.0790778868,-47350.55546238588,1.4659179798668256e-15
cosmx_bcc_spot_0000088105,-418235.94096190983,-47064.78195469944,1.3094494583972513e-15
cosmx_bcc_spot_0000088106,-418232.6364362516,-46606.5203029456,1.4239509366364227e-15
cosmx_bcc_spot_0000088107,-418205.91242441774,-46246.684058186365,9.877951592557085e-13
cosmx_bcc_spot_0000088108,-418204.54715760745,-45938.01127147505,0.6886353272901976
cosmx_bcc_spot_0000088109,-418205.9981358755,-45593.992216229104,0.6483505972186326
cosmx_bcc_spot_0000088110,-418175.1895706688,-45156.89426853504,0.8460429146720286
cosmx_bcc_spot_0000088111,-418209.83248369157,-44852.959309271064,0.8967603143486104
cosmx_bcc_spot_0000088112,-418197.93722404144,-44450.307779049406,0.948458192458883
cosmx_bcc_spot_0000088113,-418170.35829018045,-44129.605577018636,0.9797622856081744
cosmx_bcc_spot_0000088169,-418309.81448118546,-23866.759594910385,1.5334365557193573e-15
cosmx_bcc_spot_0000088170,-418311.370036741,-23418.8707060215,1.6898954584944504e-15
cosmx_bcc_spot_0000088172,-418298.08432245534,-22756.013563164357,0.12248388172324556
cosmx_bcc_spot_0000088173,-418219.981495421,-22361.49095289725,0.5526082828471417
cosmx_bcc_spot_0000088174,-418201.543451,-22003.714196434372,0.7104826870435887
cosmx_bcc_spot_0000088175,-418188.30102675763,-21675.104347949524,0.8069345211818733
cosmx_bcc_spot_0000088176,-418201.23436009086,-21288.69601461619,0.7700142198102988
cosmx_bcc_spot_0000088177,-418204.8952296562,-20921.135145050972,0.24439040648118024
cosmx_bcc_spot_0000088178,-418226.01531247183,-20578.634109854283,0.0347856434199468
cosmx_bcc_spot_0000088179,-418186.3616328182,-20177.9869237071,1.4541340254135394e-10
cosmx_bcc_spot_0000088180,-418190.3843600909,-19864.729347949527,2.2588179746750158e-13
cosmx_bcc_spot_0000088181,-418222.4915029481,-19533.538871759058,1.5941231350450636e-11
cosmx_bcc_spot_0000088182,-418219.034360091,-19132.3960146162,0.02788758071810473
cosmx_bcc_spot_0000088184,-418203.3266677832,-18383.39601461619,3.4599705940882243e-13
cosmx_bcc_spot_0000088508,-417848.4124526982,-47379.31676347308,1.4311514182262823e-15
cosmx_bcc_spot_0000088509,-417790.2219765077,-47008.43581109213,1.3556748487991461e-15
cosmx_bcc_spot_0000088510,-417815.28258256824,-46610.102477758795,1.3501233216705405e-15
cosmx_bcc_spot_0000088511,-417812.3886431744,-46274.185811092124,1.5984548714636737e-15
cosmx_bcc_spot_0000088512,-417879.85530984116,-45959.45247775879,0.49064815453965577
cosmx_bcc_spot_0000088513,-417851.1803098412,-45536.51914442545,0.618094899393518
cosmx_bcc_spot_0000088514,-417850.2636431745,-45191.22747775878,0.8445414948623599
cosmx_bcc_spot_0000088515,-417841.6422663629,-44838.667695150085,0.9163661981267817
cosmx_bcc_spot_0000088516,-417837.0195955555,-44460.42390633023,0.9353615234522884
cosmx_bcc_spot_0000088517,-417816.6553098412,-44141.902477758806,0.9662762926057492
cosmx_bcc_spot_0000088518,-417755.155309841,-43860.1024777588,0.9681818319309166
cosmx_bcc_spot_0000088577,-417869.9200743767,-22308.396014616203,0.00012744103038855593
cosmx_bcc_spot_0000088578,-417865.8343600909,-22019.06268128286,0.3629941308264368
cosmx_bcc_spot_0000088579,-417840.82483628136,-21651.44363366381,0.7511543148936438
cosmx_bcc_spot_0000088580,-417827.6343600909,-21302.562681282856,0.7390346286598348
cosmx_bcc_spot_0000088581,-417813.6343600909,-20911.618236838414,0.6215247486846708
cosmx_bcc_spot_0000088582,-417816.0256644388,-20559.35253635532,0.6807314521300543
cosmx_bcc_spot_0000088583,-417827.92847773794,-20220.63130873384,0.3409263888974094
cosmx_bcc_spot_0000088584,-417845.4438839004,-19853.49125271143,0.030033674493948365
cosmx_bcc_spot_0000088585,-417820.034360091,-19579.5960146162,1.2886281348684718e-15
cosmx_bcc_spot_0000088586,-417874.20578866237,-19102.96744318763,2.3489356555130973e-06
cosmx_bcc_spot_0000088587,-417854.77721723384,-18773.681728901916,7.695975628832882e-11
cosmx_bcc_spot_0000088588,-417859.834360091,-18373.7960146162,1.917348790475592e-15
cosmx_bcc_spot_0000088912,-417491.3734916592,-47415.55702321334,1.5923886447201895e-15
cosmx_bcc_spot_0000088913,-417467.632232918,-47021.33324698956,1.4290680553585674e-15
cosmx_bcc_spot_0000088914,-417459.3410241268,-46679.24533490165,1.3860264872467816e-15
cosmx_bcc_spot_0000088915,-417493.45530984097,-46243.702477758794,1.4460044068942456e-15
cosmx_bcc_spot_0000088916,-417433.95530984097,-45874.4024777588,0.40848276907395453
cosmx_bcc_spot_0000088917,-417458.5553098412,-45552.155109337735,0.7753522348331267
cosmx_bcc_spot_0000088918,-417472.8753098412,-45191.302477758785,0.7639189529596937
cosmx_bcc_spot_0000088919,-417475.3886431745,-44844.72747775878,0.6740018947937348
cosmx_bcc_spot_0000088920,-417460.5098552957,-44455.37520503151,0.8130571801120111
cosmx_bcc_spot_0000088921,-417500.92568021157,-44123.509885166204,0.9634186087916873
cosmx_bcc_spot_0000088922,-417486.4124526982,-43789.95962061593,0.9881115923414404
cosmx_bcc_spot_0000088981,-417469.88436009095,-22310.2710146162,1.8843475853418355e-15
cosmx_bcc_spot_0000088982,-417481.0343600909,-22061.996014616194,3.2031976947977476e-15
cosmx_bcc_spot_0000088983,-417481.1343600909,-21663.39601461619,0.1068490875648318
cosmx_bcc_spot_0000088984,-417491.6700743768,-21280.396014616195,0.7553561055338331
cosmx_bcc_spot_0000088985,-417481.5843600909,-20916.44601461619,0.38151160854284066
cosmx_bcc_spot_0000088986,-417495.95694073633,-20589.266982358135,0.8102785145509308
cosmx_bcc_spot_0000088987,-417475.04815319454,-20232.499462892058,0.5119046761534448
cosmx_bcc_spot_0000088988,-417489.4491749059,-19852.099718319896,5.707155158014826e-07
cosmx_bcc_spot_0000088989,-417515.4915029481,-19520.538871759058,2.4338255134495396e-15
cosmx_bcc_spot_0000088990,-417556.63436009095,-19106.196014616195,9.178484904385136e-11
cosmx_bcc_spot_0000088991,-417454.134360091,-18776.8960146162,3.98054211146775e-08
cosmx_bcc_spot_0000088992,-417443.3843600909,-18408.58351461619,2.5272232635617873e-14
cosmx_bcc_spot_0000089316,-417132.8886431744,-47329.93581109214,1.2202558340672406e-15
cosmx_bcc_spot_0000089317,-417121.0937713795,-47059.33324698956,1.4111030141396537e-15
cosmx_bcc_spot_0000089318,-417093.2219765077,-46666.102477758795,1.3689709186643805e-15
cosmx_bcc_spot_0000089319,-417118.1007643864,-46251.19338684971,0.06727989565414486
cosmx_bcc_spot_0000089320,-417104.305309841,-45897.602477758795,0.5910949279862331
cosmx_bcc_spot_0000089321,-417136.5553098412,-45552.32469998101,0.7166670885256408
cosmx_bcc_spot_0000089322,-417121.8053098412,-45207.152477758784,0.5827183076589648
cosmx_bcc_spot_0000089323,-417097.7053098412,-44842.85247775879,0.6106583800198981
cosmx_bcc_spot_0000089324,-417115.51827280415,-44493.84321849953,0.5806392560462768
cosmx_bcc_spot_0000089325,-417109.60530984116,-44087.10247775879,0.49499320765339005
cosmx_bcc_spot_0000089326,-417149.7934050792,-43748.24533490164,0.8064351636676964
cosmx_bcc_spot_0000089385,-417079.8486458052,-22285.53887175905,1.8478236826702336e-12
cosmx_bcc_spot_0000089386,-417103.1343600909,-22036.14601461619,0.0010023574976722588
cosmx_bcc_spot_0000089387,-417092.63436009095,-21649.396014616195,0.023545113500836212
cosmx_bcc_spot_0000089388,-417139.4121378687,-21355.72934794953,0.003666114034171346
cosmx_bcc_spot_0000089389,-417186.0788045354,-20944.3960146162,6.059592513032711e-08
cosmx_bcc_spot_0000089390,-417155.8343600909,-20538.596014616196,0.24514846553652245
cosmx_bcc_spot_0000089391,-417123.4805139371,-20240.85755307773,0.04329082757097504
cosmx_bcc_spot_0000089392,-417150.43436009093,-19911.396014616195,0.006305762029368984
cosmx_bcc_spot_0000089395,-417098.25936009095,-18787.0210146162,4.1634892201992773e-13
cosmx_bcc_spot_0000089396,-417119.63436009095,-18413.296014616197,2.0490351567158136e-07
cosmx_bcc_spot_0000089720,-416740.33308761875,-47407.1024777588,1.4903124615647254e-15
cosmx_bcc_spot_0000089721,-416796.2219765077,-47028.43581109213,1.2940028130050497e-15
cosmx_bcc_spot_0000089722,-416793.155309841,-46670.7024777588,1.2823940941051569e-11
cosmx_bcc_spot_0000089723,-416782.7371280228,-46281.92065957698,0.40530564920094775
cosmx_bcc_spot_0000089724,-416768.28864317446,-45948.835811092125,0.4545181760826396
cosmx_bcc_spot_0000089725,-416752.3245406103,-45576.7947854511,0.6586956853079785
cosmx_bcc_spot_0000089726,-416779.7553098411,-45196.90247775879,0.46077040454439405
cosmx_bcc_spot_0000089727,-416755.805309841,-44826.26914442546,0.21068547366205248
cosmx_bcc_spot_0000089728,-416758.42197650776,-44497.50247775879,0.023052218958157667
cosmx_bcc_spot_0000089729,-416769.1178098411,-44068.85247775879,0.2289685683052331
cosmx_bcc_spot_0000089730,-416740.2219765077,-43715.26914442547,0.7739668573389437
cosmx_bcc_spot_0000089789,-416734.6343600909,-22309.19601461619,1.3350316651765415e-07
cosmx_bcc_spot_0000089790,-416785.3343600909,-22032.496014616197,7.240276829146283e-11
cosmx_bcc_spot_0000089792,-416678.17981463636,-21318.57783279801,6.385713218886607e-07
cosmx_bcc_spot_0000089794,-416728.80102675763,-20582.062681282867,5.315561954839723e-05
cosmx_bcc_spot_0000089795,-416805.034360091,-20211.7960146162,9.933445296286611e-06
cosmx_bcc_spot_0000089796,-416778.38436009095,-19881.1460146162,1.1343238725266427e-05
cosmx_bcc_spot_0000089797,-416780.30102675763,-19486.062681282867,0.01850710125070201
cosmx_bcc_spot_0000089800,-416762.634360091,-18369.72934794953,3.139502974789311e-11
cosmx_bcc_spot_0000090125,-416337.555309841,-47000.991366647686,1.5221078296174228e-15
cosmx_bcc_spot_0000090126,-416291.11086539656,-46655.54692220324,1.4306157117638156e-15
cosmx_bcc_spot_0000090127,-416373.9997542856,-46270.54692220323,0.033373949183311824
cosmx_bcc_spot_0000090128,-416427.7775320632,-45947.76914442547,0.1470833738598957
cosmx_bcc_spot_0000090129,-416370.8886431744,-45556.01914442546,0.2631946169368512
cosmx_bcc_spot_0000090130,-416403.155309841,-45310.502477758804,0.507821873220437
cosmx_bcc_spot_0000090131,-416408.755309841,-44872.4024777588,1.6811164900036034e-15
cosmx_bcc_spot_0000090132,-416414.355309841,-44445.602477758795,0.17383082852413992
cosmx_bcc_spot_0000090133,-416368.2695955553,-44081.38819204452,0.10033946191034622
cosmx_bcc_spot_0000090134,-416381.69816698384,-43831.531049187375,0.00274457201779991
cosmx_bcc_spot_0000090193,-416371.90708736365,-22298.486923707103,1.9947409278200752e-14
cosmx_bcc_spot_0000090194,-416336.63436009095,-22075.496014616197,0.017036541278074822
cosmx_bcc_spot_0000090195,-416398.43436009093,-21636.596014616196,0.040168429802999464
cosmx_bcc_spot_0000090196,-416366.4915029481,-21316.253157473344,2.5086773066769274e-13
cosmx_bcc_spot_0000090197,-416276.434360091,-21004.3960146162,0.07801037939112596
cosmx_bcc_spot_0000090198,-416339.30102675763,-20575.72934794953,6.683247833474558e-11
cosmx_bcc_spot_0000090202,-416436.80102675763,-19165.22934794953,1.9955362602847524e-11
cosmx_bcc_spot_0000090204,-416432.78820624476,-18410.31909153927,7.198915559191222e-15
cosmx_bcc_spot_0000090529,-416047.3886431745,-46999.49136664768,1.4893813630455167e-15
cosmx_bcc_spot_0000090530,-416025.48388126964,-46669.95962061593,1.394503920268676e-15
cosmx_bcc_spot_0000090531,-416004.3734916592,-46296.82975048607,1.3290038549117028e-15
cosmx_bcc_spot_0000090532,-416032.69816698384,-45997.95962061595,1.4110597391455184e-15
cosmx_bcc_spot_0000090533,-416064.6664209521,-45531.991366647686,9.67251655808665e-09
cosmx_bcc_spot_0000090534,-416055.055309841,-45224.2274777588,0.22295354680533727
cosmx_bcc_spot_0000090535,-416016.7091559949,-44814.17940083572,0.04414898058608843
cosmx_bcc_spot_0000090536,-416020.91894620465,-44515.82975048607,0.03200312971629801
cosmx_bcc_spot_0000090537,-416049.8886431744,-44144.43581109214,0.0050181555151608825
cosmx_bcc_spot_0000090932,-415640.41245269816,-47371.10247775881,1.539704002135922e-15
cosmx_bcc_spot_0000090933,-415772.41245269816,-47009.245334901665,1.4575527520095089e-15
cosmx_bcc_spot_0000090934,-415652.84102412674,-46603.10247775881,1.3910589736113419e-15
cosmx_bcc_spot_0000090935,-415653.2695955553,-46235.67390633024,1.4161288276553944e-15
cosmx_bcc_spot_0000090937,-415627.8886431743,-45510.54692220324,0.0023618619918543194
cosmx_bcc_spot_0000090939,-415660.555309841,-44844.4774777588,9.097313885319396e-05
cosmx_bcc_spot_0000091336,-415276.2023686647,-47378.631889523494,7.457422547291025e-10
cosmx_bcc_spot_0000091337,-415261.48388126964,-47058.673906330216,1.6032609120794113e-15
cosmx_bcc_spot_0000091338,-415268.7775320632,-46659.65803331436,1.5704037917261783e-15
cosmx_bcc_spot_0000091339,-415379.155309841,-46266.502477758804,1.5165116318239933e-15
cosmx_bcc_spot_0000091341,-415325.8710993148,-45540.52353039037,0.05626604194929865
cosmx_bcc_spot_0000091342,-415319.3410241268,-45182.388192044506,0.4369954440507603
cosmx_bcc_spot_0000091343,-415312.0219765078,-44811.835811092125,0.41725147971003873
cosmx_bcc_spot_0000091344,-415305.41245269816,-44466.245334901665,0.005246002937329226
cosmx_bcc_spot_0000091345,-415270.305309841,-44123.01914442546,0.3145092076047727
cosmx_bcc_spot_0000091740,-414915.755309841,-47364.5024777588,1.988033527663837e-13
cosmx_bcc_spot_0000091741,-414934.9399252257,-47068.33324698956,8.276903500644314e-11
cosmx_bcc_spot_0000091742,-414950.555309841,-46668.19338684971,1.7838422310340478e-15
cosmx_bcc_spot_0000091743,-414855.555309841,-46230.43581109214,7.702437073466847e-11
cosmx_bcc_spot_0000091744,-414960.98388126964,-45953.03104918736,2.4914041632619646e-11
cosmx_bcc_spot_0000091745,-414934.680309841,-45530.4774777588,1.75626764350541e-15
cosmx_bcc_spot_0000091746,-414992.95530984097,-45161.1024777588,0.36507619343193837
cosmx_bcc_spot_0000091747,-414929.3410241268,-44852.81676347308,0.05951707985972618
cosmx_bcc_spot_0000091748,-414988.2219765077,-44468.93581109214,3.732843953706453e-13
cosmx_bcc_spot_0000091749,-414954.555309841,-44118.76914442547,0.08751197751955508
cosmx_bcc_spot_0000092144,-414592.0770489716,-47366.10247775879,0.18230778129848965
cosmx_bcc_spot_0000092145,-414561.33308761875,-47047.88025553658,5.343015869329935e-06
cosmx_bcc_spot_0000092146,-414570.3734916592,-46702.55702321334,8.152531967446962e-11
cosmx_bcc_spot_0000092147,-414599.1386431744,-46324.852477758795,0.00013324716285775744
cosmx_bcc_spot_0000092148,-414568.2219765077,-45907.32469998102,1.9906741995878834e-15
cosmx_bcc_spot_0000092149,-414554.555309841,-45624.76914442547,1.8490238276518537e-15
cosmx_bcc_spot_0000092150,-414589.555309841,-45217.95962061595,0.05530366890905129
cosmx_bcc_spot_0000092151,-414534.755309841,-44853.1024777588,0.06408002511238882
cosmx_bcc_spot_0000092152,-414578.95530984097,-44425.7024777588,0.034247052474680746
cosmx_bcc_spot_0000092153,-414561.305309841,-44083.685811092124,0.002152611686199567
cosmx_bcc_spot_0000092154,-414573.99975428544,-43759.65803331436,0.034706177990583155
cosmx_bcc_spot_0000092155,-414536.3886431744,-43489.93581109214,1.2727677644833427e-06
cosmx_bcc_spot_0000092548,-414210.555309841,-47345.2274777588,0.08182865908883825
cosmx_bcc_spot_0000092549,-414247.555309841,-47053.1024777588,1.182878915197072e-08
cosmx_bcc_spot_0000092550,-414220.48388126964,-46666.45962061593,0.008247370635548186
cosmx_bcc_spot_0000092551,-414197.305309841,-46315.852477758795,3.428999635125471e-08
cosmx_bcc_spot_0000092552,-414208.055309841,-45954.8024777588,0.028093052031433762
cosmx_bcc_spot_0000092553,-414214.60530984116,-45545.152477758784,0.19855558844087212
cosmx_bcc_spot_0000092554,-414170.6886431744,-45242.63581109212,0.35758616823029715
cosmx_bcc_spot_0000092555,-414253.4441987299,-44824.65803331436,0.028482622142674965
cosmx_bcc_spot_0000092556,-414166.95530984097,-44533.3024777588,0.20918171266563365
cosmx_bcc_spot_0000092557,-414294.155309841,-44157.1024777588,0.024094151027404018
cosmx_bcc_spot_0000092558,-414239.055309841,-43722.93581109214,0.0677099099643406
cosmx_bcc_spot_0000092559,-414218.8886431744,-43456.26914442547,1.9139346478370778e-15
cosmx_bcc_spot_0000093359,-413508.9302350106,-46316.56808306134,3.642953643152855e-06
cosmx_bcc_spot_0000093360,-413427.566598647,-45980.5529315462,4.705471477301306e-05
cosmx_bcc_spot_0000093361,-413469.2332653136,-45620.88626487952,0.03985427566145934
cosmx_bcc_spot_0000093362,-413478.3999319803,-45164.71959821284,0.005887477341113633
cosmx_bcc_spot_0000093363,-413483.566598647,-44886.186264879514,2.134019088534266e-12
cosmx_bcc_spot_0000093364,-413446.3165986469,-44518.261264879504,2.4318135223895e-06
cosmx_bcc_spot_0000093365,-413454.47568955604,-44140.47717397042,0.0943768361300091
cosmx_bcc_spot_0000093366,-413456.0013812557,-43762.473221401255,0.7688702885061817
cosmx_bcc_spot_0000093367,-413465.6633728404,-43365.128200363404,0.9269959756381675
cosmx_bcc_spot_0000093368,-413484.1221542023,-43016.69182043508,0.9919463555658001
cosmx_bcc_spot_0000093763,-413148.272481,-46302.033323703035,0.09075385062741825
cosmx_bcc_spot_0000093764,-413076.46659864706,-45917.23626487954,0.6518076369449873
cosmx_bcc_spot_0000093765,-413076.37612245657,-45584.767217260494,0.6329765239113123
cosmx_bcc_spot_0000093766,-413054.99517007556,-45195.60055059382,0.781214738893437
cosmx_bcc_spot_0000093767,-413059.32850340893,-44880.67197916524,0.6302841932693021
cosmx_bcc_spot_0000093768,-413092.65750773787,-44480.658992152225,0.4001114893212208
cosmx_bcc_spot_0000093769,-413105.691598647,-44097.6779315462,0.700911625235632
cosmx_bcc_spot_0000093770,-413155.1842457056,-43735.59214723245,0.9404496358688362
cosmx_bcc_spot_0000093771,-413135.7460858262,-43388.36062385386,0.9398644131265834
cosmx_bcc_spot_0000093772,-413200.36659864703,-43025.652931546225,0.8618226837960619
cosmx_bcc_spot_0000094167,-412804.63802721846,-46231.02912202237,0.558295508620335
cosmx_bcc_spot_0000094168,-412755.48967557,-45926.117034110306,0.7380349161484376
cosmx_bcc_spot_0000094169,-412793.81659864687,-45591.81483630809,0.7844088822936797
cosmx_bcc_spot_0000094170,-412839.06659864704,-45193.74990124315,0.7241559291026335
cosmx_bcc_spot_0000094171,-412774.34920734266,-44845.342786618654,0.7545724843751779
cosmx_bcc_spot_0000094172,-412752.40659864695,-44476.98626487951,0.797968298608961
cosmx_bcc_spot_0000094173,-412766.63111477584,-44133.87013584726,0.9010791570354246
cosmx_bcc_spot_0000094174,-412773.2465986469,-43761.94626487952,0.9991974231900888
cosmx_bcc_spot_0000094175,-412734.4925245728,-43386.608487101745,0.9298009427720777
cosmx_bcc_spot_0000094176,-412768.5665986469,-43127.18626487953,0.7267473361921822
cosmx_bcc_spot_0000094177,-412708.6665986469,-42690.5862648795,0.7334952966645805
cosmx_bcc_spot_0000094571,-412388.1120531924,-46260.658992152246,0.21827754917112918
cosmx_bcc_spot_0000094572,-412351.9876512787,-45900.1231069848,0.5755048778586226
cosmx_bcc_spot_0000094573,-412366.1528055434,-45562.14488556917,0.84484677675624
cosmx_bcc_spot_0000094574,-412402.64067272097,-45195.53441302767,0.8987692564836063
cosmx_bcc_spot_0000094575,-412424.26356834377,-44815.083234576494,0.8896271011253687
cosmx_bcc_spot_0000094576,-412447.947551028,-44501.62436011763,0.8095493924466914
cosmx_bcc_spot_0000094577,-412422.48967557,-44118.117034110306,0.7569744778010447
cosmx_bcc_spot_0000094578,-412419.5362956165,-43751.2953557886,0.903501969739406
cosmx_bcc_spot_0000094579,-412410.2562538193,-43396.28281660367,0.9845465026539179
cosmx_bcc_spot_0000094580,-412355.01104309154,-42945.05293154619,0.8825133268356511
cosmx_bcc_spot_0000094581,-412406.45849053864,-42661.440318933564,0.9998265506410978
cosmx_bcc_spot_0000094582,-412388.18198326236,-42413.77088026413,0.9587551866321009
cosmx_bcc_spot_0000094975,-412037.3790986468,-46291.69876487951,0.7002057662140373
cosmx_bcc_spot_0000094976,-412088.49517007545,-45917.56483630809,0.7977332272269916
cosmx_bcc_spot_0000094977,-412055.1842457056,-45565.53332370305,0.8926804528079065
cosmx_bcc_spot_0000094978,-412017.82585790614,-45198.904783398044,0.8719347015912509
cosmx_bcc_spot_0000094979,-412049.8790986468,-44834.82376487951,0.9574897201412179
cosmx_bcc_spot_0000094980,-412020.4332653137,-44495.51959821287,0.7077874446348638
cosmx_bcc_spot_0000094981,-412055.9103486468,-44109.167514879526,0.859720922169769
cosmx_bcc_spot_0000094982,-412072.6819832623,-43752.84780334106,0.9890697678953245
cosmx_bcc_spot_0000094983,-412048.21877256,-43386.08191705344,0.9197008243289958
cosmx_bcc_spot_0000094984,-412020.455487536,-43040.60848710174,0.7583817522016035
cosmx_bcc_spot_0000094985,-412085.3847804651,-42695.840810334084,0.5060750086846751
cosmx_bcc_spot_0000095379,-411669.2907365779,-46288.972471776084,0.8493941996369619
cosmx_bcc_spot_0000095380,-411668.06659864687,-45915.17197916522,0.8428692549259493
cosmx_bcc_spot_0000095381,-411722.566598647,-45633.45769345096,0.47127840284049094
cosmx_bcc_spot_0000095382,-411765.3999319804,-45180.88626487952,0.6914175753033611
cosmx_bcc_spot_0000095383,-411678.56659864687,-44835.92197916523,0.7977075559090819
cosmx_bcc_spot_0000095384,-411697.69159864704,-44451.88626487955,0.8022189292808939
cosmx_bcc_spot_0000095385,-411683.97836335265,-44116.18038252657,0.9673805117360239
cosmx_bcc_spot_0000095386,-411641.4332653137,-43733.386264879504,0.7305772080815003
cosmx_bcc_spot_0000095387,-411667.6380272183,-43364.45769345095,0.9055044476100816
cosmx_bcc_spot_0000095388,-411655.947551028,-43054.00531249858,0.9945437703020678
cosmx_bcc_spot_0000095389,-411715.4613354892,-42708.859949090074,0.9320204949074391
cosmx_bcc_spot_0000095783,-411309.24841682886,-46308.93171942497,0.7341341286676453
cosmx_bcc_spot_0000095784,-411371.1221542025,-45953.60848710175,0.37783543325169827
cosmx_bcc_spot_0000095785,-411310.3582653136,-45538.34459821286,0.8063920393302961
cosmx_bcc_spot_0000095786,-411289.99517007556,-45242.74340773666,0.5311468712416626
cosmx_bcc_spot_0000095787,-411353.9740060543,-44847.015894509146,0.6609832639000462
cosmx_bcc_spot_0000095788,-411357.20296228316,-44460.84081033406,0.8827002892524526
cosmx_bcc_spot_0000095789,-411335.56659864704,-44107.767217260465,0.8620223988985679
cosmx_bcc_spot_0000095790,-411322.5281371084,-43757.34780334106,0.8941365178427363
cosmx_bcc_spot_0000095791,-411326.09291443654,-43438.85994909005,0.7833022006818262
cosmx_bcc_spot_0000095792,-411376.8665986469,-43074.28626487953,0.8698787364223511
cosmx_bcc_spot_0000095793,-411213.166598647,-42659.38626487952,2.3923073114975182e-05
cosmx_bcc_spot_0000096186,-410984.166598647,-46472.78626487952,0.783275976074969
cosmx_bcc_spot_0000096187,-410973.31659864704,-46289.32376487953,0.7404706623683611
cosmx_bcc_spot_0000096188,-410966.5165986471,-45916.53626487954,0.8436206406666718
cosmx_bcc_spot_0000096189,-410938.21877256,-45594.47322140126,0.5506141172456822
cosmx_bcc_spot_0000096190,-410955.7973678777,-45198.30934180261,0.8744263400602804
cosmx_bcc_spot_0000096191,-410943.4554875358,-44849.275153768416,0.8418874244852541
cosmx_bcc_spot_0000096192,-410958.8847804652,-44476.249901243165,0.7866624373419898
cosmx_bcc_spot_0000096193,-410917.2332653136,-44118.802931546204,0.928821971892644
cosmx_bcc_spot_0000096194,-410883.8999319804,-43745.57674107,0.8723097976712814
cosmx_bcc_spot_0000096195,-410924.13802721846,-43366.29102678428,0.6906804266392006
cosmx_bcc_spot_0000096196,-410927.45121403155,-43011.8093418026,0.7135652229636407
cosmx_bcc_spot_0000096197,-410995.7665986469,-42768.28626487954,0.2547989090919256
cosmx_bcc_spot_0000096591,-410604.21659864706,-46308.03626487951,0.7305409059664751
cosmx_bcc_spot_0000096592,-410503.31659864704,-45946.19876487953,0.7343810515922763
cosmx_bcc_spot_0000096593,-410624.9512140316,-45565.92472641798,0.6489678346383828
cosmx_bcc_spot_0000096594,-410589.35970209516,-45182.21385108641,0.7938181490903413
cosmx_bcc_spot_0000096595,-410572.43756638875,-44855.41852294403,0.8019316825741759
cosmx_bcc_spot_0000096596,-410601.61923022603,-44484.28100172163,0.5716387856544778
cosmx_bcc_spot_0000096597,-410642.5665986471,-44087.58626487954,0.8262564853325767
cosmx_bcc_spot_0000096598,-410595.35970209516,-43743.35178212089,0.8994916467495009
cosmx_bcc_spot_0000096599,-410595.51396706776,-43393.570475405824,0.8434075721323578
cosmx_bcc_spot_0000096600,-410621.2973678777,-43023.46318795645,0.7126494990488442
cosmx_bcc_spot_0000096601,-410624.8393259197,-42705.386264879504,0.27673437329723544
cosmx_bcc_spot_0000096995,-410227.3926856035,-46292.9949605317,0.8584988458823758
cosmx_bcc_spot_0000096996,-410228.8582653136,-45896.21959821284,0.8547064601802705
cosmx_bcc_spot_0000096997,-410239.9579029948,-45598.47322140125,0.7468092609624958
cosmx_bcc_spot_0000096998,-410241.7244933839,-45180.017843826885,0.580707566529989
cosmx_bcc_spot_0000096999,-410278.6535551687,-44840.95148227084,0.5983856967838005
cosmx_bcc_spot_0000097000,-410252.80469388515,-44465.24340773668,0.7275070528256121
cosmx_bcc_spot_0000097001,-410189.02813710854,-44109.693957187206,0.3063672218675124
cosmx_bcc_spot_0000097002,-410258.37612245657,-43774.71959821288,0.4687468621886374
cosmx_bcc_spot_0000097003,-410281.0332653137,-43437.58626487952,0.560379017481872
cosmx_bcc_spot_0000097387,-409839.5911567385,-50635.935824179316,0.4328516975283073
cosmx_bcc_spot_0000097390,-409775.3848075323,-49557.99137973486,0.21824791065811147
cosmx_bcc_spot_0000097391,-409951.28758531006,-49213.81082417931,0.13477066385489297
cosmx_bcc_spot_0000097392,-409891.16258531,-48838.76915751264,0.35907585476227644
cosmx_bcc_spot_0000097393,-409834.3054424529,-48554.578681322164,0.11223999918185858
cosmx_bcc_spot_0000097394,-409800.0197281671,-48081.221538465026,0.41540706177781156
cosmx_bcc_spot_0000097395,-409826.25349440094,-47707.79946054295,0.3662963187707562
cosmx_bcc_spot_0000097396,-409861.16258530994,-47384.83582417932,0.5313172387085902
cosmx_bcc_spot_0000097397,-409836.58363794145,-46998.64635049511,0.7792456052744949
cosmx_bcc_spot_0000097398,-409834.83278597676,-46697.88334621432,0.6906569996678968
cosmx_bcc_spot_0000097399,-409854.7888208691,-46305.60848710175,0.7173871028084753
cosmx_bcc_spot_0000097400,-409823.78398995136,-45911.90800400996,0.6553872626566198
cosmx_bcc_spot_0000097401,-409841.3742909546,-45572.65549564875,0.8130138707913159
cosmx_bcc_spot_0000097402,-409837.4554875358,-45203.20107969433,0.6517853644700209
cosmx_bcc_spot_0000097403,-409875.01104309136,-44838.16404265729,0.7735872858962689
cosmx_bcc_spot_0000097404,-409835.42374150414,-44505.886264879526,0.44147070556024776
cosmx_bcc_spot_0000097405,-409812.1221542025,-44124.164042657314,0.016522213399304677
cosmx_bcc_spot_0000097406,-409911.7888208691,-43798.49737599061,1.9259292537214815e-15
cosmx_bcc_spot_0000097407,-409912.7332653136,-43293.052931546175,0.009084278357626176
cosmx_bcc_spot_0000097408,-409832.4415986469,-43042.63626487953,2.2153000947952643e-06
cosmx_bcc_spot_0000097791,-409518.6292519766,-50641.70249084598,0.4246239286295111
cosmx_bcc_spot_0000097793,-409523.66258531,-49952.26915751264,4.980221710053032e-05
cosmx_bcc_spot_0000097794,-409605.01972816716,-49586.578681322164,0.4242366769357093
cosmx_bcc_spot_0000097795,-409412.56258530996,-49089.4358241793,0.48713214941646354
cosmx_bcc_spot_0000097796,-409488.057322152,-48823.54108733721,0.4935704058046811
cosmx_bcc_spot_0000097797,-409418.7779699254,-48514.281978025465,0.49019678715440207
cosmx_bcc_spot_0000097798,-409546.22508530994,-48093.623324179316,0.31407608926767916
cosmx_bcc_spot_0000097799,-409518.38985803723,-47736.981278724765,0.6943272440747821
cosmx_bcc_spot_0000097800,-409488.63626952044,-47361.90950838984,0.5174625460921535
cosmx_bcc_spot_0000097801,-409527.88480753213,-47041.82471306821,0.1981863562870049
cosmx_bcc_spot_0000097802,-409526.5629501589,-46660.067682424786,0.09056529586946453
cosmx_bcc_spot_0000097803,-409566.955487536,-46282.830709323986,0.5673312765453219
cosmx_bcc_spot_0000097804,-409556.80469388515,-45912.433883927144,0.6499751278135781
cosmx_bcc_spot_0000097805,-409556.52659864695,-45581.346264879525,0.845996983725098
cosmx_bcc_spot_0000097806,-409554.40659864695,-45213.62626487954,0.7592396875630523
cosmx_bcc_spot_0000097807,-409585.71659864706,-44864.08626487952,0.7038075476407883
cosmx_bcc_spot_0000097808,-409532.9415986469,-44469.01126487953,0.0835652960824781
cosmx_bcc_spot_0000097809,-409514.5665986469,-44122.608487101745,6.111860517074706e-08
cosmx_bcc_spot_0000097810,-409582.566598647,-43697.38626487951,0.00040881500502930134
cosmx_bcc_spot_0000097811,-409527.74841682875,-43366.56808306137,1.5841705798552533e-06
cosmx_bcc_spot_0000098195,-409106.39335454075,-50659.435824179316,0.5151600806657537
cosmx_bcc_spot_0000098196,-409161.05147419893,-50298.880268623754,0.057665485520831346
cosmx_bcc_spot_0000098199,-409139.82925197657,-49146.82471306821,0.37343389930846443
cosmx_bcc_spot_0000098200,-409176.5911567385,-48832.07868132217,0.1398111590774784
cosmx_bcc_spot_0000098201,-409187.08566223306,-48467.0512087947,0.49574683083226023
cosmx_bcc_spot_0000098202,-409143.82925197657,-48105.435824179316,0.6321079637157376
cosmx_bcc_spot_0000098203,-409141.80544245284,-47772.6501098936,0.4189587891210119
cosmx_bcc_spot_0000098204,-409221.24591864337,-47418.85249084598,0.2964597730937855
cosmx_bcc_spot_0000098205,-409226.25349440094,-46997.981278724765,3.798671801145116e-12
cosmx_bcc_spot_0000098206,-409200.16258531,-46723.26915751264,7.855199450362981e-09
cosmx_bcc_spot_0000098599,-408865.66258531,-50740.9358241793,0.7013206111286141
cosmx_bcc_spot_0000098601,-408683.66258531,-49882.10249084597,1.474005313264744e-15
cosmx_bcc_spot_0000098602,-408810.36258531007,-49535.63582417931,1.8156197674117874e-15
cosmx_bcc_spot_0000098603,-408790.53758530994,-49181.185824179316,0.38120585879716323
cosmx_bcc_spot_0000098604,-408746.5310063625,-48811.22529786353,0.7160320531588543
cosmx_bcc_spot_0000098605,-408770.057322152,-48469.277929442476,0.656728079022204
cosmx_bcc_spot_0000098606,-408751.9403630877,-48099.88026862376,0.39263683762938495
cosmx_bcc_spot_0000098607,-408728.16258531,-47756.51274725624,0.0016147910425549294
cosmx_bcc_spot_0000098608,-408730.7625853101,-47367.23582417931,1.87521684655239e-06
cosmx_bcc_spot_0000098609,-408773.41258531006,-47024.06082417931,1.9508064458156937e-15
cosmx_bcc_spot_0000099003,-408393.6070297545,-50578.21360195709,0.5032973054851413
cosmx_bcc_spot_0000099004,-408371.24591864337,-50271.35249084598,0.11512285023859331
cosmx_bcc_spot_0000099005,-408371.8548930023,-49884.12813187162,0.33960369974866694
cosmx_bcc_spot_0000099006,-408438.5472006946,-49557.0512087947,0.1441706662328439
cosmx_bcc_spot_0000099007,-408363.44829959574,-49141.86439560788,0.07603955224047569
cosmx_bcc_spot_0000099008,-408432.89942741516,-48813.12003470564,0.5103149439306023
cosmx_bcc_spot_0000099009,-408445.5625853099,-48487.185824179316,0.7047149839193139
cosmx_bcc_spot_0000099010,-408421.21814086544,-48149.88026862376,0.4827698871773792
cosmx_bcc_spot_0000099011,-408425.66258531,-47743.29296703646,0.013337723136331225
cosmx_bcc_spot_0000099012,-408398.4125853099,-47366.285824179315,0.5321845386611593
cosmx_bcc_spot_0000099013,-408422.30544245295,-47023.57868132217,0.5375813325092302
cosmx_bcc_spot_0000099014,-408441.28758531006,-46705.93582417931,0.10056693214422509
cosmx_bcc_spot_0000099407,-408091.9625853099,-50608.96915751265,0.5175519571004004
cosmx_bcc_spot_0000099408,-408066.98076712823,-50211.52673327022,0.33437597929650764
cosmx_bcc_spot_0000099409,-408088.7779699254,-49904.82043956393,0.6716193911531576
cosmx_bcc_spot_0000099410,-408065.39335454075,-49545.82043956393,0.2692474481790565
cosmx_bcc_spot_0000099411,-408062.41258531006,-49169.93582417931,1.984038679222344e-15
cosmx_bcc_spot_0000099412,-408065.3054424529,-48754.29296703645,7.902216056351914e-05
cosmx_bcc_spot_0000099413,-408107.8959186433,-48452.63582417931,0.20082795158874708
cosmx_bcc_spot_0000099414,-408039.9861147217,-48092.024059473435,0.13875634134986733
cosmx_bcc_spot_0000099415,-408054.71814086544,-47705.60249084598,0.3358947951526448
cosmx_bcc_spot_0000099416,-408041.2736964212,-47360.435824179316,0.5939606864366521
cosmx_bcc_spot_0000099417,-408060.9272911923,-47020.788765355785,0.6380701959286886
cosmx_bcc_spot_0000099418,-408078.16258531006,-46717.68582417931,0.35482440554459443
cosmx_bcc_spot_0000099811,-407628.59115673864,-50636.00725275074,1.0545699049900299e-09
cosmx_bcc_spot_0000099812,-407694.84679583623,-50247.80424523195,0.39020446317067276
cosmx_bcc_spot_0000099813,-407710.8959186433,-49913.23582417932,0.6894260239538776
cosmx_bcc_spot_0000099814,-407709.1625853099,-49529.751613653,0.6746138091823891
cosmx_bcc_spot_0000099815,-407633.3292519767,-49287.60249084597,0.5220353149833364
cosmx_bcc_spot_0000099816,-407607.44829959574,-48789.578681322164,1.8985542598734e-15
cosmx_bcc_spot_0000099817,-407654.24591864337,-48461.269157512645,0.0168250356491295
cosmx_bcc_spot_0000099818,-407663.36258530995,-48061.10249084598,0.6522104466583261
cosmx_bcc_spot_0000099819,-407697.4438353102,-47742.560824179316,0.7079879647403672
cosmx_bcc_spot_0000099820,-407684.86628901376,-47393.50989825339,0.6128289176455287
cosmx_bcc_spot_0000099821,-407644.36258530995,-47026.435824179316,0.4497248385425714
cosmx_bcc_spot_0000099822,-407634.66258531,-46702.4358241793,0.024948171462346364
cosmx_bcc_spot_0000100215,-407306.3054424529,-50701.29296703645,1.5929906710782127e-08
cosmx_bcc_spot_0000100216,-407320.93181607925,-50267.58967033316,0.17543087391942602
cosmx_bcc_spot_0000100217,-407369.4482995957,-49925.221538465026,0.6567601113093291
cosmx_bcc_spot_0000100218,-407358.8292519766,-49522.83582417932,0.7006716704478588
cosmx_bcc_spot_0000100219,-407349.2340138814,-49213.6501098936,0.20512131878399695
cosmx_bcc_spot_0000100220,-407248.8292519767,-48808.9358241793,4.9211810659175746e-14
cosmx_bcc_spot_0000100221,-407334.8959186433,-48465.435824179316,0.4448601848682097
cosmx_bcc_spot_0000100222,-407362.38480753213,-48074.546935290426,0.5594612399800875
cosmx_bcc_spot_0000100223,-407351.16258531,-47726.685824179316,0.671080456703779
cosmx_bcc_spot_0000100224,-407330.35489300237,-47373.243516487004,0.6474906846897143
cosmx_bcc_spot_0000100225,-407348.088511236,-47042.065453808944,0.6925258831737993
cosmx_bcc_spot_0000100226,-407344.3292519767,-46665.10249084597,0.25109937298075585
cosmx_bcc_spot_0000100619,-406950.05147419893,-50630.99137973486,1.8166472489535972e-09
cosmx_bcc_spot_0000100620,-406937.82925197657,-50267.65804640154,0.5262309903094846
cosmx_bcc_spot_0000100621,-406932.0514741988,-49919.2136019571,0.12613919005503682
cosmx_bcc_spot_0000100622,-407067.41258531,-49562.10249084598,0.12073089744969807
cosmx_bcc_spot_0000100623,-406985.47508530994,-49201.435824179316,0.03590986659462274
cosmx_bcc_spot_0000100624,-406936.7625853099,-48822.83582417932,0.422821900141811
cosmx_bcc_spot_0000100625,-406944.0449382511,-48492.024059473435,0.6490747873392351
cosmx_bcc_spot_0000100626,-406961.62412377156,-48124.0512087947,0.26983717617701414
cosmx_bcc_spot_0000100627,-406975.5197281671,-47737.6501098936,0.5555285416861845
cosmx_bcc_spot_0000100628,-406996.62091864337,-47359.394157512645,0.6873688167164836
cosmx_bcc_spot_0000100629,-406975.3349991032,-47010.918582800005,0.8103581855729682
cosmx_bcc_spot_0000100630,-406959.34440349176,-46674.7540059975,0.8204108148082321
cosmx_bcc_spot_0000101023,-406621.62091864337,-50616.85249084598,0.4248774690351245
cosmx_bcc_spot_0000101024,-406652.28758531,-50303.894157512645,0.5245502411760173
cosmx_bcc_spot_0000101025,-406626.08566223306,-49851.20505494854,0.19345910665584418
cosmx_bcc_spot_0000101026,-406567.9861147217,-49570.08288300285,0.10428548652632132
cosmx_bcc_spot_0000101027,-406598.4403630877,-49208.935824179316,0.4777582750090276
cosmx_bcc_spot_0000101028,-406629.6889010994,-48789.48845575826,0.503473302517963
cosmx_bcc_spot_0000101029,-406624.8582374839,-48461.261911135836,0.6659049844139124
cosmx_bcc_spot_0000101030,-406621.41258531,-48105.519157512645,0.568544470403395
cosmx_bcc_spot_0000101031,-406622.4353125827,-47730.07218781568,0.7037119209955812
cosmx_bcc_spot_0000101032,-406649.37687102426,-47317.507252750744,0.5988896995553435
cosmx_bcc_spot_0000101033,-406614.93677885854,-46988.53259837286,0.938565578891742
cosmx_bcc_spot_0000101034,-406611.68258531,-46679.755824179316,0.9872302261070275
cosmx_bcc_spot_0000101427,-406314.43531258276,-50656.61764236113,1.809213050584273e-15
cosmx_bcc_spot_0000101429,-406338.9625853101,-49822.43582417931,0.6746291579700812
cosmx_bcc_spot_0000101430,-406324.5197281671,-49466.07868132217,0.7995954998003145
cosmx_bcc_spot_0000101431,-406365.5625853101,-49267.63582417931,0.8364727390764667
cosmx_bcc_spot_0000101432,-406350.66258531,-48827.9358241793,0.0957295529122256
cosmx_bcc_spot_0000101433,-406268.75082060404,-48422.96523594402,0.7285278826663927
cosmx_bcc_spot_0000101434,-406267.3292519767,-48128.60249084598,0.9740591607344629
cosmx_bcc_spot_0000101435,-406261.7415326783,-47715.856876810896,0.8973245022626992
cosmx_bcc_spot_0000101436,-406244.7080398555,-47497.61764236113,0.8868776400996405
cosmx_bcc_spot_0000101437,-406297.49591864325,-46972.935824179316,0.9525984073176765
cosmx_bcc_spot_0000101438,-406264.56258531014,-46689.90249084598,0.9654006772047301
cosmx_bcc_spot_0000101493,-406233.855546549,-26794.08724906147,0.3826961726189828
cosmx_bcc_spot_0000101500,-406159.6888798824,-24055.25391572813,1.8509654321101298e-15
cosmx_bcc_spot_0000101501,-406199.67907596077,-23814.68528827716,1.552713812556327e-15
cosmx_bcc_spot_0000101502,-406170.62477731827,-23492.30519777942,1.6798659070925454e-15
cosmx_bcc_spot_0000101503,-406190.255546549,-23174.520582394798,1.988050385517319e-15
cosmx_bcc_spot_0000101504,-406194.655546549,-22795.520582394798,0.0035639708142441028
cosmx_bcc_spot_0000101841,-405986.01972816716,-46933.00725275074,0.33939021384716567
cosmx_bcc_spot_0000101842,-406015.16258531006,-46660.578681322164,0.7945912820983928
cosmx_bcc_spot_0000101897,-405863.480546549,-26755.045582394807,0.1442086200600204
cosmx_bcc_spot_0000101904,-405857.5222132157,-24144.9205823948,8.356914165822115e-07
cosmx_bcc_spot_0000101905,-405886.55119872297,-23836.529278046983,1.4927050104187712e-15
cosmx_bcc_spot_0000101906,-405886.07776877127,-23478.29095276518,1.765421826238165e-15
cosmx_bcc_spot_0000101907,-405906.905546549,-23117.670582394807,2.7017712006619546e-05
cosmx_bcc_spot_0000101908,-405891.4111021046,-22801.031693505913,0.09050137399632549
cosmx_bcc_spot_0000102301,-405618.855546549,-26724.5205823948,0.09035102536204594
cosmx_bcc_spot_0000102307,-405425.4111021046,-24560.80947128369,0.5382051560490372
cosmx_bcc_spot_0000102308,-405505.4388798824,-24169.670582394803,0.3174787536465209
cosmx_bcc_spot_0000102309,-405559.8555465491,-23827.920582394807,0.038511755539306254
cosmx_bcc_spot_0000102310,-405548.7502833911,-23438.44689818428,1.6844756786760505e-15
cosmx_bcc_spot_0000102311,-405551.54785424133,-23136.920582394807,0.022443728293668936
cosmx_bcc_spot_0000102312,-405528.0222132157,-22838.75391572813,0.02426281944378623
cosmx_bcc_spot_0000102705,-405146.05554654903,-26737.920582394803,1.757938373749895e-15
cosmx_bcc_spot_0000102706,-405156.0777687712,-26371.14280461703,0.5637447639492401
cosmx_bcc_spot_0000102710,-405173.480546549,-24848.5455823948,0.3958695862342066
cosmx_bcc_spot_0000102711,-405154.355546549,-24555.5455823948,0.43292489982063115
cosmx_bcc_spot_0000102712,-405205.605546549,-24204.33724906147,0.459197993155019
cosmx_bcc_spot_0000102713,-405218.855546549,-23812.187249061473,0.8344432227250473
cosmx_bcc_spot_0000102714,-405162.855546549,-23496.61289008712,0.6758508430628867
cosmx_bcc_spot_0000102715,-405134.655546549,-23102.88058239481,0.4470795756369152
cosmx_bcc_spot_0000102716,-405125.855546549,-22821.4205823948,0.0696421620226849
cosmx_bcc_spot_0000103109,-404746.605546549,-26737.295582394807,1.6678340654263675e-15
cosmx_bcc_spot_0000103110,-404823.76463745814,-26404.284218758447,0.2023043931282128
cosmx_bcc_spot_0000103113,-404777.05554654903,-25270.620582394804,0.365810678671439
cosmx_bcc_spot_0000103114,-404754.5222132157,-24881.587249061467,0.47034687483621423
cosmx_bcc_spot_0000103115,-404794.3170850106,-24541.689813164037,0.49233070083876945
cosmx_bcc_spot_0000103116,-404774.855546549,-24175.61289008711,0.6131001733005335
cosmx_bcc_spot_0000103117,-404782.26463745814,-23806.8296733039,0.8332400994822314
cosmx_bcc_spot_0000103118,-404798.5077204621,-23475.65971282959,0.9096349527935883
cosmx_bcc_spot_0000103119,-404788.37728567945,-23103.13797369916,0.8835640277324639
cosmx_bcc_spot_0000103120,-404754.855546549,-22824.420582394807,0.8768938913857177
cosmx_bcc_spot_0000103513,-404493.9888798824,-26751.187249061477,0.4905307118979527
cosmx_bcc_spot_0000103516,-404319.7126894062,-25610.34915382337,0.5951459766134503
cosmx_bcc_spot_0000103517,-404409.4111021046,-25273.365026839245,0.6248096173752171
cosmx_bcc_spot_0000103518,-404441.7841179776,-24907.563439537662,0.6268988144286889
cosmx_bcc_spot_0000103519,-404422.67907596077,-24564.09705298304,0.5119086702700226
cosmx_bcc_spot_0000103520,-404419.64126083476,-24189.134868109093,0.13964690367854107
cosmx_bcc_spot_0000103521,-404429.7444354379,-23842.920582394807,0.6586480850163635
cosmx_bcc_spot_0000103522,-404453.355546549,-23453.337249061475,0.8984309577697912
cosmx_bcc_spot_0000103523,-404438.3940080875,-23094.92058239481,0.8888185957251318
cosmx_bcc_spot_0000103524,-404443.0908406667,-22820.920582394807,0.6883556912680348
cosmx_bcc_spot_0000103917,-404069.1888798824,-26757.420582394803,0.15439607058058283
cosmx_bcc_spot_0000103918,-403991.5222132157,-26370.420582394803,0.9722327226352565
cosmx_bcc_spot_0000103919,-404064.2444354379,-26032.365026839252,0.8690861084252106
cosmx_bcc_spot_0000103920,-404085.1888798824,-25625.682487156715,0.6200069719576775
cosmx_bcc_spot_0000103921,-404049.7444354379,-25291.087249061475,0.511937529177052
cosmx_bcc_spot_0000103922,-404032.64502023323,-24922.341635026387,0.8175851960392123
cosmx_bcc_spot_0000103923,-404048.5923886543,-24574.710056079017,0.6826935738774427
cosmx_bcc_spot_0000103924,-404051.4010010945,-24194.46603694026,0.5902135786155979
cosmx_bcc_spot_0000103925,-404080.3261347843,-23826.802935335985,0.8775865661107871
cosmx_bcc_spot_0000103926,-404087.975546549,-23480.16058239481,0.9262143485852287
cosmx_bcc_spot_0000103927,-404070.535546549,-23129.40058239481,0.8444434642982386
cosmx_bcc_spot_0000103928,-404063.980546549,-22818.0455823948,0.1311903478603618
cosmx_bcc_spot_0000104321,-403685.0828192763,-26689.966036940263,0.8731724041844592
cosmx_bcc_spot_0000104322,-403735.82697512046,-26375.634868109097,0.9657027191086673
cosmx_bcc_spot_0000104323,-403729.0134412859,-25987.131108710597,0.9419798240027191
cosmx_bcc_spot_0000104324,-403737.230546549,-25664.295582394807,0.7314231703456785
cosmx_bcc_spot_0000104325,-403707.9507846443,-25281.730106204333,0.5076423710565566
cosmx_bcc_spot_0000104326,-403704.6381552447,-24906.13797369916,0.6939803682904349
cosmx_bcc_spot_0000104327,-403724.855546549,-24522.420582394807,0.7776999549523819
cosmx_bcc_spot_0000104328,-403674.5222132157,-24199.47613795036,0.8819098010954878
cosmx_bcc_spot_0000104329,-403722.42697512044,-23835.599153823383,0.8810478572936872
cosmx_bcc_spot_0000104330,-403731.99191018543,-23506.647855122083,0.8248772385078289
cosmx_bcc_spot_0000104331,-403704.5222132157,-23128.253915728143,0.3251889481877953
cosmx_bcc_spot_0000104332,-403718.980546549,-22842.1705823948,0.011196329306086491
cosmx_bcc_spot_0000104725,-403349.4010010945,-26735.3296733039,0.9117087057582335
cosmx_bcc_spot_0000104726,-403330.29999099346,-26388.365026839256,0.8792107241354974
cosmx_bcc_spot_0000104727,-403339.793046549,-26024.170582394807,0.9791677354432594
cosmx_bcc_spot_0000104728,-403349.855546549,-25630.693309667535,0.2449268542709525
cosmx_bcc_spot_0000104729,-403362.67372836726,-25316.693309667535,0.03363294237439993
cosmx_bcc_spot_0000104730,-403385.355546549,-24922.170582394803,0.01149811743571393
cosmx_bcc_spot_0000104731,-403352.855546549,-24574.604792921124,0.24862053876364243
cosmx_bcc_spot_0000104732,-403351.9731936078,-24221.3911706301,0.28117628914166615
cosmx_bcc_spot_0000104733,-403348.68887988233,-23849.753915728143,0.10448072495192016
cosmx_bcc_spot_0000104734,-403339.955546549,-23527.120582394804,0.027733018491747044
cosmx_bcc_spot_0000104735,-403374.355546549,-23142.753915728143,1.06184636588102e-12
cosmx_bcc_spot_0000104736,-403355.7126894062,-22814.634868109082,6.140819961895337e-05
cosmx_bcc_spot_0000105128,-402985.455546549,-26938.720582394802,0.8962643534241661
cosmx_bcc_spot_0000105129,-403009.94645563996,-26745.193309667535,0.9566418625052123
cosmx_bcc_spot_0000105130,-402988.30554654903,-26373.07058239481,0.9168182737918648
cosmx_bcc_spot_0000105131,-402957.2722132157,-26008.42058239481,0.912435740633901
cosmx_bcc_spot_0000105132,-402985.605546549,-25628.587249061475,0.8631291322444311
cosmx_bcc_spot_0000105133,-402958.94645563996,-25301.05694603117,0.6296360629421361
cosmx_bcc_spot_0000105134,-402988.355546549,-24891.087249061475,0.00012244673843983024
cosmx_bcc_spot_0000105135,-402977.43449391745,-24582.552161342177,0.004228537568587893
cosmx_bcc_spot_0000105136,-403034.42697512044,-24177.77772525194,0.02020040413028015
cosmx_bcc_spot_0000105137,-402962.54785424133,-23768.99750547173,0.4161745482074195
cosmx_bcc_spot_0000105138,-402942.355546549,-23457.92058239481,0.6976579717366806
cosmx_bcc_spot_0000105139,-402917.04602273955,-23152.82534429957,0.6836462679752535
cosmx_bcc_spot_0000105140,-402995.21918291267,-22808.920582394803,0.0022410706950067236
cosmx_bcc_spot_0000105532,-402604.855546549,-26926.492010966234,0.9195697434263
cosmx_bcc_spot_0000105533,-402642.80792750145,-26709.492010966238,0.8749697951521174
cosmx_bcc_spot_0000105534,-402644.0341179776,-26364.992010966238,0.8680959805294742
cosmx_bcc_spot_0000105535,-402653.105546549,-26017.83724906147,0.8866947885606052
cosmx_bcc_spot_0000105536,-402620.405546549,-25626.670582394807,0.9313211226673637
cosmx_bcc_spot_0000105537,-402613.735546549,-25295.00058239481,0.8650387827727372
cosmx_bcc_spot_0000105538,-402615.480546549,-24898.670582394807,0.24350206144251077
cosmx_bcc_spot_0000105539,-402647.605546549,-24537.733082394807,5.97597451311581e-12
cosmx_bcc_spot_0000105540,-402592.855546549,-24153.670582394803,0.0663144044510745
cosmx_bcc_spot_0000105541,-402638.7251117664,-23794.094495438287,0.6013608039913925
cosmx_bcc_spot_0000105542,-402635.2797889733,-23489.10240057663,0.8454096388981408
cosmx_bcc_spot_0000105543,-402632.061428902,-23100.861758865398,0.7972107109345004
cosmx_bcc_spot_0000105544,-402565.0222132157,-22827.75391572813,0.07132900546698732
cosmx_bcc_spot_0000105936,-402292.05554654903,-26936.5205823948,0.803233100191711
cosmx_bcc_spot_0000105937,-402265.855546549,-26730.36885825688,0.8759922367196444
cosmx_bcc_spot_0000105938,-402252.561428902,-26386.097052983045,0.876298818052781
cosmx_bcc_spot_0000105939,-402262.755546549,-25979.02058239481,0.8293237824156031
cosmx_bcc_spot_0000105940,-402264.33173702523,-25630.396772870998,0.8729280526160085
cosmx_bcc_spot_0000105941,-402239.94645563996,-25291.92058239481,0.9508924271506061
cosmx_bcc_spot_0000105942,-402277.22396760166,-24943.44689818428,0.369443875759048
cosmx_bcc_spot_0000105943,-402271.73789949017,-24553.038229453632,1.7583003558437232e-10
cosmx_bcc_spot_0000105944,-402242.7444354379,-24171.809471283697,2.4571419138988794e-11
cosmx_bcc_spot_0000105945,-402256.6333243268,-23857.142804617022,0.05226748962762481
cosmx_bcc_spot_0000105946,-402311.7841179776,-23432.992010966234,0.39577896037404997
cosmx_bcc_spot_0000105947,-402267.230546549,-23120.983082394807,0.2926464476217791
cosmx_bcc_spot_0000105948,-402291.105546549,-22860.1705823948,1.6453504569567356e-10
cosmx_bcc_spot_0000106336,-401928.55808304367,-28496.00489451418,3.592933604340286e-05
cosmx_bcc_spot_0000106337,-401903.8358608216,-28181.227116736398,0.4855829488831088
cosmx_bcc_spot_0000106338,-401881.5164163771,-27807.1160056253,0.7443632155278832
cosmx_bcc_spot_0000106339,-401891.36510058766,-27420.64232141476,0.1334051107591393
cosmx_bcc_spot_0000106340,-401888.8289163771,-27089.17850562529,0.5340953636782463
cosmx_bcc_spot_0000106341,-401877.45141637704,-26727.9560056253,0.8632218308390606
cosmx_bcc_spot_0000106342,-401869.6830830437,-26352.907672291967,0.9203442112113892
cosmx_bcc_spot_0000106343,-401881.049311114,-26027.852847730555,0.9465834781160057
cosmx_bcc_spot_0000106344,-401864.0247497104,-25630.316005625293,0.9580863453453551
cosmx_bcc_spot_0000106345,-401910.94697193266,-25260.89378340307,0.8261353072089703
cosmx_bcc_spot_0000106346,-401871.8144933001,-24964.73139024068,0.6694942787739119
cosmx_bcc_spot_0000106347,-401890.0732345588,-24643.57055107984,0.0015864265771813714
cosmx_bcc_spot_0000106740,-401580.891416377,-28569.91600562529,1.217984004330431e-13
cosmx_bcc_spot_0000106741,-401533.98232546804,-28184.434187443476,0.36386353878086086
cosmx_bcc_spot_0000106742,-401558.073234559,-27801.297823807112,0.7208781386830186
cosmx_bcc_spot_0000106743,-401537.1771306627,-27459.973148482448,0.056293441335666154
cosmx_bcc_spot_0000106744,-401520.2988237844,-27078.819709329007,0.09874174428810409
cosmx_bcc_spot_0000106745,-401537.7888522743,-26719.116005625317,0.910330537800467
cosmx_bcc_spot_0000106746,-401537.06214808417,-26345.042834893608,0.8938615194891844
cosmx_bcc_spot_0000106747,-401512.39141637704,-26017.923697932994,0.9540500028135163
cosmx_bcc_spot_0000106748,-401532.8289163771,-25637.428505625292,0.9276287237304267
cosmx_bcc_spot_0000106749,-401515.1606471463,-25275.231390240686,0.9593687380770761
cosmx_bcc_spot_0000106750,-401531.8914163771,-24910.811657799204,0.8284609753750609
cosmx_bcc_spot_0000106751,-401523.80808304367,-24630.366005625296,0.010471663412306974
cosmx_bcc_spot_0000107144,-401146.41315550753,-28577.376875190515,0.32767151819013823
cosmx_bcc_spot_0000107145,-401172.39141637716,-28187.116005625296,0.45083070146203935
cosmx_bcc_spot_0000107146,-401179.2139970221,-27791.27729594789,0.10201033976253313
cosmx_bcc_spot_0000107147,-401150.85295483854,-27483.154467163764,0.028376873470768123
cosmx_bcc_spot_0000107148,-401196.8914163771,-27074.1160056253,0.031606634180235835
cosmx_bcc_spot_0000107149,-401177.29141637706,-26708.5560056253,0.8383893194529715
cosmx_bcc_spot_0000107150,-401193.04141637683,-26370.141005625315,0.9391202703850163
cosmx_bcc_spot_0000107151,-401183.66560992535,-26017.664392722083,0.9715729656149691
cosmx_bcc_spot_0000107152,-401143.31998780573,-25636.16362467291,0.9467632032482826
cosmx_bcc_spot_0000107153,-401185.24855923414,-25269.044577053875,0.9586009091684419
cosmx_bcc_spot_0000107154,-401191.74141637713,-24926.76600562529,0.4394547186825924
cosmx_bcc_spot_0000107155,-401123.8358608216,-24611.7271167364,0.572369002785662
cosmx_bcc_spot_0000107548,-400836.3914163771,-28589.61600562529,0.1619748225540476
cosmx_bcc_spot_0000107549,-400881.391416377,-28117.61600562529,0.05117547648254607
cosmx_bcc_spot_0000107550,-400815.5997497104,-27816.532672291967,0.06212654029049557
cosmx_bcc_spot_0000107551,-400796.76238411886,-27442.890199173697,0.05825538977685377
cosmx_bcc_spot_0000107552,-400822.29141637695,-27120.31600562529,1.6373898578217156e-15
cosmx_bcc_spot_0000107553,-400828.3620046124,-26729.351299742935,0.20901209807754878
cosmx_bcc_spot_0000107554,-400819.6726663769,-26385.67850562531,0.7955999956460004
cosmx_bcc_spot_0000107555,-400808.1808900611,-25985.273900362157,0.919341531189126
cosmx_bcc_spot_0000107556,-400791.2707267218,-25649.32290217703,0.9144462207421455
cosmx_bcc_spot_0000107557,-400805.4398034737,-25317.890199173697,0.923350829968764
cosmx_bcc_spot_0000107558,-400810.08372406935,-24885.69292870222,0.46595889975498567
cosmx_bcc_spot_0000107559,-400832.1414163771,-24629.28267229196,0.9364979034220727
cosmx_bcc_spot_0000107952,-400468.3199878056,-28514.04457705386,0.1042169860959303
cosmx_bcc_spot_0000107953,-400461.50011202926,-28193.72470127747,0.5369336928134629
cosmx_bcc_spot_0000107954,-400441.24141637713,-27835.116005625292,0.023275981335968837
cosmx_bcc_spot_0000107955,-400417.73757022317,-27453.11600562529,1.711542304271902e-15
cosmx_bcc_spot_0000107956,-400461.60570209136,-27099.687434196716,0.02283588215798194
cosmx_bcc_spot_0000107957,-400488.8199878056,-26687.830291339575,0.03645693287006903
cosmx_bcc_spot_0000107958,-400465.891416377,-26350.388732898016,0.2206351867607939
cosmx_bcc_spot_0000107959,-400472.74855923414,-25970.794577053875,0.8124797027392868
cosmx_bcc_spot_0000107960,-400475.3247497103,-25677.41600562531,0.8392515978673762
cosmx_bcc_spot_0000107961,-400523.55808304367,-25340.866005625296,0.8344413249197893
cosmx_bcc_spot_0000107962,-400454.5247497103,-24889.849338958637,0.7749401588336996
cosmx_bcc_spot_0000107963,-400451.6606471463,-24663.03908254837,0.7959749882009047
cosmx_bcc_spot_0000108356,-400107.3199878056,-28537.54457705386,0.19951376550623273
cosmx_bcc_spot_0000108357,-400064.3779028634,-28177.088978598287,0.5767737293670737
cosmx_bcc_spot_0000108358,-400101.24141637713,-27835.01600562529,0.26445914731225567
cosmx_bcc_spot_0000108359,-400053.09141637705,-27478.11600562529,0.038804400673897906
cosmx_bcc_spot_0000108360,-400082.44697193266,-27090.060450069734,8.420431619161433e-09
cosmx_bcc_spot_0000108361,-400071.2485592342,-26710.11600562529,0.023252150753082106
cosmx_bcc_spot_0000108362,-400103.61363859934,-26348.616005625292,7.57068498068281e-08
cosmx_bcc_spot_0000108363,-400059.29141637695,-26022.116005625296,0.05925865092911766
cosmx_bcc_spot_0000108364,-400075.391416377,-25612.7410056253,0.07775007631865313
cosmx_bcc_spot_0000108365,-400116.1545742719,-25294.74758457266,0.019587776671444512
cosmx_bcc_spot_0000108366,-400107.25505274074,-24895.52509653438,0.8363706012770218
cosmx_bcc_spot_0000108367,-400107.00906343595,-24637.70424091941,0.9446938751001036
cosmx_bcc_spot_0000108760,-399730.19141637697,-28497.182672291976,0.6992807577676468
cosmx_bcc_spot_0000108761,-399745.103537589,-28179.782672291978,0.8972729756519429
cosmx_bcc_spot_0000108762,-399725.3052094804,-27808.391867694274,0.7804542257611417
cosmx_bcc_spot_0000108763,-399703.391416377,-27478.580291339593,0.5223267687692427
cosmx_bcc_spot_0000108764,-399720.6057020915,-27109.496958006246,0.05408584964619549
cosmx_bcc_spot_0000108765,-399696.8358608216,-26718.83822784751,0.7150875594034908
cosmx_bcc_spot_0000108766,-399683.80318108277,-26383.645417390017,0.8676955783269678
cosmx_bcc_spot_0000108767,-399684.17141637707,-26009.8360056253,0.7359827119897288
cosmx_bcc_spot_0000108768,-399711.2842735198,-25632.223148482448,0.7900999025551707
cosmx_bcc_spot_0000108769,-399709.8914163771,-25323.849338958626,0.7064632661490637
cosmx_bcc_spot_0000108770,-399738.94141637714,-24874.16600562529,0.8011893846260196
cosmx_bcc_spot_0000108771,-399697.5164163771,-24622.741005625292,0.9660830012705262
cosmx_bcc_spot_0000109164,-399353.28166027926,-28510.311127576533,0.7804013123433798
cosmx_bcc_spot_0000109165,-399338.39141637704,-28188.616005625303,0.833332783279896
cosmx_bcc_spot_0000109166,-399368.3714163771,-27818.8760056253,0.8795753302849516
cosmx_bcc_spot_0000109167,-399346.78615321923,-27481.747584572655,0.9255587347462814
cosmx_bcc_spot_0000109168,-399359.03427351994,-27089.258862768147,0.3704777431054571
cosmx_bcc_spot_0000109169,-399376.5247497103,-26715.949338958642,0.8170870936701664
cosmx_bcc_spot_0000109170,-399368.89141637686,-26394.544577053883,0.9141691458526964
cosmx_bcc_spot_0000109171,-399373.9298779155,-26004.654467163764,0.9018005430378238
cosmx_bcc_spot_0000109172,-399386.03427352,-25637.73505324434,0.7832574278267803
cosmx_bcc_spot_0000109173,-399385.0277800135,-25306.797823807112,0.7288352267060284
cosmx_bcc_spot_0000109174,-399368.0732345588,-24930.66146017075,0.12147481037637914
cosmx_bcc_spot_0000109175,-399359.79141637695,-24622.916005625295,0.08362951865197882
cosmx_bcc_spot_0000109568,-399010.0542070745,-28531.46484283462,0.8631193850737096
cosmx_bcc_spot_0000109569,-399013.79141637695,-28190.149338958643,0.9545938395629624
cosmx_bcc_spot_0000109570,-398986.3124690087,-27829.64232141476,0.9490922173513119
cosmx_bcc_spot_0000109571,-399022.2664163771,-27444.57433895863,0.9883812311315445
cosmx_bcc_spot_0000109572,-398990.61363859934,-27112.727116736398,0.6530985102690828
cosmx_bcc_spot_0000109573,-399006.3914163771,-26684.94933895863,0.9127633330271079
cosmx_bcc_spot_0000109574,-399006.33259284747,-26382.26306444884,0.9045928420500795
cosmx_bcc_spot_0000109575,-399016.4840089696,-25992.19007969938,0.8038824880494329
cosmx_bcc_spot_0000109576,-399035.71750333364,-25644.376875190515,0.8555841399364895
cosmx_bcc_spot_0000109577,-399008.7039163771,-25304.366005625292,0.5607210294099302
cosmx_bcc_spot_0000109578,-398981.1221856078,-24915.50062100991,1.6212026283339811e-15
cosmx_bcc_spot_0000109579,-399029.80808304367,-24637.866005625296,0.004136698178152837
cosmx_bcc_spot_0000109972,-398647.39141637686,-28535.17156118087,0.7803335226964326
cosmx_bcc_spot_0000109973,-398633.3762648618,-28182.752369261674,0.9786662075937875
cosmx_bcc_spot_0000109974,-398643.8114163771,-27811.4760056253,0.9578816492308879
cosmx_bcc_spot_0000109975,-398629.4177321666,-27457.9054793095,0.9333630867184168
cosmx_bcc_spot_0000109976,-398675.0414163772,-27092.66600562529,0.9202794253127984
cosmx_bcc_spot_0000109977,-398642.12951161526,-26706.116005625292,0.9438559683632531
cosmx_bcc_spot_0000109978,-398648.84793811623,-26388.89861432095,0.9945187996679841
cosmx_bcc_spot_0000109979,-398646.28030526603,-26013.7271167364,0.6646594470108497
cosmx_bcc_spot_0000109980,-398614.303181083,-25684.821887978233,0.3604811403719773
cosmx_bcc_spot_0000109981,-398673.8199878056,-25278.116005625292,0.020832067197207444
cosmx_bcc_spot_0000109982,-398675.05808304367,-24935.44933895863,1.7672946761315538e-15
cosmx_bcc_spot_0000109983,-398599.091416377,-24586.3160056253,1.8072093211385544e-15
cosmx_bcc_spot_0000110376,-398281.7803052659,-28526.19007969938,0.46415407025098904
cosmx_bcc_spot_0000110377,-398292.7022271877,-28189.33222184153,0.9764308533905444
cosmx_bcc_spot_0000110378,-398256.1282584821,-27819.273900362154,0.9579182902696073
cosmx_bcc_spot_0000110379,-398272.75505274074,-27454.434187443476,0.9124022595317891
cosmx_bcc_spot_0000110380,-398322.5068009924,-27088.500621009905,0.792582920149351
cosmx_bcc_spot_0000110381,-398294.61363859934,-26705.11600562529,0.8422209631934958
cosmx_bcc_spot_0000110382,-398279.5435902901,-26321.76817953834,0.9669551780578408
cosmx_bcc_spot_0000110383,-398269.0678869651,-25996.0571820959,0.9501543638199694
cosmx_bcc_spot_0000110384,-398307.21141637705,-25666.276005625303,0.949398739952661
cosmx_bcc_spot_0000110385,-398322.091416377,-25287.9160056253,6.771217999305532e-12
cosmx_bcc_spot_0000110386,-398320.78030526586,-24899.893783403077,1.7237817730661332e-15
cosmx_bcc_spot_0000110387,-398330.29141637695,-24624.716005625298,7.891137457456623e-15
cosmx_bcc_spot_0000110781,-398054.641416377,-28149.991005625292,0.8419227514737407
cosmx_bcc_spot_0000110782,-398021.1991086847,-27840.346774856058,0.9594123133738347
cosmx_bcc_spot_0000110783,-398003.5580830437,-27447.382672291955,0.8211844229873457
cosmx_bcc_spot_0000110784,-397958.6771306628,-27109.330291339575,0.5750271652187375
cosmx_bcc_spot_0000110785,-397948.44697193254,-26722.449338958624,0.5429928267158601
cosmx_bcc_spot_0000110786,-398011.891416377,-26377.934187443472,0.936832959594763
cosmx_bcc_spot_0000110787,-398055.891416377,-26020.671561180854,0.9863860633901128
