spot,condition,Cancer.cells,Fibroblast,MoMacDC
cosmx_bcc_xdonor_spot_0000000012,Baseline,1.0,0.0,0.0
cosmx_bcc_xdonor_spot_0000000013,Baseline,1.0,0.0,0.0
cosmx_bcc_xdonor_spot_0000000014,Baseline,1.0,0.0,0.0
cosmx_bcc_xdonor_spot_0000000015,Baseline,0.9333333333333332,0.0666666666666666,0.0
cosmx_bcc_xdonor_spot_0000000016,Baseline,1.0,0.0,0.0
cosmx_bcc_xdonor_spot_0000000017,Baseline,1.0,0.0,0.0
cosmx_bcc_xdonor_spot_0000000018,Baseline,0.96,0.04,0.0
cosmx_bcc_xdonor_spot_0000000020,Baseline,1.0,0.0,0.0
cosmx_bcc_xdonor_spot_0000000021,Baseline,1.0,0.0,0.0
cosmx_bcc_xdonor_spot_0000000022,Baseline,1.0,0.0,0.0
cosmx_bcc_xdonor_spot_0000000023,Baseline,1.0,0.0,0.0
cosmx_bcc_xdonor_spot_0000000311,Baseline,1.0,0.0,0.0
cosmx_bcc_xdonor_spot_0000000312,Baseline,0.9444444444444444,0.0,0.0
cosmx_bcc_xdonor_spot_0000000313,Baseline,0.9,0.1,0.0
cosmx_bcc_xdonor_spot_0000000314,Baseline,1.0,0.0,0.0
cosmx_bcc_xdonor_spot_0000000315,Baseline,1.0,0.0,0.0
cosmx_bcc_xdonor_spot_0000000316,Baseline,1.0,0.0,0.0
cosmx_bcc_xdonor_spot_0000000317,Baseline,1.0,0.0,0.0
cosmx_bcc_xdonor_spot_0000000318,Baseline,1.0,0.0,0.0
cosmx_bcc_xdonor_spot_0000000319,Baseline,1.0,0.0,0.0
cosmx_bcc_xdonor_spot_0000000320,Baseline,1.0,0.0,0.0
cosmx_bcc_xdonor_spot_0000000321,Baseline,1.0,0.0,0.0
cosmx_bcc_xdonor_spot_0000000322,Baseline,0.9583333333333334,0.0416666666666666,0.0
cosmx_bcc_xdonor_spot_0000000610,Baseline,0.9375,0.0,0.0
cosmx_bcc_xdonor_spot_0000000611,Baseline,0.95,0.05,0.0
cosmx_bcc_xdonor_spot_0000000612,Baseline,1.0,0.0,0.0
cosmx_bcc_xdonor_spot_0000000613,Baseline,1.0,0.0,0.0
cosmx_bcc_xdonor_spot_0000000614,Baseline,1.0,0.0,0.0
cosmx_bcc_xdonor_spot_0000000615,Baseline,1.0,0.0,0.0
cosmx_bcc_xdonor_spot_0000000616,Baseline,1.0,0.0,0.0
cosmx_bcc_xdonor_spot_0000000617,Baseline,1.0,0.0,0.0
cosmx_bcc_xdonor_spot_0000000618,Baseline,1.0,0.0,0.0
cosmx_bcc_xdonor_spot_0000000619,Baseline,1.0,0.0,0.0
cosmx_bcc_xdonor_spot_0000000620,Baseline,1.0,0.0,0.0
cosmx_bcc_xdonor_spot_0000000621,Baseline,0.8181818181818182,0.0,0.0909090909090909
cosmx_bcc_xdonor_spot_0000000909,Baseline,1.0,0.0,0.0
cosmx_bcc_xdonor_spot_0000000910,Baseline,1.0,0.0,0.0
cosmx_bcc_xdonor_spot_0000000911,Baseline,1.0,0.0,0.0
cosmx_bcc_xdonor_spot_0000000912,Baseline,1.0,0.0,0.0
cosmx_bcc_xdonor_spot_0000000913,Baseline,0.9333333333333332,0.0666666666666666,0.0
cosmx_bcc_xdonor_spot_0000000914,Baseline,1.0,0.0,0.0
cosmx_bcc_xdonor_spot_0000000915,Baseline,1.0,0.0,0.0
cosmx_bcc_xdonor_spot_0000000916,Baseline,1.0,0.0,0.0
cosmx_bcc_xdonor_spot_0000000917,Baseline,1.0,0.0,0.0
cosmx_bcc_xdonor_spot_0000000918,Baseline,1.0,0.0,0.0
cosmx_bcc_xdonor_spot_0000000919,Baseline,1.0,0.0,0.0
cosmx_bcc_xdonor_spot_0000000920,Baseline,1.0,0.0,0.0
cosmx_bcc_xdonor_spot_0000001208,Baseline,0.9375,0.0,0.0
cosmx_bcc_xdonor_spot_0000001209,Baseline,1.0,0.0,0.0
cosmx_bcc_xdonor_spot_0000001210,Baseline,1.0,0.0,0.0
cosmx_bcc_xdonor_spot_0000001213,Baseline,1.0,0.0,0.0
cosmx_bcc_xdonor_spot_0000001214,Baseline,1.0,0.0,0.0
cosmx_bcc_xdonor_spot_0000001215,Baseline,1.0,0.0,0.0
cosmx_bcc_xdonor_spot_0000001216,Baseline,1.0,0.0,0.0
cosmx_bcc_xdonor_spot_0000001217,Baseline,1.0,0.0,0.0
cosmx_bcc_xdonor_spot_0000001218,Baseline,1.0,0.0,0.0
cosmx_bcc_xdonor_spot_0000001219,Baseline,1.0,0.0,0.0
cosmx_bcc_xdonor_spot_0000001507,Baseline,1.0,0.0,0.0
cosmx_bcc_xdonor_spot_0000001508,Baseline,1.0,0.0,0.0
cosmx_bcc_xdonor_spot_0000001509,Baseline,0.7272727272727273,0.2727272727272727,0.0
cosmx_bcc_xdonor_spot_0000001512,Baseline,1.0,0.0,0.0
cosmx_bcc_xdonor_spot_0000001513,Baseline,1.0,0.0,0.0
cosmx_bcc_xdonor_spot_0000001514,Baseline,0.9583333333333334,0.0,0.0416666666666666
cosmx_bcc_xdonor_spot_0000001515,Baseline,1.0,0.0,0.0
cosmx_bcc_xdonor_spot_0000001516,Baseline,1.0,0.0,0.0
cosmx_bcc_xdonor_spot_0000001517,Baseline,1.0,0.0,0.0
cosmx_bcc_xdonor_spot_0000001518,Baseline,0.9375,0.0625,0.0
cosmx_bcc_xdonor_spot_0000001519,Baseline,1.0,0.0,0.0
cosmx_bcc_xdonor_spot_0000001520,Baseline,1.0,0.0,0.0
cosmx_bcc_xdonor_spot_0000001521,Baseline,1.0,0.0,0.0
cosmx_bcc_xdonor_spot_0000001522,Baseline,1.0,0.0,0.0
cosmx_bcc_xdonor_spot_0000001523,Baseline,1.0,0.0,0.0
cosmx_bcc_xdonor_spot_0000001524,Baseline,1.0,0.0,0.0
cosmx_bcc_xdonor_spot_0000001525,Baseline,1.0,0.0,0.0
cosmx_bcc_xdonor_spot_0000001526,Baseline,1.0,0.0,0.0
cosmx_bcc_xdonor_spot_0000001527,Baseline,0.96,0.0,0.0
cosmx_bcc_xdonor_spot_0000001528,Baseline,0.5882352941176471,0.2352941176470588,0.0
cosmx_bcc_xdonor_spot_0000001529,Baseline,0.9333333333333332,0.0,0.0666666666666666
cosmx_bcc_xdonor_spot_0000001530,Baseline,1.0,0.0,0.0
cosmx_bcc_xdonor_spot_0000001806,Baseline,1.0,0.0,0.0
cosmx_bcc_xdonor_spot_0000001807,Baseline,1.0,0.0,0.0
cosmx_bcc_xdonor_spot_0000001808,Baseline,1.0,0.0,0.0
cosmx_bcc_xdonor_spot_0000001809,Baseline,1.0,0.0,0.0
cosmx_bcc_xdonor_spot_0000001810,Baseline,1.0,0.0,0.0
cosmx_bcc_xdonor_spot_0000001811,Baseline,1.0,0.0,0.0
cosmx_bcc_xdonor_spot_0000001812,Baseline,1.0,0.0,0.0
cosmx_bcc_xdonor_spot_0000001813,Baseline,1.0,0.0,0.0
cosmx_bcc_xdonor_spot_0000001814,Baseline,1.0,0.0,0.0
cosmx_bcc_xdonor_spot_0000001815,Baseline,1.0,0.0,0.0
cosmx_bcc_xdonor_spot_0000001816,Baseline,1.0,0.0,0.0
cosmx_bcc_xdonor_spot_0000001817,Baseline,1.0,0.0,0.0
cosmx_bcc_xdonor_spot_0000001818,Baseline,1.0,0.0,0.0
cosmx_bcc_xdonor_spot_0000001819,Baseline,1.0,0.0,0.0
cosmx_bcc_xdonor_spot_0000001820,Baseline,1.0,0.0,0.0
cosmx_bcc_xdonor_spot_0000001821,Baseline,1.0,0.0,0.0
cosmx_bcc_xdonor_spot_0000001822,Baseline,1.0,0.0,0.0
cosmx_bcc_xdonor_spot_0000001823,Baseline,1.0,0.0,0.0
cosmx_bcc_xdonor_spot_0000001824,Baseline,0.75,0.15,0.0
cosmx_bcc_xdonor_spot_0000001825,Baseline,0.6818181818181818,0.0454545454545454,0.0
cosmx_bcc_xdonor_spot_0000001826,Baseline,0.6875,0.0,0.0
cosmx_bcc_xdonor_spot_0000001827,Baseline,0.6363636363636364,0.2727272727272727,0.0
cosmx_bcc_xdonor_spot_0000001828,Baseline,1.0,0.0,0.0
cosmx_bcc_xdonor_spot_0000001829,Baseline,1.0,0.0,0.0
cosmx_bcc_xdonor_spot_0000002105,Baseline,0.9375,0.0,0.0625
cosmx_bcc_xdonor_spot_0000002106,Baseline,1.0,0.0,0.0
cosmx_bcc_xdonor_spot_0000002107,Baseline,1.0,0.0,0.0
cosmx_bcc_xdonor_spot_0000002108,Baseline,1.0,0.0,0.0
cosmx_bcc_xdonor_spot_0000002109,Baseline,1.0,0.0,0.0
cosmx_bcc_xdonor_spot_0000002110,Baseline,1.0,0.0,0.0
cosmx_bcc_xdonor_spot_0000002111,Baseline,1.0,0.0,0.0
cosmx_bcc_xdonor_spot_0000002112,Baseline,1.0,0.0,0.0
cosmx_bcc_xdonor_spot_0000002113,Baseline,0.9583333333333334,0.0416666666666666,0.0
cosmx_bcc_xdonor_spot_0000002114,Baseline,1.0,0.0,0.0
cosmx_bcc_xdonor_spot_0000002115,Baseline,1.0,0.0,0.0
cosmx_bcc_xdonor_spot_0000002116,Baseline,1.0,0.0,0.0
cosmx_bcc_xdonor_spot_0000002117,Baseline,1.0,0.0,0.0
cosmx_bcc_xdonor_spot_0000002118,Baseline,1.0,0.0,0.0
cosmx_bcc_xdonor_spot_0000002119,Baseline,1.0,0.0,0.0
cosmx_bcc_xdonor_spot_0000002120,Baseline,1.0,0.0,0.0
cosmx_bcc_xdonor_spot_0000002122,Baseline,0.875,0.0625,0.0625
cosmx_bcc_xdonor_spot_0000002123,Baseline,1.0,0.0,0.0
cosmx_bcc_xdonor_spot_0000002124,Baseline,1.0,0.0,0.0
cosmx_bcc_xdonor_spot_0000002125,Baseline,0.9444444444444444,0.0,0.0
cosmx_bcc_xdonor_spot_0000002126,Baseline,1.0,0.0,0.0
cosmx_bcc_xdonor_spot_0000002127,Baseline,1.0,0.0,0.0
cosmx_bcc_xdonor_spot_0000002128,Baseline,1.0,0.0,0.0
cosmx_bcc_xdonor_spot_0000002404,Baseline,1.0,0.0,0.0
cosmx_bcc_xdonor_spot_0000002405,Baseline,1.0,0.0,0.0
cosmx_bcc_xdonor_spot_0000002406,Baseline,1.0,0.0,0.0
cosmx_bcc_xdonor_spot_0000002407,Baseline,1.0,0.0,0.0
cosmx_bcc_xdonor_spot_0000002408,Baseline,1.0,0.0,0.0
cosmx_bcc_xdonor_spot_0000002409,Baseline,1.0,0.0,0.0
cosmx_bcc_xdonor_spot_0000002410,Baseline,1.0,0.0,0.0
cosmx_bcc_xdonor_spot_0000002411,Baseline,0.7333333333333333,0.0666666666666666,0.0
cosmx_bcc_xdonor_spot_0000002412,Baseline,0.4193548387096774,0.032258064516129,0.0
cosmx_bcc_xdonor_spot_0000002413,Baseline,0.7,0.0,0.0
cosmx_bcc_xdonor_spot_0000002414,Baseline,0.9375,0.0,0.0625
cosmx_bcc_xdonor_spot_0000002415,Baseline,1.0,0.0,0.0
cosmx_bcc_xdonor_spot_0000002416,Baseline,1.0,0.0,0.0
cosmx_bcc_xdonor_spot_0000002417,Baseline,1.0,0.0,0.0
cosmx_bcc_xdonor_spot_0000002418,Baseline,1.0,0.0,0.0
cosmx_bcc_xdonor_spot_0000002419,Baseline,1.0,0.0,0.0
cosmx_bcc_xdonor_spot_0000002420,Baseline,1.0,0.0,0.0
cosmx_bcc_xdonor_spot_0000002421,Baseline,1.0,0.0,0.0
cosmx_bcc_xdonor_spot_0000002422,Baseline,1.0,0.0,0.0
cosmx_bcc_xdonor_spot_0000002423,Baseline,0.8461538461538461,0.0769230769230769,0.0769230769230769
cosmx_bcc_xdonor_spot_0000002424,Baseline,0.9375,0.0625,0.0
cosmx_bcc_xdonor_spot_0000002425,Baseline,1.0,0.0,0.0
cosmx_bcc_xdonor_spot_0000002426,Baseline,1.0,0.0,0.0
cosmx_bcc_xdonor_spot_0000002427,Baseline,1.0,0.0,0.0
cosmx_bcc_xdonor_spot_0000002695,Baseline,1.0,0.0,0.0
cosmx_bcc_xdonor_spot_0000002696,Baseline,1.0,0.0,0.0
cosmx_bcc_xdonor_spot_0000002697,Baseline,1.0,0.0,0.0
cosmx_bcc_xdonor_spot_0000002698,Baseline,1.0,0.0,0.0
cosmx_bcc_xdonor_spot_0000002699,Baseline,1.0,0.0,0.0
cosmx_bcc_xdonor_spot_0000002700,Baseline,0.75,0.0,0.0
cosmx_bcc_xdonor_spot_0000002701,Baseline,1.0,0.0,0.0
cosmx_bcc_xdonor_spot_0000002702,Baseline,1.0,0.0,0.0
cosmx_bcc_xdonor_spot_0000002703,Baseline,1.0,0.0,0.0
cosmx_bcc_xdonor_spot_0000002704,Baseline,0.9411764705882352,0.0,0.0588235294117647
cosmx_bcc_xdonor_spot_0000002705,Baseline,1.0,0.0,0.0
cosmx_bcc_xdonor_spot_0000002706,Baseline,1.0,0.0,0.0
cosmx_bcc_xdonor_spot_0000002707,Baseline,1.0,0.0,0.0
cosmx_bcc_xdonor_spot_0000002708,Baseline,1.0,0.0,0.0
cosmx_bcc_xdonor_spot_0000002709,Baseline,1.0,0.0,0.0
cosmx_bcc_xdonor_spot_0000002710,Baseline,1.0,0.0,0.0
cosmx_bcc_xdonor_spot_0000002711,Baseline,1.0,0.0,0.0
cosmx_bcc_xdonor_spot_0000002712,Baseline,1.0,0.0,0.0
cosmx_bcc_xdonor_spot_0000002713,Baseline,0.95,0.0,0.0
cosmx_bcc_xdonor_spot_0000002714,Baseline,1.0,0.0,0.0
cosmx_bcc_xdonor_spot_0000002715,Baseline,1.0,0.0,0.0
cosmx_bcc_xdonor_spot_0000002716,Baseline,1.0,0.0,0.0
cosmx_bcc_xdonor_spot_0000002717,Baseline,1.0,0.0,0.0
cosmx_bcc_xdonor_spot_0000002718,Baseline,1.0,0.0,0.0
cosmx_bcc_xdonor_spot_0000002719,Baseline,1.0,0.0,0.0
cosmx_bcc_xdonor_spot_0000002720,Baseline,1.0,0.0,0.0
cosmx_bcc_xdonor_spot_0000002721,Baseline,1.0,0.0,0.0
cosmx_bcc_xdonor_spot_0000002722,Baseline,1.0,0.0,0.0
cosmx_bcc_xdonor_spot_0000002723,Baseline,1.0,0.0,0.0
cosmx_bcc_xdonor_spot_0000002724,Baseline,1.0,0.0,0.0
cosmx_bcc_xdonor_spot_0000002725,Baseline,1.0,0.0,0.0
cosmx_bcc_xdonor_spot_0000002726,Baseline,1.0,0.0,0.0
cosmx_bcc_xdonor_spot_0000002993,Baseline,1.0,0.0,0.0
cosmx_bcc_xdonor_spot_0000002994,Baseline,0.8947368421052632,0.0,0.0
cosmx_bcc_xdonor_spot_0000002995,Baseline,0.9375,0.0,0.0625
cosmx_bcc_xdonor_spot_0000002996,Baseline,1.0,0.0,0.0
cosmx_bcc_xdonor_spot_0000002997,Baseline,0.9545454545454546,0.0,0.0454545454545454
cosmx_bcc_xdonor_spot_0000002998,Baseline,1.0,0.0,0.0
cosmx_bcc_xdonor_spot_0000002999,Baseline,1.0,0.0,0.0
cosmx_bcc_xdonor_spot_0000003000,Baseline,1.0,0.0,0.0
cosmx_bcc_xdonor_spot_0000003001,Baseline,1.0,0.0,0.0
cosmx_bcc_xdonor_spot_0000003002,Baseline,1.0,0.0,0.0
cosmx_bcc_xdonor_spot_0000003003,Baseline,1.0,0.0,0.0
cosmx_bcc_xdonor_spot_0000003004,Baseline,1.0,0.0,0.0
cosmx_bcc_xdonor_spot_0000003005,Baseline,1.0,0.0,0.0
cosmx_bcc_xdonor_spot_0000003006,Baseline,1.0,0.0,0.0
cosmx_bcc_xdonor_spot_0000003007,Baseline,1.0,0.0,0.0
cosmx_bcc_xdonor_spot_0000003008,Baseline,1.0,0.0,0.0
cosmx_bcc_xdonor_spot_0000003009,Baseline,1.0,0.0,0.0
cosmx_bcc_xdonor_spot_0000003010,Baseline,1.0,0.0,0.0
cosmx_bcc_xdonor_spot_0000003011,Baseline,1.0,0.0,0.0
cosmx_bcc_xdonor_spot_0000003012,Baseline,1.0,0.0,0.0
cosmx_bcc_xdonor_spot_0000003013,Baseline,1.0,0.0,0.0
cosmx_bcc_xdonor_spot_0000003014,Baseline,1.0,0.0,0.0
cosmx_bcc_xdonor_spot_0000003015,Baseline,1.0,0.0,0.0
cosmx_bcc_xdonor_spot_0000003016,Baseline,1.0,0.0,0.0
cosmx_bcc_xdonor_spot_0000003017,Baseline,1.0,0.0,0.0
cosmx_bcc_xdonor_spot_0000003018,Baseline,1.0,0.0,0.0
cosmx_bcc_xdonor_spot_0000003019,Baseline,1.0,0.0,0.0
cosmx_bcc_xdonor_spot_0000003020,Baseline,1.0,0.0,0.0
cosmx_bcc_xdonor_spot_0000003021,Baseline,1.0,0.0,0.0
cosmx_bcc_xdonor_spot_0000003022,Baseline,1.0,0.0,0.0
cosmx_bcc_xdonor_spot_0000003023,Baseline,1.0,0.0,0.0
cosmx_bcc_xdonor_spot_0000003024,Baseline,1.0,0.0,0.0
cosmx_bcc_xdonor_spot_0000003025,Baseline,1.0,0.0,0.0
cosmx_bcc_xdonor_spot_0000003026,Baseline,1.0,0.0,0.0
cosmx_bcc_xdonor_spot_0000003290,Baseline,1.0,0.0,0.0
cosmx_bcc_xdonor_spot_0000003291,Baseline,1.0,0.0,0.0
cosmx_bcc_xdonor_spot_0000003292,Baseline,0.9615384615384616,0.0,0.0
cosmx_bcc_xdonor_spot_0000003293,Baseline,1.0,0.0,0.0
cosmx_bcc_xdonor_spot_0000003294,Baseline,0.95,0.0,0.05
cosmx_bcc_xdonor_spot_0000003295,Baseline,1.0,0.0,0.0
cosmx_bcc_xdonor_spot_0000003296,Baseline,1.0,0.0,0.0
cosmx_bcc_xdonor_spot_0000003297,Baseline,1.0,0.0,0.0
cosmx_bcc_xdonor_spot_0000003298,Baseline,1.0,0.0,0.0
cosmx_bcc_xdonor_spot_0000003299,Baseline,1.0,0.0,0.0
cosmx_bcc_xdonor_spot_0000003300,Baseline,1.0,0.0,0.0
cosmx_bcc_xdonor_spot_0000003301,Baseline,1.0,0.0,0.0
cosmx_bcc_xdonor_spot_0000003302,Baseline,1.0,0.0,0.0
cosmx_bcc_xdonor_spot_0000003303,Baseline,1.0,0.0,0.0
cosmx_bcc_xdonor_spot_0000003304,Baseline,1.0,0.0,0.0
cosmx_bcc_xdonor_spot_0000003305,Baseline,1.0,0.0,0.0
cosmx_bcc_xdonor_spot_0000003306,Baseline,1.0,0.0,0.0
cosmx_bcc_xdonor_spot_0000003307,Baseline,0.9545454545454546,0.0454545454545454,0.0
cosmx_bcc_xdonor_spot_0000003308,Baseline,1.0,0.0,0.0
cosmx_bcc_xdonor_spot_0000003309,Baseline,1.0,0.0,0.0
cosmx_bcc_xdonor_spot_0000003310,Baseline,1.0,0.0,0.0
cosmx_bcc_xdonor_spot_0000003311,Baseline,1.0,0.0,0.0
cosmx_bcc_xdonor_spot_0000003312,Baseline,1.0,0.0,0.0
cosmx_bcc_xdonor_spot_0000003313,Baseline,1.0,0.0,0.0
cosmx_bcc_xdonor_spot_0000003314,Baseline,1.0,0.0,0.0
cosmx_bcc_xdonor_spot_0000003315,Baseline,1.0,0.0,0.0
cosmx_bcc_xdonor_spot_0000003316,Baseline,1.0,0.0,0.0
cosmx_bcc_xdonor_spot_0000003317,Baseline,1.0,0.0,0.0
cosmx_bcc_xdonor_spot_0000003318,Baseline,1.0,0.0,0.0
cosmx_bcc_xdonor_spot_0000003319,Baseline,1.0,0.0,0.0
cosmx_bcc_xdonor_spot_0000003320,Baseline,1.0,0.0,0.0
cosmx_bcc_xdonor_spot_0000003321,Baseline,1.0,0.0,0.0
cosmx_bcc_xdonor_spot_0000003322,Baseline,1.0,0.0,0.0
cosmx_bcc_xdonor_spot_0000003323,Baseline,1.0,0.0,0.0
cosmx_bcc_xdonor_spot_0000003324,Baseline,1.0,0.0,0.0
cosmx_bcc_xdonor_spot_0000003325,Baseline,1.0,0.0,0.0
cosmx_bcc_xdonor_spot_0000003589,Baseline,0.5833333333333334,0.0,0.0
cosmx_bcc_xdonor_spot_0000003590,Baseline,1.0,0.0,0.0
cosmx_bcc_xdonor_spot_0000003591,Baseline,1.0,0.0,0.0
cosmx_bcc_xdonor_spot_0000003592,Baseline,1.0,0.0,0.0
cosmx_bcc_xdonor_spot_0000003593,Baseline,1.0,0.0,0.0
cosmx_bcc_xdonor_spot_0000003594,Baseline,0.9444444444444444,0.0,0.0555555555555555
cosmx_bcc_xdonor_spot_0000003595,Baseline,1.0,0.0,0.0
cosmx_bcc_xdonor_spot_0000003596,Baseline,1.0,0.0,0.0
cosmx_bcc_xdonor_spot_0000003597,Baseline,1.0,0.0,0.0
cosmx_bcc_xdonor_spot_0000003598,Baseline,1.0,0.0,0.0
cosmx_bcc_xdonor_spot_0000003599,Baseline,1.0,0.0,0.0
cosmx_bcc_xdonor_spot_0000003612,Baseline,1.0,0.0,0.0
cosmx_bcc_xdonor_spot_0000003613,Baseline,1.0,0.0,0.0
cosmx_bcc_xdonor_spot_0000003614,Baseline,1.0,0.0,0.0
cosmx_bcc_xdonor_spot_0000003615,Baseline,1.0,0.0,0.0
cosmx_bcc_xdonor_spot_0000003616,Baseline,1.0,0.0,0.0
cosmx_bcc_xdonor_spot_0000003617,Baseline,1.0,0.0,0.0
cosmx_bcc_xdonor_spot_0000003618,Baseline,1.0,0.0,0.0
cosmx_bcc_xdonor_spot_0000003619,Baseline,1.0,0.0,0.0
cosmx_bcc_xdonor_spot_0000003620,Baseline,0.8636363636363636,0.0,0.0
cosmx_bcc_xdonor_spot_0000003621,Baseline,1.0,0.0,0.0
cosmx_bcc_xdonor_spot_0000003622,Baseline,1.0,0.0,0.0
cosmx_bcc_xdonor_spot_0000003623,Baseline,0.7272727272727273,0.0454545454545454,0.0
cosmx_bcc_xdonor_spot_0000003887,Baseline,0.1818181818181818,0.2727272727272727,0.1818181818181818
cosmx_bcc_xdonor_spot_0000003888,Baseline,0.2222222222222222,0.5185185185185185,0.0
cosmx_bcc_xdonor_spot_0000003889,Baseline,0.7777777777777778,0.1666666666666666,0.0
cosmx_bcc_xdonor_spot_0000003890,Baseline,1.0,0.0,0.0
cosmx_bcc_xdonor_spot_0000003891,Baseline,0.9545454545454546,0.0454545454545454,0.0
cosmx_bcc_xdonor_spot_0000003892,Baseline,1.0,0.0,0.0
cosmx_bcc_xdonor_spot_0000003893,Baseline,0.6428571428571429,0.3571428571428571,0.0
cosmx_bcc_xdonor_spot_0000003894,Baseline,1.0,0.0,0.0
cosmx_bcc_xdonor_spot_0000003895,Baseline,1.0,0.0,0.0
cosmx_bcc_xdonor_spot_0000003896,Baseline,1.0,0.0,0.0
cosmx_bcc_xdonor_spot_0000003897,Baseline,1.0,0.0,0.0
cosmx_bcc_xdonor_spot_0000003898,Baseline,1.0,0.0,0.0
cosmx_bcc_xdonor_spot_0000003911,Baseline,1.0,0.0,0.0
cosmx_bcc_xdonor_spot_0000003912,Baseline,1.0,0.0,0.0
cosmx_bcc_xdonor_spot_0000003913,Baseline,1.0,0.0,0.0
cosmx_bcc_xdonor_spot_0000003914,Baseline,1.0,0.0,0.0
cosmx_bcc_xdonor_spot_0000003915,Baseline,0.9642857142857144,0.0,0.0357142857142857
cosmx_bcc_xdonor_spot_0000003916,Baseline,1.0,0.0,0.0
cosmx_bcc_xdonor_spot_0000003917,Baseline,1.0,0.0,0.0
cosmx_bcc_xdonor_spot_0000003918,Baseline,0.8235294117647058,0.1764705882352941,0.0
cosmx_bcc_xdonor_spot_0000003919,Baseline,0.8,0.0,0.0
cosmx_bcc_xdonor_spot_0000003920,Baseline,0.7894736842105263,0.2105263157894736,0.0
cosmx_bcc_xdonor_spot_0000003921,Baseline,0.8181818181818182,0.0909090909090909,0.0
cosmx_bcc_xdonor_spot_0000003922,Baseline,0.8947368421052632,0.1052631578947368,0.0
cosmx_bcc_xdonor_spot_0000003923,Baseline,1.0,0.0,0.0
cosmx_bcc_xdonor_spot_0000004186,Baseline,0.0666666666666666,0.6,0.0666666666666666
cosmx_bcc_xdonor_spot_0000004187,Baseline,1.0,0.0,0.0
cosmx_bcc_xdonor_spot_0000004188,Baseline,1.0,0.0,0.0
cosmx_bcc_xdonor_spot_0000004189,Baseline,1.0,0.0,0.0
cosmx_bcc_xdonor_spot_0000004190,Baseline,0.8695652173913043,0.0869565217391304,0.0
cosmx_bcc_xdonor_spot_0000004191,Baseline,0.4615384615384615,0.2307692307692307,0.0
cosmx_bcc_xdonor_spot_0000004192,Baseline,0.1111111111111111,0.1111111111111111,0.0
cosmx_bcc_xdonor_spot_0000004193,Baseline,0.6451612903225806,0.1612903225806451,0.0
cosmx_bcc_xdonor_spot_0000004194,Baseline,1.0,0.0,0.0
cosmx_bcc_xdonor_spot_0000004195,Baseline,1.0,0.0,0.0
cosmx_bcc_xdonor_spot_0000004196,Baseline,1.0,0.0,0.0
cosmx_bcc_xdonor_spot_0000004197,Baseline,1.0,0.0,0.0
cosmx_bcc_xdonor_spot_0000004198,Baseline,1.0,0.0,0.0
cosmx_bcc_xdonor_spot_0000004199,Baseline,1.0,0.0,0.0
cosmx_bcc_xdonor_spot_0000004200,Baseline,1.0,0.0,0.0
cosmx_bcc_xdonor_spot_0000004201,Baseline,1.0,0.0,0.0
cosmx_bcc_xdonor_spot_0000004202,Baseline,1.0,0.0,0.0
cosmx_bcc_xdonor_spot_0000004203,Baseline,1.0,0.0,0.0
cosmx_bcc_xdonor_spot_0000004204,Baseline,1.0,0.0,0.0
cosmx_bcc_xdonor_spot_0000004205,Baseline,1.0,0.0,0.0
cosmx_bcc_xdonor_spot_0000004206,Baseline,1.0,0.0,0.0
cosmx_bcc_xdonor_spot_0000004207,Baseline,1.0,0.0,0.0
cosmx_bcc_xdonor_spot_0000004208,Baseline,1.0,0.0,0.0
cosmx_bcc_xdonor_spot_0000004209,Baseline,1.0,0.0,0.0
cosmx_bcc_xdonor_spot_0000004210,Baseline,1.0,0.0,0.0
cosmx_bcc_xdonor_spot_0000004211,Baseline,1.0,0.0,0.0
cosmx_bcc_xdonor_spot_0000004212,Baseline,1.0,0.0,0.0
cosmx_bcc_xdonor_spot_0000004213,Baseline,1.0,0.0,0.0
cosmx_bcc_xdonor_spot_0000004214,Baseline,1.0,0.0,0.0
cosmx_bcc_xdonor_spot_0000004215,Baseline,0.9629629629629628,0.0,0.037037037037037
cosmx_bcc_xdonor_spot_0000004216,Baseline,0.9411764705882352,0.0588235294117647,0.0
cosmx_bcc_xdonor_spot_0000004217,Baseline,1.0,0.0,0.0
cosmx_bcc_xdonor_spot_0000004218,Baseline,0.7391304347826086,0.0869565217391304,0.0
cosmx_bcc_xdonor_spot_0000004219,Baseline,0.8,0.08,0.0
cosmx_bcc_xdonor_spot_0000004220,Baseline,1.0,0.0,0.0
cosmx_bcc_xdonor_spot_0000004221,Baseline,0.9642857142857144,0.0357142857142857,0.0
cosmx_bcc_xdonor_spot_0000004485,Baseline,0.0,0.6363636363636364,0.0
cosmx_bcc_xdonor_spot_0000004486,Baseline,0.7272727272727273,0.2727272727272727,0.0
cosmx_bcc_xdonor_spot_0000004487,Baseline,0.96,0.04,0.0
cosmx_bcc_xdonor_spot_0000004488,Baseline,1.0,0.0,0.0
cosmx_bcc_xdonor_spot_0000004489,Baseline,0.92,0.0,0.08
cosmx_bcc_xdonor_spot_0000004490,Baseline,0.9375,0.0625,0.0
cosmx_bcc_xdonor_spot_0000004491,Baseline,0.92,0.04,0.0
cosmx_bcc_xdonor_spot_0000004492,Baseline,0.8695652173913043,0.1304347826086956,0.0
cosmx_bcc_xdonor_spot_0000004493,Baseline,1.0,0.0,0.0
cosmx_bcc_xdonor_spot_0000004494,Baseline,1.0,0.0,0.0
cosmx_bcc_xdonor_spot_0000004495,Baseline,1.0,0.0,0.0
cosmx_bcc_xdonor_spot_0000004496,Baseline,1.0,0.0,0.0
cosmx_bcc_xdonor_spot_0000004497,Baseline,1.0,0.0,0.0
cosmx_bcc_xdonor_spot_0000004498,Baseline,1.0,0.0,0.0
cosmx_bcc_xdonor_spot_0000004499,Baseline,1.0,0.0,0.0
cosmx_bcc_xdonor_spot_0000004500,Baseline,1.0,0.0,0.0
cosmx_bcc_xdonor_spot_0000004501,Baseline,0.8571428571428571,0.0,0.0
cosmx_bcc_xdonor_spot_0000004502,Baseline,1.0,0.0,0.0
cosmx_bcc_xdonor_spot_0000004503,Baseline,1.0,0.0,0.0
cosmx_bcc_xdonor_spot_0000004504,Baseline,1.0,0.0,0.0
cosmx_bcc_xdonor_spot_0000004505,Baseline,1.0,0.0,0.0
cosmx_bcc_xdonor_spot_0000004506,Baseline,1.0,0.0,0.0
cosmx_bcc_xdonor_spot_0000004507,Baseline,1.0,0.0,0.0
cosmx_bcc_xdonor_spot_0000004508,Baseline,1.0,0.0,0.0
cosmx_bcc_xdonor_spot_0000004509,Baseline,1.0,0.0,0.0
cosmx_bcc_xdonor_spot_0000004510,Baseline,1.0,0.0,0.0
cosmx_bcc_xdonor_spot_0000004511,Baseline,1.0,0.0,0.0
cosmx_bcc_xdonor_spot_0000004512,Baseline,1.0,0.0,0.0
cosmx_bcc_xdonor_spot_0000004513,Baseline,1.0,0.0,0.0
cosmx_bcc_xdonor_spot_0000004514,Baseline,1.0,0.0,0.0
cosmx_bcc_xdonor_spot_0000004515,Baseline,1.0,0.0,0.0
cosmx_bcc_xdonor_spot_0000004516,Baseline,1.0,0.0,0.0
cosmx_bcc_xdonor_spot_0000004517,Baseline,0.4545454545454545,0.2424242424242424,0.0303030303030303
cosmx_bcc_xdonor_spot_0000004518,Baseline,0.4666666666666667,0.3333333333333333,0.0666666666666666
cosmx_bcc_xdonor_spot_0000004519,Baseline,0.7368421052631579,0.2105263157894736,0.0
cosmx_bcc_xdonor_spot_0000004520,Baseline,0.3636363636363636,0.2727272727272727,0.0
cosmx_bcc_xdonor_spot_0000004784,Baseline,0.2,0.0,0.0
cosmx_bcc_xdonor_spot_0000004785,Baseline,0.2666666666666666,0.6,0.0
cosmx_bcc_xdonor_spot_0000004786,Baseline,0.6842105263157895,0.1052631578947368,0.1578947368421052
cosmx_bcc_xdonor_spot_0000004787,Baseline,0.8461538461538461,0.1538461538461538,0.0
cosmx_bcc_xdonor_spot_0000004788,Baseline,0.7894736842105263,0.0,0.0
cosmx_bcc_xdonor_spot_0000004789,Baseline,0.6111111111111112,0.0,0.0
cosmx_bcc_xdonor_spot_0000004790,Baseline,1.0,0.0,0.0
cosmx_bcc_xdonor_spot_0000004791,Baseline,1.0,0.0,0.0
cosmx_bcc_xdonor_spot_0000004792,Baseline,0.6,0.2,0.0
cosmx_bcc_xdonor_spot_0000004793,Baseline,0.9166666666666666,0.0833333333333333,0.0
cosmx_bcc_xdonor_spot_0000004794,Baseline,1.0,0.0,0.0
cosmx_bcc_xdonor_spot_0000004795,Baseline,1.0,0.0,0.0
cosmx_bcc_xdonor_spot_0000004796,Baseline,1.0,0.0,0.0
cosmx_bcc_xdonor_spot_0000004797,Baseline,0.9047619047619048,0.0952380952380952,0.0
cosmx_bcc_xdonor_spot_0000004798,Baseline,1.0,0.0,0.0
cosmx_bcc_xdonor_spot_0000004799,Baseline,0.8260869565217391,0.0434782608695652,0.0
cosmx_bcc_xdonor_spot_0000004800,Baseline,0.8695652173913043,0.0,0.0
cosmx_bcc_xdonor_spot_0000004801,Baseline,1.0,0.0,0.0
cosmx_bcc_xdonor_spot_0000004802,Baseline,1.0,0.0,0.0
cosmx_bcc_xdonor_spot_0000004803,Baseline,1.0,0.0,0.0
cosmx_bcc_xdonor_spot_0000004804,Baseline,1.0,0.0,0.0
cosmx_bcc_xdonor_spot_0000004805,Baseline,1.0,0.0,0.0
cosmx_bcc_xdonor_spot_0000004806,Baseline,1.0,0.0,0.0
cosmx_bcc_xdonor_spot_0000004807,Baseline,1.0,0.0,0.0
cosmx_bcc_xdonor_spot_0000004808,Baseline,1.0,0.0,0.0
cosmx_bcc_xdonor_spot_0000004809,Baseline,1.0,0.0,0.0
cosmx_bcc_xdonor_spot_0000004810,Baseline,1.0,0.0,0.0
cosmx_bcc_xdonor_spot_0000004811,Baseline,1.0,0.0,0.0
cosmx_bcc_xdonor_spot_0000004812,Baseline,0.8,0.2,0.0
cosmx_bcc_xdonor_spot_0000004813,Baseline,1.0,0.0,0.0
cosmx_bcc_xdonor_spot_0000004814,Baseline,1.0,0.0,0.0
cosmx_bcc_xdonor_spot_0000004815,Baseline,0.25,0.4375,0.0
cosmx_bcc_xdonor_spot_0000004816,Baseline,0.0,0.2,0.12
cosmx_bcc_xdonor_spot_0000004817,Baseline,0.0,0.5555555555555556,0.0
cosmx_bcc_xdonor_spot_0000004818,Baseline,0.0,0.631578947368421,0.0
cosmx_bcc_xdonor_spot_0000005084,Baseline,0.1666666666666666,0.3333333333333333,0.0
cosmx_bcc_xdonor_spot_0000005085,Baseline,0.2352941176470588,0.5294117647058824,0.0
cosmx_bcc_xdonor_spot_0000005086,Baseline,0.9473684210526316,0.0526315789473684,0.0
cosmx_bcc_xdonor_spot_0000005087,Baseline,0.4285714285714285,0.0,0.0
cosmx_bcc_xdonor_spot_0000005088,Baseline,0.25,0.0,0.0
cosmx_bcc_xdonor_spot_0000005089,Baseline,0.6785714285714286,0.0,0.0714285714285714
cosmx_bcc_xdonor_spot_0000005090,Baseline,1.0,0.0,0.0
cosmx_bcc_xdonor_spot_0000005091,Baseline,1.0,0.0,0.0
cosmx_bcc_xdonor_spot_0000005092,Baseline,1.0,0.0,0.0
cosmx_bcc_xdonor_spot_0000005093,Baseline,0.9583333333333334,0.0416666666666666,0.0
cosmx_bcc_xdonor_spot_0000005094,Baseline,1.0,0.0,0.0
cosmx_bcc_xdonor_spot_0000005095,Baseline,0.8571428571428571,0.0714285714285714,0.0
cosmx_bcc_xdonor_spot_0000005096,Baseline,1.0,0.0,0.0
cosmx_bcc_xdonor_spot_0000005097,Baseline,1.0,0.0,0.0
cosmx_bcc_xdonor_spot_0000005098,Baseline,1.0,0.0,0.0
cosmx_bcc_xdonor_spot_0000005099,Baseline,0.96,0.0,0.0
cosmx_bcc_xdonor_spot_0000005100,Baseline,1.0,0.0,0.0
cosmx_bcc_xdonor_spot_0000005101,Baseline,1.0,0.0,0.0
cosmx_bcc_xdonor_spot_0000005102,Baseline,1.0,0.0,0.0
cosmx_bcc_xdonor_spot_0000005103,Baseline,1.0,0.0,0.0
cosmx_bcc_xdonor_spot_0000005104,Baseline,1.0,0.0,0.0
cosmx_bcc_xdonor_spot_0000005105,Baseline,1.0,0.0,0.0
cosmx_bcc_xdonor_spot_0000005106,Baseline,1.0,0.0,0.0
cosmx_bcc_xdonor_spot_0000005384,Baseline,0.0,0.4444444444444444,0.0
cosmx_bcc_xdonor_spot_0000005385,Baseline,0.3333333333333333,0.6666666666666666,0.0
cosmx_bcc_xdonor_spot_0000005386,Baseline,0.3636363636363636,0.0909090909090909,0.0
cosmx_bcc_xdonor_spot_0000005388,Baseline,0.5652173913043478,0.0,0.0
cosmx_bcc_xdonor_spot_0000005389,Baseline,1.0,0.0,0.0
cosmx_bcc_xdonor_spot_0000005390,Baseline,0.9130434782608696,0.0,0.0869565217391304
cosmx_bcc_xdonor_spot_0000005391,Baseline,1.0,0.0,0.0
cosmx_bcc_xdonor_spot_0000005392,Baseline,1.0,0.0,0.0
cosmx_bcc_xdonor_spot_0000005393,Baseline,0.3333333333333333,0.5555555555555556,0.0
cosmx_bcc_xdonor_spot_0000005394,Baseline,0.5714285714285714,0.0714285714285714,0.0
cosmx_bcc_xdonor_spot_0000005395,Baseline,1.0,0.0,0.0
cosmx_bcc_xdonor_spot_0000005396,Baseline,1.0,0.0,0.0
cosmx_bcc_xdonor_spot_0000005397,Baseline,1.0,0.0,0.0
cosmx_bcc_xdonor_spot_0000005398,Baseline,1.0,0.0,0.0
cosmx_bcc_xdonor_spot_0000005399,Baseline,0.9047619047619048,0.0,0.0
cosmx_bcc_xdonor_spot_0000005400,Baseline,0.5,0.0909090909090909,0.0
cosmx_bcc_xdonor_spot_0000005401,Baseline,1.0,0.0,0.0
cosmx_bcc_xdonor_spot_0000005402,Baseline,1.0,0.0,0.0
cosmx_bcc_xdonor_spot_0000005403,Baseline,0.8421052631578947,0.0526315789473684,0.0
cosmx_bcc_xdonor_spot_0000005404,Baseline,0.7,0.0333333333333333,0.0
cosmx_bcc_xdonor_spot_0000005405,Baseline,0.9565217391304348,0.0434782608695652,0.0
cosmx_bcc_xdonor_spot_0000005684,Baseline,0.2,0.2,0.0
cosmx_bcc_xdonor_spot_0000005685,Baseline,0.3333333333333333,0.2222222222222222,0.1111111111111111
cosmx_bcc_xdonor_spot_0000005686,Baseline,0.2352941176470588,0.2941176470588235,0.0
cosmx_bcc_xdonor_spot_0000005687,Baseline,0.8636363636363636,0.0909090909090909,0.0
cosmx_bcc_xdonor_spot_0000005688,Baseline,0.9333333333333332,0.0,0.0666666666666666
cosmx_bcc_xdonor_spot_0000005689,Baseline,0.8636363636363636,0.0909090909090909,0.0454545454545454
cosmx_bcc_xdonor_spot_0000005690,Baseline,0.8823529411764706,0.0588235294117647,0.0588235294117647
cosmx_bcc_xdonor_spot_0000005691,Baseline,1.0,0.0,0.0
cosmx_bcc_xdonor_spot_0000005692,Baseline,1.0,0.0,0.0
cosmx_bcc_xdonor_spot_0000005693,Baseline,0.9473684210526316,0.0526315789473684,0.0
cosmx_bcc_xdonor_spot_0000005694,Baseline,0.8571428571428571,0.1428571428571428,0.0
cosmx_bcc_xdonor_spot_0000005695,Baseline,0.95,0.0,0.0
cosmx_bcc_xdonor_spot_0000005696,Baseline,0.9375,0.0625,0.0
cosmx_bcc_xdonor_spot_0000005697,Baseline,0.9545454545454546,0.0454545454545454,0.0
cosmx_bcc_xdonor_spot_0000005698,Baseline,0.9375,0.0625,0.0
cosmx_bcc_xdonor_spot_0000005699,Baseline,0.9444444444444444,0.0555555555555555,0.0
cosmx_bcc_xdonor_spot_0000005700,Baseline,0.8,0.1333333333333333,0.0
cosmx_bcc_xdonor_spot_0000005701,Baseline,0.0,0.3636363636363636,0.0909090909090909
cosmx_bcc_xdonor_spot_0000005702,Baseline,0.1578947368421052,0.3157894736842105,0.1052631578947368
cosmx_bcc_xdonor_spot_0000005703,Baseline,0.3846153846153846,0.1923076923076923,0.0384615384615384
cosmx_bcc_xdonor_spot_0000005704,Baseline,0.625,0.3125,0.0
cosmx_bcc_xdonor_spot_0000005985,Baseline,0.1,0.4,0.0
cosmx_bcc_xdonor_spot_0000005986,Baseline,0.1666666666666666,0.5,0.0
cosmx_bcc_xdonor_spot_0000005987,Baseline,0.4,0.4,0.1333333333333333
cosmx_bcc_xdonor_spot_0000005988,Baseline,0.5263157894736842,0.4210526315789473,0.0
cosmx_bcc_xdonor_spot_0000005989,Baseline,0.8235294117647058,0.1764705882352941,0.0
cosmx_bcc_xdonor_spot_0000005990,Baseline,1.0,0.0,0.0
cosmx_bcc_xdonor_spot_0000005991,Baseline,1.0,0.0,0.0
cosmx_bcc_xdonor_spot_0000005992,Baseline,0.875,0.0833333333333333,0.0
cosmx_bcc_xdonor_spot_0000005993,Baseline,0.5333333333333333,0.2666666666666666,0.0
cosmx_bcc_xdonor_spot_0000005994,Baseline,0.0,0.4615384615384615,0.0769230769230769
cosmx_bcc_xdonor_spot_0000005995,Baseline,0.1818181818181818,0.3636363636363636,0.0
cosmx_bcc_xdonor_spot_0000005996,Baseline,0.3571428571428571,0.4285714285714285,0.0
cosmx_bcc_xdonor_spot_0000005997,Baseline,0.2222222222222222,0.7777777777777778,0.0
cosmx_bcc_xdonor_spot_0000005998,Baseline,0.6086956521739131,0.3478260869565217,0.0
cosmx_bcc_xdonor_spot_0000005999,Baseline,0.92,0.08,0.0
cosmx_bcc_xdonor_spot_0000006000,Baseline,1.0,0.0,0.0
cosmx_bcc_xdonor_spot_0000006001,Baseline,1.0,0.0,0.0
cosmx_bcc_xdonor_spot_0000006002,Baseline,1.0,0.0,0.0
cosmx_bcc_xdonor_spot_0000006003,Baseline,0.9655172413793104,0.0,0.0
cosmx_bcc_xdonor_spot_0000006288,Baseline,0.0,0.4,0.1
cosmx_bcc_xdonor_spot_0000006289,Baseline,0.0909090909090909,0.6363636363636364,0.0909090909090909
cosmx_bcc_xdonor_spot_0000006290,Baseline,0.4,0.4,0.0
cosmx_bcc_xdonor_spot_0000006291,Baseline,0.3333333333333333,0.4666666666666667,0.0
cosmx_bcc_xdonor_spot_0000006292,Baseline,0.8260869565217391,0.0869565217391304,0.0
cosmx_bcc_xdonor_spot_0000006293,Baseline,1.0,0.0,0.0
cosmx_bcc_xdonor_spot_0000006294,Baseline,0.9565217391304348,0.0,0.0
cosmx_bcc_xdonor_spot_0000006295,Baseline,0.9310344827586208,0.0344827586206896,0.0
cosmx_bcc_xdonor_spot_0000006296,Baseline,1.0,0.0,0.0
cosmx_bcc_xdonor_spot_0000006297,Baseline,0.96,0.0,0.0
cosmx_bcc_xdonor_spot_0000006298,Baseline,1.0,0.0,0.0
cosmx_bcc_xdonor_spot_0000006299,Baseline,1.0,0.0,0.0
cosmx_bcc_xdonor_spot_0000006300,Baseline,1.0,0.0,0.0
cosmx_bcc_xdonor_spot_0000006301,Baseline,1.0,0.0,0.0
cosmx_bcc_xdonor_spot_0000006302,Baseline,1.0,0.0,0.0
cosmx_bcc_xdonor_spot_0000006590,Baseline,1.0,0.0,0.0
cosmx_bcc_xdonor_spot_0000006591,Baseline,1.0,0.0,0.0
cosmx_bcc_xdonor_spot_0000006592,Baseline,0.9615384615384616,0.0,0.0
cosmx_bcc_xdonor_spot_0000006593,Baseline,1.0,0.0,0.0
cosmx_bcc_xdonor_spot_0000006594,Baseline,1.0,0.0,0.0
cosmx_bcc_xdonor_spot_0000006595,Baseline,0.9375,0.0,0.0625
cosmx_bcc_xdonor_spot_0000006596,Baseline,1.0,0.0,0.0
cosmx_bcc_xdonor_spot_0000006597,Baseline,1.0,0.0,0.0
cosmx_bcc_xdonor_spot_0000006598,Baseline,1.0,0.0,0.0
cosmx_bcc_xdonor_spot_0000006599,Baseline,1.0,0.0,0.0
cosmx_bcc_xdonor_spot_0000006600,Baseline,0.9629629629629628,0.0,0.0
cosmx_bcc_xdonor_spot_0000006889,Baseline,0.935483870967742,0.032258064516129,0.0
cosmx_bcc_xdonor_spot_0000006890,Baseline,0.972972972972973,0.0,0.027027027027027
cosmx_bcc_xdonor_spot_0000006891,Baseline,1.0,0.0,0.0
cosmx_bcc_xdonor_spot_0000006892,Baseline,1.0,0.0,0.0
cosmx_bcc_xdonor_spot_0000006893,Baseline,1.0,0.0,0.0
cosmx_bcc_xdonor_spot_0000006894,Baseline,0.9565217391304348,0.0,0.0
cosmx_bcc_xdonor_spot_0000006895,Baseline,1.0,0.0,0.0
cosmx_bcc_xdonor_spot_0000006896,Baseline,1.0,0.0,0.0
cosmx_bcc_xdonor_spot_0000006897,Baseline,1.0,0.0,0.0
cosmx_bcc_xdonor_spot_0000006898,Baseline,1.0,0.0,0.0
cosmx_bcc_xdonor_spot_0000006899,Baseline,1.0,0.0,0.0
cosmx_bcc_xdonor_spot_0000006900,Baseline,1.0,0.0,0.0
cosmx_bcc_xdonor_spot_0000007188,Baseline,0.4666666666666667,0.0666666666666666,0.0
cosmx_bcc_xdonor_spot_0000007189,Baseline,0.9473684210526316,0.0526315789473684,0.0
cosmx_bcc_xdonor_spot_0000007190,Baseline,0.9722222222222222,0.0,0.0
cosmx_bcc_xdonor_spot_0000007191,Baseline,1.0,0.0,0.0
cosmx_bcc_xdonor_spot_0000007192,Baseline,1.0,0.0,0.0
cosmx_bcc_xdonor_spot_0000007193,Baseline,1.0,0.0,0.0
cosmx_bcc_xdonor_spot_0000007194,Baseline,1.0,0.0,0.0
cosmx_bcc_xdonor_spot_0000007195,Baseline,1.0,0.0,0.0
cosmx_bcc_xdonor_spot_0000007196,Baseline,1.0,0.0,0.0
cosmx_bcc_xdonor_spot_0000007197,Baseline,1.0,0.0,0.0
cosmx_bcc_xdonor_spot_0000007198,Baseline,1.0,0.0,0.0
cosmx_bcc_xdonor_spot_0000007488,Baseline,0.4,0.2666666666666666,0.0
cosmx_bcc_xdonor_spot_0000007489,Baseline,0.9130434782608696,0.0,0.0
cosmx_bcc_xdonor_spot_0000007490,Baseline,0.9473684210526316,0.0,0.0
cosmx_bcc_xdonor_spot_0000007491,Baseline,1.0,0.0,0.0
cosmx_bcc_xdonor_spot_0000007492,Baseline,0.95,0.0,0.05
cosmx_bcc_xdonor_spot_0000007493,Baseline,1.0,0.0,0.0
cosmx_bcc_xdonor_spot_0000007494,Baseline,1.0,0.0,0.0
cosmx_bcc_xdonor_spot_0000007495,Baseline,0.9473684210526316,0.0,0.0
cosmx_bcc_xdonor_spot_0000007790,Baseline,0.5,0.5,0.0
cosmx_bcc_xdonor_spot_0000007791,Baseline,0.9444444444444444,0.0,0.0555555555555555
cosmx_bcc_xdonor_spot_0000007792,Baseline,0.9333333333333332,0.0,0.0
cosmx_bcc_xdonor_spot_0000014378,Baseline,0.2,0.8,0.0
cosmx_bcc_xdonor_spot_0000014379,Baseline,0.8333333333333334,0.1666666666666666,0.0
cosmx_bcc_xdonor_spot_0000014380,Baseline,0.2,0.8,0.0
cosmx_bcc_xdonor_spot_0000014673,Baseline,0.1666666666666666,0.5,0.0
cosmx_bcc_xdonor_spot_0000014674,Baseline,0.3333333333333333,0.5,0.0
cosmx_bcc_xdonor_spot_0000014678,Baseline,0.5625,0.3125,0.0625
cosmx_bcc_xdonor_spot_0000014679,Baseline,0.3333333333333333,0.4666666666666667,0.0
cosmx_bcc_xdonor_spot_0000014680,Baseline,0.4,0.2,0.0
cosmx_bcc_xdonor_spot_0000014681,Baseline,0.3333333333333333,0.5,0.0
cosmx_bcc_xdonor_spot_0000014682,Baseline,0.2222222222222222,0.4444444444444444,0.0
cosmx_bcc_xdonor_spot_0000014683,Baseline,0.0,0.8,0.0
cosmx_bcc_xdonor_spot_0000014977,Baseline,0.0,0.7272727272727273,0.0
cosmx_bcc_xdonor_spot_0000014978,Baseline,0.8888888888888888,0.1111111111111111,0.0
cosmx_bcc_xdonor_spot_0000014979,Baseline,1.0,0.0,0.0
cosmx_bcc_xdonor_spot_0000014980,Baseline,0.9629629629629628,0.0,0.0
cosmx_bcc_xdonor_spot_0000014981,Baseline,0.8235294117647058,0.0588235294117647,0.0588235294117647
cosmx_bcc_xdonor_spot_0000014982,Baseline,0.0,0.8,0.0
cosmx_bcc_xdonor_spot_0000015265,Baseline,1.0,0.0,0.0
cosmx_bcc_xdonor_spot_0000015266,Baseline,1.0,0.0,0.0
cosmx_bcc_xdonor_spot_0000015271,Baseline,0.875,0.125,0.0
cosmx_bcc_xdonor_spot_0000015272,Baseline,1.0,0.0,0.0
cosmx_bcc_xdonor_spot_0000015273,Baseline,1.0,0.0,0.0
cosmx_bcc_xdonor_spot_0000015274,Baseline,0.9411764705882352,0.0588235294117647,0.0
cosmx_bcc_xdonor_spot_0000015275,Baseline,0.9047619047619048,0.0952380952380952,0.0
cosmx_bcc_xdonor_spot_0000015276,Baseline,0.375,0.625,0.0
cosmx_bcc_xdonor_spot_0000015277,Baseline,1.0,0.0,0.0
cosmx_bcc_xdonor_spot_0000015278,Baseline,1.0,0.0,0.0
cosmx_bcc_xdonor_spot_0000015279,Baseline,0.8888888888888888,0.0555555555555555,0.0
cosmx_bcc_xdonor_spot_0000015280,Baseline,0.4,0.5,0.1
cosmx_bcc_xdonor_spot_0000015281,Baseline,1.0,0.0,0.0
cosmx_bcc_xdonor_spot_0000015515,Unwound,0.1111111111111111,0.4444444444444444,0.0
cosmx_bcc_xdonor_spot_0000015516,Unwound,0.0,0.8461538461538461,0.0
cosmx_bcc_xdonor_spot_0000015517,Unwound,0.96875,0.03125,0.0
cosmx_bcc_xdonor_spot_0000015518,Unwound,1.0,0.0,0.0
cosmx_bcc_xdonor_spot_0000015519,Unwound,1.0,0.0,0.0
cosmx_bcc_xdonor_spot_0000015520,Unwound,0.2,0.5333333333333333,0.0
cosmx_bcc_xdonor_spot_0000015521,Unwound,0.0,0.625,0.0
cosmx_bcc_xdonor_spot_0000015522,Unwound,0.1666666666666666,0.75,0.0
cosmx_bcc_xdonor_spot_0000015557,Baseline,0.0,0.25,0.0
cosmx_bcc_xdonor_spot_0000015558,Baseline,1.0,0.0,0.0
cosmx_bcc_xdonor_spot_0000015559,Baseline,1.0,0.0,0.0
cosmx_bcc_xdonor_spot_0000015563,Baseline,0.9545454545454546,0.0,0.0
cosmx_bcc_xdonor_spot_0000015564,Baseline,0.9642857142857144,0.0,0.0
cosmx_bcc_xdonor_spot_0000015565,Baseline,0.8666666666666667,0.0666666666666666,0.0
cosmx_bcc_xdonor_spot_0000015566,Baseline,0.0,0.3333333333333333,0.1666666666666666
cosmx_bcc_xdonor_spot_0000015567,Baseline,0.0,1.0,0.0
cosmx_bcc_xdonor_spot_0000015568,Baseline,0.0,0.4,0.0
cosmx_bcc_xdonor_spot_0000015570,Baseline,1.0,0.0,0.0
cosmx_bcc_xdonor_spot_0000015571,Baseline,1.0,0.0,0.0
cosmx_bcc_xdonor_spot_0000015572,Baseline,1.0,0.0,0.0
cosmx_bcc_xdonor_spot_0000015573,Baseline,1.0,0.0,0.0
cosmx_bcc_xdonor_spot_0000015574,Baseline,1.0,0.0,0.0
cosmx_bcc_xdonor_spot_0000015575,Baseline,1.0,0.0,0.0
cosmx_bcc_xdonor_spot_0000015576,Baseline,0.875,0.125,0.0
cosmx_bcc_xdonor_spot_0000015577,Baseline,1.0,0.0,0.0
cosmx_bcc_xdonor_spot_0000015578,Baseline,0.1428571428571428,0.7142857142857143,0.0
cosmx_bcc_xdonor_spot_0000015579,Baseline,0.75,0.25,0.0
cosmx_bcc_xdonor_spot_0000015580,Baseline,1.0,0.0,0.0
cosmx_bcc_xdonor_spot_0000015581,Baseline,1.0,0.0,0.0
cosmx_bcc_xdonor_spot_0000015582,Baseline,0.5,0.5,0.0
cosmx_bcc_xdonor_spot_0000015583,Baseline,0.9523809523809524,0.0,0.0
cosmx_bcc_xdonor_spot_0000015584,Baseline,1.0,0.0,0.0
cosmx_bcc_xdonor_spot_0000015585,Baseline,1.0,0.0,0.0
cosmx_bcc_xdonor_spot_0000015586,Baseline,1.0,0.0,0.0
cosmx_bcc_xdonor_spot_0000015587,Baseline,1.0,0.0,0.0
cosmx_bcc_xdonor_spot_0000015588,Baseline,1.0,0.0,0.0
cosmx_bcc_xdonor_spot_0000015589,Baseline,1.0,0.0,0.0
cosmx_bcc_xdonor_spot_0000015813,Unwound,0.8,0.0,0.0
cosmx_bcc_xdonor_spot_0000015814,Unwound,0.7058823529411765,0.2352941176470588,0.0
cosmx_bcc_xdonor_spot_0000015815,Unwound,0.2727272727272727,0.4545454545454545,0.0
cosmx_bcc_xdonor_spot_0000015816,Unwound,0.7142857142857143,0.1071428571428571,0.0714285714285714
cosmx_bcc_xdonor_spot_0000015817,Unwound,1.0,0.0,0.0
cosmx_bcc_xdonor_spot_0000015818,Unwound,1.0,0.0,0.0
cosmx_bcc_xdonor_spot_0000015819,Unwound,0.2222222222222222,0.6666666666666666,0.0
cosmx_bcc_xdonor_spot_0000015820,Unwound,0.0714285714285714,0.7857142857142857,0.0
cosmx_bcc_xdonor_spot_0000015821,Unwound,0.0714285714285714,0.5,0.0714285714285714
cosmx_bcc_xdonor_spot_0000015855,Baseline,0.2,0.6,0.0
cosmx_bcc_xdonor_spot_0000015856,Baseline,0.2857142857142857,0.5714285714285714,0.0
cosmx_bcc_xdonor_spot_0000015857,Baseline,0.0909090909090909,0.6363636363636364,0.0909090909090909
cosmx_bcc_xdonor_spot_0000015858,Baseline,0.7272727272727273,0.1818181818181818,0.0
cosmx_bcc_xdonor_spot_0000015859,Baseline,0.0,0.8,0.0
cosmx_bcc_xdonor_spot_0000015861,Baseline,0.0,0.5333333333333333,0.0
cosmx_bcc_xdonor_spot_0000015862,Baseline,0.5,0.4166666666666667,0.0
cosmx_bcc_xdonor_spot_0000015863,Baseline,1.0,0.0,0.0
cosmx_bcc_xdonor_spot_0000015864,Baseline,0.9047619047619048,0.0,0.0
cosmx_bcc_xdonor_spot_0000015865,Baseline,0.0,0.5555555555555556,0.0
cosmx_bcc_xdonor_spot_0000015866,Baseline,0.8666666666666667,0.1333333333333333,0.0
cosmx_bcc_xdonor_spot_0000015867,Baseline,1.0,0.0,0.0
cosmx_bcc_xdonor_spot_0000015868,Baseline,0.0,0.8333333333333334,0.0
cosmx_bcc_xdonor_spot_0000015869,Baseline,0.9047619047619048,0.0952380952380952,0.0
cosmx_bcc_xdonor_spot_0000015870,Baseline,1.0,0.0,0.0
cosmx_bcc_xdonor_spot_0000015871,Baseline,0.9230769230769232,0.0,0.0
cosmx_bcc_xdonor_spot_0000015872,Baseline,1.0,0.0,0.0
cosmx_bcc_xdonor_spot_0000015873,Baseline,1.0,0.0,0.0
cosmx_bcc_xdonor_spot_0000015874,Baseline,1.0,0.0,0.0
cosmx_bcc_xdonor_spot_0000015875,Baseline,0.975,0.0,0.0
cosmx_bcc_xdonor_spot_0000015876,Baseline,0.7142857142857143,0.2857142857142857,0.0
cosmx_bcc_xdonor_spot_0000015877,Baseline,0.0,0.8,0.2
cosmx_bcc_xdonor_spot_0000015878,Baseline,0.8823529411764706,0.1176470588235294,0.0
cosmx_bcc_xdonor_spot_0000015879,Baseline,1.0,0.0,0.0
cosmx_bcc_xdonor_spot_0000015880,Baseline,1.0,0.0,0.0
cosmx_bcc_xdonor_spot_0000015881,Baseline,0.9090909090909092,0.0909090909090909,0.0
cosmx_bcc_xdonor_spot_0000015882,Baseline,1.0,0.0,0.0
cosmx_bcc_xdonor_spot_0000015883,Baseline,1.0,0.0,0.0
cosmx_bcc_xdonor_spot_0000015884,Baseline,1.0,0.0,0.0
cosmx_bcc_xdonor_spot_0000015885,Baseline,1.0,0.0,0.0
cosmx_bcc_xdonor_spot_0000015887,Baseline,1.0,0.0,0.0
cosmx_bcc_xdonor_spot_0000015888,Baseline,0.96,0.0,0.0
cosmx_bcc_xdonor_spot_0000015890,Baseline,0.0,0.8333333333333334,0.0
cosmx_bcc_xdonor_spot_0000015891,Baseline,0.1111111111111111,0.1111111111111111,0.0
cosmx_bcc_xdonor_spot_0000016061,Unwound,0.4285714285714285,0.4285714285714285,0.0
cosmx_bcc_xdonor_spot_0000016062,Unwound,0.7333333333333333,0.0666666666666666,0.0
cosmx_bcc_xdonor_spot_0000016063,Unwound,0.6666666666666666,0.3333333333333333,0.0
cosmx_bcc_xdonor_spot_0000016065,Unwound,0.8888888888888888,0.0,0.0
cosmx_bcc_xdonor_spot_0000016066,Unwound,1.0,0.0,0.0
cosmx_bcc_xdonor_spot_0000016067,Unwound,1.0,0.0,0.0
cosmx_bcc_xdonor_spot_0000016068,Unwound,0.8888888888888888,0.0555555555555555,0.0
cosmx_bcc_xdonor_spot_0000016069,Unwound,1.0,0.0,0.0
cosmx_bcc_xdonor_spot_0000016112,Unwound,0.935483870967742,0.032258064516129,0.0
cosmx_bcc_xdonor_spot_0000016113,Unwound,0.7916666666666666,0.1666666666666666,0.0
cosmx_bcc_xdonor_spot_0000016114,Unwound,0.4166666666666667,0.3333333333333333,0.0833333333333333
cosmx_bcc_xdonor_spot_0000016115,Unwound,1.0,0.0,0.0
cosmx_bcc_xdonor_spot_0000016116,Unwound,0.8846153846153846,0.1153846153846153,0.0
cosmx_bcc_xdonor_spot_0000016117,Unwound,0.7894736842105263,0.2105263157894736,0.0
cosmx_bcc_xdonor_spot_0000016118,Unwound,0.0,0.65,0.05
cosmx_bcc_xdonor_spot_0000016119,Unwound,0.5714285714285714,0.238095238095238,0.0476190476190476
cosmx_bcc_xdonor_spot_0000016120,Unwound,0.3125,0.4375,0.0
cosmx_bcc_xdonor_spot_0000016121,Unwound,0.0,0.5714285714285714,0.1428571428571428
cosmx_bcc_xdonor_spot_0000016154,Baseline,1.0,0.0,0.0
cosmx_bcc_xdonor_spot_0000016155,Baseline,0.7058823529411765,0.1764705882352941,0.0
cosmx_bcc_xdonor_spot_0000016156,Baseline,0.0,0.375,0.0
cosmx_bcc_xdonor_spot_0000016157,Baseline,0.0,0.8888888888888888,0.0
cosmx_bcc_xdonor_spot_0000016160,Baseline,0.0,0.7142857142857143,0.1428571428571428
cosmx_bcc_xdonor_spot_0000016161,Baseline,0.1,0.7,0.0
cosmx_bcc_xdonor_spot_0000016162,Baseline,0.6428571428571429,0.2857142857142857,0.0
cosmx_bcc_xdonor_spot_0000016163,Baseline,1.0,0.0,0.0
cosmx_bcc_xdonor_spot_0000016164,Baseline,0.7142857142857143,0.0476190476190476,0.0
cosmx_bcc_xdonor_spot_0000016165,Baseline,1.0,0.0,0.0
cosmx_bcc_xdonor_spot_0000016166,Baseline,1.0,0.0,0.0
cosmx_bcc_xdonor_spot_0000016167,Baseline,0.0,0.5,0.0
cosmx_bcc_xdonor_spot_0000016168,Baseline,0.4,0.2,0.2
cosmx_bcc_xdonor_spot_0000016169,Baseline,0.9523809523809524,0.0,0.0
cosmx_bcc_xdonor_spot_0000016170,Baseline,1.0,0.0,0.0
cosmx_bcc_xdonor_spot_0000016171,Baseline,1.0,0.0,0.0
cosmx_bcc_xdonor_spot_0000016172,Baseline,1.0,0.0,0.0
cosmx_bcc_xdonor_spot_0000016173,Baseline,0.8095238095238095,0.1428571428571428,0.0
cosmx_bcc_xdonor_spot_0000016174,Baseline,0.5,0.3,0.0
cosmx_bcc_xdonor_spot_0000016175,Baseline,0.0,0.6666666666666666,0.1666666666666666
cosmx_bcc_xdonor_spot_0000016176,Baseline,0.9,0.0,0.0
cosmx_bcc_xdonor_spot_0000016177,Baseline,0.7857142857142857,0.2142857142857142,0.0
cosmx_bcc_xdonor_spot_0000016178,Baseline,0.6666666666666666,0.3333333333333333,0.0
cosmx_bcc_xdonor_spot_0000016179,Baseline,0.2666666666666666,0.4,0.0
cosmx_bcc_xdonor_spot_0000016180,Baseline,0.6428571428571429,0.2857142857142857,0.0714285714285714
cosmx_bcc_xdonor_spot_0000016181,Baseline,0.9615384615384616,0.0384615384615384,0.0
cosmx_bcc_xdonor_spot_0000016182,Baseline,0.8333333333333334,0.1666666666666666,0.0
cosmx_bcc_xdonor_spot_0000016183,Baseline,0.8461538461538461,0.0769230769230769,0.0
cosmx_bcc_xdonor_spot_0000016184,Baseline,0.6666666666666666,0.2666666666666666,0.0
cosmx_bcc_xdonor_spot_0000016185,Baseline,0.8888888888888888,0.1111111111111111,0.0
cosmx_bcc_xdonor_spot_0000016186,Baseline,0.5,0.4,0.1
cosmx_bcc_xdonor_spot_0000016187,Baseline,0.2857142857142857,0.7142857142857143,0.0
cosmx_bcc_xdonor_spot_0000016188,Baseline,0.8571428571428571,0.0,0.0
cosmx_bcc_xdonor_spot_0000016189,Baseline,0.5,0.2,0.1
cosmx_bcc_xdonor_spot_0000016360,Unwound,1.0,0.0,0.0
cosmx_bcc_xdonor_spot_0000016361,Unwound,0.9285714285714286,0.0,0.0
cosmx_bcc_xdonor_spot_0000016362,Unwound,0.9444444444444444,0.0,0.0
cosmx_bcc_xdonor_spot_0000016363,Unwound,1.0,0.0,0.0
cosmx_bcc_xdonor_spot_0000016364,Unwound,1.0,0.0,0.0
cosmx_bcc_xdonor_spot_0000016365,Unwound,1.0,0.0,0.0
cosmx_bcc_xdonor_spot_0000016366,Unwound,0.896551724137931,0.0,0.0
cosmx_bcc_xdonor_spot_0000016367,Unwound,0.9444444444444444,0.0555555555555555,0.0
cosmx_bcc_xdonor_spot_0000016368,Unwound,0.625,0.25,0.0
cosmx_bcc_xdonor_spot_0000016369,Unwound,1.0,0.0,0.0
cosmx_bcc_xdonor_spot_0000016370,Unwound,0.8888888888888888,0.1111111111111111,0.0
cosmx_bcc_xdonor_spot_0000016409,Unwound,1.0,0.0,0.0
cosmx_bcc_xdonor_spot_0000016410,Unwound,1.0,0.0,0.0
cosmx_bcc_xdonor_spot_0000016411,Unwound,1.0,0.0,0.0
cosmx_bcc_xdonor_spot_0000016412,Unwound,0.2666666666666666,0.5333333333333333,0.0
cosmx_bcc_xdonor_spot_0000016413,Unwound,0.3636363636363636,0.6363636363636364,0.0
cosmx_bcc_xdonor_spot_0000016414,Unwound,1.0,0.0,0.0
cosmx_bcc_xdonor_spot_0000016415,Unwound,0.5833333333333334,0.1666666666666666,0.0
cosmx_bcc_xdonor_spot_0000016416,Unwound,0.925925925925926,0.0,0.037037037037037
cosmx_bcc_xdonor_spot_0000016417,Unwound,0.7777777777777778,0.1111111111111111,0.0
cosmx_bcc_xdonor_spot_0000016418,Unwound,1.0,0.0,0.0
cosmx_bcc_xdonor_spot_0000016419,Unwound,0.6666666666666666,0.3333333333333333,0.0
cosmx_bcc_xdonor_spot_0000016425,Unwound,0.7692307692307693,0.0,0.0
cosmx_bcc_xdonor_spot_0000016428,Unwound,0.1428571428571428,0.1428571428571428,0.0
cosmx_bcc_xdonor_spot_0000016429,Unwound,0.0,0.0,0.0
cosmx_bcc_xdonor_spot_0000016430,Unwound,0.8,0.2,0.0
cosmx_bcc_xdonor_spot_0000016431,Unwound,0.1666666666666666,0.1666666666666666,0.0
cosmx_bcc_xdonor_spot_0000016432,Unwound,0.1111111111111111,0.0,0.0
cosmx_bcc_xdonor_spot_0000016435,Unwound,0.3333333333333333,0.0,0.0
cosmx_bcc_xdonor_spot_0000016453,Baseline,1.0,0.0,0.0
cosmx_bcc_xdonor_spot_0000016454,Baseline,1.0,0.0,0.0
cosmx_bcc_xdonor_spot_0000016455,Baseline,0.5555555555555556,0.2222222222222222,0.0
cosmx_bcc_xdonor_spot_0000016456,Baseline,0.3636363636363636,0.4545454545454545,0.0
cosmx_bcc_xdonor_spot_0000016457,Baseline,0.0,0.7142857142857143,0.0
cosmx_bcc_xdonor_spot_0000016458,Baseline,0.0,0.8333333333333334,0.0
cosmx_bcc_xdonor_spot_0000016459,Baseline,1.0,0.0,0.0
cosmx_bcc_xdonor_spot_0000016460,Baseline,1.0,0.0,0.0
cosmx_bcc_xdonor_spot_0000016461,Baseline,0.8333333333333334,0.1666666666666666,0.0
cosmx_bcc_xdonor_spot_0000016463,Baseline,1.0,0.0,0.0
cosmx_bcc_xdonor_spot_0000016464,Baseline,1.0,0.0,0.0
cosmx_bcc_xdonor_spot_0000016465,Baseline,0.625,0.125,0.0
cosmx_bcc_xdonor_spot_0000016468,Baseline,0.0,0.7272727272727273,0.0
cosmx_bcc_xdonor_spot_0000016469,Baseline,0.9090909090909092,0.0909090909090909,0.0
cosmx_bcc_xdonor_spot_0000016470,Baseline,1.0,0.0,0.0
cosmx_bcc_xdonor_spot_0000016471,Baseline,0.7391304347826086,0.217391304347826,0.0
cosmx_bcc_xdonor_spot_0000016472,Baseline,0.4285714285714285,0.4285714285714285,0.0
cosmx_bcc_xdonor_spot_0000016475,Baseline,1.0,0.0,0.0
cosmx_bcc_xdonor_spot_0000016476,Baseline,1.0,0.0,0.0
cosmx_bcc_xdonor_spot_0000016477,Baseline,0.9444444444444444,0.0555555555555555,0.0
cosmx_bcc_xdonor_spot_0000016478,Baseline,0.6666666666666666,0.3333333333333333,0.0
cosmx_bcc_xdonor_spot_0000016479,Baseline,1.0,0.0,0.0
cosmx_bcc_xdonor_spot_0000016480,Baseline,0.5,0.5,0.0
cosmx_bcc_xdonor_spot_0000016481,Baseline,0.0,1.0,0.0
cosmx_bcc_xdonor_spot_0000016482,Baseline,0.6,0.4,0.0
cosmx_bcc_xdonor_spot_0000016483,Baseline,0.9444444444444444,0.0555555555555555,0.0
cosmx_bcc_xdonor_spot_0000016484,Baseline,0.9666666666666668,0.0,0.0
cosmx_bcc_xdonor_spot_0000016485,Baseline,0.6363636363636364,0.2727272727272727,0.0
cosmx_bcc_xdonor_spot_0000016486,Baseline,1.0,0.0,0.0
cosmx_bcc_xdonor_spot_0000016487,Baseline,1.0,0.0,0.0
cosmx_bcc_xdonor_spot_0000016488,Baseline,0.8181818181818182,0.0,0.0
cosmx_bcc_xdonor_spot_0000016489,Baseline,0.4,0.0,0.0
cosmx_bcc_xdonor_spot_0000016659,Unwound,1.0,0.0,0.0
cosmx_bcc_xdonor_spot_0000016660,Unwound,0.9047619047619048,0.0476190476190476,0.0
cosmx_bcc_xdonor_spot_0000016661,Unwound,0.7916666666666666,0.125,0.0
cosmx_bcc_xdonor_spot_0000016662,Unwound,0.8125,0.0,0.0
cosmx_bcc_xdonor_spot_0000016663,Unwound,0.8,0.2,0.0
cosmx_bcc_xdonor_spot_0000016664,Unwound,0.25,0.375,0.0
cosmx_bcc_xdonor_spot_0000016665,Unwound,0.8947368421052632,0.0526315789473684,0.0
cosmx_bcc_xdonor_spot_0000016666,Unwound,0.25,0.5,0.0
cosmx_bcc_xdonor_spot_0000016667,Unwound,0.0,0.6,0.0
cosmx_bcc_xdonor_spot_0000016668,Unwound,0.8,0.1,0.0
cosmx_bcc_xdonor_spot_0000016669,Unwound,0.8181818181818182,0.0,0.0
cosmx_bcc_xdonor_spot_0000016709,Unwound,0.8181818181818182,0.1212121212121212,0.0303030303030303
cosmx_bcc_xdonor_spot_0000016710,Unwound,0.4358974358974359,0.1025641025641025,0.0256410256410256
cosmx_bcc_xdonor_spot_0000016711,Unwound,0.4642857142857143,0.3214285714285714,0.0
cosmx_bcc_xdonor_spot_0000016712,Unwound,0.7692307692307693,0.1538461538461538,0.0
cosmx_bcc_xdonor_spot_0000016713,Unwound,0.8260869565217391,0.1739130434782608,0.0
cosmx_bcc_xdonor_spot_0000016714,Unwound,0.9166666666666666,0.0833333333333333,0.0
cosmx_bcc_xdonor_spot_0000016715,Unwound,1.0,0.0,0.0
cosmx_bcc_xdonor_spot_0000016716,Unwound,0.85,0.1,0.0
cosmx_bcc_xdonor_spot_0000016717,Unwound,0.9722222222222222,0.0277777777777777,0.0
cosmx_bcc_xdonor_spot_0000016718,Unwound,1.0,0.0,0.0
cosmx_bcc_xdonor_spot_0000016719,Unwound,0.4,0.4,0.0
cosmx_bcc_xdonor_spot_0000016723,Unwound,0.92,0.0,0.0
cosmx_bcc_xdonor_spot_0000016724,Unwound,0.935483870967742,0.032258064516129,0.0
cosmx_bcc_xdonor_spot_0000016725,Unwound,0.2727272727272727,0.3636363636363636,0.0
cosmx_bcc_xdonor_spot_0000016728,Unwound,0.8846153846153846,0.0384615384615384,0.0
cosmx_bcc_xdonor_spot_0000016729,Unwound,0.9090909090909092,0.0,0.0454545454545454
cosmx_bcc_xdonor_spot_0000016730,Unwound,0.625,0.125,0.0
cosmx_bcc_xdonor_spot_0000016731,Unwound,0.125,0.25,0.0
cosmx_bcc_xdonor_spot_0000016732,Unwound,0.2857142857142857,0.2142857142857142,0.0
cosmx_bcc_xdonor_spot_0000016733,Unwound,0.1818181818181818,0.0,0.0
cosmx_bcc_xdonor_spot_0000016734,Unwound,0.3333333333333333,0.1666666666666666,0.0
cosmx_bcc_xdonor_spot_0000016752,Baseline,1.0,0.0,0.0
cosmx_bcc_xdonor_spot_0000016753,Baseline,0.8333333333333334,0.1666666666666666,0.0
cosmx_bcc_xdonor_spot_0000016754,Baseline,0.25,0.625,0.0
cosmx_bcc_xdonor_spot_0000016755,Baseline,0.1818181818181818,0.2727272727272727,0.0
cosmx_bcc_xdonor_spot_0000016758,Baseline,1.0,0.0,0.0
cosmx_bcc_xdonor_spot_0000016759,Baseline,1.0,0.0,0.0
cosmx_bcc_xdonor_spot_0000016760,Baseline,1.0,0.0,0.0
cosmx_bcc_xdonor_spot_0000016761,Baseline,1.0,0.0,0.0
cosmx_bcc_xdonor_spot_0000016762,Baseline,1.0,0.0,0.0
cosmx_bcc_xdonor_spot_0000016763,Baseline,0.9047619047619048,0.0476190476190476,0.0
cosmx_bcc_xdonor_spot_0000016764,Baseline,0.1,0.4,0.0
cosmx_bcc_xdonor_spot_0000016769,Baseline,0.4444444444444444,0.1111111111111111,0.0
cosmx_bcc_xdonor_spot_0000016770,Baseline,0.2222222222222222,0.3333333333333333,0.0
cosmx_bcc_xdonor_spot_0000016771,Baseline,0.2,0.6,0.2
cosmx_bcc_xdonor_spot_0000016774,Baseline,0.95,0.0,0.0
cosmx_bcc_xdonor_spot_0000016775,Baseline,1.0,0.0,0.0
cosmx_bcc_xdonor_spot_0000016776,Baseline,1.0,0.0,0.0
cosmx_bcc_xdonor_spot_0000016777,Baseline,0.9583333333333334,0.0,0.0
cosmx_bcc_xdonor_spot_0000016778,Baseline,1.0,0.0,0.0
cosmx_bcc_xdonor_spot_0000016779,Baseline,1.0,0.0,0.0
cosmx_bcc_xdonor_spot_0000016781,Baseline,0.7857142857142857,0.2142857142857142,0.0
cosmx_bcc_xdonor_spot_0000016782,Baseline,0.4666666666666667,0.2666666666666666,0.0
cosmx_bcc_xdonor_spot_0000016783,Baseline,0.75,0.125,0.0
cosmx_bcc_xdonor_spot_0000016784,Baseline,0.5333333333333333,0.4,0.0
cosmx_bcc_xdonor_spot_0000016785,Baseline,1.0,0.0,0.0
cosmx_bcc_xdonor_spot_0000016786,Baseline,1.0,0.0,0.0
cosmx_bcc_xdonor_spot_0000016787,Baseline,0.6666666666666666,0.0,0.0
cosmx_bcc_xdonor_spot_0000016957,Unwound,0.8333333333333334,0.1666666666666666,0.0
cosmx_bcc_xdonor_spot_0000016959,Unwound,0.0,0.3333333333333333,0.0
cosmx_bcc_xdonor_spot_0000016961,Unwound,0.2857142857142857,0.5714285714285714,0.0
cosmx_bcc_xdonor_spot_0000016962,Unwound,0.1,0.6,0.0
cosmx_bcc_xdonor_spot_0000016963,Unwound,0.9,0.0,0.0
cosmx_bcc_xdonor_spot_0000016964,Unwound,0.6923076923076923,0.2307692307692307,0.0
cosmx_bcc_xdonor_spot_0000016965,Unwound,0.6956521739130435,0.1304347826086956,0.0
cosmx_bcc_xdonor_spot_0000016966,Unwound,0.6428571428571429,0.0714285714285714,0.0
cosmx_bcc_xdonor_spot_0000016967,Unwound,0.1666666666666666,0.8333333333333334,0.0
cosmx_bcc_xdonor_spot_0000017008,Unwound,0.0769230769230769,0.1153846153846153,0.6538461538461539
cosmx_bcc_xdonor_spot_0000017009,Unwound,0.05,0.25,0.35
cosmx_bcc_xdonor_spot_0000017010,Unwound,0.9130434782608696,0.0434782608695652,0.0
cosmx_bcc_xdonor_spot_0000017011,Unwound,1.0,0.0,0.0
cosmx_bcc_xdonor_spot_0000017012,Unwound,0.65,0.3,0.05
cosmx_bcc_xdonor_spot_0000017013,Unwound,0.75,0.25,0.0
cosmx_bcc_xdonor_spot_0000017014,Unwound,0.8214285714285714,0.0714285714285714,0.0357142857142857
cosmx_bcc_xdonor_spot_0000017015,Unwound,0.1904761904761904,0.5238095238095238,0.1428571428571428
cosmx_bcc_xdonor_spot_0000017016,Unwound,1.0,0.0,0.0
cosmx_bcc_xdonor_spot_0000017017,Unwound,0.875,0.03125,0.03125
cosmx_bcc_xdonor_spot_0000017022,Unwound,0.8888888888888888,0.0555555555555555,0.0
cosmx_bcc_xdonor_spot_0000017023,Unwound,0.75,0.125,0.0
cosmx_bcc_xdonor_spot_0000017024,Unwound,1.0,0.0,0.0
cosmx_bcc_xdonor_spot_0000017025,Unwound,0.9,0.1,0.0
cosmx_bcc_xdonor_spot_0000017026,Unwound,0.95,0.05,0.0
cosmx_bcc_xdonor_spot_0000017027,Unwound,1.0,0.0,0.0
cosmx_bcc_xdonor_spot_0000017028,Unwound,1.0,0.0,0.0
cosmx_bcc_xdonor_spot_0000017029,Unwound,0.9523809523809524,0.0,0.0
cosmx_bcc_xdonor_spot_0000017030,Unwound,0.7407407407407407,0.1111111111111111,0.0
cosmx_bcc_xdonor_spot_0000017031,Unwound,0.2,0.5,0.0
cosmx_bcc_xdonor_spot_0000017032,Unwound,0.0588235294117647,0.2941176470588235,0.0
cosmx_bcc_xdonor_spot_0000017033,Unwound,0.0909090909090909,0.0,0.0
cosmx_bcc_xdonor_spot_0000017034,Unwound,0.3333333333333333,0.1666666666666666,0.0
cosmx_bcc_xdonor_spot_0000017052,Baseline,0.125,0.25,0.0
cosmx_bcc_xdonor_spot_0000017053,Baseline,0.1111111111111111,0.6666666666666666,0.0
cosmx_bcc_xdonor_spot_0000017054,Baseline,0.1428571428571428,0.5714285714285714,0.0
cosmx_bcc_xdonor_spot_0000017058,Baseline,0.95,0.0,0.0
cosmx_bcc_xdonor_spot_0000017060,Baseline,1.0,0.0,0.0
cosmx_bcc_xdonor_spot_0000017061,Baseline,0.9090909090909092,0.0909090909090909,0.0
cosmx_bcc_xdonor_spot_0000017066,Baseline,0.9285714285714286,0.0,0.0
cosmx_bcc_xdonor_spot_0000017067,Baseline,1.0,0.0,0.0
cosmx_bcc_xdonor_spot_0000017068,Baseline,0.6666666666666666,0.3333333333333333,0.0
cosmx_bcc_xdonor_spot_0000017073,Baseline,0.6153846153846154,0.0769230769230769,0.0
cosmx_bcc_xdonor_spot_0000017074,Baseline,0.8421052631578947,0.0,0.0
cosmx_bcc_xdonor_spot_0000017075,Baseline,0.8666666666666667,0.0,0.0
cosmx_bcc_xdonor_spot_0000017076,Baseline,0.9473684210526316,0.0,0.0
cosmx_bcc_xdonor_spot_0000017077,Baseline,1.0,0.0,0.0
cosmx_bcc_xdonor_spot_0000017078,Baseline,1.0,0.0,0.0
cosmx_bcc_xdonor_spot_0000017079,Baseline,1.0,0.0,0.0
cosmx_bcc_xdonor_spot_0000017080,Baseline,0.9230769230769232,0.0769230769230769,0.0
cosmx_bcc_xdonor_spot_0000017081,Baseline,0.9090909090909092,0.0,0.0
cosmx_bcc_xdonor_spot_0000017082,Baseline,1.0,0.0,0.0
cosmx_bcc_xdonor_spot_0000017084,Baseline,1.0,0.0,0.0
cosmx_bcc_xdonor_spot_0000017085,Baseline,1.0,0.0,0.0
cosmx_bcc_xdonor_spot_0000017086,Baseline,1.0,0.0,0.0
cosmx_bcc_xdonor_spot_0000017256,Unwound,1.0,0.0,0.0
cosmx_bcc_xdonor_spot_0000017257,Unwound,1.0,0.0,0.0
cosmx_bcc_xdonor_spot_0000017258,Unwound,0.8571428571428571,0.0,0.0
cosmx_bcc_xdonor_spot_0000017259,Unwound,0.3529411764705882,0.1764705882352941,0.0588235294117647
cosmx_bcc_xdonor_spot_0000017260,Unwound,0.9473684210526316,0.0526315789473684,0.0
cosmx_bcc_xdonor_spot_0000017261,Unwound,0.7368421052631579,0.1052631578947368,0.0
cosmx_bcc_xdonor_spot_0000017262,Unwound,1.0,0.0,0.0
cosmx_bcc_xdonor_spot_0000017263,Unwound,0.75,0.125,0.0625
cosmx_bcc_xdonor_spot_0000017264,Unwound,0.9090909090909092,0.0454545454545454,0.0
cosmx_bcc_xdonor_spot_0000017265,Unwound,0.0,0.8888888888888888,0.0
cosmx_bcc_xdonor_spot_0000017266,Unwound,0.1428571428571428,0.7142857142857143,0.0
cosmx_bcc_xdonor_spot_0000017306,Unwound,0.3684210526315789,0.0,0.0526315789473684
cosmx_bcc_xdonor_spot_0000017307,Unwound,0.0476190476190476,0.0,0.8095238095238095
cosmx_bcc_xdonor_spot_0000017308,Unwound,0.0,0.2666666666666666,0.6
cosmx_bcc_xdonor_spot_0000017309,Unwound,0.4782608695652174,0.3478260869565217,0.1304347826086956
cosmx_bcc_xdonor_spot_0000017310,Unwound,0.8095238095238095,0.0476190476190476,0.0952380952380952
cosmx_bcc_xdonor_spot_0000017311,Unwound,0.6666666666666666,0.1666666666666666,0.1111111111111111
cosmx_bcc_xdonor_spot_0000017312,Unwound,0.9565217391304348,0.0434782608695652,0.0
cosmx_bcc_xdonor_spot_0000017313,Unwound,0.5217391304347826,0.3478260869565217,0.0434782608695652
cosmx_bcc_xdonor_spot_0000017314,Unwound,0.0625,0.4375,0.125
cosmx_bcc_xdonor_spot_0000017315,Unwound,0.7,0.2,0.05
cosmx_bcc_xdonor_spot_0000017316,Unwound,0.6,0.0666666666666666,0.0
cosmx_bcc_xdonor_spot_0000017317,Unwound,0.2,0.2,0.0
cosmx_bcc_xdonor_spot_0000017321,Unwound,0.9473684210526316,0.0526315789473684,0.0
cosmx_bcc_xdonor_spot_0000017322,Unwound,0.9310344827586208,0.0344827586206896,0.0
cosmx_bcc_xdonor_spot_0000017323,Unwound,1.0,0.0,0.0
cosmx_bcc_xdonor_spot_0000017324,Unwound,1.0,0.0,0.0
cosmx_bcc_xdonor_spot_0000017325,Unwound,1.0,0.0,0.0
cosmx_bcc_xdonor_spot_0000017326,Unwound,0.96875,0.0,0.0
cosmx_bcc_xdonor_spot_0000017327,Unwound,1.0,0.0,0.0
cosmx_bcc_xdonor_spot_0000017328,Unwound,1.0,0.0,0.0
cosmx_bcc_xdonor_spot_0000017329,Unwound,1.0,0.0,0.0
cosmx_bcc_xdonor_spot_0000017332,Unwound,0.875,0.0,0.0
cosmx_bcc_xdonor_spot_0000017352,Baseline,0.1111111111111111,0.7777777777777778,0.0
cosmx_bcc_xdonor_spot_0000017353,Baseline,0.3,0.2,0.0
cosmx_bcc_xdonor_spot_0000017355,Baseline,1.0,0.0,0.0
cosmx_bcc_xdonor_spot_0000017356,Baseline,1.0,0.0,0.0
cosmx_bcc_xdonor_spot_0000017357,Baseline,1.0,0.0,0.0
cosmx_bcc_xdonor_spot_0000017358,Baseline,1.0,0.0,0.0
cosmx_bcc_xdonor_spot_0000017359,Baseline,1.0,0.0,0.0
cosmx_bcc_xdonor_spot_0000017360,Baseline,1.0,0.0,0.0
cosmx_bcc_xdonor_spot_0000017361,Baseline,0.9523809523809524,0.0,0.0
cosmx_bcc_xdonor_spot_0000017362,Baseline,0.9411764705882352,0.0,0.0
cosmx_bcc_xdonor_spot_0000017363,Baseline,1.0,0.0,0.0
cosmx_bcc_xdonor_spot_0000017364,Baseline,1.0,0.0,0.0
cosmx_bcc_xdonor_spot_0000017365,Baseline,0.7777777777777778,0.2222222222222222,0.0
cosmx_bcc_xdonor_spot_0000017366,Baseline,0.4444444444444444,0.2222222222222222,0.0
cosmx_bcc_xdonor_spot_0000017370,Baseline,0.3333333333333333,0.5555555555555556,0.0
cosmx_bcc_xdonor_spot_0000017371,Baseline,0.7272727272727273,0.0,0.0
cosmx_bcc_xdonor_spot_0000017372,Baseline,1.0,0.0,0.0
cosmx_bcc_xdonor_spot_0000017373,Baseline,1.0,0.0,0.0
cosmx_bcc_xdonor_spot_0000017374,Baseline,0.0,0.75,0.125
cosmx_bcc_xdonor_spot_0000017375,Baseline,0.375,0.625,0.0
cosmx_bcc_xdonor_spot_0000017376,Baseline,1.0,0.0,0.0
cosmx_bcc_xdonor_spot_0000017377,Baseline,1.0,0.0,0.0
cosmx_bcc_xdonor_spot_0000017378,Baseline,1.0,0.0,0.0
cosmx_bcc_xdonor_spot_0000017379,Baseline,0.875,0.0,0.0
cosmx_bcc_xdonor_spot_0000017380,Baseline,0.9375,0.0,0.0
cosmx_bcc_xdonor_spot_0000017381,Baseline,1.0,0.0,0.0
cosmx_bcc_xdonor_spot_0000017382,Baseline,0.9375,0.0625,0.0
cosmx_bcc_xdonor_spot_0000017383,Baseline,1.0,0.0,0.0
cosmx_bcc_xdonor_spot_0000017385,Baseline,0.4,0.0,0.0
cosmx_bcc_xdonor_spot_0000017555,Unwound,0.875,0.0,0.0
cosmx_bcc_xdonor_spot_0000017557,Unwound,0.5,0.2777777777777778,0.0
cosmx_bcc_xdonor_spot_0000017558,Unwound,0.8461538461538461,0.0769230769230769,0.0
cosmx_bcc_xdonor_spot_0000017559,Unwound,1.0,0.0,0.0
cosmx_bcc_xdonor_spot_0000017560,Unwound,0.4,0.4,0.0666666666666666
cosmx_bcc_xdonor_spot_0000017561,Unwound,0.6666666666666666,0.2222222222222222,0.0
cosmx_bcc_xdonor_spot_0000017562,Unwound,0.7,0.25,0.0
cosmx_bcc_xdonor_spot_0000017563,Unwound,0.8888888888888888,0.074074074074074,0.0
cosmx_bcc_xdonor_spot_0000017564,Unwound,0.1428571428571428,0.7142857142857143,0.0
cosmx_bcc_xdonor_spot_0000017565,Unwound,0.375,0.125,0.0
cosmx_bcc_xdonor_spot_0000017605,Unwound,0.0384615384615384,0.1538461538461538,0.2307692307692307
cosmx_bcc_xdonor_spot_0000017606,Unwound,0.0,0.0416666666666666,0.7083333333333334
cosmx_bcc_xdonor_spot_0000017607,Unwound,0.0666666666666666,0.2,0.3333333333333333
cosmx_bcc_xdonor_spot_0000017608,Unwound,0.0,0.9,0.0
cosmx_bcc_xdonor_spot_0000017609,Unwound,0.0,1.0,0.0
cosmx_bcc_xdonor_spot_0000017610,Unwound,0.0526315789473684,0.7368421052631579,0.1052631578947368
cosmx_bcc_xdonor_spot_0000017611,Unwound,1.0,0.0,0.0
cosmx_bcc_xdonor_spot_0000017612,Unwound,1.0,0.0,0.0
cosmx_bcc_xdonor_spot_0000017613,Unwound,0.2777777777777778,0.6666666666666666,0.0555555555555555
cosmx_bcc_xdonor_spot_0000017614,Unwound,1.0,0.0,0.0
cosmx_bcc_xdonor_spot_0000017615,Unwound,0.8888888888888888,0.074074074074074,0.037037037037037
cosmx_bcc_xdonor_spot_0000017616,Unwound,1.0,0.0,0.0
cosmx_bcc_xdonor_spot_0000017620,Unwound,1.0,0.0,0.0
cosmx_bcc_xdonor_spot_0000017621,Unwound,0.9736842105263158,0.0,0.0
cosmx_bcc_xdonor_spot_0000017622,Unwound,1.0,0.0,0.0
cosmx_bcc_xdonor_spot_0000017623,Unwound,1.0,0.0,0.0
cosmx_bcc_xdonor_spot_0000017624,Unwound,1.0,0.0,0.0
cosmx_bcc_xdonor_spot_0000017625,Unwound,0.9722222222222222,0.0,0.0
cosmx_bcc_xdonor_spot_0000017626,Unwound,0.9705882352941176,0.0,0.0
cosmx_bcc_xdonor_spot_0000017627,Unwound,1.0,0.0,0.0
cosmx_bcc_xdonor_spot_0000017630,Unwound,1.0,0.0,0.0
cosmx_bcc_xdonor_spot_0000017631,Unwound,1.0,0.0,0.0
cosmx_bcc_xdonor_spot_0000017651,Baseline,0.9090909090909092,0.0,0.0
cosmx_bcc_xdonor_spot_0000017652,Baseline,0.5714285714285714,0.2857142857142857,0.0
cosmx_bcc_xdonor_spot_0000017653,Baseline,0.1666666666666666,0.3333333333333333,0.1666666666666666
cosmx_bcc_xdonor_spot_0000017654,Baseline,0.9473684210526316,0.0,0.0
cosmx_bcc_xdonor_spot_0000017655,Baseline,1.0,0.0,0.0
cosmx_bcc_xdonor_spot_0000017656,Baseline,0.5333333333333333,0.2,0.0
cosmx_bcc_xdonor_spot_0000017657,Baseline,0.7142857142857143,0.2857142857142857,0.0
cosmx_bcc_xdonor_spot_0000017658,Baseline,1.0,0.0,0.0
cosmx_bcc_xdonor_spot_0000017659,Baseline,1.0,0.0,0.0
cosmx_bcc_xdonor_spot_0000017660,Baseline,1.0,0.0,0.0
cosmx_bcc_xdonor_spot_0000017661,Baseline,1.0,0.0,0.0
cosmx_bcc_xdonor_spot_0000017662,Baseline,1.0,0.0,0.0
cosmx_bcc_xdonor_spot_0000017663,Baseline,0.8333333333333334,0.0,0.0
cosmx_bcc_xdonor_spot_0000017664,Baseline,1.0,0.0,0.0
cosmx_bcc_xdonor_spot_0000017665,Baseline,0.8947368421052632,0.0,0.0
cosmx_bcc_xdonor_spot_0000017666,Baseline,0.9333333333333332,0.0,0.0
cosmx_bcc_xdonor_spot_0000017667,Baseline,0.1666666666666666,0.8333333333333334,0.0
cosmx_bcc_xdonor_spot_0000017668,Baseline,0.625,0.375,0.0
cosmx_bcc_xdonor_spot_0000017669,Baseline,1.0,0.0,0.0
cosmx_bcc_xdonor_spot_0000017670,Baseline,0.95,0.05,0.0
cosmx_bcc_xdonor_spot_0000017671,Baseline,0.9545454545454546,0.0454545454545454,0.0
cosmx_bcc_xdonor_spot_0000017672,Baseline,1.0,0.0,0.0
cosmx_bcc_xdonor_spot_0000017674,Baseline,1.0,0.0,0.0
cosmx_bcc_xdonor_spot_0000017675,Baseline,0.8235294117647058,0.1176470588235294,0.0588235294117647
cosmx_bcc_xdonor_spot_0000017676,Baseline,0.5,0.4166666666666667,0.0
cosmx_bcc_xdonor_spot_0000017677,Baseline,1.0,0.0,0.0
cosmx_bcc_xdonor_spot_0000017678,Baseline,1.0,0.0,0.0
cosmx_bcc_xdonor_spot_0000017679,Baseline,0.9473684210526316,0.0526315789473684,0.0
cosmx_bcc_xdonor_spot_0000017680,Baseline,1.0,0.0,0.0
cosmx_bcc_xdonor_spot_0000017681,Baseline,1.0,0.0,0.0
cosmx_bcc_xdonor_spot_0000017682,Baseline,0.875,0.125,0.0
cosmx_bcc_xdonor_spot_0000017684,Baseline,0.5714285714285714,0.0,0.0
cosmx_bcc_xdonor_spot_0000017855,Unwound,0.2857142857142857,0.2857142857142857,0.0
cosmx_bcc_xdonor_spot_0000017856,Unwound,0.5,0.2857142857142857,0.0
cosmx_bcc_xdonor_spot_0000017857,Unwound,1.0,0.0,0.0
cosmx_bcc_xdonor_spot_0000017858,Unwound,0.8695652173913043,0.0,0.0
cosmx_bcc_xdonor_spot_0000017859,Unwound,0.7333333333333333,0.2666666666666666,0.0
cosmx_bcc_xdonor_spot_0000017860,Unwound,0.92,0.0,0.0
cosmx_bcc_xdonor_spot_0000017861,Unwound,1.0,0.0,0.0
cosmx_bcc_xdonor_spot_0000017862,Unwound,0.9523809523809524,0.0,0.0
cosmx_bcc_xdonor_spot_0000017863,Unwound,0.8636363636363636,0.0,0.0
cosmx_bcc_xdonor_spot_0000017864,Unwound,0.7,0.1,0.0
cosmx_bcc_xdonor_spot_0000017865,Unwound,0.0,0.8333333333333334,0.0
cosmx_bcc_xdonor_spot_0000017903,Unwound,0.0833333333333333,0.1666666666666666,0.0
cosmx_bcc_xdonor_spot_0000017904,Unwound,0.0833333333333333,0.125,0.5
cosmx_bcc_xdonor_spot_0000017905,Unwound,0.1,0.0,0.75
cosmx_bcc_xdonor_spot_0000017906,Unwound,0.1,0.4,0.3
cosmx_bcc_xdonor_spot_0000017907,Unwound,0.9090909090909092,0.0,0.0454545454545454
cosmx_bcc_xdonor_spot_0000017908,Unwound,0.9393939393939394,0.0606060606060606,0.0
cosmx_bcc_xdonor_spot_0000017909,Unwound,0.5416666666666666,0.2916666666666667,0.0416666666666666
cosmx_bcc_xdonor_spot_0000017910,Unwound,0.875,0.0,0.125
cosmx_bcc_xdonor_spot_0000017911,Unwound,0.8695652173913043,0.1304347826086956,0.0
cosmx_bcc_xdonor_spot_0000017912,Unwound,0.8214285714285714,0.0714285714285714,0.0714285714285714
cosmx_bcc_xdonor_spot_0000017913,Unwound,0.9696969696969696,0.0303030303030303,0.0
cosmx_bcc_xdonor_spot_0000017914,Unwound,0.7916666666666666,0.125,0.0
cosmx_bcc_xdonor_spot_0000017915,Unwound,1.0,0.0,0.0
cosmx_bcc_xdonor_spot_0000017919,Unwound,1.0,0.0,0.0
cosmx_bcc_xdonor_spot_0000017920,Unwound,1.0,0.0,0.0
cosmx_bcc_xdonor_spot_0000017921,Unwound,1.0,0.0,0.0
cosmx_bcc_xdonor_spot_0000017922,Unwound,1.0,0.0,0.0
cosmx_bcc_xdonor_spot_0000017923,Unwound,0.935483870967742,0.032258064516129,0.032258064516129
cosmx_bcc_xdonor_spot_0000017924,Unwound,0.9629629629629628,0.037037037037037,0.0
cosmx_bcc_xdonor_spot_0000017925,Unwound,1.0,0.0,0.0
cosmx_bcc_xdonor_spot_0000017926,Unwound,1.0,0.0,0.0
cosmx_bcc_xdonor_spot_0000017927,Unwound,1.0,0.0,0.0
cosmx_bcc_xdonor_spot_0000017928,Unwound,1.0,0.0,0.0
cosmx_bcc_xdonor_spot_0000017929,Unwound,1.0,0.0,0.0
cosmx_bcc_xdonor_spot_0000017930,Unwound,1.0,0.0,0.0
cosmx_bcc_xdonor_spot_0000017931,Unwound,1.0,0.0,0.0
cosmx_bcc_xdonor_spot_0000017932,Unwound,1.0,0.0,0.0
cosmx_bcc_xdonor_spot_0000017949,Baseline,1.0,0.0,0.0
cosmx_bcc_xdonor_spot_0000017950,Baseline,1.0,0.0,0.0
cosmx_bcc_xdonor_spot_0000017951,Baseline,1.0,0.0,0.0
cosmx_bcc_xdonor_spot_0000017952,Baseline,0.9166666666666666,0.0,0.0
cosmx_bcc_xdonor_spot_0000017953,Baseline,1.0,0.0,0.0
cosmx_bcc_xdonor_spot_0000017954,Baseline,1.0,0.0,0.0
cosmx_bcc_xdonor_spot_0000017957,Baseline,1.0,0.0,0.0
cosmx_bcc_xdonor_spot_0000017958,Baseline,1.0,0.0,0.0
cosmx_bcc_xdonor_spot_0000017959,Baseline,1.0,0.0,0.0
cosmx_bcc_xdonor_spot_0000017960,Baseline,0.9375,0.0625,0.0
cosmx_bcc_xdonor_spot_0000017961,Baseline,0.6,0.2,0.0
cosmx_bcc_xdonor_spot_0000017963,Baseline,1.0,0.0,0.0
cosmx_bcc_xdonor_spot_0000017964,Baseline,1.0,0.0,0.0
cosmx_bcc_xdonor_spot_0000017965,Baseline,0.9583333333333334,0.0,0.0
cosmx_bcc_xdonor_spot_0000017966,Baseline,0.0,0.3333333333333333,0.0
cosmx_bcc_xdonor_spot_0000017968,Baseline,1.0,0.0,0.0
cosmx_bcc_xdonor_spot_0000017969,Baseline,1.0,0.0,0.0
cosmx_bcc_xdonor_spot_0000017970,Baseline,1.0,0.0,0.0
cosmx_bcc_xdonor_spot_0000017971,Baseline,1.0,0.0,0.0
cosmx_bcc_xdonor_spot_0000017972,Baseline,1.0,0.0,0.0
cosmx_bcc_xdonor_spot_0000017973,Baseline,0.875,0.125,0.0
cosmx_bcc_xdonor_spot_0000017974,Baseline,0.2,0.4,0.0
cosmx_bcc_xdonor_spot_0000017975,Baseline,0.4,0.0,0.0
cosmx_bcc_xdonor_spot_0000017976,Baseline,0.75,0.25,0.0
cosmx_bcc_xdonor_spot_0000017977,Baseline,0.6923076923076923,0.3076923076923077,0.0
cosmx_bcc_xdonor_spot_0000017978,Baseline,0.9166666666666666,0.0,0.0833333333333333
cosmx_bcc_xdonor_spot_0000017979,Baseline,1.0,0.0,0.0
cosmx_bcc_xdonor_spot_0000017980,Baseline,0.9655172413793104,0.0,0.0
cosmx_bcc_xdonor_spot_0000017981,Baseline,0.9047619047619048,0.0,0.0
cosmx_bcc_xdonor_spot_0000018153,Unwound,0.6,0.2,0.0
cosmx_bcc_xdonor_spot_0000018154,Unwound,0.8571428571428571,0.0,0.0
cosmx_bcc_xdonor_spot_0000018155,Unwound,0.9,0.1,0.0
cosmx_bcc_xdonor_spot_0000018156,Unwound,0.3333333333333333,0.5,0.0833333333333333
cosmx_bcc_xdonor_spot_0000018157,Unwound,0.3125,0.6875,0.0
cosmx_bcc_xdonor_spot_0000018158,Unwound,0.925925925925926,0.037037037037037,0.0
cosmx_bcc_xdonor_spot_0000018159,Unwound,1.0,0.0,0.0
cosmx_bcc_xdonor_spot_0000018160,Unwound,0.8823529411764706,0.0588235294117647,0.0
cosmx_bcc_xdonor_spot_0000018161,Unwound,1.0,0.0,0.0
cosmx_bcc_xdonor_spot_0000018162,Unwound,1.0,0.0,0.0
cosmx_bcc_xdonor_spot_0000018163,Unwound,0.9166666666666666,0.0,0.0
cosmx_bcc_xdonor_spot_0000018164,Unwound,1.0,0.0,0.0
cosmx_bcc_xdonor_spot_0000018202,Unwound,0.1111111111111111,0.1111111111111111,0.1111111111111111
cosmx_bcc_xdonor_spot_0000018203,Unwound,0.0,0.3333333333333333,0.0833333333333333
cosmx_bcc_xdonor_spot_0000018204,Unwound,0.0,0.125,0.375
cosmx_bcc_xdonor_spot_0000018205,Unwound,0.6875,0.0625,0.25
cosmx_bcc_xdonor_spot_0000018206,Unwound,1.0,0.0,0.0
cosmx_bcc_xdonor_spot_0000018207,Unwound,0.88,0.12,0.0
cosmx_bcc_xdonor_spot_0000018208,Unwound,0.75,0.25,0.0
cosmx_bcc_xdonor_spot_0000018209,Unwound,0.6190476190476191,0.2857142857142857,0.0952380952380952
cosmx_bcc_xdonor_spot_0000018210,Unwound,0.7083333333333334,0.1666666666666666,0.0833333333333333
cosmx_bcc_xdonor_spot_0000018211,Unwound,0.96875,0.0,0.03125
cosmx_bcc_xdonor_spot_0000018212,Unwound,0.5454545454545454,0.4090909090909091,0.0454545454545454
cosmx_bcc_xdonor_spot_0000018213,Unwound,0.9473684210526316,0.0526315789473684,0.0
cosmx_bcc_xdonor_spot_0000018214,Unwound,0.75,0.1666666666666666,0.0
cosmx_bcc_xdonor_spot_0000018218,Unwound,1.0,0.0,0.0
cosmx_bcc_xdonor_spot_0000018219,Unwound,1.0,0.0,0.0
cosmx_bcc_xdonor_spot_0000018220,Unwound,1.0,0.0,0.0
cosmx_bcc_xdonor_spot_0000018221,Unwound,1.0,0.0,0.0
cosmx_bcc_xdonor_spot_0000018222,Unwound,0.918918918918919,0.027027027027027,0.0
cosmx_bcc_xdonor_spot_0000018223,Unwound,0.9743589743589745,0.0,0.0
cosmx_bcc_xdonor_spot_0000018224,Unwound,1.0,0.0,0.0
cosmx_bcc_xdonor_spot_0000018225,Unwound,0.9743589743589745,0.0,0.0
cosmx_bcc_xdonor_spot_0000018226,Unwound,1.0,0.0,0.0
cosmx_bcc_xdonor_spot_0000018227,Unwound,1.0,0.0,0.0
cosmx_bcc_xdonor_spot_0000018228,Unwound,1.0,0.0,0.0
cosmx_bcc_xdonor_spot_0000018229,Unwound,1.0,0.0,0.0
cosmx_bcc_xdonor_spot_0000018230,Unwound,1.0,0.0,0.0
cosmx_bcc_xdonor_spot_0000018231,Unwound,1.0,0.0,0.0
cosmx_bcc_xdonor_spot_0000018232,Unwound,0.4444444444444444,0.4444444444444444,0.0
cosmx_bcc_xdonor_spot_0000018233,Unwound,0.2,0.6,0.0
cosmx_bcc_xdonor_spot_0000018234,Unwound,0.1666666666666666,0.5,0.0
cosmx_bcc_xdonor_spot_0000018248,Baseline,1.0,0.0,0.0
cosmx_bcc_xdonor_spot_0000018249,Baseline,1.0,0.0,0.0
cosmx_bcc_xdonor_spot_0000018250,Baseline,1.0,0.0,0.0
cosmx_bcc_xdonor_spot_0000018251,Baseline,1.0,0.0,0.0
cosmx_bcc_xdonor_spot_0000018252,Baseline,1.0,0.0,0.0
cosmx_bcc_xdonor_spot_0000018253,Baseline,0.9375,0.0625,0.0
cosmx_bcc_xdonor_spot_0000018254,Baseline,1.0,0.0,0.0
cosmx_bcc_xdonor_spot_0000018255,Baseline,1.0,0.0,0.0
cosmx_bcc_xdonor_spot_0000018273,Baseline,0.9545454545454546,0.0,0.0
cosmx_bcc_xdonor_spot_0000018274,Baseline,0.8181818181818182,0.0909090909090909,0.0
cosmx_bcc_xdonor_spot_0000018275,Baseline,0.95,0.0,0.0
cosmx_bcc_xdonor_spot_0000018276,Baseline,1.0,0.0,0.0
cosmx_bcc_xdonor_spot_0000018277,Baseline,0.8333333333333334,0.0,0.0
cosmx_bcc_xdonor_spot_0000018278,Baseline,0.0,0.3333333333333333,0.0
cosmx_bcc_xdonor_spot_0000018279,Baseline,0.5,0.0,0.0
cosmx_bcc_xdonor_spot_0000018280,Baseline,1.0,0.0,0.0
cosmx_bcc_xdonor_spot_0000018452,Unwound,1.0,0.0,0.0
cosmx_bcc_xdonor_spot_0000018453,Unwound,0.95,0.0,0.0
cosmx_bcc_xdonor_spot_0000018454,Unwound,0.967741935483871,0.0,0.0
cosmx_bcc_xdonor_spot_0000018455,Unwound,1.0,0.0,0.0
cosmx_bcc_xdonor_spot_0000018456,Unwound,0.7777777777777778,0.0555555555555555,0.0
cosmx_bcc_xdonor_spot_0000018457,Unwound,0.8823529411764706,0.0588235294117647,0.0
cosmx_bcc_xdonor_spot_0000018458,Unwound,0.8235294117647058,0.1176470588235294,0.0
cosmx_bcc_xdonor_spot_0000018459,Unwound,0.9411764705882352,0.0,0.0
cosmx_bcc_xdonor_spot_0000018460,Unwound,0.95,0.0,0.0
cosmx_bcc_xdonor_spot_0000018461,Unwound,1.0,0.0,0.0
cosmx_bcc_xdonor_spot_0000018501,Unwound,0.0,0.0,0.0
cosmx_bcc_xdonor_spot_0000018502,Unwound,0.0,0.4285714285714285,0.0
cosmx_bcc_xdonor_spot_0000018503,Unwound,0.0714285714285714,0.0,0.0714285714285714
cosmx_bcc_xdonor_spot_0000018504,Unwound,0.5,0.15,0.1
cosmx_bcc_xdonor_spot_0000018505,Unwound,0.967741935483871,0.032258064516129,0.0
cosmx_bcc_xdonor_spot_0000018506,Unwound,1.0,0.0,0.0
cosmx_bcc_xdonor_spot_0000018507,Unwound,0.967741935483871,0.0,0.032258064516129
cosmx_bcc_xdonor_spot_0000018508,Unwound,0.4,0.25,0.2
cosmx_bcc_xdonor_spot_0000018509,Unwound,0.7407407407407407,0.2592592592592592,0.0
cosmx_bcc_xdonor_spot_0000018510,Unwound,1.0,0.0,0.0
cosmx_bcc_xdonor_spot_0000018511,Unwound,0.8,0.2,0.0
cosmx_bcc_xdonor_spot_0000018512,Unwound,0.6666666666666666,0.3333333333333333,0.0
cosmx_bcc_xdonor_spot_0000018513,Unwound,0.6666666666666666,0.3333333333333333,0.0
cosmx_bcc_xdonor_spot_0000018517,Unwound,1.0,0.0,0.0
cosmx_bcc_xdonor_spot_0000018518,Unwound,0.9393939393939394,0.0,0.0303030303030303
cosmx_bcc_xdonor_spot_0000018519,Unwound,1.0,0.0,0.0
cosmx_bcc_xdonor_spot_0000018520,Unwound,1.0,0.0,0.0
cosmx_bcc_xdonor_spot_0000018521,Unwound,0.9444444444444444,0.0,0.0277777777777777
cosmx_bcc_xdonor_spot_0000018522,Unwound,0.9736842105263158,0.0,0.0263157894736842
cosmx_bcc_xdonor_spot_0000018523,Unwound,1.0,0.0,0.0
cosmx_bcc_xdonor_spot_0000018524,Unwound,0.9642857142857144,0.0,0.0
cosmx_bcc_xdonor_spot_0000018525,Unwound,1.0,0.0,0.0
cosmx_bcc_xdonor_spot_0000018526,Unwound,1.0,0.0,0.0
cosmx_bcc_xdonor_spot_0000018527,Unwound,1.0,0.0,0.0
cosmx_bcc_xdonor_spot_0000018528,Unwound,1.0,0.0,0.0
cosmx_bcc_xdonor_spot_0000018529,Unwound,0.8846153846153846,0.1153846153846153,0.0
cosmx_bcc_xdonor_spot_0000018530,Unwound,0.7857142857142857,0.1428571428571428,0.0
cosmx_bcc_xdonor_spot_0000018531,Unwound,0.4,0.6,0.0
cosmx_bcc_xdonor_spot_0000018532,Unwound,0.9166666666666666,0.0,0.0
cosmx_bcc_xdonor_spot_0000018533,Unwound,1.0,0.0,0.0
cosmx_bcc_xdonor_spot_0000018534,Unwound,1.0,0.0,0.0
cosmx_bcc_xdonor_spot_0000018535,Unwound,1.0,0.0,0.0
cosmx_bcc_xdonor_spot_0000018536,Unwound,1.0,0.0,0.0
cosmx_bcc_xdonor_spot_0000018549,Baseline,1.0,0.0,0.0
cosmx_bcc_xdonor_spot_0000018550,Baseline,1.0,0.0,0.0
cosmx_bcc_xdonor_spot_0000018551,Baseline,1.0,0.0,0.0
cosmx_bcc_xdonor_spot_0000018553,Baseline,0.9375,0.0,0.0
cosmx_bcc_xdonor_spot_0000018554,Baseline,1.0,0.0,0.0
cosmx_bcc_xdonor_spot_0000018555,Baseline,1.0,0.0,0.0
cosmx_bcc_xdonor_spot_0000018570,Baseline,1.0,0.0,0.0
cosmx_bcc_xdonor_spot_0000018571,Baseline,0.9629629629629628,0.037037037037037,0.0
cosmx_bcc_xdonor_spot_0000018572,Baseline,0.9444444444444444,0.0555555555555555,0.0
cosmx_bcc_xdonor_spot_0000018573,Baseline,0.8947368421052632,0.1052631578947368,0.0
cosmx_bcc_xdonor_spot_0000018574,Baseline,0.7272727272727273,0.2727272727272727,0.0
cosmx_bcc_xdonor_spot_0000018575,Baseline,0.8461538461538461,0.1538461538461538,0.0
cosmx_bcc_xdonor_spot_0000018576,Baseline,0.4,0.4,0.0
cosmx_bcc_xdonor_spot_0000018577,Baseline,0.2857142857142857,0.1428571428571428,0.0
cosmx_bcc_xdonor_spot_0000018751,Unwound,1.0,0.0,0.0
cosmx_bcc_xdonor_spot_0000018752,Unwound,0.9705882352941176,0.0,0.0
cosmx_bcc_xdonor_spot_0000018753,Unwound,0.92,0.0,0.0
cosmx_bcc_xdonor_spot_0000018754,Unwound,0.9583333333333334,0.0,0.0
cosmx_bcc_xdonor_spot_0000018755,Unwound,0.3571428571428571,0.5,0.0
cosmx_bcc_xdonor_spot_0000018756,Unwound,0.8125,0.1875,0.0
cosmx_bcc_xdonor_spot_0000018757,Unwound,0.7368421052631579,0.2631578947368421,0.0
cosmx_bcc_xdonor_spot_0000018758,Unwound,1.0,0.0,0.0
cosmx_bcc_xdonor_spot_0000018759,Unwound,0.8333333333333334,0.1111111111111111,0.0
cosmx_bcc_xdonor_spot_0000018760,Unwound,0.875,0.125,0.0
cosmx_bcc_xdonor_spot_0000018762,Unwound,0.6,0.4,0.0
cosmx_bcc_xdonor_spot_0000018800,Unwound,0.1666666666666666,0.0,0.0
cosmx_bcc_xdonor_spot_0000018802,Unwound,0.0,0.2142857142857142,0.1428571428571428
cosmx_bcc_xdonor_spot_0000018804,Unwound,0.9,0.1,0.0
cosmx_bcc_xdonor_spot_0000018805,Unwound,1.0,0.0,0.0
cosmx_bcc_xdonor_spot_0000018806,Unwound,0.9117647058823528,0.0294117647058823,0.0588235294117647
cosmx_bcc_xdonor_spot_0000018807,Unwound,0.1666666666666666,0.3888888888888889,0.1111111111111111
cosmx_bcc_xdonor_spot_0000018808,Unwound,0.125,0.4375,0.1875
cosmx_bcc_xdonor_spot_0000018809,Unwound,0.5555555555555556,0.4444444444444444,0.0
cosmx_bcc_xdonor_spot_0000018810,Unwound,0.4285714285714285,0.5,0.0
cosmx_bcc_xdonor_spot_0000018811,Unwound,0.5,0.375,0.0
cosmx_bcc_xdonor_spot_0000018812,Unwound,1.0,0.0,0.0
cosmx_bcc_xdonor_spot_0000018814,Unwound,1.0,0.0,0.0
cosmx_bcc_xdonor_spot_0000018816,Unwound,1.0,0.0,0.0
cosmx_bcc_xdonor_spot_0000018817,Unwound,1.0,0.0,0.0
cosmx_bcc_xdonor_spot_0000018818,Unwound,1.0,0.0,0.0
cosmx_bcc_xdonor_spot_0000018819,Unwound,0.9714285714285714,0.0,0.0285714285714285
cosmx_bcc_xdonor_spot_0000018820,Unwound,0.9444444444444444,0.0,0.0277777777777777
cosmx_bcc_xdonor_spot_0000018821,Unwound,1.0,0.0,0.0
cosmx_bcc_xdonor_spot_0000018822,Unwound,0.96875,0.0,0.0
cosmx_bcc_xdonor_spot_0000018823,Unwound,0.9142857142857144,0.0,0.0
cosmx_bcc_xdonor_spot_0000018824,Unwound,1.0,0.0,0.0
cosmx_bcc_xdonor_spot_0000018825,Unwound,1.0,0.0,0.0
cosmx_bcc_xdonor_spot_0000018826,Unwound,0.85,0.075,0.0
cosmx_bcc_xdonor_spot_0000018827,Unwound,0.3636363636363636,0.3636363636363636,0.0
cosmx_bcc_xdonor_spot_0000018828,Unwound,0.0555555555555555,0.2222222222222222,0.0555555555555555
cosmx_bcc_xdonor_spot_0000018829,Unwound,0.9047619047619048,0.0,0.0
cosmx_bcc_xdonor_spot_0000018830,Unwound,1.0,0.0,0.0
cosmx_bcc_xdonor_spot_0000018831,Unwound,1.0,0.0,0.0
cosmx_bcc_xdonor_spot_0000018832,Unwound,1.0,0.0,0.0
cosmx_bcc_xdonor_spot_0000018833,Unwound,1.0,0.0,0.0
cosmx_bcc_xdonor_spot_0000018834,Unwound,0.9565217391304348,0.0,0.0
cosmx_bcc_xdonor_spot_0000018848,Baseline,1.0,0.0,0.0
cosmx_bcc_xdonor_spot_0000018849,Baseline,1.0,0.0,0.0
cosmx_bcc_xdonor_spot_0000018853,Baseline,0.2,0.4,0.0
cosmx_bcc_xdonor_spot_0000018854,Baseline,0.125,0.125,0.0
cosmx_bcc_xdonor_spot_0000018870,Baseline,1.0,0.0,0.0
cosmx_bcc_xdonor_spot_0000018871,Baseline,1.0,0.0,0.0
cosmx_bcc_xdonor_spot_0000018872,Baseline,1.0,0.0,0.0
cosmx_bcc_xdonor_spot_0000018873,Baseline,0.6,0.4,0.0
cosmx_bcc_xdonor_spot_0000018875,Baseline,0.8333333333333334,0.0,0.0
cosmx_bcc_xdonor_spot_0000018876,Baseline,0.4,0.2,0.2
cosmx_bcc_xdonor_spot_0000019050,Unwound,0.8461538461538461,0.1538461538461538,0.0
cosmx_bcc_xdonor_spot_0000019051,Unwound,0.4285714285714285,0.4285714285714285,0.0
cosmx_bcc_xdonor_spot_0000019052,Unwound,0.8947368421052632,0.0526315789473684,0.0
cosmx_bcc_xdonor_spot_0000019053,Unwound,0.9629629629629628,0.037037037037037,0.0
cosmx_bcc_xdonor_spot_0000019054,Unwound,0.5,0.25,0.0
cosmx_bcc_xdonor_spot_0000019055,Unwound,0.5333333333333333,0.3333333333333333,0.0
cosmx_bcc_xdonor_spot_0000019056,Unwound,0.7142857142857143,0.2142857142857142,0.0
cosmx_bcc_xdonor_spot_0000019057,Unwound,0.8461538461538461,0.1538461538461538,0.0
cosmx_bcc_xdonor_spot_0000019060,Unwound,0.3333333333333333,0.1666666666666666,0.0
cosmx_bcc_xdonor_spot_0000019103,Unwound,1.0,0.0,0.0
cosmx_bcc_xdonor_spot_0000019104,Unwound,0.8823529411764706,0.0588235294117647,0.0
cosmx_bcc_xdonor_spot_0000019105,Unwound,0.6086956521739131,0.3043478260869565,0.0
cosmx_bcc_xdonor_spot_0000019106,Unwound,0.3529411764705882,0.0588235294117647,0.0588235294117647
cosmx_bcc_xdonor_spot_0000019107,Unwound,0.84,0.08,0.04
cosmx_bcc_xdonor_spot_0000019108,Unwound,0.6923076923076923,0.3076923076923077,0.0
cosmx_bcc_xdonor_spot_0000019109,Unwound,0.1666666666666666,0.5555555555555556,0.0
cosmx_bcc_xdonor_spot_0000019110,Unwound,0.5882352941176471,0.1764705882352941,0.0
cosmx_bcc_xdonor_spot_0000019111,Unwound,0.925925925925926,0.0,0.0
cosmx_bcc_xdonor_spot_0000019112,Unwound,1.0,0.0,0.0
cosmx_bcc_xdonor_spot_0000019113,Unwound,0.9487179487179488,0.0,0.0256410256410256
cosmx_bcc_xdonor_spot_0000019114,Unwound,1.0,0.0,0.0
cosmx_bcc_xdonor_spot_0000019115,Unwound,1.0,0.0,0.0
cosmx_bcc_xdonor_spot_0000019116,Unwound,1.0,0.0,0.0
cosmx_bcc_xdonor_spot_0000019117,Unwound,0.9767441860465116,0.0,0.0
cosmx_bcc_xdonor_spot_0000019118,Unwound,1.0,0.0,0.0
cosmx_bcc_xdonor_spot_0000019119,Unwound,1.0,0.0,0.0
cosmx_bcc_xdonor_spot_0000019120,Unwound,1.0,0.0,0.0
cosmx_bcc_xdonor_spot_0000019121,Unwound,0.967741935483871,0.0,0.0
cosmx_bcc_xdonor_spot_0000019122,Unwound,1.0,0.0,0.0
cosmx_bcc_xdonor_spot_0000019123,Unwound,1.0,0.0,0.0
cosmx_bcc_xdonor_spot_0000019124,Unwound,0.8095238095238095,0.1428571428571428,0.0476190476190476
cosmx_bcc_xdonor_spot_0000019125,Unwound,0.7894736842105263,0.1578947368421052,0.0
cosmx_bcc_xdonor_spot_0000019126,Unwound,0.8421052631578947,0.0526315789473684,0.0
cosmx_bcc_xdonor_spot_0000019127,Unwound,1.0,0.0,0.0
cosmx_bcc_xdonor_spot_0000019128,Unwound,1.0,0.0,0.0
cosmx_bcc_xdonor_spot_0000019129,Unwound,0.975,0.0,0.0
cosmx_bcc_xdonor_spot_0000019130,Unwound,0.972972972972973,0.0,0.0
cosmx_bcc_xdonor_spot_0000019131,Unwound,1.0,0.0,0.0
cosmx_bcc_xdonor_spot_0000019132,Unwound,1.0,0.0,0.0
cosmx_bcc_xdonor_spot_0000019133,Unwound,1.0,0.0,0.0
cosmx_bcc_xdonor_spot_0000019134,Unwound,1.0,0.0,0.0
cosmx_bcc_xdonor_spot_0000019135,Unwound,1.0,0.0,0.0
cosmx_bcc_xdonor_spot_0000019161,Baseline,0.9411764705882352,0.0,0.0588235294117647
cosmx_bcc_xdonor_spot_0000019162,Baseline,1.0,0.0,0.0
cosmx_bcc_xdonor_spot_0000019163,Baseline,1.0,0.0,0.0
cosmx_bcc_xdonor_spot_0000019165,Baseline,1.0,0.0,0.0
cosmx_bcc_xdonor_spot_0000019166,Baseline,1.0,0.0,0.0
cosmx_bcc_xdonor_spot_0000019167,Baseline,1.0,0.0,0.0
cosmx_bcc_xdonor_spot_0000019168,Baseline,0.8333333333333334,0.1666666666666666,0.0
cosmx_bcc_xdonor_spot_0000019169,Baseline,1.0,0.0,0.0
cosmx_bcc_xdonor_spot_0000019170,Baseline,1.0,0.0,0.0
cosmx_bcc_xdonor_spot_0000019171,Baseline,1.0,0.0,0.0
cosmx_bcc_xdonor_spot_0000019174,Baseline,1.0,0.0,0.0
cosmx_bcc_xdonor_spot_0000019349,Unwound,1.0,0.0,0.0
cosmx_bcc_xdonor_spot_0000019350,Unwound,0.6071428571428571,0.25,0.0
cosmx_bcc_xdonor_spot_0000019351,Unwound,0.6818181818181818,0.0909090909090909,0.0
cosmx_bcc_xdonor_spot_0000019352,Unwound,1.0,0.0,0.0
cosmx_bcc_xdonor_spot_0000019353,Unwound,0.3333333333333333,0.4444444444444444,0.0
cosmx_bcc_xdonor_spot_0000019354,Unwound,0.8695652173913043,0.0869565217391304,0.0
cosmx_bcc_xdonor_spot_0000019355,Unwound,0.5714285714285714,0.2857142857142857,0.0
cosmx_bcc_xdonor_spot_0000019357,Unwound,0.4285714285714285,0.4285714285714285,0.0
cosmx_bcc_xdonor_spot_0000019402,Unwound,0.9090909090909092,0.0909090909090909,0.0
cosmx_bcc_xdonor_spot_0000019403,Unwound,0.9090909090909092,0.0,0.0
cosmx_bcc_xdonor_spot_0000019404,Unwound,0.9166666666666666,0.0555555555555555,0.0
cosmx_bcc_xdonor_spot_0000019405,Unwound,0.96875,0.03125,0.0
cosmx_bcc_xdonor_spot_0000019406,Unwound,1.0,0.0,0.0
cosmx_bcc_xdonor_spot_0000019407,Unwound,0.9,0.1,0.0
cosmx_bcc_xdonor_spot_0000019408,Unwound,0.75,0.2083333333333333,0.0
cosmx_bcc_xdonor_spot_0000019409,Unwound,0.6521739130434783,0.3043478260869565,0.0434782608695652
cosmx_bcc_xdonor_spot_0000019410,Unwound,0.0,0.8571428571428571,0.0
cosmx_bcc_xdonor_spot_0000019411,Unwound,0.9310344827586208,0.0344827586206896,0.0
cosmx_bcc_xdonor_spot_0000019412,Unwound,0.967741935483871,0.0,0.0
cosmx_bcc_xdonor_spot_0000019413,Unwound,1.0,0.0,0.0
cosmx_bcc_xdonor_spot_0000019414,Unwound,1.0,0.0,0.0
cosmx_bcc_xdonor_spot_0000019415,Unwound,1.0,0.0,0.0
cosmx_bcc_xdonor_spot_0000019416,Unwound,1.0,0.0,0.0
cosmx_bcc_xdonor_spot_0000019417,Unwound,1.0,0.0,0.0
cosmx_bcc_xdonor_spot_0000019418,Unwound,1.0,0.0,0.0
cosmx_bcc_xdonor_spot_0000019419,Unwound,0.9705882352941176,0.0,0.0
cosmx_bcc_xdonor_spot_0000019420,Unwound,0.9393939393939394,0.0606060606060606,0.0
cosmx_bcc_xdonor_spot_0000019421,Unwound,0.9310344827586208,0.0344827586206896,0.0
cosmx_bcc_xdonor_spot_0000019422,Unwound,0.84,0.12,0.0
cosmx_bcc_xdonor_spot_0000019423,Unwound,0.9,0.0,0.0
cosmx_bcc_xdonor_spot_0000019424,Unwound,1.0,0.0,0.0
cosmx_bcc_xdonor_spot_0000019425,Unwound,1.0,0.0,0.0
cosmx_bcc_xdonor_spot_0000019426,Unwound,1.0,0.0,0.0
cosmx_bcc_xdonor_spot_0000019427,Unwound,0.9722222222222222,0.0,0.0
cosmx_bcc_xdonor_spot_0000019428,Unwound,0.9743589743589745,0.0,0.0
cosmx_bcc_xdonor_spot_0000019429,Unwound,1.0,0.0,0.0
cosmx_bcc_xdonor_spot_0000019430,Unwound,0.95,0.0,0.0
cosmx_bcc_xdonor_spot_0000019431,Unwound,0.9583333333333334,0.0,0.0
cosmx_bcc_xdonor_spot_0000019432,Unwound,0.972972972972973,0.0,0.0
cosmx_bcc_xdonor_spot_0000019433,Unwound,1.0,0.0,0.0
cosmx_bcc_xdonor_spot_0000019434,Unwound,1.0,0.0,0.0
cosmx_bcc_xdonor_spot_0000019460,Baseline,1.0,0.0,0.0
cosmx_bcc_xdonor_spot_0000019461,Baseline,1.0,0.0,0.0
cosmx_bcc_xdonor_spot_0000019462,Baseline,0.0,0.75,0.0
cosmx_bcc_xdonor_spot_0000019463,Baseline,0.1666666666666666,0.6666666666666666,0.1666666666666666
cosmx_bcc_xdonor_spot_0000019464,Baseline,1.0,0.0,0.0
cosmx_bcc_xdonor_spot_0000019465,Baseline,1.0,0.0,0.0
cosmx_bcc_xdonor_spot_0000019466,Baseline,0.9230769230769232,0.0,0.0
cosmx_bcc_xdonor_spot_0000019467,Baseline,0.9375,0.0625,0.0
cosmx_bcc_xdonor_spot_0000019468,Baseline,0.9545454545454546,0.0,0.0454545454545454
cosmx_bcc_xdonor_spot_0000019469,Baseline,1.0,0.0,0.0
cosmx_bcc_xdonor_spot_0000019470,Baseline,1.0,0.0,0.0
cosmx_bcc_xdonor_spot_0000019471,Baseline,1.0,0.0,0.0
cosmx_bcc_xdonor_spot_0000019645,Unwound,1.0,0.0,0.0
cosmx_bcc_xdonor_spot_0000019646,Unwound,0.3333333333333333,0.5,0.0
cosmx_bcc_xdonor_spot_0000019647,Unwound,0.25,0.625,0.0
cosmx_bcc_xdonor_spot_0000019648,Unwound,0.7333333333333333,0.2666666666666666,0.0
cosmx_bcc_xdonor_spot_0000019649,Unwound,0.6666666666666666,0.25,0.0
cosmx_bcc_xdonor_spot_0000019650,Unwound,1.0,0.0,0.0
cosmx_bcc_xdonor_spot_0000019651,Unwound,0.7692307692307693,0.2307692307692307,0.0
cosmx_bcc_xdonor_spot_0000019652,Unwound,0.5,0.2,0.1
cosmx_bcc_xdonor_spot_0000019653,Unwound,1.0,0.0,0.0
cosmx_bcc_xdonor_spot_0000019701,Unwound,1.0,0.0,0.0
cosmx_bcc_xdonor_spot_0000019702,Unwound,0.9310344827586208,0.0344827586206896,0.0
cosmx_bcc_xdonor_spot_0000019703,Unwound,0.5,0.3125,0.0
cosmx_bcc_xdonor_spot_0000019704,Unwound,0.88,0.12,0.0
cosmx_bcc_xdonor_spot_0000019705,Unwound,1.0,0.0,0.0
cosmx_bcc_xdonor_spot_0000019706,Unwound,0.7619047619047619,0.238095238095238,0.0
cosmx_bcc_xdonor_spot_0000019707,Unwound,0.6923076923076923,0.3076923076923077,0.0
cosmx_bcc_xdonor_spot_0000019708,Unwound,1.0,0.0,0.0
cosmx_bcc_xdonor_spot_0000019709,Unwound,0.3333333333333333,0.5333333333333333,0.0
cosmx_bcc_xdonor_spot_0000019710,Unwound,1.0,0.0,0.0
cosmx_bcc_xdonor_spot_0000019711,Unwound,1.0,0.0,0.0
cosmx_bcc_xdonor_spot_0000019712,Unwound,1.0,0.0,0.0
cosmx_bcc_xdonor_spot_0000019713,Unwound,0.9696969696969696,0.0,0.0
cosmx_bcc_xdonor_spot_0000019714,Unwound,1.0,0.0,0.0
cosmx_bcc_xdonor_spot_0000019715,Unwound,0.9428571428571428,0.0571428571428571,0.0
cosmx_bcc_xdonor_spot_0000019716,Unwound,0.8571428571428571,0.1428571428571428,0.0
cosmx_bcc_xdonor_spot_0000019717,Unwound,0.6,0.4,0.0
cosmx_bcc_xdonor_spot_0000019718,Unwound,0.5384615384615384,0.2307692307692307,0.0
cosmx_bcc_xdonor_spot_0000019719,Unwound,0.4210526315789473,0.3157894736842105,0.0
cosmx_bcc_xdonor_spot_0000019720,Unwound,0.8461538461538461,0.1538461538461538,0.0
cosmx_bcc_xdonor_spot_0000019721,Unwound,0.9615384615384616,0.0,0.0
cosmx_bcc_xdonor_spot_0000019722,Unwound,1.0,0.0,0.0
cosmx_bcc_xdonor_spot_0000019723,Unwound,0.935483870967742,0.0,0.0
cosmx_bcc_xdonor_spot_0000019724,Unwound,0.96875,0.0,0.0
cosmx_bcc_xdonor_spot_0000019725,Unwound,1.0,0.0,0.0
cosmx_bcc_xdonor_spot_0000019726,Unwound,1.0,0.0,0.0
cosmx_bcc_xdonor_spot_0000019727,Unwound,0.9722222222222222,0.0,0.0
cosmx_bcc_xdonor_spot_0000019728,Unwound,0.9375,0.0,0.0
cosmx_bcc_xdonor_spot_0000019729,Unwound,0.95,0.0,0.0
cosmx_bcc_xdonor_spot_0000019730,Unwound,1.0,0.0,0.0
cosmx_bcc_xdonor_spot_0000019731,Unwound,0.945945945945946,0.0,0.0
cosmx_bcc_xdonor_spot_0000019732,Unwound,1.0,0.0,0.0
cosmx_bcc_xdonor_spot_0000019733,Unwound,1.0,0.0,0.0
cosmx_bcc_xdonor_spot_0000019763,Baseline,1.0,0.0,0.0
cosmx_bcc_xdonor_spot_0000019764,Baseline,1.0,0.0,0.0
cosmx_bcc_xdonor_spot_0000019765,Baseline,1.0,0.0,0.0
cosmx_bcc_xdonor_spot_0000019766,Baseline,0.8333333333333334,0.0,0.0
cosmx_bcc_xdonor_spot_0000019767,Baseline,1.0,0.0,0.0
cosmx_bcc_xdonor_spot_0000019768,Baseline,1.0,0.0,0.0
cosmx_bcc_xdonor_spot_0000019769,Baseline,0.9444444444444444,0.0,0.0
cosmx_bcc_xdonor_spot_0000019770,Baseline,1.0,0.0,0.0
cosmx_bcc_xdonor_spot_0000019944,Unwound,1.0,0.0,0.0
cosmx_bcc_xdonor_spot_0000019945,Unwound,0.9666666666666668,0.0333333333333333,0.0
cosmx_bcc_xdonor_spot_0000019946,Unwound,0.8333333333333334,0.1666666666666666,0.0
cosmx_bcc_xdonor_spot_0000019947,Unwound,1.0,0.0,0.0
cosmx_bcc_xdonor_spot_0000019948,Unwound,0.8421052631578947,0.1052631578947368,0.0
cosmx_bcc_xdonor_spot_0000019949,Unwound,0.6428571428571429,0.3571428571428571,0.0
cosmx_bcc_xdonor_spot_0000019950,Unwound,0.1428571428571428,0.7142857142857143,0.0
cosmx_bcc_xdonor_spot_0000019951,Unwound,0.4166666666666667,0.25,0.0
cosmx_bcc_xdonor_spot_0000019952,Unwound,0.6428571428571429,0.2142857142857142,0.0
cosmx_bcc_xdonor_spot_0000020000,Unwound,1.0,0.0,0.0
cosmx_bcc_xdonor_spot_0000020001,Unwound,0.9285714285714286,0.0,0.0
cosmx_bcc_xdonor_spot_0000020002,Unwound,1.0,0.0,0.0
cosmx_bcc_xdonor_spot_0000020003,Unwound,1.0,0.0,0.0
cosmx_bcc_xdonor_spot_0000020004,Unwound,0.8846153846153846,0.1153846153846153,0.0
cosmx_bcc_xdonor_spot_0000020005,Unwound,0.8846153846153846,0.1153846153846153,0.0
cosmx_bcc_xdonor_spot_0000020006,Unwound,0.7083333333333334,0.2916666666666667,0.0
cosmx_bcc_xdonor_spot_0000020007,Unwound,0.8181818181818182,0.1818181818181818,0.0
cosmx_bcc_xdonor_spot_0000020008,Unwound,0.45,0.45,0.0
cosmx_bcc_xdonor_spot_0000020009,Unwound,0.96,0.0,0.0
cosmx_bcc_xdonor_spot_0000020010,Unwound,1.0,0.0,0.0
cosmx_bcc_xdonor_spot_0000020011,Unwound,0.975,0.0,0.025
cosmx_bcc_xdonor_spot_0000020012,Unwound,1.0,0.0,0.0
cosmx_bcc_xdonor_spot_0000020013,Unwound,1.0,0.0,0.0
cosmx_bcc_xdonor_spot_0000020014,Unwound,0.9642857142857144,0.0,0.0
cosmx_bcc_xdonor_spot_0000020015,Unwound,0.4666666666666667,0.5333333333333333,0.0
cosmx_bcc_xdonor_spot_0000020016,Unwound,0.0,1.0,0.0
cosmx_bcc_xdonor_spot_0000020017,Unwound,0.5714285714285714,0.4285714285714285,0.0
cosmx_bcc_xdonor_spot_0000020018,Unwound,1.0,0.0,0.0
cosmx_bcc_xdonor_spot_0000020019,Unwound,1.0,0.0,0.0
cosmx_bcc_xdonor_spot_0000020020,Unwound,1.0,0.0,0.0
cosmx_bcc_xdonor_spot_0000020021,Unwound,0.9722222222222222,0.0,0.0
cosmx_bcc_xdonor_spot_0000020022,Unwound,1.0,0.0,0.0
cosmx_bcc_xdonor_spot_0000020023,Unwound,1.0,0.0,0.0
cosmx_bcc_xdonor_spot_0000020024,Unwound,1.0,0.0,0.0
cosmx_bcc_xdonor_spot_0000020025,Unwound,1.0,0.0,0.0
cosmx_bcc_xdonor_spot_0000020026,Unwound,0.9333333333333332,0.0,0.0
cosmx_bcc_xdonor_spot_0000020027,Unwound,1.0,0.0,0.0
cosmx_bcc_xdonor_spot_0000020028,Unwound,1.0,0.0,0.0
cosmx_bcc_xdonor_spot_0000020029,Unwound,1.0,0.0,0.0
cosmx_bcc_xdonor_spot_0000020030,Unwound,0.9736842105263158,0.0,0.0
cosmx_bcc_xdonor_spot_0000020031,Unwound,1.0,0.0,0.0
cosmx_bcc_xdonor_spot_0000020032,Unwound,1.0,0.0,0.0
cosmx_bcc_xdonor_spot_0000020059,Baseline,1.0,0.0,0.0
cosmx_bcc_xdonor_spot_0000020060,Baseline,0.8,0.2,0.0
cosmx_bcc_xdonor_spot_0000020062,Baseline,0.9375,0.0625,0.0
cosmx_bcc_xdonor_spot_0000020063,Baseline,0.4615384615384615,0.2307692307692307,0.0
cosmx_bcc_xdonor_spot_0000020064,Baseline,0.0,0.4444444444444444,0.0
cosmx_bcc_xdonor_spot_0000020065,Baseline,0.1,0.5,0.0
cosmx_bcc_xdonor_spot_0000020066,Baseline,0.1428571428571428,0.5714285714285714,0.0
cosmx_bcc_xdonor_spot_0000020067,Baseline,0.3333333333333333,0.6666666666666666,0.0
cosmx_bcc_xdonor_spot_0000020068,Baseline,1.0,0.0,0.0
cosmx_bcc_xdonor_spot_0000020069,Baseline,0.5714285714285714,0.4285714285714285,0.0
cosmx_bcc_xdonor_spot_0000020242,Unwound,1.0,0.0,0.0
cosmx_bcc_xdonor_spot_0000020243,Unwound,0.9655172413793104,0.0,0.0
cosmx_bcc_xdonor_spot_0000020244,Unwound,1.0,0.0,0.0
cosmx_bcc_xdonor_spot_0000020245,Unwound,1.0,0.0,0.0
cosmx_bcc_xdonor_spot_0000020246,Unwound,1.0,0.0,0.0
cosmx_bcc_xdonor_spot_0000020247,Unwound,1.0,0.0,0.0
cosmx_bcc_xdonor_spot_0000020248,Unwound,0.0666666666666666,0.8,0.0666666666666666
cosmx_bcc_xdonor_spot_0000020249,Unwound,0.8666666666666667,0.0,0.0
cosmx_bcc_xdonor_spot_0000020250,Unwound,1.0,0.0,0.0
cosmx_bcc_xdonor_spot_0000020251,Unwound,0.5555555555555556,0.3333333333333333,0.0
cosmx_bcc_xdonor_spot_0000020253,Unwound,1.0,0.0,0.0
cosmx_bcc_xdonor_spot_0000020299,Unwound,0.1666666666666666,0.3333333333333333,0.0
cosmx_bcc_xdonor_spot_0000020300,Unwound,0.9642857142857144,0.0,0.0
cosmx_bcc_xdonor_spot_0000020301,Unwound,1.0,0.0,0.0
cosmx_bcc_xdonor_spot_0000020302,Unwound,1.0,0.0,0.0
cosmx_bcc_xdonor_spot_0000020303,Unwound,0.75,0.2,0.0
cosmx_bcc_xdonor_spot_0000020304,Unwound,0.72,0.2,0.0
cosmx_bcc_xdonor_spot_0000020305,Unwound,1.0,0.0,0.0
cosmx_bcc_xdonor_spot_0000020306,Unwound,0.7692307692307693,0.1025641025641025,0.0256410256410256
cosmx_bcc_xdonor_spot_0000020307,Unwound,0.8974358974358975,0.1025641025641025,0.0
cosmx_bcc_xdonor_spot_0000020308,Unwound,0.75,0.15,0.0
cosmx_bcc_xdonor_spot_0000020309,Unwound,1.0,0.0,0.0
cosmx_bcc_xdonor_spot_0000020310,Unwound,1.0,0.0,0.0
cosmx_bcc_xdonor_spot_0000020311,Unwound,1.0,0.0,0.0
cosmx_bcc_xdonor_spot_0000020312,Unwound,0.9428571428571428,0.0,0.0
cosmx_bcc_xdonor_spot_0000020313,Unwound,0.25,0.3333333333333333,0.0
cosmx_bcc_xdonor_spot_0000020316,Unwound,1.0,0.0,0.0
cosmx_bcc_xdonor_spot_0000020317,Unwound,1.0,0.0,0.0
cosmx_bcc_xdonor_spot_0000020318,Unwound,1.0,0.0,0.0
cosmx_bcc_xdonor_spot_0000020319,Unwound,1.0,0.0,0.0
cosmx_bcc_xdonor_spot_0000020320,Unwound,1.0,0.0,0.0
cosmx_bcc_xdonor_spot_0000020321,Unwound,1.0,0.0,0.0
cosmx_bcc_xdonor_spot_0000020323,Unwound,1.0,0.0,0.0
cosmx_bcc_xdonor_spot_0000020324,Unwound,1.0,0.0,0.0
cosmx_bcc_xdonor_spot_0000020325,Unwound,1.0,0.0,0.0
cosmx_bcc_xdonor_spot_0000020326,Unwound,1.0,0.0,0.0
cosmx_bcc_xdonor_spot_0000020327,Unwound,1.0,0.0,0.0
cosmx_bcc_xdonor_spot_0000020328,Unwound,0.9705882352941176,0.0,0.0
cosmx_bcc_xdonor_spot_0000020329,Unwound,1.0,0.0,0.0
cosmx_bcc_xdonor_spot_0000020330,Unwound,0.9166666666666666,0.0,0.0
cosmx_bcc_xdonor_spot_0000020360,Baseline,1.0,0.0,0.0
cosmx_bcc_xdonor_spot_0000020361,Baseline,0.9473684210526316,0.0,0.0
cosmx_bcc_xdonor_spot_0000020362,Baseline,0.875,0.0,0.125
cosmx_bcc_xdonor_spot_0000020363,Baseline,0.6666666666666666,0.2222222222222222,0.0
cosmx_bcc_xdonor_spot_0000020364,Baseline,0.6666666666666666,0.0666666666666666,0.0
cosmx_bcc_xdonor_spot_0000020365,Baseline,0.4285714285714285,0.2857142857142857,0.0
cosmx_bcc_xdonor_spot_0000020366,Baseline,0.3333333333333333,0.5,0.0
cosmx_bcc_xdonor_spot_0000020367,Baseline,1.0,0.0,0.0
cosmx_bcc_xdonor_spot_0000020368,Baseline,0.8333333333333334,0.0,0.0
cosmx_bcc_xdonor_spot_0000020541,Unwound,0.8888888888888888,0.0555555555555555,0.0
cosmx_bcc_xdonor_spot_0000020542,Unwound,0.9230769230769232,0.0,0.0
cosmx_bcc_xdonor_spot_0000020543,Unwound,0.875,0.0625,0.0
cosmx_bcc_xdonor_spot_0000020544,Unwound,1.0,0.0,0.0
cosmx_bcc_xdonor_spot_0000020545,Unwound,0.9,0.05,0.0
cosmx_bcc_xdonor_spot_0000020546,Unwound,0.0625,0.4375,0.0625
cosmx_bcc_xdonor_spot_0000020547,Unwound,0.8181818181818182,0.0,0.0
cosmx_bcc_xdonor_spot_0000020548,Unwound,0.95,0.05,0.0
cosmx_bcc_xdonor_spot_0000020549,Unwound,0.25,0.6666666666666666,0.0
cosmx_bcc_xdonor_spot_0000020551,Unwound,1.0,0.0,0.0
cosmx_bcc_xdonor_spot_0000020552,Unwound,1.0,0.0,0.0
cosmx_bcc_xdonor_spot_0000020598,Unwound,0.0833333333333333,0.0,0.0
cosmx_bcc_xdonor_spot_0000020599,Unwound,0.8571428571428571,0.0,0.0
cosmx_bcc_xdonor_spot_0000020600,Unwound,0.9655172413793104,0.0,0.0
cosmx_bcc_xdonor_spot_0000020601,Unwound,0.8888888888888888,0.0,0.0
cosmx_bcc_xdonor_spot_0000020602,Unwound,0.4166666666666667,0.3333333333333333,0.0
cosmx_bcc_xdonor_spot_0000020603,Unwound,1.0,0.0,0.0
cosmx_bcc_xdonor_spot_0000020604,Unwound,1.0,0.0,0.0
cosmx_bcc_xdonor_spot_0000020605,Unwound,0.8333333333333334,0.1666666666666666,0.0
cosmx_bcc_xdonor_spot_0000020606,Unwound,0.9666666666666668,0.0333333333333333,0.0
cosmx_bcc_xdonor_spot_0000020607,Unwound,0.6428571428571429,0.2857142857142857,0.0
cosmx_bcc_xdonor_spot_0000020608,Unwound,0.7586206896551724,0.1034482758620689,0.0344827586206896
cosmx_bcc_xdonor_spot_0000020609,Unwound,0.9545454545454546,0.0454545454545454,0.0
cosmx_bcc_xdonor_spot_0000020610,Unwound,0.8387096774193549,0.1290322580645161,0.0
cosmx_bcc_xdonor_spot_0000020611,Unwound,0.5384615384615384,0.3076923076923077,0.0
cosmx_bcc_xdonor_spot_0000020612,Unwound,0.0,0.6,0.0
cosmx_bcc_xdonor_spot_0000020614,Unwound,0.9411764705882352,0.0,0.0
cosmx_bcc_xdonor_spot_0000020615,Unwound,0.9375,0.0,0.0
cosmx_bcc_xdonor_spot_0000020616,Unwound,1.0,0.0,0.0
cosmx_bcc_xdonor_spot_0000020617,Unwound,1.0,0.0,0.0
cosmx_bcc_xdonor_spot_0000020618,Unwound,0.9705882352941176,0.0,0.0
cosmx_bcc_xdonor_spot_0000020619,Unwound,1.0,0.0,0.0
cosmx_bcc_xdonor_spot_0000020621,Unwound,0.9666666666666668,0.0,0.0
cosmx_bcc_xdonor_spot_0000020622,Unwound,1.0,0.0,0.0
cosmx_bcc_xdonor_spot_0000020623,Unwound,1.0,0.0,0.0
cosmx_bcc_xdonor_spot_0000020624,Unwound,1.0,0.0,0.0
cosmx_bcc_xdonor_spot_0000020625,Unwound,1.0,0.0,0.0
cosmx_bcc_xdonor_spot_0000020626,Unwound,0.96,0.0,0.0
cosmx_bcc_xdonor_spot_0000020627,Unwound,1.0,0.0,0.0
cosmx_bcc_xdonor_spot_0000020628,Unwound,0.9523809523809524,0.0,0.0
cosmx_bcc_xdonor_spot_0000020629,Unwound,1.0,0.0,0.0
cosmx_bcc_xdonor_spot_0000020659,Baseline,1.0,0.0,0.0
cosmx_bcc_xdonor_spot_0000020660,Baseline,1.0,0.0,0.0
cosmx_bcc_xdonor_spot_0000020661,Baseline,1.0,0.0,0.0
cosmx_bcc_xdonor_spot_0000020662,Baseline,0.8823529411764706,0.0588235294117647,0.0
cosmx_bcc_xdonor_spot_0000020663,Baseline,1.0,0.0,0.0
cosmx_bcc_xdonor_spot_0000020664,Baseline,0.6,0.4,0.0
cosmx_bcc_xdonor_spot_0000020840,Unwound,0.9166666666666666,0.0,0.0
cosmx_bcc_xdonor_spot_0000020842,Unwound,0.5,0.3,0.1
cosmx_bcc_xdonor_spot_0000020843,Unwound,0.4166666666666667,0.0,0.0
cosmx_bcc_xdonor_spot_0000020844,Unwound,0.7058823529411765,0.2352941176470588,0.0
cosmx_bcc_xdonor_spot_0000020845,Unwound,0.0666666666666666,0.8,0.0666666666666666
cosmx_bcc_xdonor_spot_0000020846,Unwound,0.0,0.4285714285714285,0.0
cosmx_bcc_xdonor_spot_0000020847,Unwound,0.0,0.6666666666666666,0.0
cosmx_bcc_xdonor_spot_0000020848,Unwound,0.7058823529411765,0.1764705882352941,0.0
cosmx_bcc_xdonor_spot_0000020849,Unwound,0.9615384615384616,0.0,0.0
cosmx_bcc_xdonor_spot_0000020850,Unwound,1.0,0.0,0.0
cosmx_bcc_xdonor_spot_0000020898,Unwound,0.2666666666666666,0.0,0.0
cosmx_bcc_xdonor_spot_0000020899,Unwound,0.5714285714285714,0.0714285714285714,0.0
cosmx_bcc_xdonor_spot_0000020902,Unwound,1.0,0.0,0.0
cosmx_bcc_xdonor_spot_0000020903,Unwound,1.0,0.0,0.0
cosmx_bcc_xdonor_spot_0000020904,Unwound,0.8620689655172413,0.1379310344827586,0.0
cosmx_bcc_xdonor_spot_0000020905,Unwound,0.9565217391304348,0.0,0.0
cosmx_bcc_xdonor_spot_0000020906,Unwound,0.9583333333333334,0.0,0.0
cosmx_bcc_xdonor_spot_0000020907,Unwound,0.3888888888888889,0.4444444444444444,0.0
cosmx_bcc_xdonor_spot_0000020908,Unwound,0.4,0.4666666666666667,0.0
cosmx_bcc_xdonor_spot_0000020909,Unwound,0.0,0.3,0.0
cosmx_bcc_xdonor_spot_0000020910,Unwound,0.2666666666666666,0.0,0.0
cosmx_bcc_xdonor_spot_0000020911,Unwound,1.0,0.0,0.0
cosmx_bcc_xdonor_spot_0000020912,Unwound,1.0,0.0,0.0
cosmx_bcc_xdonor_spot_0000020913,Unwound,1.0,0.0,0.0
cosmx_bcc_xdonor_spot_0000020914,Unwound,1.0,0.0,0.0
cosmx_bcc_xdonor_spot_0000020915,Unwound,1.0,0.0,0.0
cosmx_bcc_xdonor_spot_0000020916,Unwound,1.0,0.0,0.0
cosmx_bcc_xdonor_spot_0000020917,Unwound,0.9230769230769232,0.0,0.0
cosmx_bcc_xdonor_spot_0000020918,Unwound,1.0,0.0,0.0
cosmx_bcc_xdonor_spot_0000020919,Unwound,0.9666666666666668,0.0,0.0
cosmx_bcc_xdonor_spot_0000020920,Unwound,1.0,0.0,0.0
cosmx_bcc_xdonor_spot_0000020921,Unwound,0.9736842105263158,0.0,0.0
cosmx_bcc_xdonor_spot_0000020922,Unwound,0.9142857142857144,0.0,0.0
cosmx_bcc_xdonor_spot_0000020923,Unwound,1.0,0.0,0.0
cosmx_bcc_xdonor_spot_0000020924,Unwound,1.0,0.0,0.0
cosmx_bcc_xdonor_spot_0000020925,Unwound,0.9696969696969696,0.0,0.0
cosmx_bcc_xdonor_spot_0000020926,Unwound,1.0,0.0,0.0
cosmx_bcc_xdonor_spot_0000020927,Unwound,1.0,0.0,0.0
cosmx_bcc_xdonor_spot_0000020928,Unwound,1.0,0.0,0.0
cosmx_bcc_xdonor_spot_0000020957,Baseline,0.2,0.3,0.2
cosmx_bcc_xdonor_spot_0000020958,Baseline,0.8064516129032258,0.064516129032258,0.032258064516129
cosmx_bcc_xdonor_spot_0000020959,Baseline,1.0,0.0,0.0
cosmx_bcc_xdonor_spot_0000020960,Baseline,1.0,0.0,0.0
cosmx_bcc_xdonor_spot_0000020961,Baseline,0.7368421052631579,0.2631578947368421,0.0
cosmx_bcc_xdonor_spot_0000020962,Baseline,0.9642857142857144,0.0357142857142857,0.0
cosmx_bcc_xdonor_spot_0000020963,Baseline,0.8571428571428571,0.0,0.0
cosmx_bcc_xdonor_spot_0000020965,Baseline,0.4,0.2,0.0
cosmx_bcc_xdonor_spot_0000020966,Baseline,0.6,0.0,0.0
cosmx_bcc_xdonor_spot_0000021139,Unwound,0.6666666666666666,0.2222222222222222,0.0
cosmx_bcc_xdonor_spot_0000021140,Unwound,1.0,0.0,0.0
cosmx_bcc_xdonor_spot_0000021141,Unwound,1.0,0.0,0.0
cosmx_bcc_xdonor_spot_0000021142,Unwound,1.0,0.0,0.0
cosmx_bcc_xdonor_spot_0000021143,Unwound,1.0,0.0,0.0
cosmx_bcc_xdonor_spot_0000021144,Unwound,0.9333333333333332,0.0666666666666666,0.0
cosmx_bcc_xdonor_spot_0000021145,Unwound,0.9285714285714286,0.0714285714285714,0.0
cosmx_bcc_xdonor_spot_0000021146,Unwound,1.0,0.0,0.0
cosmx_bcc_xdonor_spot_0000021147,Unwound,1.0,0.0,0.0
cosmx_bcc_xdonor_spot_0000021148,Unwound,0.9166666666666666,0.0833333333333333,0.0
cosmx_bcc_xdonor_spot_0000021149,Unwound,0.3333333333333333,0.1666666666666666,0.0
cosmx_bcc_xdonor_spot_0000021150,Unwound,0.0,0.75,0.0
cosmx_bcc_xdonor_spot_0000021198,Unwound,0.25,0.0,0.0
cosmx_bcc_xdonor_spot_0000021201,Unwound,1.0,0.0,0.0
cosmx_bcc_xdonor_spot_0000021202,Unwound,0.9285714285714286,0.0714285714285714,0.0
cosmx_bcc_xdonor_spot_0000021203,Unwound,0.8076923076923077,0.1923076923076923,0.0
cosmx_bcc_xdonor_spot_0000021204,Unwound,1.0,0.0,0.0
cosmx_bcc_xdonor_spot_0000021205,Unwound,1.0,0.0,0.0
cosmx_bcc_xdonor_spot_0000021206,Unwound,0.8333333333333334,0.1666666666666666,0.0
cosmx_bcc_xdonor_spot_0000021207,Unwound,0.0,0.0,0.0
cosmx_bcc_xdonor_spot_0000021208,Unwound,0.0,0.4285714285714285,0.0
cosmx_bcc_xdonor_spot_0000021209,Unwound,0.125,0.25,0.0
cosmx_bcc_xdonor_spot_0000021210,Unwound,1.0,0.0,0.0
cosmx_bcc_xdonor_spot_0000021211,Unwound,0.8823529411764706,0.0588235294117647,0.0
cosmx_bcc_xdonor_spot_0000021212,Unwound,1.0,0.0,0.0
cosmx_bcc_xdonor_spot_0000021213,Unwound,1.0,0.0,0.0
cosmx_bcc_xdonor_spot_0000021214,Unwound,0.975609756097561,0.0,0.0
cosmx_bcc_xdonor_spot_0000021215,Unwound,1.0,0.0,0.0
cosmx_bcc_xdonor_spot_0000021216,Unwound,0.9210526315789472,0.0,0.0
cosmx_bcc_xdonor_spot_0000021217,Unwound,1.0,0.0,0.0
cosmx_bcc_xdonor_spot_0000021218,Unwound,1.0,0.0,0.0
cosmx_bcc_xdonor_spot_0000021219,Unwound,1.0,0.0,0.0
cosmx_bcc_xdonor_spot_0000021220,Unwound,0.95,0.0,0.0
cosmx_bcc_xdonor_spot_0000021221,Unwound,1.0,0.0,0.0
cosmx_bcc_xdonor_spot_0000021222,Unwound,1.0,0.0,0.0
cosmx_bcc_xdonor_spot_0000021223,Unwound,1.0,0.0,0.0
cosmx_bcc_xdonor_spot_0000021224,Unwound,1.0,0.0,0.0
cosmx_bcc_xdonor_spot_0000021225,Unwound,0.9090909090909092,0.0,0.0
cosmx_bcc_xdonor_spot_0000021255,Baseline,0.55,0.05,0.2
cosmx_bcc_xdonor_spot_0000021256,Baseline,0.0,0.1363636363636363,0.6818181818181818
cosmx_bcc_xdonor_spot_0000021257,Baseline,0.0,0.4545454545454545,0.1818181818181818
cosmx_bcc_xdonor_spot_0000021258,Baseline,0.9047619047619048,0.0952380952380952,0.0
cosmx_bcc_xdonor_spot_0000021259,Baseline,0.9047619047619048,0.0,0.0476190476190476
cosmx_bcc_xdonor_spot_0000021260,Baseline,0.1666666666666666,0.8333333333333334,0.0
cosmx_bcc_xdonor_spot_0000021261,Baseline,0.7647058823529411,0.1176470588235294,0.0
cosmx_bcc_xdonor_spot_0000021262,Baseline,0.875,0.0,0.0
cosmx_bcc_xdonor_spot_0000021439,Unwound,0.9333333333333332,0.0666666666666666,0.0
cosmx_bcc_xdonor_spot_0000021440,Unwound,1.0,0.0,0.0
cosmx_bcc_xdonor_spot_0000021441,Unwound,1.0,0.0,0.0
cosmx_bcc_xdonor_spot_0000021442,Unwound,0.7142857142857143,0.1428571428571428,0.0
cosmx_bcc_xdonor_spot_0000021443,Unwound,0.7777777777777778,0.1666666666666666,0.0
cosmx_bcc_xdonor_spot_0000021444,Unwound,0.1,0.6,0.0
cosmx_bcc_xdonor_spot_0000021445,Unwound,0.7857142857142857,0.0714285714285714,0.0
cosmx_bcc_xdonor_spot_0000021446,Unwound,0.75,0.0,0.0
cosmx_bcc_xdonor_spot_0000021447,Unwound,0.0,0.6363636363636364,0.0
cosmx_bcc_xdonor_spot_0000021498,Unwound,0.1111111111111111,0.0,0.1111111111111111
cosmx_bcc_xdonor_spot_0000021499,Unwound,0.2727272727272727,0.0,0.0
cosmx_bcc_xdonor_spot_0000021502,Unwound,0.6428571428571429,0.2142857142857142,0.0
cosmx_bcc_xdonor_spot_0000021503,Unwound,1.0,0.0,0.0
cosmx_bcc_xdonor_spot_0000021504,Unwound,1.0,0.0,0.0
cosmx_bcc_xdonor_spot_0000021505,Unwound,0.925925925925926,0.074074074074074,0.0
cosmx_bcc_xdonor_spot_0000021506,Unwound,0.0,0.55,0.05
cosmx_bcc_xdonor_spot_0000021507,Unwound,0.0,0.2307692307692307,0.0
cosmx_bcc_xdonor_spot_0000021512,Unwound,0.9642857142857144,0.0,0.0
cosmx_bcc_xdonor_spot_0000021513,Unwound,0.9714285714285714,0.0,0.0
cosmx_bcc_xdonor_spot_0000021514,Unwound,1.0,0.0,0.0
cosmx_bcc_xdonor_spot_0000021515,Unwound,1.0,0.0,0.0
cosmx_bcc_xdonor_spot_0000021516,Unwound,1.0,0.0,0.0
cosmx_bcc_xdonor_spot_0000021517,Unwound,1.0,0.0,0.0
cosmx_bcc_xdonor_spot_0000021518,Unwound,1.0,0.0,0.0
cosmx_bcc_xdonor_spot_0000021519,Unwound,0.9615384615384616,0.0,0.0
cosmx_bcc_xdonor_spot_0000021520,Unwound,0.9655172413793104,0.0,0.0
cosmx_bcc_xdonor_spot_0000021521,Unwound,0.9696969696969696,0.0,0.0
cosmx_bcc_xdonor_spot_0000021522,Unwound,1.0,0.0,0.0
cosmx_bcc_xdonor_spot_0000021553,Baseline,0.9230769230769232,0.0,0.0
cosmx_bcc_xdonor_spot_0000021554,Baseline,1.0,0.0,0.0
cosmx_bcc_xdonor_spot_0000021555,Baseline,0.85,0.0,0.0
cosmx_bcc_xdonor_spot_0000021556,Baseline,0.85,0.1,0.05
cosmx_bcc_xdonor_spot_0000021557,Baseline,0.4,0.6,0.0
cosmx_bcc_xdonor_spot_0000021560,Baseline,0.625,0.125,0.0
cosmx_bcc_xdonor_spot_0000021737,Unwound,0.8888888888888888,0.0,0.0
cosmx_bcc_xdonor_spot_0000021738,Unwound,1.0,0.0,0.0
cosmx_bcc_xdonor_spot_0000021739,Unwound,0.9615384615384616,0.0384615384615384,0.0
cosmx_bcc_xdonor_spot_0000021740,Unwound,1.0,0.0,0.0
cosmx_bcc_xdonor_spot_0000021741,Unwound,1.0,0.0,0.0
cosmx_bcc_xdonor_spot_0000021742,Unwound,1.0,0.0,0.0
cosmx_bcc_xdonor_spot_0000021743,Unwound,0.7692307692307693,0.1538461538461538,0.0
cosmx_bcc_xdonor_spot_0000021744,Unwound,0.0,0.25,0.0
cosmx_bcc_xdonor_spot_0000021745,Unwound,0.2,0.2,0.0
cosmx_bcc_xdonor_spot_0000021746,Unwound,0.0769230769230769,0.1538461538461538,0.0
cosmx_bcc_xdonor_spot_0000021799,Unwound,0.25,0.0,0.0
cosmx_bcc_xdonor_spot_0000021800,Unwound,0.0,0.2,0.0
cosmx_bcc_xdonor_spot_0000021801,Unwound,0.8,0.1,0.0
cosmx_bcc_xdonor_spot_0000021802,Unwound,0.9736842105263158,0.0,0.0
cosmx_bcc_xdonor_spot_0000021803,Unwound,0.9310344827586208,0.0,0.0
cosmx_bcc_xdonor_spot_0000021804,Unwound,0.5384615384615384,0.3076923076923077,0.0769230769230769
cosmx_bcc_xdonor_spot_0000021805,Unwound,0.0,1.0,0.0
cosmx_bcc_xdonor_spot_0000021811,Unwound,0.9523809523809524,0.0,0.0
cosmx_bcc_xdonor_spot_0000021812,Unwound,0.9696969696969696,0.0,0.0
cosmx_bcc_xdonor_spot_0000021813,Unwound,1.0,0.0,0.0
cosmx_bcc_xdonor_spot_0000021814,Unwound,1.0,0.0,0.0
cosmx_bcc_xdonor_spot_0000021815,Unwound,0.9714285714285714,0.0,0.0
cosmx_bcc_xdonor_spot_0000021816,Unwound,1.0,0.0,0.0
cosmx_bcc_xdonor_spot_0000021817,Unwound,1.0,0.0,0.0
cosmx_bcc_xdonor_spot_0000021818,Unwound,1.0,0.0,0.0
cosmx_bcc_xdonor_spot_0000021852,Baseline,1.0,0.0,0.0
cosmx_bcc_xdonor_spot_0000021853,Baseline,1.0,0.0,0.0
cosmx_bcc_xdonor_spot_0000021854,Baseline,1.0,0.0,0.0
cosmx_bcc_xdonor_spot_0000021855,Baseline,0.9523809523809524,0.0,0.0
cosmx_bcc_xdonor_spot_0000021856,Baseline,0.0,0.8,0.0
cosmx_bcc_xdonor_spot_0000021857,Baseline,0.1,0.1,0.0
cosmx_bcc_xdonor_spot_0000022036,Unwound,1.0,0.0,0.0
cosmx_bcc_xdonor_spot_0000022037,Unwound,0.9473684210526316,0.0,0.0
cosmx_bcc_xdonor_spot_0000022038,Unwound,0.9615384615384616,0.0384615384615384,0.0
cosmx_bcc_xdonor_spot_0000022039,Unwound,1.0,0.0,0.0
cosmx_bcc_xdonor_spot_0000022040,Unwound,0.6666666666666666,0.3333333333333333,0.0
cosmx_bcc_xdonor_spot_0000022041,Unwound,0.8947368421052632,0.0,0.0
cosmx_bcc_xdonor_spot_0000022042,Unwound,0.6153846153846154,0.3846153846153846,0.0
cosmx_bcc_xdonor_spot_0000022043,Unwound,0.9545454545454546,0.0454545454545454,0.0
cosmx_bcc_xdonor_spot_0000022044,Unwound,0.8,0.1,0.0
cosmx_bcc_xdonor_spot_0000022099,Unwound,0.1333333333333333,0.2,0.0
cosmx_bcc_xdonor_spot_0000022100,Unwound,0.4,0.2,0.0
cosmx_bcc_xdonor_spot_0000022101,Unwound,0.9696969696969696,0.0,0.0
cosmx_bcc_xdonor_spot_0000022102,Unwound,1.0,0.0,0.0
cosmx_bcc_xdonor_spot_0000022103,Unwound,0.3,0.2,0.1
cosmx_bcc_xdonor_spot_0000022108,Unwound,0.9375,0.0,0.0
cosmx_bcc_xdonor_spot_0000022109,Unwound,1.0,0.0,0.0
cosmx_bcc_xdonor_spot_0000022110,Unwound,0.975,0.0,0.0
cosmx_bcc_xdonor_spot_0000022111,Unwound,0.9705882352941176,0.0,0.0
cosmx_bcc_xdonor_spot_0000022112,Unwound,1.0,0.0,0.0
cosmx_bcc_xdonor_spot_0000022113,Unwound,0.967741935483871,0.0,0.0
cosmx_bcc_xdonor_spot_0000022114,Unwound,0.9230769230769232,0.0,0.0
cosmx_bcc_xdonor_spot_0000022115,Unwound,0.9705882352941176,0.0,0.0
cosmx_bcc_xdonor_spot_0000022116,Unwound,0.9743589743589745,0.0,0.0
cosmx_bcc_xdonor_spot_0000022117,Unwound,0.8571428571428571,0.0,0.0
cosmx_bcc_xdonor_spot_0000022152,Baseline,1.0,0.0,0.0
cosmx_bcc_xdonor_spot_0000022153,Baseline,1.0,0.0,0.0
cosmx_bcc_xdonor_spot_0000022154,Baseline,1.0,0.0,0.0
cosmx_bcc_xdonor_spot_0000022338,Unwound,0.1428571428571428,0.5714285714285714,0.1428571428571428
cosmx_bcc_xdonor_spot_0000022339,Unwound,0.9473684210526316,0.0,0.0526315789473684
cosmx_bcc_xdonor_spot_0000022340,Unwound,0.6923076923076923,0.0769230769230769,0.0
cosmx_bcc_xdonor_spot_0000022341,Unwound,0.6153846153846154,0.2307692307692307,0.0
cosmx_bcc_xdonor_spot_0000022342,Unwound,0.9523809523809524,0.0476190476190476,0.0
cosmx_bcc_xdonor_spot_0000022343,Unwound,0.3333333333333333,0.1666666666666666,0.1666666666666666
cosmx_bcc_xdonor_spot_0000022398,Unwound,0.3636363636363636,0.0,0.0
cosmx_bcc_xdonor_spot_0000022401,Unwound,0.2727272727272727,0.0909090909090909,0.0
cosmx_bcc_xdonor_spot_0000022402,Unwound,0.4615384615384615,0.2307692307692307,0.0
cosmx_bcc_xdonor_spot_0000022408,Unwound,0.9047619047619048,0.0,0.0
cosmx_bcc_xdonor_spot_0000022409,Unwound,1.0,0.0,0.0
cosmx_bcc_xdonor_spot_0000022410,Unwound,1.0,0.0,0.0
cosmx_bcc_xdonor_spot_0000022411,Unwound,1.0,0.0,0.0
cosmx_bcc_xdonor_spot_0000022412,Unwound,1.0,0.0,0.0
cosmx_bcc_xdonor_spot_0000022413,Unwound,0.9545454545454546,0.0454545454545454,0.0
cosmx_bcc_xdonor_spot_0000022414,Unwound,0.5,0.2727272727272727,0.0909090909090909
cosmx_bcc_xdonor_spot_0000022415,Unwound,0.2,0.2666666666666666,0.0
cosmx_bcc_xdonor_spot_0000022636,Unwound,0.0,0.8,0.0
cosmx_bcc_xdonor_spot_0000022637,Unwound,0.9166666666666666,0.0833333333333333,0.0
cosmx_bcc_xdonor_spot_0000022638,Unwound,1.0,0.0,0.0
cosmx_bcc_xdonor_spot_0000022639,Unwound,0.9166666666666666,0.0833333333333333,0.0
cosmx_bcc_xdonor_spot_0000022640,Unwound,0.2,0.3,0.0
cosmx_bcc_xdonor_spot_0000022708,Unwound,1.0,0.0,0.0
cosmx_bcc_xdonor_spot_0000022709,Unwound,0.9722222222222222,0.0,0.0
cosmx_bcc_xdonor_spot_0000022710,Unwound,0.4761904761904761,0.3333333333333333,0.0
cosmx_bcc_xdonor_spot_0000022711,Unwound,0.3684210526315789,0.4210526315789473,0.1052631578947368
cosmx_bcc_xdonor_spot_0000022712,Unwound,0.1111111111111111,0.5,0.0555555555555555
cosmx_bcc_xdonor_spot_0000022713,Unwound,0.0,0.6666666666666666,0.1111111111111111
cosmx_bcc_xdonor_spot_0000022714,Unwound,0.0,0.1428571428571428,0.0
cosmx_bcc_xdonor_spot_0000022937,Unwound,0.75,0.25,0.0
cosmx_bcc_xdonor_spot_0000022938,Unwound,0.2,0.4,0.0
cosmx_bcc_xdonor_spot_0000022939,Unwound,0.2222222222222222,0.4444444444444444,0.0
cosmx_bcc_xdonor_spot_0000023002,Unwound,0.0,0.6,0.0
cosmx_bcc_xdonor_spot_0000023003,Unwound,0.1,0.3,0.0
cosmx_bcc_xdonor_spot_0000023009,Unwound,0.0,0.4444444444444444,0.1111111111111111
cosmx_bcc_xdonor_spot_0000023010,Unwound,0.0,0.5,0.0
cosmx_bcc_xdonor_spot_0000023011,Unwound,0.0,0.238095238095238,0.0952380952380952
cosmx_bcc_xdonor_spot_0000023301,Unwound,0.2307692307692307,0.3076923076923077,0.0
cosmx_bcc_xdonor_spot_0000023302,Unwound,0.0,0.2222222222222222,0.0
cosmx_bcc_xdonor_spot_0000023304,Unwound,0.4,0.2,0.0
cosmx_bcc_xdonor_spot_0000023305,Unwound,0.125,0.5,0.0
cosmx_bcc_xdonor_spot_0000023307,Unwound,0.2,0.4,0.0
cosmx_bcc_xdonor_spot_0000023308,Unwound,0.0,0.4,0.0666666666666666
cosmx_bcc_xdonor_spot_0000023309,Unwound,0.0,0.2272727272727272,0.0
cosmx_bcc_xdonor_spot_0000023310,Unwound,0.0,0.0666666666666666,0.0
cosmx_bcc_xdonor_spot_0000023311,Unwound,0.0,0.5,0.0
cosmx_bcc_xdonor_spot_0000023600,Unwound,0.1428571428571428,0.1428571428571428,0.2857142857142857
cosmx_bcc_xdonor_spot_0000023601,Unwound,0.1666666666666666,0.1666666666666666,0.0
cosmx_bcc_xdonor_spot_0000023602,Unwound,0.4,0.0,0.1
cosmx_bcc_xdonor_spot_0000023606,Unwound,0.0,0.1428571428571428,0.0
cosmx_bcc_xdonor_spot_0000023607,Unwound,0.0,0.5,0.0
cosmx_bcc_xdonor_spot_0000023608,Unwound,0.0,0.3333333333333333,0.0
cosmx_bcc_xdonor_spot_0000058635,Wound,0.1666666666666666,0.0,0.0
cosmx_bcc_xdonor_spot_0000058636,Wound,0.3,0.0,0.0
cosmx_bcc_xdonor_spot_0000058936,Wound,0.125,0.0,0.0
cosmx_bcc_xdonor_spot_0000058937,Wound,0.1,0.3,0.3
cosmx_bcc_xdonor_spot_0000058938,Wound,0.0,0.1428571428571428,0.0
cosmx_bcc_xdonor_spot_0000059231,Wound,1.0,0.0,0.0
cosmx_bcc_xdonor_spot_0000059232,Wound,0.9090909090909092,0.0909090909090909,0.0
cosmx_bcc_xdonor_spot_0000059233,Wound,0.0,0.4166666666666667,0.0833333333333333
cosmx_bcc_xdonor_spot_0000059234,Wound,0.0476190476190476,0.238095238095238,0.1428571428571428
cosmx_bcc_xdonor_spot_0000059235,Wound,0.0526315789473684,0.3684210526315789,0.2105263157894736
cosmx_bcc_xdonor_spot_0000059236,Wound,0.5,0.05,0.05
cosmx_bcc_xdonor_spot_0000059237,Wound,0.2727272727272727,0.2727272727272727,0.0
cosmx_bcc_xdonor_spot_0000059239,Wound,0.4444444444444444,0.2222222222222222,0.0
cosmx_bcc_xdonor_spot_0000059240,Wound,0.0,0.2857142857142857,0.0
cosmx_bcc_xdonor_spot_0000059529,Wound,0.0,0.8571428571428571,0.1428571428571428
cosmx_bcc_xdonor_spot_0000059530,Wound,0.925925925925926,0.0,0.0
cosmx_bcc_xdonor_spot_0000059531,Wound,0.9428571428571428,0.0,0.0
cosmx_bcc_xdonor_spot_0000059532,Wound,0.8275862068965517,0.0,0.0
cosmx_bcc_xdonor_spot_0000059533,Wound,0.6296296296296297,0.2222222222222222,0.074074074074074
cosmx_bcc_xdonor_spot_0000059534,Wound,0.1,0.25,0.45
cosmx_bcc_xdonor_spot_0000059535,Wound,0.4375,0.3125,0.0625
cosmx_bcc_xdonor_spot_0000059536,Wound,0.8181818181818182,0.0909090909090909,0.0
cosmx_bcc_xdonor_spot_0000059537,Wound,0.8235294117647058,0.1764705882352941,0.0
cosmx_bcc_xdonor_spot_0000059538,Wound,0.8,0.0666666666666666,0.0
cosmx_bcc_xdonor_spot_0000059539,Wound,0.0,0.6666666666666666,0.0
cosmx_bcc_xdonor_spot_0000059827,Wound,0.0,0.2,0.2
cosmx_bcc_xdonor_spot_0000059828,Wound,0.0,0.5,0.125
cosmx_bcc_xdonor_spot_0000059829,Wound,0.935483870967742,0.0,0.0
cosmx_bcc_xdonor_spot_0000059830,Wound,1.0,0.0,0.0
cosmx_bcc_xdonor_spot_0000059831,Wound,1.0,0.0,0.0
cosmx_bcc_xdonor_spot_0000059832,Wound,0.9714285714285714,0.0,0.0
cosmx_bcc_xdonor_spot_0000059833,Wound,0.4,0.3666666666666666,0.1
cosmx_bcc_xdonor_spot_0000059834,Wound,0.3636363636363636,0.5454545454545454,0.0454545454545454
cosmx_bcc_xdonor_spot_0000059835,Wound,0.95,0.0,0.0
cosmx_bcc_xdonor_spot_0000059836,Wound,0.9090909090909092,0.0,0.0
cosmx_bcc_xdonor_spot_0000059837,Wound,0.7,0.0,0.0
cosmx_bcc_xdonor_spot_0000059838,Wound,0.4,0.2,0.2
cosmx_bcc_xdonor_spot_0000059839,Wound,0.0,0.125,0.75
cosmx_bcc_xdonor_spot_0000059841,Wound,0.0,0.0,0.125
cosmx_bcc_xdonor_spot_0000059842,Wound,0.0,0.0,0.0
cosmx_bcc_xdonor_spot_0000060126,Wound,0.0,0.0,0.4
cosmx_bcc_xdonor_spot_0000060127,Wound,0.0,0.5555555555555556,0.0
cosmx_bcc_xdonor_spot_0000060128,Wound,1.0,0.0,0.0
cosmx_bcc_xdonor_spot_0000060129,Wound,1.0,0.0,0.0
cosmx_bcc_xdonor_spot_0000060130,Wound,0.9666666666666668,0.0,0.0333333333333333
cosmx_bcc_xdonor_spot_0000060131,Wound,0.9411764705882352,0.0,0.0294117647058823
cosmx_bcc_xdonor_spot_0000060132,Wound,0.2222222222222222,0.2222222222222222,0.4444444444444444
cosmx_bcc_xdonor_spot_0000060133,Wound,0.6333333333333333,0.0,0.1666666666666666
cosmx_bcc_xdonor_spot_0000060134,Wound,0.25,0.4642857142857143,0.1071428571428571
cosmx_bcc_xdonor_spot_0000060135,Wound,0.68,0.12,0.08
cosmx_bcc_xdonor_spot_0000060136,Wound,0.782608695652174,0.0,0.0434782608695652
cosmx_bcc_xdonor_spot_0000060137,Wound,0.2413793103448276,0.0689655172413793,0.3793103448275862
cosmx_bcc_xdonor_spot_0000060138,Wound,0.1111111111111111,0.2222222222222222,0.3888888888888889
cosmx_bcc_xdonor_spot_0000060139,Wound,0.4705882352941176,0.2352941176470588,0.1764705882352941
cosmx_bcc_xdonor_spot_0000060140,Wound,0.1,0.8,0.0
cosmx_bcc_xdonor_spot_0000060141,Wound,0.0,0.2307692307692307,0.0
cosmx_bcc_xdonor_spot_0000060425,Wound,0.0909090909090909,0.5454545454545454,0.0
cosmx_bcc_xdonor_spot_0000060426,Wound,0.6842105263157895,0.0526315789473684,0.0526315789473684
cosmx_bcc_xdonor_spot_0000060427,Wound,0.979591836734694,0.0,0.0
cosmx_bcc_xdonor_spot_0000060428,Wound,0.9393939393939394,0.0606060606060606,0.0
cosmx_bcc_xdonor_spot_0000060429,Wound,0.9629629629629628,0.0,0.037037037037037
cosmx_bcc_xdonor_spot_0000060430,Wound,0.8181818181818182,0.0909090909090909,0.0909090909090909
cosmx_bcc_xdonor_spot_0000060431,Wound,0.391304347826087,0.2608695652173913,0.3478260869565217
cosmx_bcc_xdonor_spot_0000060432,Wound,0.3333333333333333,0.2857142857142857,0.2857142857142857
cosmx_bcc_xdonor_spot_0000060433,Wound,0.8,0.0333333333333333,0.0
cosmx_bcc_xdonor_spot_0000060434,Wound,0.56,0.4,0.04
cosmx_bcc_xdonor_spot_0000060435,Wound,0.0666666666666666,0.6666666666666666,0.1333333333333333
cosmx_bcc_xdonor_spot_0000060436,Wound,0.4090909090909091,0.1363636363636363,0.2272727272727272
cosmx_bcc_xdonor_spot_0000060437,Wound,0.7083333333333334,0.1666666666666666,0.0833333333333333
cosmx_bcc_xdonor_spot_0000060438,Wound,1.0,0.0,0.0
cosmx_bcc_xdonor_spot_0000060439,Wound,0.7368421052631579,0.0,0.0
cosmx_bcc_xdonor_spot_0000060440,Wound,0.0666666666666666,0.3333333333333333,0.2
cosmx_bcc_xdonor_spot_0000060441,Wound,0.0,0.0,0.0
cosmx_bcc_xdonor_spot_0000060445,Wound,0.8571428571428571,0.0,0.0
cosmx_bcc_xdonor_spot_0000060446,Wound,0.2727272727272727,0.0,0.0
cosmx_bcc_xdonor_spot_0000060724,Wound,0.1176470588235294,0.4705882352941176,0.1176470588235294
cosmx_bcc_xdonor_spot_0000060725,Wound,0.5151515151515151,0.1818181818181818,0.0606060606060606
cosmx_bcc_xdonor_spot_0000060726,Wound,0.76,0.08,0.04
cosmx_bcc_xdonor_spot_0000060727,Wound,0.9629629629629628,0.0,0.037037037037037
cosmx_bcc_xdonor_spot_0000060728,Wound,1.0,0.0,0.0
cosmx_bcc_xdonor_spot_0000060729,Wound,1.0,0.0,0.0
cosmx_bcc_xdonor_spot_0000060730,Wound,0.9642857142857144,0.0357142857142857,0.0
cosmx_bcc_xdonor_spot_0000060731,Wound,1.0,0.0,0.0
cosmx_bcc_xdonor_spot_0000060732,Wound,1.0,0.0,0.0
cosmx_bcc_xdonor_spot_0000060733,Wound,0.9230769230769232,0.0769230769230769,0.0
cosmx_bcc_xdonor_spot_0000060734,Wound,1.0,0.0,0.0
cosmx_bcc_xdonor_spot_0000060735,Wound,0.3846153846153846,0.3076923076923077,0.1538461538461538
cosmx_bcc_xdonor_spot_0000060736,Wound,1.0,0.0,0.0
cosmx_bcc_xdonor_spot_0000060737,Wound,1.0,0.0,0.0
cosmx_bcc_xdonor_spot_0000060738,Wound,0.9523809523809524,0.0,0.0
cosmx_bcc_xdonor_spot_0000060739,Wound,0.4166666666666667,0.0,0.0
cosmx_bcc_xdonor_spot_0000060740,Wound,0.2142857142857142,0.0,0.0714285714285714
cosmx_bcc_xdonor_spot_0000060741,Wound,0.0833333333333333,0.4166666666666667,0.0
cosmx_bcc_xdonor_spot_0000060742,Wound,0.0,0.0,0.0
cosmx_bcc_xdonor_spot_0000061023,Wound,0.9411764705882352,0.0588235294117647,0.0
cosmx_bcc_xdonor_spot_0000061024,Wound,1.0,0.0,0.0
cosmx_bcc_xdonor_spot_0000061025,Wound,0.8333333333333334,0.0,0.0
cosmx_bcc_xdonor_spot_0000061026,Wound,1.0,0.0,0.0
cosmx_bcc_xdonor_spot_0000061027,Wound,0.9666666666666668,0.0,0.0
cosmx_bcc_xdonor_spot_0000061028,Wound,1.0,0.0,0.0
cosmx_bcc_xdonor_spot_0000061029,Wound,0.96,0.0,0.0
cosmx_bcc_xdonor_spot_0000061030,Wound,1.0,0.0,0.0
cosmx_bcc_xdonor_spot_0000061031,Wound,1.0,0.0,0.0
cosmx_bcc_xdonor_spot_0000061032,Wound,0.9047619047619048,0.0952380952380952,0.0
cosmx_bcc_xdonor_spot_0000061033,Wound,1.0,0.0,0.0
cosmx_bcc_xdonor_spot_0000061034,Wound,0.6153846153846154,0.3076923076923077,0.0769230769230769
cosmx_bcc_xdonor_spot_0000061035,Wound,1.0,0.0,0.0
cosmx_bcc_xdonor_spot_0000061036,Wound,0.9615384615384616,0.0,0.0
cosmx_bcc_xdonor_spot_0000061037,Wound,1.0,0.0,0.0
cosmx_bcc_xdonor_spot_0000061038,Wound,0.9411764705882352,0.0,0.0
cosmx_bcc_xdonor_spot_0000061039,Wound,0.8,0.0,0.0666666666666666
cosmx_bcc_xdonor_spot_0000061040,Wound,0.0,0.5882352941176471,0.4117647058823529
cosmx_bcc_xdonor_spot_0000061041,Wound,0.3333333333333333,0.2222222222222222,0.3333333333333333
cosmx_bcc_xdonor_spot_0000061042,Wound,0.0,0.0,0.0
cosmx_bcc_xdonor_spot_0000061046,Wound,0.6,0.2,0.0
cosmx_bcc_xdonor_spot_0000061322,Wound,1.0,0.0,0.0
cosmx_bcc_xdonor_spot_0000061323,Wound,0.84375,0.0625,0.0
cosmx_bcc_xdonor_spot_0000061324,Wound,0.8518518518518519,0.074074074074074,0.0
cosmx_bcc_xdonor_spot_0000061325,Wound,1.0,0.0,0.0
cosmx_bcc_xdonor_spot_0000061326,Wound,1.0,0.0,0.0
cosmx_bcc_xdonor_spot_0000061327,Wound,1.0,0.0,0.0
cosmx_bcc_xdonor_spot_0000061328,Wound,1.0,0.0,0.0
cosmx_bcc_xdonor_spot_0000061329,Wound,1.0,0.0,0.0
cosmx_bcc_xdonor_spot_0000061330,Wound,1.0,0.0,0.0
cosmx_bcc_xdonor_spot_0000061331,Wound,0.9545454545454546,0.0454545454545454,0.0
cosmx_bcc_xdonor_spot_0000061332,Wound,1.0,0.0,0.0
cosmx_bcc_xdonor_spot_0000061333,Wound,0.5882352941176471,0.1764705882352941,0.0588235294117647
cosmx_bcc_xdonor_spot_0000061334,Wound,0.9333333333333332,0.0,0.0333333333333333
cosmx_bcc_xdonor_spot_0000061335,Wound,0.9545454545454546,0.0,0.0
cosmx_bcc_xdonor_spot_0000061336,Wound,1.0,0.0,0.0
cosmx_bcc_xdonor_spot_0000061337,Wound,1.0,0.0,0.0
cosmx_bcc_xdonor_spot_0000061338,Wound,0.0384615384615384,0.5384615384615384,0.2307692307692307
cosmx_bcc_xdonor_spot_0000061339,Wound,0.0,0.3333333333333333,0.3666666666666666
cosmx_bcc_xdonor_spot_0000061340,Wound,0.0,0.4090909090909091,0.5454545454545454
cosmx_bcc_xdonor_spot_0000061341,Wound,0.0,0.0714285714285714,0.2857142857142857
cosmx_bcc_xdonor_spot_0000061342,Wound,0.0,0.0,0.0
cosmx_bcc_xdonor_spot_0000061346,Wound,0.6,0.0,0.0
cosmx_bcc_xdonor_spot_0000061621,Wound,1.0,0.0,0.0
cosmx_bcc_xdonor_spot_0000061622,Wound,0.9615384615384616,0.0,0.0
cosmx_bcc_xdonor_spot_0000061623,Wound,1.0,0.0,0.0
cosmx_bcc_xdonor_spot_0000061624,Wound,0.9310344827586208,0.0,0.0344827586206896
cosmx_bcc_xdonor_spot_0000061625,Wound,0.9428571428571428,0.0,0.0571428571428571
cosmx_bcc_xdonor_spot_0000061626,Wound,1.0,0.0,0.0
cosmx_bcc_xdonor_spot_0000061627,Wound,0.9230769230769232,0.0,0.0384615384615384
cosmx_bcc_xdonor_spot_0000061628,Wound,0.9583333333333334,0.0,0.0
cosmx_bcc_xdonor_spot_0000061629,Wound,1.0,0.0,0.0
cosmx_bcc_xdonor_spot_0000061630,Wound,1.0,0.0,0.0
cosmx_bcc_xdonor_spot_0000061631,Wound,1.0,0.0,0.0
cosmx_bcc_xdonor_spot_0000061632,Wound,0.5833333333333334,0.2083333333333333,0.125
cosmx_bcc_xdonor_spot_0000061633,Wound,0.8076923076923077,0.0,0.1153846153846153
cosmx_bcc_xdonor_spot_0000061634,Wound,1.0,0.0,0.0
cosmx_bcc_xdonor_spot_0000061635,Wound,0.6956521739130435,0.0434782608695652,0.1304347826086956
cosmx_bcc_xdonor_spot_0000061636,Wound,0.217391304347826,0.4347826086956521,0.1304347826086956
cosmx_bcc_xdonor_spot_0000061637,Wound,0.0909090909090909,0.2727272727272727,0.4545454545454545
cosmx_bcc_xdonor_spot_0000061638,Wound,0.0454545454545454,0.4090909090909091,0.4090909090909091
cosmx_bcc_xdonor_spot_0000061639,Wound,0.0869565217391304,0.4347826086956521,0.3478260869565217
cosmx_bcc_xdonor_spot_0000061640,Wound,0.0,0.1071428571428571,0.25
cosmx_bcc_xdonor_spot_0000061641,Wound,0.0,0.0769230769230769,0.3076923076923077
cosmx_bcc_xdonor_spot_0000061644,Wound,0.6,0.0,0.0
cosmx_bcc_xdonor_spot_0000061645,Wound,0.4,0.0,0.0
cosmx_bcc_xdonor_spot_0000061920,Wound,1.0,0.0,0.0
cosmx_bcc_xdonor_spot_0000061921,Wound,1.0,0.0,0.0
cosmx_bcc_xdonor_spot_0000061922,Wound,1.0,0.0,0.0
cosmx_bcc_xdonor_spot_0000061923,Wound,1.0,0.0,0.0
cosmx_bcc_xdonor_spot_0000061924,Wound,1.0,0.0,0.0
cosmx_bcc_xdonor_spot_0000061925,Wound,1.0,0.0,0.0
cosmx_bcc_xdonor_spot_0000061926,Wound,1.0,0.0,0.0
cosmx_bcc_xdonor_spot_0000061927,Wound,1.0,0.0,0.0
cosmx_bcc_xdonor_spot_0000061928,Wound,1.0,0.0,0.0
cosmx_bcc_xdonor_spot_0000061929,Wound,1.0,0.0,0.0
cosmx_bcc_xdonor_spot_0000061930,Wound,1.0,0.0,0.0
cosmx_bcc_xdonor_spot_0000061931,Wound,0.3478260869565217,0.1739130434782608,0.0869565217391304
cosmx_bcc_xdonor_spot_0000061932,Wound,0.6538461538461539,0.2692307692307692,0.0769230769230769
cosmx_bcc_xdonor_spot_0000061933,Wound,0.75,0.0625,0.0
cosmx_bcc_xdonor_spot_0000061934,Wound,0.5263157894736842,0.1052631578947368,0.2631578947368421
cosmx_bcc_xdonor_spot_0000061935,Wound,0.782608695652174,0.1739130434782608,0.0434782608695652
cosmx_bcc_xdonor_spot_0000061936,Wound,0.7058823529411765,0.0,0.1176470588235294
cosmx_bcc_xdonor_spot_0000061937,Wound,0.8421052631578947,0.0,0.0
cosmx_bcc_xdonor_spot_0000061938,Wound,0.3888888888888889,0.0,0.3333333333333333
cosmx_bcc_xdonor_spot_0000061939,Wound,0.0416666666666666,0.125,0.3333333333333333
cosmx_bcc_xdonor_spot_0000061940,Wound,0.0,0.0769230769230769,0.0769230769230769
cosmx_bcc_xdonor_spot_0000061941,Wound,0.0,0.0,0.0
cosmx_bcc_xdonor_spot_0000062219,Wound,1.0,0.0,0.0
cosmx_bcc_xdonor_spot_0000062220,Wound,0.9615384615384616,0.0,0.0384615384615384
cosmx_bcc_xdonor_spot_0000062221,Wound,0.9444444444444444,0.0,0.0
cosmx_bcc_xdonor_spot_0000062222,Wound,1.0,0.0,0.0
cosmx_bcc_xdonor_spot_0000062223,Wound,1.0,0.0,0.0
cosmx_bcc_xdonor_spot_0000062224,Wound,0.8846153846153846,0.0,0.0769230769230769
cosmx_bcc_xdonor_spot_0000062225,Wound,1.0,0.0,0.0
cosmx_bcc_xdonor_spot_0000062226,Wound,0.9666666666666668,0.0,0.0333333333333333
cosmx_bcc_xdonor_spot_0000062227,Wound,0.9615384615384616,0.0,0.0384615384615384
cosmx_bcc_xdonor_spot_0000062228,Wound,1.0,0.0,0.0
cosmx_bcc_xdonor_spot_0000062229,Wound,0.7857142857142857,0.1071428571428571,0.0357142857142857
cosmx_bcc_xdonor_spot_0000062230,Wound,0.3333333333333333,0.5,0.0333333333333333
cosmx_bcc_xdonor_spot_0000062231,Wound,1.0,0.0,0.0
cosmx_bcc_xdonor_spot_0000062232,Wound,1.0,0.0,0.0
cosmx_bcc_xdonor_spot_0000062233,Wound,0.9090909090909092,0.0909090909090909,0.0
cosmx_bcc_xdonor_spot_0000062234,Wound,0.9444444444444444,0.0555555555555555,0.0
cosmx_bcc_xdonor_spot_0000062235,Wound,0.875,0.0416666666666666,0.0416666666666666
cosmx_bcc_xdonor_spot_0000062236,Wound,0.8421052631578947,0.0526315789473684,0.0
cosmx_bcc_xdonor_spot_0000062237,Wound,0.2222222222222222,0.5,0.2222222222222222
cosmx_bcc_xdonor_spot_0000062238,Wound,0.0,0.1578947368421052,0.5789473684210527
cosmx_bcc_xdonor_spot_0000062239,Wound,0.0,0.1818181818181818,0.0909090909090909
cosmx_bcc_xdonor_spot_0000062240,Wound,0.0,0.375,0.125
cosmx_bcc_xdonor_spot_0000062518,Wound,1.0,0.0,0.0
cosmx_bcc_xdonor_spot_0000062519,Wound,1.0,0.0,0.0
cosmx_bcc_xdonor_spot_0000062520,Wound,0.9375,0.0,0.0625
cosmx_bcc_xdonor_spot_0000062521,Wound,0.92,0.08,0.0
cosmx_bcc_xdonor_spot_0000062522,Wound,0.9523809523809524,0.0,0.0476190476190476
cosmx_bcc_xdonor_spot_0000062523,Wound,1.0,0.0,0.0
cosmx_bcc_xdonor_spot_0000062524,Wound,0.85,0.05,0.1
cosmx_bcc_xdonor_spot_0000062525,Wound,0.9428571428571428,0.0571428571428571,0.0
cosmx_bcc_xdonor_spot_0000062526,Wound,0.8947368421052632,0.1052631578947368,0.0
cosmx_bcc_xdonor_spot_0000062527,Wound,0.9230769230769232,0.0384615384615384,0.0384615384615384
cosmx_bcc_xdonor_spot_0000062528,Wound,0.3448275862068966,0.2068965517241379,0.1034482758620689
cosmx_bcc_xdonor_spot_0000062529,Wound,0.6111111111111112,0.2777777777777778,0.1111111111111111
cosmx_bcc_xdonor_spot_0000062530,Wound,1.0,0.0,0.0
cosmx_bcc_xdonor_spot_0000062531,Wound,0.8666666666666667,0.0666666666666666,0.0
cosmx_bcc_xdonor_spot_0000062532,Wound,1.0,0.0,0.0
cosmx_bcc_xdonor_spot_0000062533,Wound,0.6842105263157895,0.3157894736842105,0.0
cosmx_bcc_xdonor_spot_0000062534,Wound,0.5769230769230769,0.2307692307692307,0.1923076923076923
cosmx_bcc_xdonor_spot_0000062535,Wound,0.6,0.15,0.2
cosmx_bcc_xdonor_spot_0000062536,Wound,0.0,0.4,0.4666666666666667
cosmx_bcc_xdonor_spot_0000062537,Wound,0.0588235294117647,0.5294117647058824,0.1764705882352941
cosmx_bcc_xdonor_spot_0000062538,Wound,0.1176470588235294,0.2352941176470588,0.0588235294117647
cosmx_bcc_xdonor_spot_0000062540,Wound,0.0,0.1428571428571428,0.0
cosmx_bcc_xdonor_spot_0000062817,Wound,0.9285714285714286,0.0,0.0
cosmx_bcc_xdonor_spot_0000062818,Wound,1.0,0.0,0.0
cosmx_bcc_xdonor_spot_0000062819,Wound,1.0,0.0,0.0
cosmx_bcc_xdonor_spot_0000062820,Wound,0.9523809523809524,0.0476190476190476,0.0
cosmx_bcc_xdonor_spot_0000062821,Wound,1.0,0.0,0.0
cosmx_bcc_xdonor_spot_0000062822,Wound,0.9310344827586208,0.0,0.0689655172413793
cosmx_bcc_xdonor_spot_0000062823,Wound,1.0,0.0,0.0
cosmx_bcc_xdonor_spot_0000062824,Wound,0.7,0.1,0.15
cosmx_bcc_xdonor_spot_0000062825,Wound,1.0,0.0,0.0
cosmx_bcc_xdonor_spot_0000062826,Wound,0.3888888888888889,0.2222222222222222,0.3333333333333333
cosmx_bcc_xdonor_spot_0000062827,Wound,0.0,0.4545454545454545,0.5454545454545454
cosmx_bcc_xdonor_spot_0000062828,Wound,0.7647058823529411,0.1764705882352941,0.0588235294117647
cosmx_bcc_xdonor_spot_0000062829,Wound,1.0,0.0,0.0
cosmx_bcc_xdonor_spot_0000062830,Wound,0.9444444444444444,0.0555555555555555,0.0
cosmx_bcc_xdonor_spot_0000062831,Wound,0.8333333333333334,0.0,0.0
cosmx_bcc_xdonor_spot_0000062832,Wound,0.3684210526315789,0.0,0.3157894736842105
cosmx_bcc_xdonor_spot_0000062833,Wound,0.0,0.5,0.3125
cosmx_bcc_xdonor_spot_0000062834,Wound,0.0,0.2068965517241379,0.5862068965517241
cosmx_bcc_xdonor_spot_0000062835,Wound,0.0,0.2903225806451613,0.1612903225806451
cosmx_bcc_xdonor_spot_0000062836,Wound,0.2222222222222222,0.2222222222222222,0.2222222222222222
cosmx_bcc_xdonor_spot_0000062837,Wound,0.2142857142857142,0.0714285714285714,0.1428571428571428
cosmx_bcc_xdonor_spot_0000062838,Wound,0.25,0.0625,0.0
cosmx_bcc_xdonor_spot_0000062839,Wound,0.1666666666666666,0.0,0.1666666666666666
cosmx_bcc_xdonor_spot_0000062840,Wound,0.0,0.0,0.0
cosmx_bcc_xdonor_spot_0000063117,Wound,0.9411764705882352,0.0,0.0588235294117647
cosmx_bcc_xdonor_spot_0000063118,Wound,1.0,0.0,0.0
cosmx_bcc_xdonor_spot_0000063119,Wound,0.9545454545454546,0.0454545454545454,0.0
cosmx_bcc_xdonor_spot_0000063120,Wound,0.5454545454545454,0.3636363636363636,0.0
cosmx_bcc_xdonor_spot_0000063121,Wound,0.5882352941176471,0.2941176470588235,0.0
cosmx_bcc_xdonor_spot_0000063122,Wound,0.6785714285714286,0.0714285714285714,0.0357142857142857
cosmx_bcc_xdonor_spot_0000063123,Wound,0.5,0.3636363636363636,0.0909090909090909
cosmx_bcc_xdonor_spot_0000063124,Wound,0.6956521739130435,0.217391304347826,0.0
cosmx_bcc_xdonor_spot_0000063125,Wound,0.0833333333333333,0.4166666666666667,0.375
cosmx_bcc_xdonor_spot_0000063126,Wound,0.0,0.3333333333333333,0.6666666666666666
cosmx_bcc_xdonor_spot_0000063127,Wound,0.2,0.1333333333333333,0.6666666666666666
cosmx_bcc_xdonor_spot_0000063128,Wound,0.8461538461538461,0.0,0.1538461538461538
cosmx_bcc_xdonor_spot_0000063129,Wound,0.8,0.0,0.05
cosmx_bcc_xdonor_spot_0000063130,Wound,0.4375,0.0,0.0
cosmx_bcc_xdonor_spot_0000063131,Wound,0.3157894736842105,0.0526315789473684,0.1052631578947368
cosmx_bcc_xdonor_spot_0000063132,Wound,0.0,0.34375,0.5
cosmx_bcc_xdonor_spot_0000063133,Wound,0.0,0.4230769230769231,0.2692307692307692
cosmx_bcc_xdonor_spot_0000063134,Wound,0.0,0.2692307692307692,0.2307692307692307
cosmx_bcc_xdonor_spot_0000063135,Wound,0.0,0.2222222222222222,0.4444444444444444
cosmx_bcc_xdonor_spot_0000063136,Wound,0.0,0.0,0.0
cosmx_bcc_xdonor_spot_0000063137,Wound,0.2,0.0,0.0666666666666666
cosmx_bcc_xdonor_spot_0000063138,Wound,0.2941176470588235,0.0,0.0
cosmx_bcc_xdonor_spot_0000063139,Wound,0.0,0.0,0.0
cosmx_bcc_xdonor_spot_0000063415,Wound,0.6,0.4,0.0
cosmx_bcc_xdonor_spot_0000063416,Wound,0.8214285714285714,0.1071428571428571,0.0357142857142857
cosmx_bcc_xdonor_spot_0000063417,Wound,0.9523809523809524,0.0,0.0476190476190476
cosmx_bcc_xdonor_spot_0000063418,Wound,0.9375,0.0625,0.0
cosmx_bcc_xdonor_spot_0000063419,Wound,0.9615384615384616,0.0,0.0
cosmx_bcc_xdonor_spot_0000063420,Wound,0.8695652173913043,0.1304347826086956,0.0
cosmx_bcc_xdonor_spot_0000063421,Wound,0.8636363636363636,0.0909090909090909,0.0
cosmx_bcc_xdonor_spot_0000063422,Wound,1.0,0.0,0.0
cosmx_bcc_xdonor_spot_0000063423,Wound,1.0,0.0,0.0
cosmx_bcc_xdonor_spot_0000063424,Wound,0.896551724137931,0.1034482758620689,0.0
cosmx_bcc_xdonor_spot_0000063425,Wound,0.44,0.12,0.44
cosmx_bcc_xdonor_spot_0000063426,Wound,0.0,0.2333333333333333,0.6
cosmx_bcc_xdonor_spot_0000063428,Wound,0.5,0.3333333333333333,0.125
cosmx_bcc_xdonor_spot_0000063429,Wound,0.238095238095238,0.4285714285714285,0.1428571428571428
cosmx_bcc_xdonor_spot_0000063430,Wound,0.1,0.25,0.2
cosmx_bcc_xdonor_spot_0000063431,Wound,0.0454545454545454,0.6363636363636364,0.3181818181818182
cosmx_bcc_xdonor_spot_0000063432,Wound,0.0,0.6842105263157895,0.2105263157894736
cosmx_bcc_xdonor_spot_0000063433,Wound,0.0,0.4666666666666667,0.2666666666666666
cosmx_bcc_xdonor_spot_0000063434,Wound,0.1666666666666666,0.1666666666666666,0.5
cosmx_bcc_xdonor_spot_0000063435,Wound,0.0,0.1428571428571428,0.2142857142857142
cosmx_bcc_xdonor_spot_0000063436,Wound,0.0,0.125,0.125
cosmx_bcc_xdonor_spot_0000063437,Wound,0.0,0.125,0.0
cosmx_bcc_xdonor_spot_0000063438,Wound,0.1666666666666666,0.0,0.0
cosmx_bcc_xdonor_spot_0000063439,Wound,0.0,0.0,0.0
cosmx_bcc_xdonor_spot_0000063714,Wound,0.6,0.4,0.0
cosmx_bcc_xdonor_spot_0000063715,Wound,0.8333333333333334,0.1666666666666666,0.0
cosmx_bcc_xdonor_spot_0000063716,Wound,0.8947368421052632,0.1052631578947368,0.0
cosmx_bcc_xdonor_spot_0000063717,Wound,1.0,0.0,0.0
cosmx_bcc_xdonor_spot_0000063718,Wound,1.0,0.0,0.0
cosmx_bcc_xdonor_spot_0000063719,Wound,0.85,0.15,0.0
cosmx_bcc_xdonor_spot_0000063720,Wound,0.9523809523809524,0.0476190476190476,0.0
cosmx_bcc_xdonor_spot_0000063721,Wound,1.0,0.0,0.0
cosmx_bcc_xdonor_spot_0000063722,Wound,0.9666666666666668,0.0,0.0
cosmx_bcc_xdonor_spot_0000063723,Wound,0.9047619047619048,0.0952380952380952,0.0
cosmx_bcc_xdonor_spot_0000063724,Wound,0.4444444444444444,0.2222222222222222,0.3333333333333333
cosmx_bcc_xdonor_spot_0000063726,Wound,0.0,0.4,0.6
cosmx_bcc_xdonor_spot_0000063727,Wound,0.0,0.3636363636363636,0.3636363636363636
cosmx_bcc_xdonor_spot_0000063728,Wound,0.0,0.5555555555555556,0.1481481481481481
cosmx_bcc_xdonor_spot_0000063729,Wound,0.0,0.8095238095238095,0.1904761904761904
cosmx_bcc_xdonor_spot_0000063730,Wound,0.0,0.75,0.25
cosmx_bcc_xdonor_spot_0000063731,Wound,0.0,0.6190476190476191,0.2857142857142857
cosmx_bcc_xdonor_spot_0000063732,Wound,0.2352941176470588,0.2352941176470588,0.2941176470588235
cosmx_bcc_xdonor_spot_0000063733,Wound,0.3076923076923077,0.3846153846153846,0.2307692307692307
cosmx_bcc_xdonor_spot_0000063734,Wound,0.0,0.4285714285714285,0.1428571428571428
cosmx_bcc_xdonor_spot_0000063735,Wound,0.0,0.125,0.25
cosmx_bcc_xdonor_spot_0000063736,Wound,0.0769230769230769,0.0,0.0
cosmx_bcc_xdonor_spot_0000063737,Wound,0.0666666666666666,0.0666666666666666,0.0666666666666666
cosmx_bcc_xdonor_spot_0000063738,Wound,0.2,0.1,0.0
cosmx_bcc_xdonor_spot_0000063739,Wound,0.0,0.0,0.0
cosmx_bcc_xdonor_spot_0000063810,Wound,0.0,0.0,0.0
cosmx_bcc_xdonor_spot_0000063819,Wound,0.0,0.0,0.0
cosmx_bcc_xdonor_spot_0000064013,Wound,0.6,0.2666666666666666,0.0
cosmx_bcc_xdonor_spot_0000064014,Wound,0.6818181818181818,0.1363636363636363,0.0454545454545454
cosmx_bcc_xdonor_spot_0000064015,Wound,0.8888888888888888,0.037037037037037,0.074074074074074
cosmx_bcc_xdonor_spot_0000064016,Wound,0.9444444444444444,0.0555555555555555,0.0
cosmx_bcc_xdonor_spot_0000064017,Wound,1.0,0.0,0.0
cosmx_bcc_xdonor_spot_0000064018,Wound,1.0,0.0,0.0
cosmx_bcc_xdonor_spot_0000064019,Wound,0.95,0.0,0.05
cosmx_bcc_xdonor_spot_0000064020,Wound,0.9642857142857144,0.0,0.0357142857142857
cosmx_bcc_xdonor_spot_0000064021,Wound,0.9411764705882352,0.0,0.0588235294117647
cosmx_bcc_xdonor_spot_0000064022,Wound,0.1,0.3,0.15
cosmx_bcc_xdonor_spot_0000064024,Wound,0.0,0.4285714285714285,0.4285714285714285
cosmx_bcc_xdonor_spot_0000064026,Wound,0.0,0.8,0.2
cosmx_bcc_xdonor_spot_0000064027,Wound,0.0769230769230769,0.6923076923076923,0.2307692307692307
cosmx_bcc_xdonor_spot_0000064028,Wound,0.0,0.5384615384615384,0.1538461538461538
cosmx_bcc_xdonor_spot_0000064029,Wound,0.0,0.8947368421052632,0.0526315789473684
cosmx_bcc_xdonor_spot_0000064030,Wound,0.0,0.9285714285714286,0.0714285714285714
cosmx_bcc_xdonor_spot_0000064031,Wound,0.0,1.0,0.0
cosmx_bcc_xdonor_spot_0000064032,Wound,0.2142857142857142,0.2857142857142857,0.2857142857142857
cosmx_bcc_xdonor_spot_0000064033,Wound,0.25,0.0,0.1666666666666666
cosmx_bcc_xdonor_spot_0000064034,Wound,0.0,0.2857142857142857,0.2857142857142857
cosmx_bcc_xdonor_spot_0000064035,Wound,0.0,0.75,0.25
cosmx_bcc_xdonor_spot_0000064036,Wound,0.1428571428571428,0.7142857142857143,0.0
cosmx_bcc_xdonor_spot_0000064038,Wound,0.0,0.0,0.0
cosmx_bcc_xdonor_spot_0000064039,Wound,0.0,0.0,0.0
cosmx_bcc_xdonor_spot_0000064040,Wound,0.3333333333333333,0.0,0.0
cosmx_bcc_xdonor_spot_0000064041,Wound,0.625,0.0,0.0625
cosmx_bcc_xdonor_spot_0000064042,Wound,0.8,0.0,0.0
cosmx_bcc_xdonor_spot_0000064043,Wound,0.6,0.2,0.0
cosmx_bcc_xdonor_spot_0000064044,Wound,0.5,0.125,0.125
cosmx_bcc_xdonor_spot_0000064108,Wound,0.125,0.0,0.0
cosmx_bcc_xdonor_spot_0000064109,Wound,0.4193548387096774,0.064516129032258,0.0
cosmx_bcc_xdonor_spot_0000064110,Wound,0.5555555555555556,0.0,0.0
cosmx_bcc_xdonor_spot_0000064114,Wound,0.0,0.0,0.0
cosmx_bcc_xdonor_spot_0000064115,Wound,0.0,0.0,0.5
cosmx_bcc_xdonor_spot_0000064116,Wound,0.0,0.0714285714285714,0.4285714285714285
cosmx_bcc_xdonor_spot_0000064117,Wound,0.0714285714285714,0.0714285714285714,0.2142857142857142
cosmx_bcc_xdonor_spot_0000064118,Wound,0.0,0.1818181818181818,0.0909090909090909
cosmx_bcc_xdonor_spot_0000064119,Wound,0.0,0.1428571428571428,0.0
cosmx_bcc_xdonor_spot_0000064120,Wound,0.0,0.0,0.125
cosmx_bcc_xdonor_spot_0000064121,Wound,0.0,0.1666666666666666,0.25
cosmx_bcc_xdonor_spot_0000064122,Wound,0.0,0.3076923076923077,0.2307692307692307
cosmx_bcc_xdonor_spot_0000064123,Wound,0.0,0.2666666666666666,0.1333333333333333
cosmx_bcc_xdonor_spot_0000064124,Wound,0.0833333333333333,0.0,0.0
cosmx_bcc_xdonor_spot_0000064125,Wound,0.1111111111111111,0.0,0.1111111111111111
cosmx_bcc_xdonor_spot_0000064126,Wound,0.0,0.0,0.0
cosmx_bcc_xdonor_spot_0000064307,Wound,0.1666666666666666,0.1666666666666666,0.0
cosmx_bcc_xdonor_spot_0000064308,Wound,0.9411764705882352,0.0588235294117647,0.0
cosmx_bcc_xdonor_spot_0000064309,Wound,0.9285714285714286,0.0,0.0714285714285714
cosmx_bcc_xdonor_spot_0000064310,Wound,1.0,0.0,0.0
cosmx_bcc_xdonor_spot_0000064311,Wound,0.6,0.3333333333333333,0.0
cosmx_bcc_xdonor_spot_0000064312,Wound,0.8888888888888888,0.1111111111111111,0.0
cosmx_bcc_xdonor_spot_0000064313,Wound,0.9444444444444444,0.0555555555555555,0.0
cosmx_bcc_xdonor_spot_0000064314,Wound,0.0454545454545454,0.6363636363636364,0.0454545454545454
cosmx_bcc_xdonor_spot_0000064315,Wound,0.8095238095238095,0.1904761904761904,0.0
cosmx_bcc_xdonor_spot_0000064316,Wound,0.9583333333333334,0.0416666666666666,0.0
cosmx_bcc_xdonor_spot_0000064317,Wound,1.0,0.0,0.0
cosmx_bcc_xdonor_spot_0000064318,Wound,0.9166666666666666,0.0,0.0416666666666666
cosmx_bcc_xdonor_spot_0000064319,Wound,0.9666666666666668,0.0,0.0333333333333333
cosmx_bcc_xdonor_spot_0000064320,Wound,0.0,0.7142857142857143,0.2142857142857142
cosmx_bcc_xdonor_spot_0000064321,Wound,0.0,0.6666666666666666,0.2222222222222222
cosmx_bcc_xdonor_spot_0000064322,Wound,0.0,0.4705882352941176,0.4117647058823529
cosmx_bcc_xdonor_spot_0000064323,Wound,0.0714285714285714,0.2857142857142857,0.1428571428571428
cosmx_bcc_xdonor_spot_0000064324,Wound,0.0,0.0,0.6428571428571429
cosmx_bcc_xdonor_spot_0000064325,Wound,0.0,0.8,0.2
cosmx_bcc_xdonor_spot_0000064326,Wound,0.2352941176470588,0.1764705882352941,0.1764705882352941
cosmx_bcc_xdonor_spot_0000064327,Wound,0.1,0.0,0.0
cosmx_bcc_xdonor_spot_0000064328,Wound,0.0,0.6666666666666666,0.1111111111111111
cosmx_bcc_xdonor_spot_0000064329,Wound,0.0,0.7777777777777778,0.2222222222222222
cosmx_bcc_xdonor_spot_0000064330,Wound,0.0,0.5,0.1875
cosmx_bcc_xdonor_spot_0000064331,Wound,0.0833333333333333,0.5833333333333334,0.25
cosmx_bcc_xdonor_spot_0000064332,Wound,0.0666666666666666,0.4,0.4666666666666667
cosmx_bcc_xdonor_spot_0000064333,Wound,0.0,0.4210526315789473,0.4736842105263157
cosmx_bcc_xdonor_spot_0000064334,Wound,0.0,0.1428571428571428,0.0714285714285714
cosmx_bcc_xdonor_spot_0000064335,Wound,0.0769230769230769,0.2307692307692307,0.0
cosmx_bcc_xdonor_spot_0000064336,Wound,0.3333333333333333,0.0,0.1111111111111111
cosmx_bcc_xdonor_spot_0000064337,Wound,0.1875,0.0,0.0
cosmx_bcc_xdonor_spot_0000064338,Wound,0.0,0.0,0.0
cosmx_bcc_xdonor_spot_0000064339,Wound,0.0,0.0,0.0
cosmx_bcc_xdonor_spot_0000064340,Wound,0.0,0.0,0.125
cosmx_bcc_xdonor_spot_0000064341,Wound,0.1666666666666666,0.0,0.1666666666666666
cosmx_bcc_xdonor_spot_0000064342,Wound,0.1818181818181818,0.0,0.0
cosmx_bcc_xdonor_spot_0000064343,Wound,0.0,0.0,0.0
cosmx_bcc_xdonor_spot_0000064344,Wound,0.0,0.2,0.0
cosmx_bcc_xdonor_spot_0000064407,Wound,0.375,0.0,0.0
cosmx_bcc_xdonor_spot_0000064408,Wound,0.3636363636363636,0.0,0.0
cosmx_bcc_xdonor_spot_0000064409,Wound,0.7142857142857143,0.0,0.1428571428571428
cosmx_bcc_xdonor_spot_0000064411,Wound,0.0,0.0,0.125
cosmx_bcc_xdonor_spot_0000064412,Wound,0.0,0.3043478260869565,0.217391304347826
cosmx_bcc_xdonor_spot_0000064413,Wound,0.0,0.48,0.52
cosmx_bcc_xdonor_spot_0000064414,Wound,0.0,0.3181818181818182,0.4090909090909091
cosmx_bcc_xdonor_spot_0000064415,Wound,0.0,0.1764705882352941,0.4705882352941176
cosmx_bcc_xdonor_spot_0000064416,Wound,0.0,0.28,0.68
cosmx_bcc_xdonor_spot_0000064417,Wound,0.0,0.2631578947368421,0.6842105263157895
cosmx_bcc_xdonor_spot_0000064418,Wound,0.0,0.3684210526315789,0.4210526315789473
cosmx_bcc_xdonor_spot_0000064419,Wound,0.0384615384615384,0.1153846153846153,0.6923076923076923
cosmx_bcc_xdonor_spot_0000064420,Wound,0.0,0.0454545454545454,0.7272727272727273
cosmx_bcc_xdonor_spot_0000064421,Wound,0.0,0.1538461538461538,0.3846153846153846
cosmx_bcc_xdonor_spot_0000064422,Wound,0.0416666666666666,0.2916666666666667,0.4583333333333333
cosmx_bcc_xdonor_spot_0000064423,Wound,0.125,0.0,0.0
cosmx_bcc_xdonor_spot_0000064424,Wound,0.25,0.0,0.0
cosmx_bcc_xdonor_spot_0000064425,Wound,0.4761904761904761,0.1428571428571428,0.0476190476190476
cosmx_bcc_xdonor_spot_0000064426,Wound,0.4285714285714285,0.2142857142857142,0.0714285714285714
cosmx_bcc_xdonor_spot_0000064427,Wound,0.0,0.0,0.0
cosmx_bcc_xdonor_spot_0000064428,Wound,0.0,0.0,0.0
cosmx_bcc_xdonor_spot_0000064429,Wound,0.125,0.0,0.0
cosmx_bcc_xdonor_spot_0000064430,Wound,0.4,0.0,0.0
cosmx_bcc_xdonor_spot_0000064605,Wound,0.0,0.2,0.0
cosmx_bcc_xdonor_spot_0000064606,Wound,0.0,0.2222222222222222,0.1111111111111111
cosmx_bcc_xdonor_spot_0000064607,Wound,1.0,0.0,0.0
cosmx_bcc_xdonor_spot_0000064608,Wound,1.0,0.0,0.0
cosmx_bcc_xdonor_spot_0000064609,Wound,0.935483870967742,0.0,0.064516129032258
cosmx_bcc_xdonor_spot_0000064610,Wound,0.9545454545454546,0.0,0.0
cosmx_bcc_xdonor_spot_0000064611,Wound,0.7777777777777778,0.0,0.1111111111111111
cosmx_bcc_xdonor_spot_0000064612,Wound,0.7894736842105263,0.2105263157894736,0.0
cosmx_bcc_xdonor_spot_0000064613,Wound,0.7916666666666666,0.1666666666666666,0.0
cosmx_bcc_xdonor_spot_0000064614,Wound,0.9393939393939394,0.0,0.0303030303030303
cosmx_bcc_xdonor_spot_0000064615,Wound,0.68,0.2,0.08
cosmx_bcc_xdonor_spot_0000064616,Wound,0.1764705882352941,0.7647058823529411,0.0588235294117647
cosmx_bcc_xdonor_spot_0000064617,Wound,0.0714285714285714,0.7857142857142857,0.0
cosmx_bcc_xdonor_spot_0000064618,Wound,0.1428571428571428,0.4761904761904761,0.1428571428571428
cosmx_bcc_xdonor_spot_0000064619,Wound,0.0,0.4210526315789473,0.2105263157894736
cosmx_bcc_xdonor_spot_0000064620,Wound,0.0,0.4666666666666667,0.0666666666666666
cosmx_bcc_xdonor_spot_0000064621,Wound,0.0,0.6666666666666666,0.2
cosmx_bcc_xdonor_spot_0000064622,Wound,0.0,0.7857142857142857,0.0714285714285714
cosmx_bcc_xdonor_spot_0000064623,Wound,0.0,0.3809523809523809,0.3809523809523809
cosmx_bcc_xdonor_spot_0000064624,Wound,0.0,0.4,0.3
cosmx_bcc_xdonor_spot_0000064625,Wound,0.1428571428571428,0.1904761904761904,0.238095238095238
cosmx_bcc_xdonor_spot_0000064626,Wound,0.0,0.6086956521739131,0.1739130434782608
cosmx_bcc_xdonor_spot_0000064627,Wound,0.0,0.6666666666666666,0.3333333333333333
cosmx_bcc_xdonor_spot_0000064628,Wound,0.0,0.5294117647058824,0.1764705882352941
cosmx_bcc_xdonor_spot_0000064629,Wound,0.0,0.0909090909090909,0.0
cosmx_bcc_xdonor_spot_0000064630,Wound,0.0,0.4615384615384615,0.1538461538461538
cosmx_bcc_xdonor_spot_0000064631,Wound,0.0,0.6,0.4
cosmx_bcc_xdonor_spot_0000064632,Wound,0.0666666666666666,0.4,0.4666666666666667
cosmx_bcc_xdonor_spot_0000064633,Wound,0.0769230769230769,0.0769230769230769,0.0
cosmx_bcc_xdonor_spot_0000064634,Wound,0.0,0.0,0.0
cosmx_bcc_xdonor_spot_0000064635,Wound,0.1333333333333333,0.0,0.0
cosmx_bcc_xdonor_spot_0000064636,Wound,0.0,0.0,0.0
cosmx_bcc_xdonor_spot_0000064637,Wound,0.0,0.0,0.0
cosmx_bcc_xdonor_spot_0000064638,Wound,0.0,0.0,0.0
cosmx_bcc_xdonor_spot_0000064639,Wound,0.0,0.0,0.0
cosmx_bcc_xdonor_spot_0000064640,Wound,0.0,0.0,0.0
cosmx_bcc_xdonor_spot_0000064641,Wound,0.0,0.0,0.0
cosmx_bcc_xdonor_spot_0000064642,Wound,0.0,0.0,0.0
cosmx_bcc_xdonor_spot_0000064706,Wound,0.3636363636363636,0.0,0.0909090909090909
cosmx_bcc_xdonor_spot_0000064707,Wound,0.4285714285714285,0.0476190476190476,0.0476190476190476
cosmx_bcc_xdonor_spot_0000064708,Wound,0.1428571428571428,0.0,0.0
cosmx_bcc_xdonor_spot_0000064709,Wound,0.0769230769230769,0.3076923076923077,0.0769230769230769
cosmx_bcc_xdonor_spot_0000064710,Wound,0.0714285714285714,0.2142857142857142,0.2857142857142857
cosmx_bcc_xdonor_spot_0000064711,Wound,0.0,0.0952380952380952,0.7619047619047619
cosmx_bcc_xdonor_spot_0000064712,Wound,0.0,0.2727272727272727,0.6818181818181818
cosmx_bcc_xdonor_spot_0000064713,Wound,0.0,0.46875,0.53125
cosmx_bcc_xdonor_spot_0000064714,Wound,0.0,0.1111111111111111,0.7407407407407407
cosmx_bcc_xdonor_spot_0000064715,Wound,0.0,0.2,0.44
cosmx_bcc_xdonor_spot_0000064716,Wound,0.0,0.217391304347826,0.5217391304347826
cosmx_bcc_xdonor_spot_0000064717,Wound,0.0,0.1666666666666666,0.5833333333333334
cosmx_bcc_xdonor_spot_0000064718,Wound,0.0,0.3703703703703703,0.5185185185185185
cosmx_bcc_xdonor_spot_0000064719,Wound,0.0,0.1,0.5
cosmx_bcc_xdonor_spot_0000064720,Wound,0.0,0.0,0.75
cosmx_bcc_xdonor_spot_0000064721,Wound,0.1,0.2,0.5
cosmx_bcc_xdonor_spot_0000064722,Wound,0.5454545454545454,0.0,0.0
cosmx_bcc_xdonor_spot_0000064723,Wound,0.7307692307692307,0.0,0.0769230769230769
cosmx_bcc_xdonor_spot_0000064724,Wound,0.84,0.0,0.0
cosmx_bcc_xdonor_spot_0000064725,Wound,0.9230769230769232,0.0,0.0
cosmx_bcc_xdonor_spot_0000064726,Wound,0.48,0.36,0.12
cosmx_bcc_xdonor_spot_0000064727,Wound,0.8333333333333334,0.0416666666666666,0.0
cosmx_bcc_xdonor_spot_0000064728,Wound,0.6,0.0,0.1
cosmx_bcc_xdonor_spot_0000064729,Wound,0.1875,0.25,0.1875
cosmx_bcc_xdonor_spot_0000064730,Wound,0.0,0.2,0.0
cosmx_bcc_xdonor_spot_0000064904,Wound,0.1333333333333333,0.4666666666666667,0.0
cosmx_bcc_xdonor_spot_0000064905,Wound,0.0,0.6153846153846154,0.1538461538461538
cosmx_bcc_xdonor_spot_0000064906,Wound,0.5625,0.1875,0.0
cosmx_bcc_xdonor_spot_0000064907,Wound,0.8,0.2,0.0
cosmx_bcc_xdonor_spot_0000064908,Wound,0.375,0.5,0.0
cosmx_bcc_xdonor_spot_0000064911,Wound,0.9444444444444444,0.0,0.0
cosmx_bcc_xdonor_spot_0000064912,Wound,0.7857142857142857,0.2142857142857142,0.0
cosmx_bcc_xdonor_spot_0000064913,Wound,0.9047619047619048,0.0476190476190476,0.0
cosmx_bcc_xdonor_spot_0000064914,Wound,0.0666666666666666,0.7333333333333333,0.1333333333333333
cosmx_bcc_xdonor_spot_0000064915,Wound,0.4375,0.5625,0.0
cosmx_bcc_xdonor_spot_0000064916,Wound,0.8421052631578947,0.1052631578947368,0.0526315789473684
cosmx_bcc_xdonor_spot_0000064917,Wound,0.0,0.7647058823529411,0.1764705882352941
cosmx_bcc_xdonor_spot_0000064918,Wound,0.0,0.9230769230769232,0.0769230769230769
cosmx_bcc_xdonor_spot_0000064919,Wound,0.72,0.2,0.04
cosmx_bcc_xdonor_spot_0000064920,Wound,0.0588235294117647,0.5882352941176471,0.2352941176470588
cosmx_bcc_xdonor_spot_0000064921,Wound,0.0,0.5714285714285714,0.2857142857142857
cosmx_bcc_xdonor_spot_0000064922,Wound,0.2,0.2,0.2
cosmx_bcc_xdonor_spot_0000064923,Wound,0.0833333333333333,0.5,0.1666666666666666
cosmx_bcc_xdonor_spot_0000064924,Wound,0.1304347826086956,0.2608695652173913,0.217391304347826
cosmx_bcc_xdonor_spot_0000064925,Wound,0.05,0.55,0.05
cosmx_bcc_xdonor_spot_0000064926,Wound,0.0,0.6470588235294118,0.0588235294117647
cosmx_bcc_xdonor_spot_0000064927,Wound,0.0,0.4,0.4
cosmx_bcc_xdonor_spot_0000064928,Wound,0.0555555555555555,0.5,0.4444444444444444
cosmx_bcc_xdonor_spot_0000064929,Wound,0.04,0.6,0.24
cosmx_bcc_xdonor_spot_0000064930,Wound,0.0,0.7727272727272727,0.2272727272727272
cosmx_bcc_xdonor_spot_0000064931,Wound,0.0,0.75,0.0833333333333333
cosmx_bcc_xdonor_spot_0000064932,Wound,0.0,0.0,0.0
cosmx_bcc_xdonor_spot_0000064933,Wound,0.0,0.0,0.0
cosmx_bcc_xdonor_spot_0000064934,Wound,0.0,0.0,0.0
cosmx_bcc_xdonor_spot_0000064935,Wound,0.1428571428571428,0.1428571428571428,0.2857142857142857
cosmx_bcc_xdonor_spot_0000064936,Wound,0.0,0.0,0.0
cosmx_bcc_xdonor_spot_0000064937,Wound,0.0,0.0,0.0
cosmx_bcc_xdonor_spot_0000064938,Wound,0.0,0.0,0.0
cosmx_bcc_xdonor_spot_0000064939,Wound,0.0,0.0,0.0
cosmx_bcc_xdonor_spot_0000064940,Wound,0.0,0.0,0.0
cosmx_bcc_xdonor_spot_0000064941,Wound,0.2857142857142857,0.1428571428571428,0.1428571428571428
cosmx_bcc_xdonor_spot_0000064942,Wound,1.0,0.0,0.0
cosmx_bcc_xdonor_spot_0000064943,Wound,1.0,0.0,0.0
cosmx_bcc_xdonor_spot_0000065005,Wound,0.3684210526315789,0.0526315789473684,0.0
cosmx_bcc_xdonor_spot_0000065006,Wound,0.1538461538461538,0.0,0.0
cosmx_bcc_xdonor_spot_0000065007,Wound,0.0,0.1538461538461538,0.2307692307692307
cosmx_bcc_xdonor_spot_0000065008,Wound,0.0,0.4285714285714285,0.4761904761904761
cosmx_bcc_xdonor_spot_0000065009,Wound,0.0,0.4117647058823529,0.4705882352941176
cosmx_bcc_xdonor_spot_0000065010,Wound,0.0,0.4347826086956521,0.5652173913043478
cosmx_bcc_xdonor_spot_0000065011,Wound,0.0,0.6363636363636364,0.3636363636363636
cosmx_bcc_xdonor_spot_0000065012,Wound,0.0,0.4090909090909091,0.5454545454545454
cosmx_bcc_xdonor_spot_0000065013,Wound,0.0,0.1428571428571428,0.7142857142857143
cosmx_bcc_xdonor_spot_0000065014,Wound,0.0,0.5,0.45
cosmx_bcc_xdonor_spot_0000065015,Wound,0.037037037037037,0.2592592592592592,0.6666666666666666
cosmx_bcc_xdonor_spot_0000065016,Wound,0.5,0.1,0.4
cosmx_bcc_xdonor_spot_0000065017,Wound,0.68,0.04,0.24
cosmx_bcc_xdonor_spot_0000065018,Wound,0.0,0.24,0.48
cosmx_bcc_xdonor_spot_0000065019,Wound,0.0,0.0625,0.375
cosmx_bcc_xdonor_spot_0000065020,Wound,0.1666666666666666,0.2777777777777778,0.3888888888888889
cosmx_bcc_xdonor_spot_0000065021,Wound,0.7142857142857143,0.0714285714285714,0.0714285714285714
cosmx_bcc_xdonor_spot_0000065022,Wound,0.88,0.0,0.0
cosmx_bcc_xdonor_spot_0000065023,Wound,0.9545454545454546,0.0,0.0
cosmx_bcc_xdonor_spot_0000065024,Wound,0.782608695652174,0.0434782608695652,0.0869565217391304
cosmx_bcc_xdonor_spot_0000065025,Wound,0.88,0.08,0.0
cosmx_bcc_xdonor_spot_0000065026,Wound,0.9642857142857144,0.0,0.0
cosmx_bcc_xdonor_spot_0000065027,Wound,1.0,0.0,0.0
cosmx_bcc_xdonor_spot_0000065028,Wound,0.9583333333333334,0.0,0.0
cosmx_bcc_xdonor_spot_0000065029,Wound,0.5,0.2,0.0
cosmx_bcc_xdonor_spot_0000065030,Wound,0.0,0.0,0.0
cosmx_bcc_xdonor_spot_0000065202,Wound,0.1666666666666666,0.1666666666666666,0.0
cosmx_bcc_xdonor_spot_0000065203,Wound,0.2,0.8,0.0
cosmx_bcc_xdonor_spot_0000065204,Wound,0.0,1.0,0.0
cosmx_bcc_xdonor_spot_0000065205,Wound,0.0,0.5,0.0
cosmx_bcc_xdonor_spot_0000065206,Wound,0.0625,0.6875,0.0625
cosmx_bcc_xdonor_spot_0000065207,Wound,0.375,0.375,0.0
cosmx_bcc_xdonor_spot_0000065208,Wound,0.25,0.5,0.0
cosmx_bcc_xdonor_spot_0000065209,Wound,0.625,0.3125,0.0
cosmx_bcc_xdonor_spot_0000065210,Wound,1.0,0.0,0.0
cosmx_bcc_xdonor_spot_0000065211,Wound,0.7916666666666666,0.1666666666666666,0.0
cosmx_bcc_xdonor_spot_0000065212,Wound,0.0526315789473684,0.7368421052631579,0.1052631578947368
cosmx_bcc_xdonor_spot_0000065213,Wound,0.7333333333333333,0.2666666666666666,0.0
cosmx_bcc_xdonor_spot_0000065214,Wound,0.9705882352941176,0.0294117647058823,0.0
cosmx_bcc_xdonor_spot_0000065215,Wound,0.1538461538461538,0.4615384615384615,0.0769230769230769
cosmx_bcc_xdonor_spot_0000065216,Wound,0.2352941176470588,0.7647058823529411,0.0
cosmx_bcc_xdonor_spot_0000065217,Wound,0.3125,0.6875,0.0
cosmx_bcc_xdonor_spot_0000065218,Wound,0.1481481481481481,0.3333333333333333,0.1111111111111111
cosmx_bcc_xdonor_spot_0000065219,Wound,0.0909090909090909,0.6363636363636364,0.0
cosmx_bcc_xdonor_spot_0000065220,Wound,0.0,0.3333333333333333,0.4666666666666667
cosmx_bcc_xdonor_spot_0000065221,Wound,0.2222222222222222,0.4444444444444444,0.1111111111111111
cosmx_bcc_xdonor_spot_0000065222,Wound,0.0,0.6153846153846154,0.2307692307692307
cosmx_bcc_xdonor_spot_0000065223,Wound,0.0833333333333333,0.25,0.2083333333333333
cosmx_bcc_xdonor_spot_0000065224,Wound,0.0416666666666666,0.375,0.125
cosmx_bcc_xdonor_spot_0000065225,Wound,0.0416666666666666,0.125,0.125
cosmx_bcc_xdonor_spot_0000065226,Wound,0.0,0.6666666666666666,0.0
cosmx_bcc_xdonor_spot_0000065227,Wound,0.0,0.4285714285714285,0.4285714285714285
cosmx_bcc_xdonor_spot_0000065228,Wound,0.0,0.5416666666666666,0.375
cosmx_bcc_xdonor_spot_0000065229,Wound,0.0,0.8947368421052632,0.0526315789473684
cosmx_bcc_xdonor_spot_0000065230,Wound,0.0588235294117647,0.8235294117647058,0.0588235294117647
cosmx_bcc_xdonor_spot_0000065231,Wound,0.0833333333333333,0.5833333333333334,0.0
cosmx_bcc_xdonor_spot_0000065232,Wound,0.4,0.1333333333333333,0.0
cosmx_bcc_xdonor_spot_0000065233,Wound,0.1538461538461538,0.7692307692307693,0.0
cosmx_bcc_xdonor_spot_0000065234,Wound,0.75,0.0833333333333333,0.0833333333333333
cosmx_bcc_xdonor_spot_0000065235,Wound,0.1176470588235294,0.3529411764705882,0.3529411764705882
cosmx_bcc_xdonor_spot_0000065236,Wound,0.1111111111111111,0.2222222222222222,0.2777777777777778
cosmx_bcc_xdonor_spot_0000065237,Wound,0.0,0.3125,0.375
cosmx_bcc_xdonor_spot_0000065238,Wound,0.0714285714285714,0.4285714285714285,0.5
cosmx_bcc_xdonor_spot_0000065239,Wound,0.25,0.125,0.125
cosmx_bcc_xdonor_spot_0000065240,Wound,0.75,0.1875,0.0
cosmx_bcc_xdonor_spot_0000065241,Wound,1.0,0.0,0.0
cosmx_bcc_xdonor_spot_0000065242,Wound,1.0,0.0,0.0
cosmx_bcc_xdonor_spot_0000065243,Wound,1.0,0.0,0.0
cosmx_bcc_xdonor_spot_0000065244,Wound,1.0,0.0,0.0
cosmx_bcc_xdonor_spot_0000065245,Wound,1.0,0.0,0.0
cosmx_bcc_xdonor_spot_0000065304,Wound,0.0,0.0,0.0
cosmx_bcc_xdonor_spot_0000065305,Wound,0.0,0.4375,0.125
cosmx_bcc_xdonor_spot_0000065306,Wound,0.0,0.4117647058823529,0.1176470588235294
cosmx_bcc_xdonor_spot_0000065307,Wound,0.0,0.4285714285714285,0.3571428571428571
cosmx_bcc_xdonor_spot_0000065308,Wound,0.0,0.5263157894736842,0.3684210526315789
cosmx_bcc_xdonor_spot_0000065309,Wound,0.0,0.1428571428571428,0.2857142857142857
cosmx_bcc_xdonor_spot_0000065310,Wound,0.0,0.2307692307692307,0.7307692307692307
cosmx_bcc_xdonor_spot_0000065311,Wound,0.0,0.0454545454545454,0.5909090909090909
cosmx_bcc_xdonor_spot_0000065312,Wound,0.0,0.2068965517241379,0.7241379310344828
cosmx_bcc_xdonor_spot_0000065313,Wound,0.0,0.4782608695652174,0.5217391304347826
cosmx_bcc_xdonor_spot_0000065314,Wound,0.0869565217391304,0.4782608695652174,0.4347826086956521
cosmx_bcc_xdonor_spot_0000065315,Wound,0.35,0.2,0.45
cosmx_bcc_xdonor_spot_0000065316,Wound,0.6818181818181818,0.0454545454545454,0.2272727272727272
cosmx_bcc_xdonor_spot_0000065317,Wound,0.0,0.2608695652173913,0.5652173913043478
cosmx_bcc_xdonor_spot_0000065318,Wound,0.0588235294117647,0.1176470588235294,0.7647058823529411
cosmx_bcc_xdonor_spot_0000065319,Wound,0.0625,0.25,0.5
cosmx_bcc_xdonor_spot_0000065320,Wound,0.0,0.4375,0.4375
cosmx_bcc_xdonor_spot_0000065321,Wound,0.3333333333333333,0.2857142857142857,0.3809523809523809
cosmx_bcc_xdonor_spot_0000065322,Wound,0.6666666666666666,0.1666666666666666,0.0833333333333333
cosmx_bcc_xdonor_spot_0000065323,Wound,0.9032258064516128,0.064516129032258,0.032258064516129
cosmx_bcc_xdonor_spot_0000065324,Wound,1.0,0.0,0.0
cosmx_bcc_xdonor_spot_0000065325,Wound,1.0,0.0,0.0
cosmx_bcc_xdonor_spot_0000065326,Wound,1.0,0.0,0.0
cosmx_bcc_xdonor_spot_0000065327,Wound,1.0,0.0,0.0
cosmx_bcc_xdonor_spot_0000065328,Wound,0.9285714285714286,0.0,0.0714285714285714
cosmx_bcc_xdonor_spot_0000065329,Wound,0.5,0.125,0.0625
cosmx_bcc_xdonor_spot_0000065330,Wound,0.0,0.0909090909090909,0.0
cosmx_bcc_xdonor_spot_0000065331,Wound,0.0,0.0,0.0
cosmx_bcc_xdonor_spot_0000065504,Wound,0.0,0.6666666666666666,0.0
cosmx_bcc_xdonor_spot_0000065505,Wound,0.3333333333333333,0.6666666666666666,0.0
cosmx_bcc_xdonor_spot_0000065506,Wound,0.1428571428571428,0.4285714285714285,0.0
cosmx_bcc_xdonor_spot_0000065507,Wound,0.8461538461538461,0.1538461538461538,0.0
cosmx_bcc_xdonor_spot_0000065508,Wound,1.0,0.0,0.0
cosmx_bcc_xdonor_spot_0000065509,Wound,0.9545454545454546,0.0,0.0454545454545454
cosmx_bcc_xdonor_spot_0000065510,Wound,1.0,0.0,0.0
cosmx_bcc_xdonor_spot_0000065511,Wound,0.1111111111111111,0.7777777777777778,0.0555555555555555
cosmx_bcc_xdonor_spot_0000065512,Wound,0.0,0.6875,0.125
cosmx_bcc_xdonor_spot_0000065513,Wound,0.0833333333333333,0.3333333333333333,0.25
cosmx_bcc_xdonor_spot_0000065514,Wound,0.0,0.75,0.0833333333333333
cosmx_bcc_xdonor_spot_0000065515,Wound,0.0,1.0,0.0
cosmx_bcc_xdonor_spot_0000065516,Wound,0.3157894736842105,0.5263157894736842,0.0526315789473684
cosmx_bcc_xdonor_spot_0000065517,Wound,0.6111111111111112,0.1666666666666666,0.1111111111111111
cosmx_bcc_xdonor_spot_0000065518,Wound,0.9411764705882352,0.0,0.0
cosmx_bcc_xdonor_spot_0000065519,Wound,1.0,0.0,0.0
cosmx_bcc_xdonor_spot_0000065520,Wound,1.0,0.0,0.0
cosmx_bcc_xdonor_spot_0000065521,Wound,0.6666666666666666,0.1666666666666666,0.0555555555555555
cosmx_bcc_xdonor_spot_0000065522,Wound,0.0454545454545454,0.2727272727272727,0.1818181818181818
cosmx_bcc_xdonor_spot_0000065523,Wound,0.0,0.25,0.3333333333333333
cosmx_bcc_xdonor_spot_0000065524,Wound,0.0952380952380952,0.5714285714285714,0.1428571428571428
cosmx_bcc_xdonor_spot_0000065525,Wound,0.0,0.3333333333333333,0.4666666666666667
cosmx_bcc_xdonor_spot_0000065526,Wound,0.0,0.2352941176470588,0.4117647058823529
cosmx_bcc_xdonor_spot_0000065527,Wound,0.0,0.6521739130434783,0.2608695652173913
cosmx_bcc_xdonor_spot_0000065528,Wound,0.0,0.6428571428571429,0.3571428571428571
cosmx_bcc_xdonor_spot_0000065529,Wound,0.05,0.95,0.0
cosmx_bcc_xdonor_spot_0000065530,Wound,0.1052631578947368,0.6842105263157895,0.2105263157894736
cosmx_bcc_xdonor_spot_0000065531,Wound,0.0,0.8333333333333334,0.1666666666666666
cosmx_bcc_xdonor_spot_0000065532,Wound,0.0,1.0,0.0
cosmx_bcc_xdonor_spot_0000065533,Wound,0.1,0.9,0.0
cosmx_bcc_xdonor_spot_0000065534,Wound,0.0,0.8181818181818182,0.0909090909090909
cosmx_bcc_xdonor_spot_0000065535,Wound,0.125,0.75,0.125
cosmx_bcc_xdonor_spot_0000065536,Wound,0.0,0.6470588235294118,0.2941176470588235
cosmx_bcc_xdonor_spot_0000065537,Wound,0.0,0.6666666666666666,0.3333333333333333
cosmx_bcc_xdonor_spot_0000065538,Wound,0.2222222222222222,0.0,0.0
cosmx_bcc_xdonor_spot_0000065539,Wound,0.7333333333333333,0.0,0.0
cosmx_bcc_xdonor_spot_0000065540,Wound,0.9523809523809524,0.0,0.0476190476190476
cosmx_bcc_xdonor_spot_0000065541,Wound,1.0,0.0,0.0
cosmx_bcc_xdonor_spot_0000065542,Wound,1.0,0.0,0.0
cosmx_bcc_xdonor_spot_0000065543,Wound,1.0,0.0,0.0
cosmx_bcc_xdonor_spot_0000065544,Wound,1.0,0.0,0.0
cosmx_bcc_xdonor_spot_0000065603,Wound,0.0,0.0,0.0
cosmx_bcc_xdonor_spot_0000065604,Wound,0.0,0.4444444444444444,0.1111111111111111
cosmx_bcc_xdonor_spot_0000065605,Wound,0.0,0.2,0.45
cosmx_bcc_xdonor_spot_0000065606,Wound,0.0,0.2413793103448276,0.6896551724137931
cosmx_bcc_xdonor_spot_0000065607,Wound,0.0,0.1034482758620689,0.3103448275862069
cosmx_bcc_xdonor_spot_0000065608,Wound,0.0909090909090909,0.0454545454545454,0.0909090909090909
cosmx_bcc_xdonor_spot_0000065609,Wound,0.0,0.1034482758620689,0.7241379310344828
cosmx_bcc_xdonor_spot_0000065610,Wound,0.0,0.2592592592592592,0.6296296296296297
cosmx_bcc_xdonor_spot_0000065611,Wound,0.0,0.5263157894736842,0.3684210526315789
cosmx_bcc_xdonor_spot_0000065612,Wound,0.0909090909090909,0.2272727272727272,0.6818181818181818
cosmx_bcc_xdonor_spot_0000065613,Wound,0.0,0.4583333333333333,0.4583333333333333
cosmx_bcc_xdonor_spot_0000065614,Wound,0.0,0.2631578947368421,0.6842105263157895
cosmx_bcc_xdonor_spot_0000065615,Wound,0.1333333333333333,0.0666666666666666,0.6
cosmx_bcc_xdonor_spot_0000065616,Wound,0.8518518518518519,0.074074074074074,0.074074074074074
cosmx_bcc_xdonor_spot_0000065617,Wound,0.6190476190476191,0.1428571428571428,0.1904761904761904
cosmx_bcc_xdonor_spot_0000065618,Wound,0.0,0.2142857142857142,0.7142857142857143
cosmx_bcc_xdonor_spot_0000065619,Wound,0.0,0.1538461538461538,0.4615384615384615
cosmx_bcc_xdonor_spot_0000065620,Wound,0.0454545454545454,0.7272727272727273,0.1363636363636363
cosmx_bcc_xdonor_spot_0000065621,Wound,0.0,0.75,0.2
cosmx_bcc_xdonor_spot_0000065622,Wound,0.7916666666666666,0.1666666666666666,0.0416666666666666
cosmx_bcc_xdonor_spot_0000065623,Wound,1.0,0.0,0.0
cosmx_bcc_xdonor_spot_0000065624,Wound,1.0,0.0,0.0
cosmx_bcc_xdonor_spot_0000065625,Wound,1.0,0.0,0.0
cosmx_bcc_xdonor_spot_0000065626,Wound,1.0,0.0,0.0
cosmx_bcc_xdonor_spot_0000065627,Wound,1.0,0.0,0.0
cosmx_bcc_xdonor_spot_0000065628,Wound,0.9629629629629628,0.0,0.0
cosmx_bcc_xdonor_spot_0000065629,Wound,0.3,0.4,0.1
cosmx_bcc_xdonor_spot_0000065630,Wound,0.0,0.25,0.15
cosmx_bcc_xdonor_spot_0000065631,Wound,0.0,0.0,0.0
cosmx_bcc_xdonor_spot_0000065799,Wound,0.0,0.6,0.0
cosmx_bcc_xdonor_spot_0000065801,Wound,0.7692307692307693,0.0,0.0
cosmx_bcc_xdonor_spot_0000065802,Wound,0.8571428571428571,0.0,0.0
cosmx_bcc_xdonor_spot_0000065803,Wound,1.0,0.0,0.0
cosmx_bcc_xdonor_spot_0000065804,Wound,1.0,0.0,0.0
cosmx_bcc_xdonor_spot_0000065805,Wound,0.5333333333333333,0.3333333333333333,0.0
cosmx_bcc_xdonor_spot_0000065806,Wound,1.0,0.0,0.0
cosmx_bcc_xdonor_spot_0000065807,Wound,1.0,0.0,0.0
cosmx_bcc_xdonor_spot_0000065808,Wound,1.0,0.0,0.0
cosmx_bcc_xdonor_spot_0000065809,Wound,1.0,0.0,0.0
cosmx_bcc_xdonor_spot_0000065810,Wound,0.75,0.25,0.0
cosmx_bcc_xdonor_spot_0000065811,Wound,0.1428571428571428,0.8571428571428571,0.0
cosmx_bcc_xdonor_spot_0000065812,Wound,0.0,0.3529411764705882,0.0
cosmx_bcc_xdonor_spot_0000065813,Wound,0.0,0.1764705882352941,0.1176470588235294
cosmx_bcc_xdonor_spot_0000065814,Wound,0.875,0.125,0.0
cosmx_bcc_xdonor_spot_0000065815,Wound,1.0,0.0,0.0
cosmx_bcc_xdonor_spot_0000065816,Wound,0.925925925925926,0.0,0.074074074074074
cosmx_bcc_xdonor_spot_0000065817,Wound,1.0,0.0,0.0
cosmx_bcc_xdonor_spot_0000065818,Wound,0.9629629629629628,0.0,0.0
cosmx_bcc_xdonor_spot_0000065819,Wound,1.0,0.0,0.0
cosmx_bcc_xdonor_spot_0000065820,Wound,0.6428571428571429,0.25,0.0357142857142857
cosmx_bcc_xdonor_spot_0000065821,Wound,0.0,0.6818181818181818,0.0454545454545454
cosmx_bcc_xdonor_spot_0000065822,Wound,0.0,0.8095238095238095,0.0952380952380952
cosmx_bcc_xdonor_spot_0000065823,Wound,0.0,0.375,0.375
cosmx_bcc_xdonor_spot_0000065824,Wound,0.0,0.375,0.5
cosmx_bcc_xdonor_spot_0000065825,Wound,0.1,0.4,0.3
cosmx_bcc_xdonor_spot_0000065826,Wound,0.0588235294117647,0.4117647058823529,0.4705882352941176
cosmx_bcc_xdonor_spot_0000065827,Wound,0.0,0.2857142857142857,0.6428571428571429
cosmx_bcc_xdonor_spot_0000065828,Wound,0.1111111111111111,0.5555555555555556,0.3333333333333333
cosmx_bcc_xdonor_spot_0000065829,Wound,0.0,0.7857142857142857,0.0
cosmx_bcc_xdonor_spot_0000065830,Wound,0.0,0.9166666666666666,0.0833333333333333
cosmx_bcc_xdonor_spot_0000065831,Wound,0.0,0.7894736842105263,0.1052631578947368
cosmx_bcc_xdonor_spot_0000065832,Wound,0.0,0.7391304347826086,0.2608695652173913
cosmx_bcc_xdonor_spot_0000065833,Wound,0.0588235294117647,0.7647058823529411,0.1764705882352941
cosmx_bcc_xdonor_spot_0000065834,Wound,0.0714285714285714,0.3571428571428571,0.4285714285714285
cosmx_bcc_xdonor_spot_0000065835,Wound,0.0,0.6190476190476191,0.3333333333333333
cosmx_bcc_xdonor_spot_0000065836,Wound,0.0,0.8333333333333334,0.0833333333333333
cosmx_bcc_xdonor_spot_0000065837,Wound,0.1,0.4,0.1
cosmx_bcc_xdonor_spot_0000065838,Wound,0.5333333333333333,0.0,0.0
cosmx_bcc_xdonor_spot_0000065839,Wound,1.0,0.0,0.0
cosmx_bcc_xdonor_spot_0000065840,Wound,1.0,0.0,0.0
cosmx_bcc_xdonor_spot_0000065841,Wound,1.0,0.0,0.0
cosmx_bcc_xdonor_spot_0000065842,Wound,1.0,0.0,0.0
cosmx_bcc_xdonor_spot_0000065843,Wound,1.0,0.0,0.0
cosmx_bcc_xdonor_spot_0000065902,Wound,0.0,0.0,0.0
cosmx_bcc_xdonor_spot_0000065903,Wound,0.0588235294117647,0.0588235294117647,0.0
cosmx_bcc_xdonor_spot_0000065904,Wound,0.2666666666666666,0.0,0.0
cosmx_bcc_xdonor_spot_0000065905,Wound,0.8,0.0,0.15
cosmx_bcc_xdonor_spot_0000065906,Wound,0.5416666666666666,0.3333333333333333,0.0
cosmx_bcc_xdonor_spot_0000065907,Wound,0.8571428571428571,0.0,0.0476190476190476
cosmx_bcc_xdonor_spot_0000065908,Wound,0.1304347826086956,0.1304347826086956,0.2608695652173913
cosmx_bcc_xdonor_spot_0000065909,Wound,0.0,0.3181818181818182,0.4545454545454545
cosmx_bcc_xdonor_spot_0000065910,Wound,0.0,0.2424242424242424,0.2727272727272727
cosmx_bcc_xdonor_spot_0000065911,Wound,0.6666666666666666,0.0416666666666666,0.25
cosmx_bcc_xdonor_spot_0000065912,Wound,0.875,0.0,0.0833333333333333
cosmx_bcc_xdonor_spot_0000065913,Wound,0.391304347826087,0.4347826086956521,0.0869565217391304
cosmx_bcc_xdonor_spot_0000065914,Wound,0.8421052631578947,0.1578947368421052,0.0
cosmx_bcc_xdonor_spot_0000065915,Wound,1.0,0.0,0.0
cosmx_bcc_xdonor_spot_0000065916,Wound,1.0,0.0,0.0
cosmx_bcc_xdonor_spot_0000065917,Wound,1.0,0.0,0.0
cosmx_bcc_xdonor_spot_0000065918,Wound,1.0,0.0,0.0
cosmx_bcc_xdonor_spot_0000065919,Wound,0.4814814814814814,0.2222222222222222,0.1481481481481481
cosmx_bcc_xdonor_spot_0000065920,Wound,0.0,0.5,0.3636363636363636
cosmx_bcc_xdonor_spot_0000065921,Wound,0.4166666666666667,0.25,0.1666666666666666
cosmx_bcc_xdonor_spot_0000065922,Wound,0.9090909090909092,0.0,0.0303030303030303
cosmx_bcc_xdonor_spot_0000065923,Wound,0.9696969696969696,0.0,0.0
cosmx_bcc_xdonor_spot_0000065924,Wound,0.9655172413793104,0.0,0.0
cosmx_bcc_xdonor_spot_0000065925,Wound,1.0,0.0,0.0
cosmx_bcc_xdonor_spot_0000065926,Wound,1.0,0.0,0.0
cosmx_bcc_xdonor_spot_0000065927,Wound,0.9090909090909092,0.0454545454545454,0.0454545454545454
cosmx_bcc_xdonor_spot_0000065928,Wound,0.6111111111111112,0.3333333333333333,0.0555555555555555
cosmx_bcc_xdonor_spot_0000065929,Wound,0.35,0.4,0.1
cosmx_bcc_xdonor_spot_0000065930,Wound,0.0,0.5294117647058824,0.1764705882352941
cosmx_bcc_xdonor_spot_0000065931,Wound,0.0714285714285714,0.0,0.0
cosmx_bcc_xdonor_spot_0000066099,Wound,0.4615384615384615,0.1538461538461538,0.0
cosmx_bcc_xdonor_spot_0000066100,Wound,1.0,0.0,0.0
cosmx_bcc_xdonor_spot_0000066101,Wound,1.0,0.0,0.0
cosmx_bcc_xdonor_spot_0000066102,Wound,1.0,0.0,0.0
cosmx_bcc_xdonor_spot_0000066103,Wound,1.0,0.0,0.0
cosmx_bcc_xdonor_spot_0000066104,Wound,0.8636363636363636,0.1363636363636363,0.0
cosmx_bcc_xdonor_spot_0000066105,Wound,0.8125,0.1875,0.0
cosmx_bcc_xdonor_spot_0000066106,Wound,0.7931034482758621,0.2068965517241379,0.0
cosmx_bcc_xdonor_spot_0000066107,Wound,0.8823529411764706,0.1176470588235294,0.0
cosmx_bcc_xdonor_spot_0000066108,Wound,0.631578947368421,0.3684210526315789,0.0
cosmx_bcc_xdonor_spot_0000066109,Wound,0.5833333333333334,0.25,0.0
cosmx_bcc_xdonor_spot_0000066110,Wound,0.9047619047619048,0.0,0.0
cosmx_bcc_xdonor_spot_0000066111,Wound,0.3636363636363636,0.5454545454545454,0.0
cosmx_bcc_xdonor_spot_0000066112,Wound,0.1666666666666666,0.6666666666666666,0.0555555555555555
cosmx_bcc_xdonor_spot_0000066113,Wound,1.0,0.0,0.0
cosmx_bcc_xdonor_spot_0000066114,Wound,1.0,0.0,0.0
cosmx_bcc_xdonor_spot_0000066115,Wound,1.0,0.0,0.0
cosmx_bcc_xdonor_spot_0000066116,Wound,1.0,0.0,0.0
cosmx_bcc_xdonor_spot_0000066117,Wound,1.0,0.0,0.0
cosmx_bcc_xdonor_spot_0000066118,Wound,0.96,0.0,0.04
cosmx_bcc_xdonor_spot_0000066119,Wound,1.0,0.0,0.0
cosmx_bcc_xdonor_spot_0000066120,Wound,0.25,0.375,0.125
cosmx_bcc_xdonor_spot_0000066121,Wound,0.1111111111111111,0.4444444444444444,0.0555555555555555
cosmx_bcc_xdonor_spot_0000066122,Wound,0.0,0.3333333333333333,0.3333333333333333
cosmx_bcc_xdonor_spot_0000066123,Wound,0.0,0.4545454545454545,0.5
cosmx_bcc_xdonor_spot_0000066124,Wound,0.0,0.1904761904761904,0.6190476190476191
cosmx_bcc_xdonor_spot_0000066125,Wound,0.0526315789473684,0.2105263157894736,0.2631578947368421
cosmx_bcc_xdonor_spot_0000066126,Wound,0.0625,0.4375,0.0
cosmx_bcc_xdonor_spot_0000066127,Wound,0.0,0.3684210526315789,0.4210526315789473
cosmx_bcc_xdonor_spot_0000066128,Wound,0.0,0.8666666666666667,0.1333333333333333
cosmx_bcc_xdonor_spot_0000066129,Wound,0.0,0.3888888888888889,0.2777777777777778
cosmx_bcc_xdonor_spot_0000066130,Wound,0.0,0.8235294117647058,0.0588235294117647
cosmx_bcc_xdonor_spot_0000066131,Wound,0.0454545454545454,0.4545454545454545,0.4090909090909091
cosmx_bcc_xdonor_spot_0000066132,Wound,0.0,0.6666666666666666,0.3333333333333333
cosmx_bcc_xdonor_spot_0000066133,Wound,0.0555555555555555,0.3333333333333333,0.3888888888888889
cosmx_bcc_xdonor_spot_0000066134,Wound,0.0,0.55,0.2
cosmx_bcc_xdonor_spot_0000066135,Wound,0.0,0.6666666666666666,0.2857142857142857
cosmx_bcc_xdonor_spot_0000066136,Wound,0.0769230769230769,0.3846153846153846,0.0
cosmx_bcc_xdonor_spot_0000066137,Wound,0.2142857142857142,0.0,0.0
cosmx_bcc_xdonor_spot_0000066138,Wound,1.0,0.0,0.0
cosmx_bcc_xdonor_spot_0000066139,Wound,1.0,0.0,0.0
cosmx_bcc_xdonor_spot_0000066140,Wound,1.0,0.0,0.0
cosmx_bcc_xdonor_spot_0000066141,Wound,0.9565217391304348,0.0,0.0434782608695652
cosmx_bcc_xdonor_spot_0000066142,Wound,1.0,0.0,0.0
cosmx_bcc_xdonor_spot_0000066201,Wound,0.3333333333333333,0.0,0.0
cosmx_bcc_xdonor_spot_0000066202,Wound,0.2105263157894736,0.0,0.0
cosmx_bcc_xdonor_spot_0000066203,Wound,0.9565217391304348,0.0,0.0
cosmx_bcc_xdonor_spot_0000066204,Wound,0.925925925925926,0.0,0.074074074074074
cosmx_bcc_xdonor_spot_0000066205,Wound,1.0,0.0,0.0
cosmx_bcc_xdonor_spot_0000066206,Wound,0.9090909090909092,0.0454545454545454,0.0454545454545454
cosmx_bcc_xdonor_spot_0000066207,Wound,0.9285714285714286,0.0357142857142857,0.0
cosmx_bcc_xdonor_spot_0000066208,Wound,0.0,0.4545454545454545,0.1818181818181818
cosmx_bcc_xdonor_spot_0000066209,Wound,0.2758620689655172,0.4482758620689655,0.1724137931034483
cosmx_bcc_xdonor_spot_0000066210,Wound,1.0,0.0,0.0
cosmx_bcc_xdonor_spot_0000066211,Wound,1.0,0.0,0.0
cosmx_bcc_xdonor_spot_0000066212,Wound,0.9166666666666666,0.0833333333333333,0.0
cosmx_bcc_xdonor_spot_0000066213,Wound,0.8888888888888888,0.1111111111111111,0.0
cosmx_bcc_xdonor_spot_0000066214,Wound,0.935483870967742,0.0,0.0
cosmx_bcc_xdonor_spot_0000066215,Wound,1.0,0.0,0.0
cosmx_bcc_xdonor_spot_0000066216,Wound,1.0,0.0,0.0
cosmx_bcc_xdonor_spot_0000066217,Wound,1.0,0.0,0.0
cosmx_bcc_xdonor_spot_0000066218,Wound,1.0,0.0,0.0
cosmx_bcc_xdonor_spot_0000066219,Wound,0.3846153846153846,0.0,0.1538461538461538
cosmx_bcc_xdonor_spot_0000066220,Wound,0.72,0.04,0.2
cosmx_bcc_xdonor_spot_0000066221,Wound,1.0,0.0,0.0
cosmx_bcc_xdonor_spot_0000066222,Wound,0.9333333333333332,0.0,0.0333333333333333
cosmx_bcc_xdonor_spot_0000066223,Wound,1.0,0.0,0.0
cosmx_bcc_xdonor_spot_0000066224,Wound,0.967741935483871,0.0,0.0
cosmx_bcc_xdonor_spot_0000066225,Wound,0.6666666666666666,0.2222222222222222,0.037037037037037
cosmx_bcc_xdonor_spot_0000066226,Wound,0.8333333333333334,0.1111111111111111,0.0555555555555555
cosmx_bcc_xdonor_spot_0000066227,Wound,1.0,0.0,0.0
cosmx_bcc_xdonor_spot_0000066228,Wound,1.0,0.0,0.0
cosmx_bcc_xdonor_spot_0000066229,Wound,0.1052631578947368,0.6842105263157895,0.2105263157894736
cosmx_bcc_xdonor_spot_0000066230,Wound,0.0,0.1666666666666666,0.0
cosmx_bcc_xdonor_spot_0000066231,Wound,0.0,0.0,0.1666666666666666
cosmx_bcc_xdonor_spot_0000066397,Wound,0.5,0.125,0.0
cosmx_bcc_xdonor_spot_0000066399,Wound,0.9629629629629628,0.037037037037037,0.0
cosmx_bcc_xdonor_spot_0000066400,Wound,1.0,0.0,0.0
cosmx_bcc_xdonor_spot_0000066401,Wound,0.9705882352941176,0.0294117647058823,0.0
cosmx_bcc_xdonor_spot_0000066402,Wound,0.9523809523809524,0.0476190476190476,0.0
cosmx_bcc_xdonor_spot_0000066403,Wound,0.8666666666666667,0.0666666666666666,0.0
cosmx_bcc_xdonor_spot_0000066404,Wound,1.0,0.0,0.0
cosmx_bcc_xdonor_spot_0000066405,Wound,1.0,0.0,0.0
cosmx_bcc_xdonor_spot_0000066406,Wound,1.0,0.0,0.0
cosmx_bcc_xdonor_spot_0000066407,Wound,1.0,0.0,0.0
cosmx_bcc_xdonor_spot_0000066408,Wound,0.7333333333333333,0.1333333333333333,0.0
cosmx_bcc_xdonor_spot_0000066409,Wound,1.0,0.0,0.0
cosmx_bcc_xdonor_spot_0000066410,Wound,0.92,0.04,0.0
cosmx_bcc_xdonor_spot_0000066411,Wound,0.5555555555555556,0.3888888888888889,0.0
cosmx_bcc_xdonor_spot_0000066412,Wound,1.0,0.0,0.0
cosmx_bcc_xdonor_spot_0000066413,Wound,1.0,0.0,0.0
cosmx_bcc_xdonor_spot_0000066414,Wound,1.0,0.0,0.0
cosmx_bcc_xdonor_spot_0000066415,Wound,1.0,0.0,0.0
cosmx_bcc_xdonor_spot_0000066416,Wound,1.0,0.0,0.0
cosmx_bcc_xdonor_spot_0000066417,Wound,1.0,0.0,0.0
cosmx_bcc_xdonor_spot_0000066418,Wound,1.0,0.0,0.0
cosmx_bcc_xdonor_spot_0000066419,Wound,0.2,0.2666666666666666,0.0666666666666666
cosmx_bcc_xdonor_spot_0000066420,Wound,0.0,0.28,0.24
cosmx_bcc_xdonor_spot_0000066421,Wound,0.0,0.55,0.25
cosmx_bcc_xdonor_spot_0000066422,Wound,0.0,0.6153846153846154,0.1538461538461538
cosmx_bcc_xdonor_spot_0000066423,Wound,0.0526315789473684,0.2631578947368421,0.2105263157894736
cosmx_bcc_xdonor_spot_0000066424,Wound,0.0,0.3125,0.125
cosmx_bcc_xdonor_spot_0000066425,Wound,0.0625,0.125,0.125
cosmx_bcc_xdonor_spot_0000066426,Wound,0.0416666666666666,0.2083333333333333,0.0833333333333333
cosmx_bcc_xdonor_spot_0000066427,Wound,0.0,0.48,0.36
cosmx_bcc_xdonor_spot_0000066428,Wound,0.0,0.32,0.08
cosmx_bcc_xdonor_spot_0000066429,Wound,0.0,0.6666666666666666,0.1428571428571428
cosmx_bcc_xdonor_spot_0000066430,Wound,0.0666666666666666,0.6666666666666666,0.1333333333333333
cosmx_bcc_xdonor_spot_0000066431,Wound,0.0,0.7142857142857143,0.2857142857142857
cosmx_bcc_xdonor_spot_0000066432,Wound,0.0588235294117647,0.4705882352941176,0.4705882352941176
cosmx_bcc_xdonor_spot_0000066433,Wound,0.0,0.5,0.5
cosmx_bcc_xdonor_spot_0000066434,Wound,0.0,0.4090909090909091,0.2727272727272727
cosmx_bcc_xdonor_spot_0000066435,Wound,0.0526315789473684,0.7368421052631579,0.0
cosmx_bcc_xdonor_spot_0000066436,Wound,0.0,0.0,0.0
cosmx_bcc_xdonor_spot_0000066437,Wound,0.8260869565217391,0.0,0.0
cosmx_bcc_xdonor_spot_0000066438,Wound,1.0,0.0,0.0
cosmx_bcc_xdonor_spot_0000066439,Wound,1.0,0.0,0.0
cosmx_bcc_xdonor_spot_0000066440,Wound,0.9166666666666666,0.0,0.0833333333333333
cosmx_bcc_xdonor_spot_0000066441,Wound,0.9230769230769232,0.0,0.0
cosmx_bcc_xdonor_spot_0000066500,Wound,0.3888888888888889,0.0,0.0
cosmx_bcc_xdonor_spot_0000066501,Wound,0.9166666666666666,0.0,0.0416666666666666
cosmx_bcc_xdonor_spot_0000066502,Wound,1.0,0.0,0.0
cosmx_bcc_xdonor_spot_0000066503,Wound,1.0,0.0,0.0
cosmx_bcc_xdonor_spot_0000066504,Wound,1.0,0.0,0.0
cosmx_bcc_xdonor_spot_0000066505,Wound,1.0,0.0,0.0
cosmx_bcc_xdonor_spot_0000066506,Wound,0.9736842105263158,0.0,0.0263157894736842
cosmx_bcc_xdonor_spot_0000066507,Wound,0.0,0.3809523809523809,0.4285714285714285
cosmx_bcc_xdonor_spot_0000066508,Wound,0.8636363636363636,0.0,0.0454545454545454
cosmx_bcc_xdonor_spot_0000066509,Wound,0.92,0.0,0.04
cosmx_bcc_xdonor_spot_0000066510,Wound,1.0,0.0,0.0
cosmx_bcc_xdonor_spot_0000066511,Wound,1.0,0.0,0.0
cosmx_bcc_xdonor_spot_0000066512,Wound,1.0,0.0,0.0
cosmx_bcc_xdonor_spot_0000066513,Wound,1.0,0.0,0.0
cosmx_bcc_xdonor_spot_0000066514,Wound,1.0,0.0,0.0
cosmx_bcc_xdonor_spot_0000066515,Wound,1.0,0.0,0.0
cosmx_bcc_xdonor_spot_0000066516,Wound,0.9642857142857144,0.0,0.0
cosmx_bcc_xdonor_spot_0000066517,Wound,1.0,0.0,0.0
cosmx_bcc_xdonor_spot_0000066518,Wound,0.5833333333333334,0.125,0.25
cosmx_bcc_xdonor_spot_0000066519,Wound,0.3846153846153846,0.0769230769230769,0.3846153846153846
cosmx_bcc_xdonor_spot_0000066520,Wound,0.8148148148148148,0.0,0.074074074074074
cosmx_bcc_xdonor_spot_0000066521,Wound,0.9393939393939394,0.0,0.0303030303030303
cosmx_bcc_xdonor_spot_0000066522,Wound,0.9285714285714286,0.0,0.0
cosmx_bcc_xdonor_spot_0000066523,Wound,0.9444444444444444,0.0,0.0
cosmx_bcc_xdonor_spot_0000066524,Wound,0.55,0.25,0.2
cosmx_bcc_xdonor_spot_0000066525,Wound,0.9285714285714286,0.0357142857142857,0.0357142857142857
cosmx_bcc_xdonor_spot_0000066526,Wound,1.0,0.0,0.0
cosmx_bcc_xdonor_spot_0000066527,Wound,1.0,0.0,0.0
cosmx_bcc_xdonor_spot_0000066528,Wound,0.1111111111111111,0.5555555555555556,0.2222222222222222
cosmx_bcc_xdonor_spot_0000066529,Wound,0.0,0.5833333333333334,0.3333333333333333
cosmx_bcc_xdonor_spot_0000066697,Wound,0.3333333333333333,0.3333333333333333,0.0
cosmx_bcc_xdonor_spot_0000066698,Wound,0.1,0.4,0.0
cosmx_bcc_xdonor_spot_0000066699,Wound,1.0,0.0,0.0
cosmx_bcc_xdonor_spot_0000066700,Wound,1.0,0.0,0.0
cosmx_bcc_xdonor_spot_0000066701,Wound,0.75,0.25,0.0
cosmx_bcc_xdonor_spot_0000066702,Wound,0.5,0.3333333333333333,0.0
cosmx_bcc_xdonor_spot_0000066703,Wound,0.9285714285714286,0.0714285714285714,0.0
cosmx_bcc_xdonor_spot_0000066704,Wound,1.0,0.0,0.0
cosmx_bcc_xdonor_spot_0000066705,Wound,1.0,0.0,0.0
cosmx_bcc_xdonor_spot_0000066706,Wound,1.0,0.0,0.0
cosmx_bcc_xdonor_spot_0000066707,Wound,0.5714285714285714,0.2857142857142857,0.0
cosmx_bcc_xdonor_spot_0000066708,Wound,0.9444444444444444,0.0,0.0
cosmx_bcc_xdonor_spot_0000066709,Wound,0.8461538461538461,0.0769230769230769,0.0
cosmx_bcc_xdonor_spot_0000066710,Wound,0.6,0.2,0.0
cosmx_bcc_xdonor_spot_0000066711,Wound,1.0,0.0,0.0
cosmx_bcc_xdonor_spot_0000066712,Wound,0.96,0.0,0.04
cosmx_bcc_xdonor_spot_0000066713,Wound,1.0,0.0,0.0
cosmx_bcc_xdonor_spot_0000066714,Wound,1.0,0.0,0.0
cosmx_bcc_xdonor_spot_0000066715,Wound,1.0,0.0,0.0
cosmx_bcc_xdonor_spot_0000066716,Wound,0.7692307692307693,0.0769230769230769,0.0
cosmx_bcc_xdonor_spot_0000066717,Wound,0.8333333333333334,0.1666666666666666,0.0
cosmx_bcc_xdonor_spot_0000066718,Wound,0.0,0.2857142857142857,0.1428571428571428
cosmx_bcc_xdonor_spot_0000066719,Wound,0.0,0.3333333333333333,0.4444444444444444
cosmx_bcc_xdonor_spot_0000066720,Wound,0.1666666666666666,0.3333333333333333,0.3333333333333333
cosmx_bcc_xdonor_spot_0000066723,Wound,0.0,0.625,0.125
cosmx_bcc_xdonor_spot_0000066724,Wound,0.2,0.3,0.1
cosmx_bcc_xdonor_spot_0000066725,Wound,0.3846153846153846,0.2307692307692307,0.0
cosmx_bcc_xdonor_spot_0000066726,Wound,0.2307692307692307,0.0,0.0
cosmx_bcc_xdonor_spot_0000066727,Wound,0.1666666666666666,0.1666666666666666,0.0
cosmx_bcc_xdonor_spot_0000066728,Wound,0.0,0.8,0.2
cosmx_bcc_xdonor_spot_0000066729,Wound,0.1052631578947368,0.631578947368421,0.0526315789473684
cosmx_bcc_xdonor_spot_0000066730,Wound,0.0714285714285714,0.2142857142857142,0.5714285714285714
cosmx_bcc_xdonor_spot_0000066731,Wound,0.0,0.75,0.25
cosmx_bcc_xdonor_spot_0000066732,Wound,0.0,0.6428571428571429,0.2142857142857142
cosmx_bcc_xdonor_spot_0000066733,Wound,0.0,0.6521739130434783,0.3478260869565217
cosmx_bcc_xdonor_spot_0000066734,Wound,0.0,0.8666666666666667,0.0
cosmx_bcc_xdonor_spot_0000066735,Wound,0.2,0.3,0.1
cosmx_bcc_xdonor_spot_0000066736,Wound,0.6666666666666666,0.0555555555555555,0.1111111111111111
cosmx_bcc_xdonor_spot_0000066737,Wound,1.0,0.0,0.0
cosmx_bcc_xdonor_spot_0000066738,Wound,1.0,0.0,0.0
cosmx_bcc_xdonor_spot_0000066739,Wound,1.0,0.0,0.0
cosmx_bcc_xdonor_spot_0000066740,Wound,1.0,0.0,0.0
cosmx_bcc_xdonor_spot_0000066797,Wound,0.2,0.0,0.0
cosmx_bcc_xdonor_spot_0000066798,Wound,0.25,0.0625,0.0
cosmx_bcc_xdonor_spot_0000066799,Wound,0.2941176470588235,0.0,0.0
cosmx_bcc_xdonor_spot_0000066800,Wound,0.7619047619047619,0.0,0.0
cosmx_bcc_xdonor_spot_0000066801,Wound,0.9545454545454546,0.0,0.0
cosmx_bcc_xdonor_spot_0000066802,Wound,0.9629629629629628,0.0,0.0
cosmx_bcc_xdonor_spot_0000066803,Wound,0.95,0.0,0.05
cosmx_bcc_xdonor_spot_0000066804,Wound,1.0,0.0,0.0
cosmx_bcc_xdonor_spot_0000066805,Wound,1.0,0.0,0.0
cosmx_bcc_xdonor_spot_0000066806,Wound,0.25,0.55,0.2
cosmx_bcc_xdonor_spot_0000066807,Wound,0.6923076923076923,0.2692307692307692,0.0384615384615384
cosmx_bcc_xdonor_spot_0000066808,Wound,0.8636363636363636,0.0,0.0454545454545454
cosmx_bcc_xdonor_spot_0000066809,Wound,1.0,0.0,0.0
cosmx_bcc_xdonor_spot_0000066810,Wound,1.0,0.0,0.0
cosmx_bcc_xdonor_spot_0000066811,Wound,1.0,0.0,0.0
cosmx_bcc_xdonor_spot_0000066812,Wound,1.0,0.0,0.0
cosmx_bcc_xdonor_spot_0000066813,Wound,0.95,0.0,0.0
cosmx_bcc_xdonor_spot_0000066814,Wound,1.0,0.0,0.0
cosmx_bcc_xdonor_spot_0000066815,Wound,1.0,0.0,0.0
cosmx_bcc_xdonor_spot_0000066816,Wound,0.5,0.3076923076923077,0.1153846153846153
cosmx_bcc_xdonor_spot_0000066817,Wound,0.0,0.3225806451612903,0.6451612903225806
cosmx_bcc_xdonor_spot_0000066818,Wound,0.0,0.1818181818181818,0.7727272727272727
cosmx_bcc_xdonor_spot_0000066819,Wound,0.0,0.1111111111111111,0.7777777777777778
cosmx_bcc_xdonor_spot_0000066820,Wound,0.3333333333333333,0.2222222222222222,0.3703703703703703
cosmx_bcc_xdonor_spot_0000066821,Wound,0.2352941176470588,0.0588235294117647,0.5294117647058824
cosmx_bcc_xdonor_spot_0000066822,Wound,0.9090909090909092,0.0,0.0606060606060606
cosmx_bcc_xdonor_spot_0000066823,Wound,0.6,0.08,0.2
cosmx_bcc_xdonor_spot_0000066824,Wound,1.0,0.0,0.0
cosmx_bcc_xdonor_spot_0000066825,Wound,1.0,0.0,0.0
cosmx_bcc_xdonor_spot_0000066826,Wound,0.9310344827586208,0.0,0.0
cosmx_bcc_xdonor_spot_0000066827,Wound,0.0,0.8181818181818182,0.0909090909090909
cosmx_bcc_xdonor_spot_0000066998,Wound,1.0,0.0,0.0
cosmx_bcc_xdonor_spot_0000066999,Wound,1.0,0.0,0.0
cosmx_bcc_xdonor_spot_0000067000,Wound,1.0,0.0,0.0
cosmx_bcc_xdonor_spot_0000067001,Wound,1.0,0.0,0.0
cosmx_bcc_xdonor_spot_0000067002,Wound,1.0,0.0,0.0
cosmx_bcc_xdonor_spot_0000067003,Wound,0.875,0.125,0.0
cosmx_bcc_xdonor_spot_0000067004,Wound,0.0,1.0,0.0
cosmx_bcc_xdonor_spot_0000067005,Wound,1.0,0.0,0.0
cosmx_bcc_xdonor_spot_0000067006,Wound,1.0,0.0,0.0
cosmx_bcc_xdonor_spot_0000067007,Wound,0.1818181818181818,0.6363636363636364,0.0909090909090909
cosmx_bcc_xdonor_spot_0000067008,Wound,1.0,0.0,0.0
cosmx_bcc_xdonor_spot_0000067009,Wound,1.0,0.0,0.0
cosmx_bcc_xdonor_spot_0000067010,Wound,0.8235294117647058,0.0588235294117647,0.1176470588235294
cosmx_bcc_xdonor_spot_0000067011,Wound,1.0,0.0,0.0
cosmx_bcc_xdonor_spot_0000067012,Wound,1.0,0.0,0.0
cosmx_bcc_xdonor_spot_0000067013,Wound,1.0,0.0,0.0
cosmx_bcc_xdonor_spot_0000067014,Wound,1.0,0.0,0.0
cosmx_bcc_xdonor_spot_0000067027,Wound,0.0,0.6666666666666666,0.0
cosmx_bcc_xdonor_spot_0000067028,Wound,0.0,0.8,0.0666666666666666
cosmx_bcc_xdonor_spot_0000067029,Wound,0.0,0.8421052631578947,0.0
cosmx_bcc_xdonor_spot_0000067030,Wound,0.0,0.6666666666666666,0.1904761904761904
cosmx_bcc_xdonor_spot_0000067031,Wound,0.0,0.6956521739130435,0.1739130434782608
cosmx_bcc_xdonor_spot_0000067032,Wound,0.0,0.5,0.5
cosmx_bcc_xdonor_spot_0000067033,Wound,0.0,0.5714285714285714,0.4285714285714285
cosmx_bcc_xdonor_spot_0000067034,Wound,0.0,0.5625,0.3125
cosmx_bcc_xdonor_spot_0000067035,Wound,0.4375,0.375,0.1875
cosmx_bcc_xdonor_spot_0000067036,Wound,1.0,0.0,0.0
cosmx_bcc_xdonor_spot_0000067037,Wound,1.0,0.0,0.0
cosmx_bcc_xdonor_spot_0000067038,Wound,1.0,0.0,0.0
cosmx_bcc_xdonor_spot_0000067039,Wound,1.0,0.0,0.0
cosmx_bcc_xdonor_spot_0000067097,Wound,0.7,0.0,0.0
cosmx_bcc_xdonor_spot_0000067098,Wound,0.8333333333333334,0.0,0.0
cosmx_bcc_xdonor_spot_0000067099,Wound,0.7727272727272727,0.0,0.0
cosmx_bcc_xdonor_spot_0000067100,Wound,0.9166666666666666,0.0,0.0833333333333333
cosmx_bcc_xdonor_spot_0000067101,Wound,0.8571428571428571,0.1428571428571428,0.0
cosmx_bcc_xdonor_spot_0000067103,Wound,0.6666666666666666,0.0,0.0
cosmx_bcc_xdonor_spot_0000067105,Wound,0.0909090909090909,0.8181818181818182,0.0
cosmx_bcc_xdonor_spot_0000067106,Wound,0.625,0.0625,0.0
cosmx_bcc_xdonor_spot_0000067107,Wound,0.8823529411764706,0.0588235294117647,0.0
cosmx_bcc_xdonor_spot_0000067108,Wound,1.0,0.0,0.0
cosmx_bcc_xdonor_spot_0000067109,Wound,0.9285714285714286,0.0714285714285714,0.0
cosmx_bcc_xdonor_spot_0000067110,Wound,0.9285714285714286,0.0714285714285714,0.0
cosmx_bcc_xdonor_spot_0000067111,Wound,0.9411764705882352,0.0588235294117647,0.0
cosmx_bcc_xdonor_spot_0000067112,Wound,1.0,0.0,0.0
cosmx_bcc_xdonor_spot_0000067113,Wound,1.0,0.0,0.0
cosmx_bcc_xdonor_spot_0000067114,Wound,1.0,0.0,0.0
cosmx_bcc_xdonor_spot_0000067115,Wound,0.0666666666666666,0.4666666666666667,0.4666666666666667
cosmx_bcc_xdonor_spot_0000067116,Wound,0.0,0.1333333333333333,0.8666666666666667
cosmx_bcc_xdonor_spot_0000067117,Wound,0.0,0.2,0.75
cosmx_bcc_xdonor_spot_0000067118,Wound,0.0,0.1379310344827586,0.8275862068965517
cosmx_bcc_xdonor_spot_0000067119,Wound,0.0,0.0,0.9375
cosmx_bcc_xdonor_spot_0000067120,Wound,0.4838709677419355,0.0,0.4838709677419355
cosmx_bcc_xdonor_spot_0000067121,Wound,0.5517241379310345,0.0689655172413793,0.3103448275862069
cosmx_bcc_xdonor_spot_0000067122,Wound,0.2666666666666666,0.1666666666666666,0.5333333333333333
cosmx_bcc_xdonor_spot_0000067123,Wound,0.9666666666666668,0.0,0.0333333333333333
cosmx_bcc_xdonor_spot_0000067124,Wound,0.926829268292683,0.0,0.048780487804878
cosmx_bcc_xdonor_spot_0000067125,Wound,0.4516129032258064,0.1612903225806451,0.3225806451612903
cosmx_bcc_xdonor_spot_0000067126,Wound,0.0,0.3157894736842105,0.6842105263157895
cosmx_bcc_xdonor_spot_0000067297,Wound,0.5,0.1666666666666666,0.1666666666666666
cosmx_bcc_xdonor_spot_0000067298,Wound,1.0,0.0,0.0
cosmx_bcc_xdonor_spot_0000067299,Wound,1.0,0.0,0.0
cosmx_bcc_xdonor_spot_0000067300,Wound,0.9411764705882352,0.0,0.0
cosmx_bcc_xdonor_spot_0000067301,Wound,1.0,0.0,0.0
cosmx_bcc_xdonor_spot_0000067302,Wound,0.8333333333333334,0.1666666666666666,0.0
cosmx_bcc_xdonor_spot_0000067303,Wound,0.1818181818181818,0.6363636363636364,0.0909090909090909
cosmx_bcc_xdonor_spot_0000067304,Wound,1.0,0.0,0.0
cosmx_bcc_xdonor_spot_0000067305,Wound,1.0,0.0,0.0
cosmx_bcc_xdonor_spot_0000067307,Wound,1.0,0.0,0.0
cosmx_bcc_xdonor_spot_0000067308,Wound,1.0,0.0,0.0
cosmx_bcc_xdonor_spot_0000067309,Wound,0.75,0.25,0.0
cosmx_bcc_xdonor_spot_0000067310,Wound,1.0,0.0,0.0
cosmx_bcc_xdonor_spot_0000067311,Wound,0.9047619047619048,0.0,0.0
cosmx_bcc_xdonor_spot_0000067312,Wound,0.7894736842105263,0.1052631578947368,0.0
cosmx_bcc_xdonor_spot_0000067313,Wound,0.3571428571428571,0.3571428571428571,0.0
cosmx_bcc_xdonor_spot_0000067314,Wound,0.0,0.4444444444444444,0.2222222222222222
cosmx_bcc_xdonor_spot_0000067326,Wound,0.0,0.1111111111111111,0.0
cosmx_bcc_xdonor_spot_0000067327,Wound,0.0666666666666666,0.6,0.2666666666666666
cosmx_bcc_xdonor_spot_0000067328,Wound,0.1333333333333333,0.5333333333333333,0.1333333333333333
cosmx_bcc_xdonor_spot_0000067329,Wound,0.0952380952380952,0.2857142857142857,0.2857142857142857
cosmx_bcc_xdonor_spot_0000067330,Wound,0.0833333333333333,0.4166666666666667,0.0833333333333333
cosmx_bcc_xdonor_spot_0000067331,Wound,0.0,0.3333333333333333,0.5555555555555556
cosmx_bcc_xdonor_spot_0000067332,Wound,0.0,0.5,0.375
cosmx_bcc_xdonor_spot_0000067333,Wound,0.0,0.55,0.4
cosmx_bcc_xdonor_spot_0000067334,Wound,0.2857142857142857,0.5714285714285714,0.1428571428571428
cosmx_bcc_xdonor_spot_0000067335,Wound,1.0,0.0,0.0
cosmx_bcc_xdonor_spot_0000067336,Wound,1.0,0.0,0.0
cosmx_bcc_xdonor_spot_0000067337,Wound,1.0,0.0,0.0
cosmx_bcc_xdonor_spot_0000067338,Wound,1.0,0.0,0.0
cosmx_bcc_xdonor_spot_0000067396,Wound,0.25,0.125,0.0
cosmx_bcc_xdonor_spot_0000067397,Wound,0.25,0.0833333333333333,0.0
cosmx_bcc_xdonor_spot_0000067399,Wound,0.8,0.0,0.0
cosmx_bcc_xdonor_spot_0000067401,Wound,0.9230769230769232,0.0,0.0
cosmx_bcc_xdonor_spot_0000067402,Wound,1.0,0.0,0.0
cosmx_bcc_xdonor_spot_0000067403,Wound,0.7272727272727273,0.0,0.0
cosmx_bcc_xdonor_spot_0000067416,Wound,0.0,0.0,0.75
cosmx_bcc_xdonor_spot_0000067417,Wound,0.0,0.25,0.75
cosmx_bcc_xdonor_spot_0000067418,Wound,0.0333333333333333,0.4333333333333333,0.4666666666666667
cosmx_bcc_xdonor_spot_0000067419,Wound,0.4193548387096774,0.1935483870967742,0.3870967741935484
cosmx_bcc_xdonor_spot_0000067420,Wound,0.4193548387096774,0.0967741935483871,0.4838709677419355
cosmx_bcc_xdonor_spot_0000067421,Wound,1.0,0.0,0.0
cosmx_bcc_xdonor_spot_0000067422,Wound,1.0,0.0,0.0
cosmx_bcc_xdonor_spot_0000067423,Wound,0.5357142857142857,0.0357142857142857,0.4285714285714285
cosmx_bcc_xdonor_spot_0000067424,Wound,0.0,0.1818181818181818,0.7272727272727273
cosmx_bcc_xdonor_spot_0000067425,Wound,0.037037037037037,0.4814814814814814,0.1481481481481481
cosmx_bcc_xdonor_spot_0000067426,Wound,0.9,0.0,0.0
cosmx_bcc_xdonor_spot_0000067427,Wound,1.0,0.0,0.0
cosmx_bcc_xdonor_spot_0000067596,Wound,0.3333333333333333,0.5,0.0
cosmx_bcc_xdonor_spot_0000067598,Wound,0.7333333333333333,0.2666666666666666,0.0
cosmx_bcc_xdonor_spot_0000067599,Wound,0.8571428571428571,0.1428571428571428,0.0
cosmx_bcc_xdonor_spot_0000067600,Wound,0.9,0.0,0.1
cosmx_bcc_xdonor_spot_0000067601,Wound,1.0,0.0,0.0
cosmx_bcc_xdonor_spot_0000067602,Wound,0.8125,0.125,0.0
cosmx_bcc_xdonor_spot_0000067603,Wound,0.3333333333333333,0.5555555555555556,0.1111111111111111
cosmx_bcc_xdonor_spot_0000067604,Wound,0.1666666666666666,0.6666666666666666,0.1666666666666666
cosmx_bcc_xdonor_spot_0000067605,Wound,0.0,0.8,0.0
cosmx_bcc_xdonor_spot_0000067606,Wound,1.0,0.0,0.0
cosmx_bcc_xdonor_spot_0000067607,Wound,1.0,0.0,0.0
cosmx_bcc_xdonor_spot_0000067608,Wound,0.4,0.6,0.0
cosmx_bcc_xdonor_spot_0000067609,Wound,0.2857142857142857,0.4285714285714285,0.0
cosmx_bcc_xdonor_spot_0000067611,Wound,0.0,0.5454545454545454,0.1818181818181818
cosmx_bcc_xdonor_spot_0000067612,Wound,0.0,0.3846153846153846,0.0769230769230769
cosmx_bcc_xdonor_spot_0000067613,Wound,0.0,0.6,0.2
cosmx_bcc_xdonor_spot_0000067624,Wound,0.2142857142857142,0.6428571428571429,0.0714285714285714
cosmx_bcc_xdonor_spot_0000067625,Wound,0.1666666666666666,0.3333333333333333,0.0
cosmx_bcc_xdonor_spot_0000067626,Wound,0.1,0.6,0.1
cosmx_bcc_xdonor_spot_0000067627,Wound,0.0666666666666666,0.3333333333333333,0.0666666666666666
cosmx_bcc_xdonor_spot_0000067628,Wound,0.1111111111111111,0.5555555555555556,0.1481481481481481
cosmx_bcc_xdonor_spot_0000067629,Wound,0.0833333333333333,0.3333333333333333,0.125
cosmx_bcc_xdonor_spot_0000067630,Wound,0.1111111111111111,0.2222222222222222,0.4444444444444444
cosmx_bcc_xdonor_spot_0000067631,Wound,0.0,0.375,0.25
cosmx_bcc_xdonor_spot_0000067632,Wound,0.0,0.5909090909090909,0.2272727272727272
cosmx_bcc_xdonor_spot_0000067633,Wound,0.0,0.6666666666666666,0.2777777777777778
cosmx_bcc_xdonor_spot_0000067694,Wound,0.7692307692307693,0.0,0.0
cosmx_bcc_xdonor_spot_0000067695,Wound,0.5454545454545454,0.0909090909090909,0.0
cosmx_bcc_xdonor_spot_0000067696,Wound,0.3333333333333333,0.0476190476190476,0.0
cosmx_bcc_xdonor_spot_0000067697,Wound,0.4166666666666667,0.0833333333333333,0.0
cosmx_bcc_xdonor_spot_0000067701,Wound,0.8571428571428571,0.0,0.0
cosmx_bcc_xdonor_spot_0000067702,Wound,0.9090909090909092,0.0,0.0
cosmx_bcc_xdonor_spot_0000067703,Wound,1.0,0.0,0.0
cosmx_bcc_xdonor_spot_0000067706,Wound,1.0,0.0,0.0
cosmx_bcc_xdonor_spot_0000067707,Wound,1.0,0.0,0.0
cosmx_bcc_xdonor_spot_0000067708,Wound,0.8181818181818182,0.1818181818181818,0.0
cosmx_bcc_xdonor_spot_0000067709,Wound,0.1428571428571428,0.7142857142857143,0.1428571428571428
cosmx_bcc_xdonor_spot_0000067710,Wound,0.0,0.6923076923076923,0.3076923076923077
cosmx_bcc_xdonor_spot_0000067711,Wound,0.0,0.0,1.0
cosmx_bcc_xdonor_spot_0000067712,Wound,0.0,0.1,0.9
cosmx_bcc_xdonor_spot_0000067713,Wound,0.0,0.0909090909090909,0.9090909090909092
cosmx_bcc_xdonor_spot_0000067714,Wound,0.0,0.1111111111111111,0.7777777777777778
cosmx_bcc_xdonor_spot_0000067715,Wound,0.2222222222222222,0.2222222222222222,0.5555555555555556
cosmx_bcc_xdonor_spot_0000067716,Wound,0.8,0.1,0.0
cosmx_bcc_xdonor_spot_0000067717,Wound,1.0,0.0,0.0
cosmx_bcc_xdonor_spot_0000067718,Wound,0.875,0.0,0.0
cosmx_bcc_xdonor_spot_0000067900,Wound,0.8,0.1,0.0
cosmx_bcc_xdonor_spot_0000067901,Wound,0.8095238095238095,0.0952380952380952,0.0
cosmx_bcc_xdonor_spot_0000067902,Wound,0.0,0.65,0.25
cosmx_bcc_xdonor_spot_0000067903,Wound,0.05,0.75,0.1
cosmx_bcc_xdonor_spot_0000067905,Wound,0.5714285714285714,0.4285714285714285,0.0
cosmx_bcc_xdonor_spot_0000067906,Wound,0.6666666666666666,0.1111111111111111,0.0
cosmx_bcc_xdonor_spot_0000067908,Wound,0.0,0.4666666666666667,0.2
cosmx_bcc_xdonor_spot_0000067910,Wound,0.1428571428571428,0.2857142857142857,0.2857142857142857
cosmx_bcc_xdonor_spot_0000067912,Wound,0.3333333333333333,0.0,0.1666666666666666
cosmx_bcc_xdonor_spot_0000067923,Wound,0.0,0.6363636363636364,0.0
cosmx_bcc_xdonor_spot_0000067924,Wound,0.0588235294117647,0.8235294117647058,0.0588235294117647
cosmx_bcc_xdonor_spot_0000067925,Wound,0.0625,0.5,0.25
cosmx_bcc_xdonor_spot_0000067926,Wound,0.0588235294117647,0.2941176470588235,0.1764705882352941
cosmx_bcc_xdonor_spot_0000067927,Wound,0.0869565217391304,0.5217391304347826,0.1304347826086956
cosmx_bcc_xdonor_spot_0000067928,Wound,0.2083333333333333,0.5,0.125
cosmx_bcc_xdonor_spot_0000067929,Wound,0.0454545454545454,0.5909090909090909,0.2272727272727272
cosmx_bcc_xdonor_spot_0000067930,Wound,0.1111111111111111,0.4444444444444444,0.2222222222222222
cosmx_bcc_xdonor_spot_0000067931,Wound,0.0454545454545454,0.4090909090909091,0.5454545454545454
cosmx_bcc_xdonor_spot_0000067932,Wound,0.0,0.75,0.25
cosmx_bcc_xdonor_spot_0000067933,Wound,0.0,0.875,0.125
cosmx_bcc_xdonor_spot_0000067992,Wound,0.8333333333333334,0.0,0.0
cosmx_bcc_xdonor_spot_0000067993,Wound,0.7692307692307693,0.0,0.0
cosmx_bcc_xdonor_spot_0000067994,Wound,0.5833333333333334,0.0416666666666666,0.0
cosmx_bcc_xdonor_spot_0000067995,Wound,0.3888888888888889,0.0555555555555555,0.0
cosmx_bcc_xdonor_spot_0000067996,Wound,0.7407407407407407,0.074074074074074,0.0
cosmx_bcc_xdonor_spot_0000068000,Wound,0.8333333333333334,0.0,0.0
cosmx_bcc_xdonor_spot_0000068001,Wound,0.7142857142857143,0.0,0.0
cosmx_bcc_xdonor_spot_0000068005,Wound,0.8,0.1,0.0
cosmx_bcc_xdonor_spot_0000068006,Wound,0.5217391304347826,0.3478260869565217,0.0
cosmx_bcc_xdonor_spot_0000068007,Wound,0.0,0.6666666666666666,0.2857142857142857
cosmx_bcc_xdonor_spot_0000068008,Wound,0.0,0.7,0.3
cosmx_bcc_xdonor_spot_0000068009,Wound,0.0,0.1578947368421052,0.8421052631578947
cosmx_bcc_xdonor_spot_0000068010,Wound,0.0,0.0,1.0
cosmx_bcc_xdonor_spot_0000068012,Wound,0.0,0.2105263157894736,0.7894736842105263
cosmx_bcc_xdonor_spot_0000068013,Wound,0.0,0.2916666666666667,0.6666666666666666
cosmx_bcc_xdonor_spot_0000068014,Wound,0.0,0.2857142857142857,0.6428571428571429
cosmx_bcc_xdonor_spot_0000068015,Wound,0.7391304347826086,0.0,0.1739130434782608
cosmx_bcc_xdonor_spot_0000068016,Wound,0.875,0.0,0.125
cosmx_bcc_xdonor_spot_0000068017,Wound,0.4615384615384615,0.4615384615384615,0.0769230769230769
cosmx_bcc_xdonor_spot_0000068200,Wound,0.2,0.8,0.0
cosmx_bcc_xdonor_spot_0000068201,Wound,0.0,0.3636363636363636,0.4545454545454545
cosmx_bcc_xdonor_spot_0000068202,Wound,0.0,0.3333333333333333,0.4166666666666667
cosmx_bcc_xdonor_spot_0000068203,Wound,0.0555555555555555,0.3333333333333333,0.0
cosmx_bcc_xdonor_spot_0000068204,Wound,0.0,0.6,0.0
cosmx_bcc_xdonor_spot_0000068205,Wound,0.0,0.2857142857142857,0.1428571428571428
cosmx_bcc_xdonor_spot_0000068206,Wound,0.4166666666666667,0.0833333333333333,0.1666666666666666
cosmx_bcc_xdonor_spot_0000068207,Wound,0.0,0.2142857142857142,0.0714285714285714
cosmx_bcc_xdonor_spot_0000068222,Wound,0.1333333333333333,0.4,0.0666666666666666
cosmx_bcc_xdonor_spot_0000068223,Wound,0.0588235294117647,0.8235294117647058,0.0588235294117647
cosmx_bcc_xdonor_spot_0000068224,Wound,0.0416666666666666,0.125,0.2083333333333333
cosmx_bcc_xdonor_spot_0000068225,Wound,0.2,0.08,0.2
cosmx_bcc_xdonor_spot_0000068226,Wound,0.0416666666666666,0.375,0.25
cosmx_bcc_xdonor_spot_0000068227,Wound,0.0357142857142857,0.6785714285714286,0.0
cosmx_bcc_xdonor_spot_0000068228,Wound,0.0,0.4583333333333333,0.0416666666666666
cosmx_bcc_xdonor_spot_0000068229,Wound,0.0,0.4375,0.3125
cosmx_bcc_xdonor_spot_0000068230,Wound,0.1333333333333333,0.4,0.3333333333333333
cosmx_bcc_xdonor_spot_0000068231,Wound,0.0,0.7777777777777778,0.2222222222222222
cosmx_bcc_xdonor_spot_0000068232,Wound,0.0,0.6,0.4
cosmx_bcc_xdonor_spot_0000068292,Wound,0.4,0.2,0.0
cosmx_bcc_xdonor_spot_0000068293,Wound,1.0,0.0,0.0
cosmx_bcc_xdonor_spot_0000068294,Wound,0.9230769230769232,0.0,0.0
cosmx_bcc_xdonor_spot_0000068295,Wound,0.8333333333333334,0.0,0.0
cosmx_bcc_xdonor_spot_0000068296,Wound,0.7,0.1,0.0
cosmx_bcc_xdonor_spot_0000068300,Wound,1.0,0.0,0.0
cosmx_bcc_xdonor_spot_0000068304,Wound,1.0,0.0,0.0
cosmx_bcc_xdonor_spot_0000068305,Wound,0.7777777777777778,0.1666666666666666,0.0
cosmx_bcc_xdonor_spot_0000068306,Wound,0.0,0.4782608695652174,0.3478260869565217
cosmx_bcc_xdonor_spot_0000068307,Wound,0.0,0.5185185185185185,0.4814814814814814
cosmx_bcc_xdonor_spot_0000068308,Wound,0.0,0.0,1.0
cosmx_bcc_xdonor_spot_0000068311,Wound,0.0,0.0,1.0
cosmx_bcc_xdonor_spot_0000068312,Wound,0.0,0.3636363636363636,0.6363636363636364
cosmx_bcc_xdonor_spot_0000068313,Wound,0.0,0.24,0.64
cosmx_bcc_xdonor_spot_0000068314,Wound,0.5909090909090909,0.1363636363636363,0.2272727272727272
cosmx_bcc_xdonor_spot_0000068315,Wound,0.8666666666666667,0.1333333333333333,0.0
cosmx_bcc_xdonor_spot_0000068316,Wound,0.375,0.375,0.1875
cosmx_bcc_xdonor_spot_0000068500,Wound,0.0,0.5714285714285714,0.1428571428571428
cosmx_bcc_xdonor_spot_0000068501,Wound,0.1428571428571428,0.6428571428571429,0.0
cosmx_bcc_xdonor_spot_0000068502,Wound,0.1666666666666666,0.5,0.0
cosmx_bcc_xdonor_spot_0000068503,Wound,0.0714285714285714,0.6428571428571429,0.0
cosmx_bcc_xdonor_spot_0000068504,Wound,0.0625,0.1875,0.3125
cosmx_bcc_xdonor_spot_0000068505,Wound,0.1,0.3,0.2
cosmx_bcc_xdonor_spot_0000068506,Wound,0.0,0.0833333333333333,0.0
cosmx_bcc_xdonor_spot_0000068507,Wound,0.0588235294117647,0.0588235294117647,0.4117647058823529
cosmx_bcc_xdonor_spot_0000068508,Wound,0.0,0.3333333333333333,0.0
cosmx_bcc_xdonor_spot_0000068509,Wound,0.0,0.0,0.125
cosmx_bcc_xdonor_spot_0000068521,Wound,0.0,0.7142857142857143,0.1428571428571428
cosmx_bcc_xdonor_spot_0000068522,Wound,0.1666666666666666,0.25,0.3333333333333333
cosmx_bcc_xdonor_spot_0000068523,Wound,0.0625,0.625,0.125
cosmx_bcc_xdonor_spot_0000068524,Wound,0.1428571428571428,0.1071428571428571,0.1428571428571428
cosmx_bcc_xdonor_spot_0000068525,Wound,0.0454545454545454,0.1818181818181818,0.3636363636363636
cosmx_bcc_xdonor_spot_0000068526,Wound,0.2,0.2333333333333333,0.1333333333333333
cosmx_bcc_xdonor_spot_0000068527,Wound,0.0416666666666666,0.1666666666666666,0.4583333333333333
cosmx_bcc_xdonor_spot_0000068528,Wound,0.2105263157894736,0.3157894736842105,0.3684210526315789
cosmx_bcc_xdonor_spot_0000068529,Wound,0.1428571428571428,0.7142857142857143,0.0
cosmx_bcc_xdonor_spot_0000068530,Wound,0.0,0.55,0.4
cosmx_bcc_xdonor_spot_0000068590,Wound,0.6666666666666666,0.0,0.0
cosmx_bcc_xdonor_spot_0000068591,Wound,0.7142857142857143,0.0,0.0
cosmx_bcc_xdonor_spot_0000068597,Wound,0.6666666666666666,0.0,0.0
cosmx_bcc_xdonor_spot_0000068598,Wound,0.9166666666666666,0.0,0.0
cosmx_bcc_xdonor_spot_0000068599,Wound,0.8333333333333334,0.0,0.0
cosmx_bcc_xdonor_spot_0000068603,Wound,1.0,0.0,0.0
cosmx_bcc_xdonor_spot_0000068604,Wound,1.0,0.0,0.0
cosmx_bcc_xdonor_spot_0000068605,Wound,0.0,0.0,0.75
cosmx_bcc_xdonor_spot_0000068606,Wound,0.0,0.0909090909090909,0.9090909090909092
cosmx_bcc_xdonor_spot_0000068607,Wound,0.0,0.0,1.0
cosmx_bcc_xdonor_spot_0000068609,Wound,0.0,0.0769230769230769,0.9230769230769232
cosmx_bcc_xdonor_spot_0000068610,Wound,0.0,0.0434782608695652,0.9130434782608696
cosmx_bcc_xdonor_spot_0000068611,Wound,0.0,0.1724137931034483,0.8275862068965517
cosmx_bcc_xdonor_spot_0000068612,Wound,0.0,0.3684210526315789,0.631578947368421
cosmx_bcc_xdonor_spot_0000068613,Wound,0.0,0.2272727272727272,0.5
cosmx_bcc_xdonor_spot_0000068614,Wound,0.0,0.5,0.3333333333333333
cosmx_bcc_xdonor_spot_0000068615,Wound,0.0,0.2105263157894736,0.5789473684210527
cosmx_bcc_xdonor_spot_0000068800,Wound,0.0,0.6666666666666666,0.0
cosmx_bcc_xdonor_spot_0000068801,Wound,0.125,0.4375,0.0
cosmx_bcc_xdonor_spot_0000068802,Wound,0.12,0.24,0.08
cosmx_bcc_xdonor_spot_0000068803,Wound,0.0526315789473684,0.2631578947368421,0.2105263157894736
cosmx_bcc_xdonor_spot_0000068804,Wound,0.1428571428571428,0.0,0.1428571428571428
cosmx_bcc_xdonor_spot_0000068805,Wound,0.0,0.5555555555555556,0.0
cosmx_bcc_xdonor_spot_0000068806,Wound,0.2857142857142857,0.0,0.0
cosmx_bcc_xdonor_spot_0000068820,Wound,0.1111111111111111,0.3333333333333333,0.0
cosmx_bcc_xdonor_spot_0000068821,Wound,0.0,0.375,0.125
cosmx_bcc_xdonor_spot_0000068822,Wound,0.1304347826086956,0.4782608695652174,0.0434782608695652
cosmx_bcc_xdonor_spot_0000068823,Wound,0.1818181818181818,0.0454545454545454,0.2272727272727272
cosmx_bcc_xdonor_spot_0000068824,Wound,0.0,0.32,0.24
cosmx_bcc_xdonor_spot_0000068825,Wound,0.037037037037037,0.2592592592592592,0.2962962962962963
cosmx_bcc_xdonor_spot_0000068826,Wound,0.0952380952380952,0.1904761904761904,0.3333333333333333
cosmx_bcc_xdonor_spot_0000068827,Wound,0.0,0.7368421052631579,0.1578947368421052
cosmx_bcc_xdonor_spot_0000068828,Wound,0.0909090909090909,0.4545454545454545,0.3636363636363636
cosmx_bcc_xdonor_spot_0000068829,Wound,0.0,0.6666666666666666,0.3333333333333333
cosmx_bcc_xdonor_spot_0000068830,Wound,0.0,0.5,0.5
cosmx_bcc_xdonor_spot_0000068831,Wound,0.1428571428571428,0.1428571428571428,0.4285714285714285
cosmx_bcc_xdonor_spot_0000068902,Wound,0.6,0.2,0.0
cosmx_bcc_xdonor_spot_0000068903,Wound,0.7333333333333333,0.0666666666666666,0.2
cosmx_bcc_xdonor_spot_0000068904,Wound,0.7142857142857143,0.0,0.2857142857142857
cosmx_bcc_xdonor_spot_0000068905,Wound,0.2142857142857142,0.0,0.7857142857142857
cosmx_bcc_xdonor_spot_0000068906,Wound,0.5,0.1,0.4
cosmx_bcc_xdonor_spot_0000068907,Wound,0.5238095238095238,0.0476190476190476,0.3333333333333333
cosmx_bcc_xdonor_spot_0000068908,Wound,0.5714285714285714,0.1428571428571428,0.25
cosmx_bcc_xdonor_spot_0000068909,Wound,0.6764705882352942,0.088235294117647,0.2352941176470588
cosmx_bcc_xdonor_spot_0000068910,Wound,0.48,0.2,0.12
cosmx_bcc_xdonor_spot_0000068911,Wound,0.0454545454545454,0.3181818181818182,0.2272727272727272
cosmx_bcc_xdonor_spot_0000068912,Wound,0.0384615384615384,0.2692307692307692,0.3461538461538461
cosmx_bcc_xdonor_spot_0000068913,Wound,0.0,0.3333333333333333,0.5833333333333334
cosmx_bcc_xdonor_spot_0000068914,Wound,0.4285714285714285,0.1428571428571428,0.2857142857142857
cosmx_bcc_xdonor_spot_0000069101,Wound,0.0,0.4,0.6
cosmx_bcc_xdonor_spot_0000069102,Wound,0.0,0.0,0.375
cosmx_bcc_xdonor_spot_0000069119,Wound,0.25,0.5,0.0
cosmx_bcc_xdonor_spot_0000069120,Wound,0.375,0.25,0.0
cosmx_bcc_xdonor_spot_0000069121,Wound,0.1176470588235294,0.1176470588235294,0.3529411764705882
cosmx_bcc_xdonor_spot_0000069122,Wound,0.125,0.125,0.21875
cosmx_bcc_xdonor_spot_0000069123,Wound,0.0689655172413793,0.1034482758620689,0.2068965517241379
cosmx_bcc_xdonor_spot_0000069124,Wound,0.0,0.2272727272727272,0.4090909090909091
cosmx_bcc_xdonor_spot_0000069125,Wound,0.0,0.4074074074074074,0.4444444444444444
cosmx_bcc_xdonor_spot_0000069126,Wound,0.0,0.4,0.3
cosmx_bcc_xdonor_spot_0000069127,Wound,0.0625,0.75,0.0625
cosmx_bcc_xdonor_spot_0000069128,Wound,0.0,0.6666666666666666,0.2222222222222222
cosmx_bcc_xdonor_spot_0000069129,Wound,0.0625,0.625,0.3125
cosmx_bcc_xdonor_spot_0000069130,Wound,0.0,0.3333333333333333,0.5
cosmx_bcc_xdonor_spot_0000069196,Wound,1.0,0.0,0.0
cosmx_bcc_xdonor_spot_0000069201,Wound,1.0,0.0,0.0
cosmx_bcc_xdonor_spot_0000069202,Wound,0.6086956521739131,0.3043478260869565,0.0869565217391304
cosmx_bcc_xdonor_spot_0000069203,Wound,0.3684210526315789,0.3157894736842105,0.1052631578947368
cosmx_bcc_xdonor_spot_0000069204,Wound,0.6363636363636364,0.2727272727272727,0.0909090909090909
cosmx_bcc_xdonor_spot_0000069205,Wound,0.3333333333333333,0.5,0.1666666666666666
cosmx_bcc_xdonor_spot_0000069206,Wound,0.6153846153846154,0.3846153846153846,0.0
cosmx_bcc_xdonor_spot_0000069207,Wound,0.9047619047619048,0.0,0.0952380952380952
cosmx_bcc_xdonor_spot_0000069208,Wound,1.0,0.0,0.0
cosmx_bcc_xdonor_spot_0000069209,Wound,0.85,0.15,0.0
cosmx_bcc_xdonor_spot_0000069210,Wound,0.7666666666666667,0.0666666666666666,0.0333333333333333
cosmx_bcc_xdonor_spot_0000069211,Wound,0.0,0.1666666666666666,0.25
cosmx_bcc_xdonor_spot_0000069212,Wound,0.1333333333333333,0.2,0.6
cosmx_bcc_xdonor_spot_0000069213,Wound,1.0,0.0,0.0
cosmx_bcc_xdonor_spot_0000069418,Wound,0.0909090909090909,0.5454545454545454,0.0
cosmx_bcc_xdonor_spot_0000069419,Wound,0.1428571428571428,0.4285714285714285,0.1428571428571428
cosmx_bcc_xdonor_spot_0000069420,Wound,0.1764705882352941,0.2941176470588235,0.2352941176470588
cosmx_bcc_xdonor_spot_0000069421,Wound,0.0476190476190476,0.2857142857142857,0.1904761904761904
cosmx_bcc_xdonor_spot_0000069422,Wound,0.074074074074074,0.2962962962962963,0.2592592592592592
cosmx_bcc_xdonor_spot_0000069423,Wound,0.032258064516129,0.2903225806451613,0.1935483870967742
cosmx_bcc_xdonor_spot_0000069424,Wound,0.0434782608695652,0.6521739130434783,0.1739130434782608
cosmx_bcc_xdonor_spot_0000069425,Wound,0.04,0.32,0.24
cosmx_bcc_xdonor_spot_0000069426,Wound,0.0666666666666666,0.5333333333333333,0.0
cosmx_bcc_xdonor_spot_0000069427,Wound,0.0,0.7142857142857143,0.1428571428571428
cosmx_bcc_xdonor_spot_0000069428,Wound,0.0,0.1333333333333333,0.8
cosmx_bcc_xdonor_spot_0000069500,Wound,0.8571428571428571,0.1428571428571428,0.0
cosmx_bcc_xdonor_spot_0000069501,Wound,0.9090909090909092,0.0909090909090909,0.0
cosmx_bcc_xdonor_spot_0000069502,Wound,0.4210526315789473,0.3684210526315789,0.0
cosmx_bcc_xdonor_spot_0000069503,Wound,0.0588235294117647,0.5882352941176471,0.0
cosmx_bcc_xdonor_spot_0000069504,Wound,0.8666666666666667,0.0666666666666666,0.0
cosmx_bcc_xdonor_spot_0000069505,Wound,0.8888888888888888,0.1111111111111111,0.0
cosmx_bcc_xdonor_spot_0000069506,Wound,1.0,0.0,0.0
cosmx_bcc_xdonor_spot_0000069507,Wound,0.75,0.15,0.0
cosmx_bcc_xdonor_spot_0000069508,Wound,1.0,0.0,0.0
cosmx_bcc_xdonor_spot_0000069509,Wound,1.0,0.0,0.0
cosmx_bcc_xdonor_spot_0000069717,Wound,0.0833333333333333,0.4166666666666667,0.1666666666666666
cosmx_bcc_xdonor_spot_0000069718,Wound,0.2857142857142857,0.2857142857142857,0.2857142857142857
cosmx_bcc_xdonor_spot_0000069719,Wound,0.2,0.0,0.0
cosmx_bcc_xdonor_spot_0000069720,Wound,0.1428571428571428,0.3571428571428571,0.0
cosmx_bcc_xdonor_spot_0000069721,Wound,0.0714285714285714,0.2857142857142857,0.5
cosmx_bcc_xdonor_spot_0000069722,Wound,0.0,0.5,0.2
cosmx_bcc_xdonor_spot_0000069723,Wound,0.0,0.5714285714285714,0.2857142857142857
cosmx_bcc_xdonor_spot_0000069724,Wound,0.0666666666666666,0.6,0.1333333333333333
cosmx_bcc_xdonor_spot_0000069725,Wound,0.0,0.7647058823529411,0.1176470588235294
cosmx_bcc_xdonor_spot_0000069726,Wound,0.0833333333333333,0.5833333333333334,0.3333333333333333
cosmx_bcc_xdonor_spot_0000069727,Wound,0.1578947368421052,0.2631578947368421,0.2105263157894736
cosmx_bcc_xdonor_spot_0000069785,Wound,1.0,0.0,0.0
cosmx_bcc_xdonor_spot_0000069799,Wound,0.8333333333333334,0.1666666666666666,0.0
cosmx_bcc_xdonor_spot_0000069800,Wound,0.9523809523809524,0.0476190476190476,0.0
cosmx_bcc_xdonor_spot_0000069801,Wound,1.0,0.0,0.0
cosmx_bcc_xdonor_spot_0000069802,Wound,0.8,0.2,0.0
cosmx_bcc_xdonor_spot_0000069803,Wound,0.9166666666666666,0.0833333333333333,0.0
cosmx_bcc_xdonor_spot_0000069804,Wound,0.9565217391304348,0.0434782608695652,0.0
cosmx_bcc_xdonor_spot_0000069805,Wound,0.9523809523809524,0.0,0.0476190476190476
cosmx_bcc_xdonor_spot_0000069806,Wound,0.7916666666666666,0.1666666666666666,0.0
cosmx_bcc_xdonor_spot_0000069807,Wound,0.9090909090909092,0.0909090909090909,0.0
cosmx_bcc_xdonor_spot_0000069808,Wound,1.0,0.0,0.0
cosmx_bcc_xdonor_spot_0000069809,Wound,1.0,0.0,0.0
cosmx_bcc_xdonor_spot_0000069810,Wound,0.6666666666666666,0.3333333333333333,0.0
cosmx_bcc_xdonor_spot_0000069811,Wound,0.1666666666666666,0.6666666666666666,0.1666666666666666
cosmx_bcc_xdonor_spot_0000070016,Wound,0.375,0.3125,0.0625
cosmx_bcc_xdonor_spot_0000070017,Wound,0.0769230769230769,0.3076923076923077,0.0769230769230769
cosmx_bcc_xdonor_spot_0000070018,Wound,0.1428571428571428,0.5714285714285714,0.0
cosmx_bcc_xdonor_spot_0000070019,Wound,0.0769230769230769,0.5384615384615384,0.0
cosmx_bcc_xdonor_spot_0000070020,Wound,0.1818181818181818,0.3636363636363636,0.0
cosmx_bcc_xdonor_spot_0000070021,Wound,0.0714285714285714,0.5,0.0714285714285714
cosmx_bcc_xdonor_spot_0000070022,Wound,0.0,0.7,0.2
cosmx_bcc_xdonor_spot_0000070023,Wound,0.0,1.0,0.0
cosmx_bcc_xdonor_spot_0000070024,Wound,0.0,0.9166666666666666,0.0833333333333333
cosmx_bcc_xdonor_spot_0000070025,Wound,0.0416666666666666,0.7083333333333334,0.0833333333333333
cosmx_bcc_xdonor_spot_0000070026,Wound,0.0,0.8,0.1
cosmx_bcc_xdonor_spot_0000070084,Wound,0.7272727272727273,0.0,0.0
cosmx_bcc_xdonor_spot_0000070098,Wound,1.0,0.0,0.0
cosmx_bcc_xdonor_spot_0000070099,Wound,1.0,0.0,0.0
cosmx_bcc_xdonor_spot_0000070100,Wound,1.0,0.0,0.0
cosmx_bcc_xdonor_spot_0000070101,Wound,1.0,0.0,0.0
cosmx_bcc_xdonor_spot_0000070102,Wound,0.9473684210526316,0.0526315789473684,0.0
cosmx_bcc_xdonor_spot_0000070103,Wound,0.6470588235294118,0.2941176470588235,0.0
cosmx_bcc_xdonor_spot_0000070104,Wound,1.0,0.0,0.0
cosmx_bcc_xdonor_spot_0000070105,Wound,0.9411764705882352,0.0,0.0588235294117647
cosmx_bcc_xdonor_spot_0000070106,Wound,0.96875,0.03125,0.0
cosmx_bcc_xdonor_spot_0000070107,Wound,0.9642857142857144,0.0,0.0
cosmx_bcc_xdonor_spot_0000070108,Wound,0.9310344827586208,0.0,0.0689655172413793
cosmx_bcc_xdonor_spot_0000070109,Wound,0.8928571428571429,0.0,0.1071428571428571
cosmx_bcc_xdonor_spot_0000070110,Wound,0.9047619047619048,0.0952380952380952,0.0
cosmx_bcc_xdonor_spot_0000070315,Wound,0.3333333333333333,0.3333333333333333,0.0
cosmx_bcc_xdonor_spot_0000070316,Wound,0.125,0.5,0.0625
cosmx_bcc_xdonor_spot_0000070317,Wound,0.0625,0.3125,0.0
cosmx_bcc_xdonor_spot_0000070318,Wound,0.0,0.7142857142857143,0.0
cosmx_bcc_xdonor_spot_0000070319,Wound,0.125,0.5,0.125
cosmx_bcc_xdonor_spot_0000070320,Wound,0.1666666666666666,0.4166666666666667,0.0833333333333333
cosmx_bcc_xdonor_spot_0000070321,Wound,0.0666666666666666,0.4666666666666667,0.0666666666666666
cosmx_bcc_xdonor_spot_0000070322,Wound,0.1428571428571428,0.3571428571428571,0.2857142857142857
cosmx_bcc_xdonor_spot_0000070323,Wound,0.0,0.6818181818181818,0.1818181818181818
cosmx_bcc_xdonor_spot_0000070324,Wound,0.0,0.7857142857142857,0.1428571428571428
cosmx_bcc_xdonor_spot_0000070325,Wound,0.25,0.375,0.0
cosmx_bcc_xdonor_spot_0000070397,Wound,1.0,0.0,0.0
cosmx_bcc_xdonor_spot_0000070398,Wound,0.9166666666666666,0.0,0.0
cosmx_bcc_xdonor_spot_0000070399,Wound,1.0,0.0,0.0
cosmx_bcc_xdonor_spot_0000070400,Wound,1.0,0.0,0.0
cosmx_bcc_xdonor_spot_0000070401,Wound,1.0,0.0,0.0
cosmx_bcc_xdonor_spot_0000070402,Wound,0.76,0.2,0.0
cosmx_bcc_xdonor_spot_0000070403,Wound,0.6842105263157895,0.1578947368421052,0.0
cosmx_bcc_xdonor_spot_0000070404,Wound,1.0,0.0,0.0
cosmx_bcc_xdonor_spot_0000070405,Wound,0.625,0.3333333333333333,0.0
cosmx_bcc_xdonor_spot_0000070406,Wound,0.967741935483871,0.032258064516129,0.0
cosmx_bcc_xdonor_spot_0000070407,Wound,1.0,0.0,0.0
cosmx_bcc_xdonor_spot_0000070408,Wound,1.0,0.0,0.0
cosmx_bcc_xdonor_spot_0000070409,Wound,0.9615384615384616,0.0,0.0384615384615384
cosmx_bcc_xdonor_spot_0000070614,Wound,0.1111111111111111,0.4444444444444444,0.0
cosmx_bcc_xdonor_spot_0000070615,Wound,0.2857142857142857,0.2857142857142857,0.0
cosmx_bcc_xdonor_spot_0000070616,Wound,0.0625,0.3125,0.0
cosmx_bcc_xdonor_spot_0000070617,Wound,0.1666666666666666,0.5,0.1666666666666666
cosmx_bcc_xdonor_spot_0000070618,Wound,0.0,0.8181818181818182,0.0
cosmx_bcc_xdonor_spot_0000070619,Wound,0.0,0.3333333333333333,0.0
cosmx_bcc_xdonor_spot_0000070620,Wound,0.0,0.5,0.0714285714285714
cosmx_bcc_xdonor_spot_0000070621,Wound,0.0,0.375,0.5
cosmx_bcc_xdonor_spot_0000070622,Wound,0.0,0.8888888888888888,0.1111111111111111
cosmx_bcc_xdonor_spot_0000070623,Wound,0.0,0.8666666666666667,0.0666666666666666
cosmx_bcc_xdonor_spot_0000070624,Wound,0.0,0.7857142857142857,0.2142857142857142
cosmx_bcc_xdonor_spot_0000070625,Wound,0.0,0.1428571428571428,0.7142857142857143
cosmx_bcc_xdonor_spot_0000070697,Wound,0.7333333333333333,0.0,0.0
cosmx_bcc_xdonor_spot_0000070698,Wound,0.8636363636363636,0.0,0.1363636363636363
cosmx_bcc_xdonor_spot_0000070699,Wound,1.0,0.0,0.0
cosmx_bcc_xdonor_spot_0000070700,Wound,1.0,0.0,0.0
cosmx_bcc_xdonor_spot_0000070701,Wound,1.0,0.0,0.0
cosmx_bcc_xdonor_spot_0000070702,Wound,0.85,0.1,0.0
cosmx_bcc_xdonor_spot_0000070703,Wound,0.9411764705882352,0.0,0.0588235294117647
cosmx_bcc_xdonor_spot_0000070704,Wound,0.9347826086956522,0.0434782608695652,0.0217391304347826
cosmx_bcc_xdonor_spot_0000070705,Wound,0.8636363636363636,0.0909090909090909,0.0454545454545454
cosmx_bcc_xdonor_spot_0000070706,Wound,0.951219512195122,0.048780487804878,0.0
cosmx_bcc_xdonor_spot_0000070707,Wound,1.0,0.0,0.0
cosmx_bcc_xdonor_spot_0000070708,Wound,1.0,0.0,0.0
cosmx_bcc_xdonor_spot_0000070913,Wound,0.0,0.0,0.0
cosmx_bcc_xdonor_spot_0000070914,Wound,0.1111111111111111,0.4444444444444444,0.0
cosmx_bcc_xdonor_spot_0000070915,Wound,0.4,0.4,0.0
cosmx_bcc_xdonor_spot_0000070916,Wound,0.1176470588235294,0.3529411764705882,0.0588235294117647
cosmx_bcc_xdonor_spot_0000070917,Wound,0.0833333333333333,0.25,0.0
cosmx_bcc_xdonor_spot_0000070918,Wound,0.0769230769230769,0.1538461538461538,0.0
cosmx_bcc_xdonor_spot_0000070922,Wound,0.0625,0.5625,0.125
cosmx_bcc_xdonor_spot_0000070923,Wound,0.0909090909090909,0.7272727272727273,0.1818181818181818
cosmx_bcc_xdonor_spot_0000070924,Wound,0.0,0.2,0.6
cosmx_bcc_xdonor_spot_0000070995,Wound,0.8333333333333334,0.0,0.0
cosmx_bcc_xdonor_spot_0000070996,Wound,0.9444444444444444,0.0,0.0555555555555555
cosmx_bcc_xdonor_spot_0000070997,Wound,1.0,0.0,0.0
cosmx_bcc_xdonor_spot_0000070998,Wound,1.0,0.0,0.0
cosmx_bcc_xdonor_spot_0000070999,Wound,1.0,0.0,0.0
cosmx_bcc_xdonor_spot_0000071000,Wound,1.0,0.0,0.0
cosmx_bcc_xdonor_spot_0000071001,Wound,1.0,0.0,0.0
cosmx_bcc_xdonor_spot_0000071002,Wound,0.9473684210526316,0.0526315789473684,0.0
cosmx_bcc_xdonor_spot_0000071003,Wound,1.0,0.0,0.0
cosmx_bcc_xdonor_spot_0000071004,Wound,0.375,0.625,0.0
cosmx_bcc_xdonor_spot_0000071005,Wound,0.8,0.2,0.0
cosmx_bcc_xdonor_spot_0000071006,Wound,0.967741935483871,0.032258064516129,0.0
cosmx_bcc_xdonor_spot_0000071007,Wound,0.8947368421052632,0.1052631578947368,0.0
cosmx_bcc_xdonor_spot_0000071294,Wound,1.0,0.0,0.0
cosmx_bcc_xdonor_spot_0000071295,Wound,1.0,0.0,0.0
cosmx_bcc_xdonor_spot_0000071296,Wound,0.9285714285714286,0.0,0.0
cosmx_bcc_xdonor_spot_0000071297,Wound,0.9166666666666666,0.0833333333333333,0.0
cosmx_bcc_xdonor_spot_0000071298,Wound,1.0,0.0,0.0
cosmx_bcc_xdonor_spot_0000071299,Wound,1.0,0.0,0.0
cosmx_bcc_xdonor_spot_0000071300,Wound,1.0,0.0,0.0
cosmx_bcc_xdonor_spot_0000071301,Wound,1.0,0.0,0.0
cosmx_bcc_xdonor_spot_0000071302,Wound,0.6363636363636364,0.3636363636363636,0.0
cosmx_bcc_xdonor_spot_0000071303,Wound,0.0,0.8571428571428571,0.1428571428571428
cosmx_bcc_xdonor_spot_0000071305,Wound,0.0,0.6923076923076923,0.0769230769230769
cosmx_bcc_xdonor_spot_0000071306,Wound,0.0,1.0,0.0
