,Cancer.cells,Endothelial,Fibroblast,Melanocyte,MoMacDC,Normal.Kerat,Pericyte,PlasmaCell
cosmx_bcc_xdonor_spot_0000000012,0.9999999999999889,1.5573196012862226e-15,1.5573196012862226e-15,1.5573196012862226e-15,1.5573196012862226e-15,1.5573196012862226e-15,1.5573196012862226e-15,1.5573196012862226e-15
cosmx_bcc_xdonor_spot_0000000013,0.9999999997843376,1.6035442088524431e-15,1.6035442088524431e-15,1.6035442088524431e-15,1.6035442088524431e-15,1.6035442088524431e-15,2.1565251856856626e-10,1.6035442088524431e-15
cosmx_bcc_xdonor_spot_0000000014,0.9821509626450965,4.777482288772507e-10,1.6609246230452381e-15,1.6609246230452381e-15,0.0028852933418713265,1.4608697515955649e-06,0.014962282665527123,1.6609246230452381e-15
cosmx_bcc_xdonor_spot_0000000015,0.9492478277569509,2.9068383963032428e-09,0.05075216932829475,6.892502795791325e-12,1.6795405148999395e-15,1.6795405148999395e-15,1.0182605939570723e-12,1.6795405148999395e-15
cosmx_bcc_xdonor_spot_0000000016,0.9980615846906049,1.6816768847056404e-15,1.6816768847056404e-15,1.6816768847056404e-15,1.6816768847056404e-15,7.181080441815174e-06,3.946227004921827e-08,0.001931194766676333
cosmx_bcc_xdonor_spot_0000000017,0.9999999700466393,1.5196885797523782e-15,1.5196885797523782e-15,1.5196885797523782e-15,1.5196885797523782e-15,1.5196885797523782e-15,2.9953351388181845e-08,1.5196885797523782e-15
cosmx_bcc_xdonor_spot_0000000018,0.9931240692187447,1.4984740016099645e-15,0.006875920280174105,1.4984740016099645e-15,1.4984740016099645e-15,1.4984740016099645e-15,1.0501073479461059e-08,1.4984740016099645e-15
cosmx_bcc_xdonor_spot_0000000020,0.9999999999999887,1.5763054402328497e-15,1.5763054402328497e-15,1.5763054402328497e-15,1.5763054402328497e-15,1.5763054402328497e-15,1.5763054402328497e-15,1.5763054402328497e-15
cosmx_bcc_xdonor_spot_0000000021,0.9999999999999887,1.5766271656564905e-15,1.5766271656564905e-15,1.5766271656564905e-15,1.5766271656564905e-15,1.5766271656564905e-15,1.5766271656564905e-15,1.5766271656564905e-15
cosmx_bcc_xdonor_spot_0000000022,0.9999999999996885,1.6579100152241779e-15,1.6579100152241779e-15,3.014130040138282e-13,1.6579100152241779e-15,1.6579100152241779e-15,1.6579100152241779e-15,1.6579100152241779e-15
cosmx_bcc_xdonor_spot_0000000023,0.9970424513735016,1.6077158013289243e-15,1.6077158013289243e-15,1.6077158013289243e-15,1.6077158013289243e-15,0.0029520488397765505,5.4997867137331865e-06,1.6077158013289243e-15
cosmx_bcc_xdonor_spot_0000000311,0.9999998864479661,1.452936661688506e-15,1.452936661688506e-15,1.452936661688506e-15,1.452936661688506e-15,1.452936661688506e-15,1.1355202499794782e-07,1.452936661688506e-15
cosmx_bcc_xdonor_spot_0000000312,0.9922123842552562,1.5021618370910287e-15,1.5021618370910287e-15,1.5021618370910287e-15,0.0008826800399435512,1.5021618370910287e-15,0.006904935704792601,1.5021618370910287e-15
cosmx_bcc_xdonor_spot_0000000313,0.9552080762521402,1.4673172508329289e-15,0.02614871911207765,1.4673172508329289e-15,1.4673172508329289e-15,1.4673172508329289e-15,0.018643204635774617,1.4673172508329289e-15
cosmx_bcc_xdonor_spot_0000000314,0.9998990547928979,1.5576763122883486e-15,1.5576763122883486e-15,1.5576763122883486e-15,1.5576763122883486e-15,1.5576763122883486e-15,1.5576763122883486e-15,0.00010094520709252822
cosmx_bcc_xdonor_spot_0000000315,0.9999999998255764,1.7069401656551993e-15,1.7441312589203176e-10,1.7069401656551993e-15,1.7069401656551993e-15,1.7069401656551993e-15,1.7069401656551993e-15,1.7069401656551993e-15
cosmx_bcc_xdonor_spot_0000000316,0.999999999999989,1.536681363556831e-15,1.536681363556831e-15,1.536681363556831e-15,1.536681363556831e-15,1.536681363556831e-15,1.536681363556831e-15,1.536681363556831e-15
cosmx_bcc_xdonor_spot_0000000317,0.9969972870683076,5.70637087211663e-15,1.6043386859088954e-15,1.6043386859088954e-15,1.6043386859088954e-15,1.6043386859088954e-15,0.0030027129316784274,1.6043386859088954e-15
cosmx_bcc_xdonor_spot_0000000318,0.9954885146814786,7.713778198878401e-10,1.8425309605886642e-11,4.645331449052821e-15,1.7278328212298756e-15,0.001903961531769427,0.0026075229969406955,1.7278328212298756e-15
cosmx_bcc_xdonor_spot_0000000319,0.9943645018014209,1.694680114393495e-15,1.694680114393495e-15,1.694680114393495e-15,1.694680114393495e-15,0.005635498198568789,1.694680114393495e-15,1.694680114393495e-15
cosmx_bcc_xdonor_spot_0000000320,0.9998089002887054,1.6307586253353804e-15,1.6307586253353804e-15,1.6307586253353804e-15,1.6307586253353804e-15,1.6307586253353804e-15,5.5139306149404264e-05,0.0001359604051368051
cosmx_bcc_xdonor_spot_0000000321,0.9999999186849745,1.6174598725786955e-15,1.6174598725786955e-15,1.6174598725786955e-15,8.131501549688263e-08,1.6174598725786955e-15,1.6174598725786955e-15,1.6174598725786955e-15
cosmx_bcc_xdonor_spot_0000000322,0.9896612991488992,1.6996802762932917e-15,0.006213810373021176,1.6996802762932917e-15,1.6996802762932917e-15,1.6996802762932917e-15,0.004124890478070946,1.6996802762932917e-15
cosmx_bcc_xdonor_spot_0000000610,0.9962542938757676,1.5274516449217546e-15,1.5274516449217546e-15,0.0003301499006273367,1.5274516449217546e-15,0.003415556223489716,1.092344244899115e-13,1.5274516449217546e-15
cosmx_bcc_xdonor_spot_0000000611,0.9687090246517963,1.4549588167526928e-15,0.026056303247602077,1.4549588167526928e-15,1.4549588167526928e-15,1.4549588167526928e-15,0.005234672100594185,1.4549588167526928e-15
cosmx_bcc_xdonor_spot_0000000612,0.999999999999922,1.3845633952078066e-15,1.3845633952078066e-15,1.3845633952078066e-15,1.3845633952078066e-15,6.950050718774118e-14,1.3845633952078066e-15,1.3845633952078066e-15
cosmx_bcc_xdonor_spot_0000000613,0.9999999999230805,1.644870287979489e-15,1.644870287979489e-15,1.644870287979489e-15,1.644870287979489e-15,7.688853032749353e-11,2.2719776560699993e-14,1.644870287979489e-15
cosmx_bcc_xdonor_spot_0000000614,0.9999999999999892,1.5014796604925763e-15,1.5014796604925763e-15,1.5014796604925763e-15,1.5014796604925763e-15,1.5014796604925763e-15,1.5014796604925763e-15,1.5014796604925763e-15
cosmx_bcc_xdonor_spot_0000000615,0.9999999999999893,1.4892849519788847e-15,1.4892849519788847e-15,1.4892849519788847e-15,1.4892849519788847e-15,1.4892849519788847e-15,1.4892849519788847e-15,1.4892849519788847e-15
cosmx_bcc_xdonor_spot_0000000616,0.999997272304345,1.501940775114576e-15,2.72769564576847e-06,1.501940775114576e-15,1.501940775114576e-15,1.501940775114576e-15,1.501940775114576e-15,1.501940775114576e-15
cosmx_bcc_xdonor_spot_0000000617,0.9891797418828332,1.4922822213428977e-15,0.010820255011938888,1.4922822213428977e-15,1.4922822213428977e-15,1.4922822213428977e-15,3.1052203176721474e-09,1.4922822213428977e-15
cosmx_bcc_xdonor_spot_0000000618,0.9999999999999872,1.5999021891790433e-15,1.5999021891790433e-15,1.5999021891790433e-15,2.944152772749134e-15,1.5999021891790433e-15,1.5999021891790433e-15,1.5999021891790433e-15
cosmx_bcc_xdonor_spot_0000000619,0.9996998231453811,1.651833583463101e-15,1.651833583463101e-15,1.651833583463101e-15,1.651833583463101e-15,1.651833583463101e-15,3.7106931306792747e-09,0.0003001731439172765
cosmx_bcc_xdonor_spot_0000000620,0.9999999985215203,1.630753660378434e-15,1.630753660378434e-15,1.630753660378434e-15,1.630753660378434e-15,1.630753660378434e-15,1.4784695924630682e-09,1.630753660378434e-15
cosmx_bcc_xdonor_spot_0000000621,0.8483728034869925,3.1066577685680424e-05,1.9138143369240663e-15,7.774727564323525e-06,0.11276119165431144,1.9138143369240663e-15,0.03882716355344015,1.9138143369240663e-15
cosmx_bcc_xdonor_spot_0000000909,0.9737610293021604,7.411134980757627e-13,1.5439099621945251e-15,1.1213340146604465e-14,0.0262389706970811,1.5439099621945251e-15,1.5439099621945251e-15,1.5439099621945251e-15
cosmx_bcc_xdonor_spot_0000000910,0.99999999999999,1.3980956043913421e-15,1.3980956043913421e-15,1.3980956043913421e-15,1.3980956043913421e-15,1.3980956043913421e-15,1.3980956043913421e-15,1.3980956043913421e-15
cosmx_bcc_xdonor_spot_0000000911,0.9769921889915874,1.44448840511395e-15,1.44448840511395e-15,1.44448840511395e-15,1.44448840511395e-15,0.02300781100840376,1.44448840511395e-15,1.44448840511395e-15
cosmx_bcc_xdonor_spot_0000000912,0.9999999999999896,1.4587346355235945e-15,1.4587346355235945e-15,1.4587346355235945e-15,1.4587346355235945e-15,1.4587346355235945e-15,1.4587346355235945e-15,1.4587346355235945e-15
cosmx_bcc_xdonor_spot_0000000913,0.9848691692132077,1.5720849082408526e-15,0.015072070070225669,8.136399637812275e-12,1.5720849082408526e-15,1.5720849082408526e-15,5.8760708423828205e-05,1.5720849082408526e-15
cosmx_bcc_xdonor_spot_0000000914,0.9999999999999821,1.4985502691007613e-15,1.4985502691007613e-15,1.4985502691007613e-15,1.4985502691007613e-15,1.4985502691007613e-15,8.71797999769511e-15,1.4985502691007613e-15
cosmx_bcc_xdonor_spot_0000000915,0.9999999999999891,1.514594217250614e-15,1.514594217250614e-15,1.514594217250614e-15,1.514594217250614e-15,1.514594217250614e-15,1.514594217250614e-15,1.514594217250614e-15
cosmx_bcc_xdonor_spot_0000000916,0.9994695713375701,1.665950779730311e-14,1.583515972627975e-15,1.583515972627975e-15,1.583515972627975e-15,1.583515972627975e-15,0.0005304286624051858,1.583515972627975e-15
cosmx_bcc_xdonor_spot_0000000917,0.9999999999999885,1.615889109815091e-15,1.615889109815091e-15,1.615889109815091e-15,1.615889109815091e-15,1.615889109815091e-15,1.615889109815091e-15,1.615889109815091e-15
cosmx_bcc_xdonor_spot_0000000918,0.9999999999999882,1.6506737368993554e-15,1.6506737368993554e-15,1.6506737368993554e-15,1.6506737368993554e-15,1.6506737368993554e-15,1.6506737368993554e-15,1.6506737368993554e-15
cosmx_bcc_xdonor_spot_0000000919,0.9999999989183536,1.6871761296983296e-15,1.6871761296983296e-15,1.6871761296983296e-15,1.6871761296983296e-15,1.6871761296983296e-15,1.0816361793672277e-09,1.6871761296983296e-15
cosmx_bcc_xdonor_spot_0000000920,0.9968734777176678,1.6638977792093702e-15,1.6638977792093702e-15,1.6638977792093702e-15,1.6638977792093702e-15,1.6638977792093702e-15,7.873568469043638e-08,0.0031264435466389945
cosmx_bcc_xdonor_spot_0000001208,0.9255542258476815,1.6398786397071947e-15,1.6398786397071947e-15,0.021181972408995223,1.6398786397071947e-15,0.047378006374365365,0.005885795368951024,1.6398786397071947e-15
cosmx_bcc_xdonor_spot_0000001209,0.9999999999999895,1.470733127283593e-15,1.470733127283593e-15,1.470733127283593e-15,1.470733127283593e-15,1.470733127283593e-15,1.470733127283593e-15,1.470733127283593e-15
cosmx_bcc_xdonor_spot_0000001210,0.9999999999999901,1.3733150468406633e-15,1.3733150468406633e-15,1.3733150468406633e-15,1.3733150468406633e-15,1.3733150468406633e-15,1.3733150468406633e-15,1.3733150468406633e-15
cosmx_bcc_xdonor_spot_0000001213,0.9985957675431932,1.5376465050822481e-15,1.5376465050822481e-15,1.5376465050822481e-15,1.5376465050822481e-15,1.5376465050822481e-15,2.2249619634592194e-06,0.001402007494835434
cosmx_bcc_xdonor_spot_0000001214,0.9999999999999895,1.4687566455424056e-15,1.4687566455424056e-15,1.4687566455424056e-15,1.4687566455424056e-15,1.4687566455424056e-15,1.4687566455424056e-15,1.4687566455424056e-15
cosmx_bcc_xdonor_spot_0000001215,0.9999985538826436,1.649040185926608e-15,1.649040185926608e-15,1.649040185926608e-15,1.649040185926608e-15,1.649040185926608e-15,3.9951455181873175e-08,1.4061658926700743e-06
cosmx_bcc_xdonor_spot_0000001216,0.9999999999999883,1.626758838897842e-15,1.626758838897842e-15,1.626758838897842e-15,1.626758838897842e-15,1.626758838897842e-15,1.626758838897842e-15,1.626758838897842e-15
cosmx_bcc_xdonor_spot_0000001217,0.9999999999999839,1.6509298161880792e-15,1.6509298161880792e-15,1.6509298161880792e-15,1.6509298161880792e-15,1.6509298161880792e-15,5.9353831753643915e-15,1.6509298161880792e-15
cosmx_bcc_xdonor_spot_0000001218,0.999999999999988,1.6722823101840235e-15,1.6722823101840235e-15,1.6722823101840235e-15,1.6722823101840235e-15,1.6722823101840235e-15,1.6722823101840235e-15,1.6722823101840235e-15
cosmx_bcc_xdonor_spot_0000001219,0.9956997667073413,2.7511527440583833e-11,1.5725178633936366e-15,1.5725178633936366e-15,1.5725178633936366e-15,1.5725178633936366e-15,0.004300233265139181,1.5725178633936366e-15
cosmx_bcc_xdonor_spot_0000001507,0.98172341222617,1.7405356977317128e-15,1.772317215051718e-13,7.426106587862538e-12,1.7405356977317128e-15,3.74908272140231e-05,0.018239096939007306,1.7405356977317128e-15
cosmx_bcc_xdonor_spot_0000001508,0.9999999999999899,1.4065687477932426e-15,1.4065687477932426e-15,1.4065687477932426e-15,1.4065687477932426e-15,1.4065687477932426e-15,1.4065687477932426e-15,1.4065687477932426e-15
cosmx_bcc_xdonor_spot_0000001509,0.7129881539822394,1.1430913913172318e-15,0.287011845557617,1.1430913913172318e-15,1.1430913913172318e-15,1.1430913913172318e-15,4.601378474833734e-10,1.1430913913172318e-15
cosmx_bcc_xdonor_spot_0000001512,0.9999999995642878,1.5244313534463814e-15,1.5244313534463814e-15,1.5244313534463814e-15,1.5244313534463814e-15,4.3570285997953527e-10,1.5244313534463814e-15,1.5244313534463814e-15
cosmx_bcc_xdonor_spot_0000001513,0.9999999999993181,1.6713574178681599e-15,1.6713574178681599e-15,1.6713574178681599e-15,1.6713574178681599e-15,3.6544327359926035e-14,6.368245444848638e-13,1.6713574178681599e-15
cosmx_bcc_xdonor_spot_0000001514,0.9817279449167765,1.1815650602414067e-14,1.5633700136124937e-15,1.5633700136124937e-15,0.014912186421160623,0.0031916663799734348,0.0001682022820728286,1.5633700136124937e-15
cosmx_bcc_xdonor_spot_0000001515,0.9867639204280725,1.7651710189123772e-15,1.7651710189123772e-15,1.7651710189123772e-15,1.7651710189123772e-15,1.7651710189123772e-15,0.013236079571916705,1.7651710189123772e-15
cosmx_bcc_xdonor_spot_0000001516,0.9957289555420353,1.6669141928272435e-15,1.6669141928272435e-15,3.790353217787759e-15,1.6669141928272435e-15,1.6669141928272435e-15,0.004271044457952284,1.6669141928272435e-15
cosmx_bcc_xdonor_spot_0000001517,0.9999999999972073,1.7090533979252006e-15,1.7090533979252006e-15,1.7090533979252006e-15,1.7090533979252006e-15,1.7090533979252006e-15,2.7822083084164496e-12,1.7090533979252006e-15
cosmx_bcc_xdonor_spot_0000001518,0.9255568255823405,1.7065105364902161e-15,0.06640929995297848,1.7065105364902161e-15,1.7065105364902161e-15,1.7065105364902161e-15,0.008033874464672113,1.7065105364902161e-15
cosmx_bcc_xdonor_spot_0000001519,0.9883401163661253,1.599988488239932e-15,0.004637314755923636,1.599988488239932e-15,1.599988488239932e-15,1.599988488239932e-15,0.007022568877943063,1.599988488239932e-15
cosmx_bcc_xdonor_spot_0000001520,0.9865586807500683,1.6288346500740445e-15,1.6288346500740445e-15,1.6288346500740445e-15,1.6288346500740445e-15,1.6288346500740445e-15,0.01344131924992174,1.6288346500740445e-15
cosmx_bcc_xdonor_spot_0000001521,0.9997598769336762,1.6638699621190888e-15,7.979884988259143e-13,1.6638699621190888e-15,1.6638699621190888e-15,9.647612622045424e-05,0.00014364693929862807,1.6638699621190888e-15
cosmx_bcc_xdonor_spot_0000001522,0.9999999588447926,1.6292048251902047e-15,1.6292048251902047e-15,1.6292048251902047e-15,1.6292048251902047e-15,4.115519630247301e-08,2.7669466426372665e-15,1.6292048251902047e-15
cosmx_bcc_xdonor_spot_0000001523,0.9999999999762785,1.61552048023295e-15,6.438367410980518e-14,1.61552048023295e-15,1.61552048023295e-15,2.3638850950273854e-11,1.151858929962616e-14,1.61552048023295e-15
cosmx_bcc_xdonor_spot_0000001524,0.9999999999999875,1.7444722286057482e-15,1.7444722286057482e-15,1.7444722286057482e-15,1.7444722286057482e-15,1.7444722286057482e-15,1.78665182671964e-15,1.7444722286057482e-15
cosmx_bcc_xdonor_spot_0000001525,0.9963290218191663,1.6265528661246451e-15,3.345857787429767e-14,1.6265528661246451e-15,1.6265528661246451e-15,1.6265528661246451e-15,0.0036709781807918334,1.6265528661246451e-15
cosmx_bcc_xdonor_spot_0000001526,0.9915801864433522,1.0552686483085412e-09,0.0002439039613009767,6.271482530028932e-15,0.0007343843498561576,1.710577077887317e-15,0.007441524190212369,1.710577077887317e-15
cosmx_bcc_xdonor_spot_0000001527,0.973217920351922,1.6828971051933852e-15,0.0018143909075532965,1.6828971051933852e-15,1.6828971051933852e-15,1.6828971051933852e-15,0.02496768874051624,1.6828971051933852e-15
cosmx_bcc_xdonor_spot_0000001528,0.6196975170930064,1.857678727402074e-06,0.28261021075032655,1.5499221415171877e-15,1.5499221415171877e-15,1.5499221415171877e-15,0.09769041447793338,1.5499221415171877e-15
cosmx_bcc_xdonor_spot_0000001529,0.9103847746777877,9.577441913456767e-08,1.6574692851974791e-15,1.6574692851974791e-15,0.08961512954778472,1.6574692851974791e-15,1.6574692851974791e-15,1.6574692851974791e-15
cosmx_bcc_xdonor_spot_0000001530,0.9967548352504855,4.101245721158139e-13,1.7706125280923282e-15,1.7706125280923282e-15,1.7706125280923282e-15,7.014914293975321e-12,9.238594315032408e-11,0.0032451646496982965
cosmx_bcc_xdonor_spot_0000001806,0.9855356564849717,1.8650017158644611e-07,1.6568702070807218e-15,0.005494916457400299,1.6568702070807218e-15,5.404794511087951e-05,0.00891519261234045,1.6568702070807218e-15
cosmx_bcc_xdonor_spot_0000001807,0.9980238937572591,1.4355543187245784e-15,1.4355543187245784e-15,1.4355543187245784e-15,0.001976082281771977,2.3960961576928086e-08,1.4355543187245784e-15,1.4355543187245784e-15
cosmx_bcc_xdonor_spot_0000001808,0.99999999999999,1.39998081555495e-15,1.39998081555495e-15,1.39998081555495e-15,1.39998081555495e-15,1.39998081555495e-15,1.39998081555495e-15,1.39998081555495e-15
cosmx_bcc_xdonor_spot_0000001809,0.9991522227680387,1.3615067909668483e-15,1.3615067909668483e-15,1.3615067909668483e-15,1.3615067909668483e-15,0.0008477772319528488,1.3615067909668483e-15,1.3615067909668483e-15
cosmx_bcc_xdonor_spot_0000001810,0.9128417095743594,1.5920204956832272e-15,1.5920204956832272e-15,1.5920204956832272e-15,1.5920204956832272e-15,0.0871582904256309,1.5920204956832272e-15,1.5920204956832272e-15
cosmx_bcc_xdonor_spot_0000001811,0.9697412221021839,1.5667995326219047e-15,1.5667995326219047e-15,1.5667995326219047e-15,1.5667995326219047e-15,0.03025877789709667,7.114894911146648e-13,1.5667995326219047e-15
cosmx_bcc_xdonor_spot_0000001812,0.97391255015276,1.5659913012522624e-15,1.5659913012522624e-15,1.5659913012522624e-15,1.5659913012522624e-15,0.026087441743692437,8.103539564087998e-09,1.5659913012522624e-15
cosmx_bcc_xdonor_spot_0000001813,0.9999999999999893,1.48916762991307e-15,1.48916762991307e-15,1.48916762991307e-15,1.48916762991307e-15,1.48916762991307e-15,1.48916762991307e-15,1.48916762991307e-15
cosmx_bcc_xdonor_spot_0000001814,0.9999999999999881,1.6516605949620092e-15,1.6516605949620092e-15,1.6516605949620092e-15,1.6516605949620092e-15,1.6516605949620092e-15,1.6516605949620092e-15,1.6516605949620092e-15
cosmx_bcc_xdonor_spot_0000001815,0.9999999999047838,1.6163412398129862e-15,1.6163412398129862e-15,1.6163412398129862e-15,1.6163412398129862e-15,9.520622528191858e-11,1.6163412398129862e-15,1.6163412398129862e-15
cosmx_bcc_xdonor_spot_0000001816,0.999999999999988,1.6732520269479744e-15,1.6732520269479744e-15,1.6732520269479744e-15,1.6732520269479744e-15,1.6732520269479744e-15,1.6732520269479744e-15,1.6732520269479744e-15
cosmx_bcc_xdonor_spot_0000001817,0.9999999999999887,1.5874704740344834e-15,1.5874704740344834e-15,1.5874704740344834e-15,1.5874704740344834e-15,1.5874704740344834e-15,1.5874704740344834e-15,1.5874704740344834e-15
cosmx_bcc_xdonor_spot_0000001818,0.9999999999974812,1.6151657133789387e-15,1.6151657133789387e-15,1.6151657133789387e-15,1.6151657133789387e-15,2.508896368184801e-12,1.6151657133789387e-15,1.6151657133789387e-15
cosmx_bcc_xdonor_spot_0000001819,0.9964607854180988,1.5352287227074995e-15,2.2134833436694284e-05,1.5352287227074995e-15,1.5352287227074995e-15,1.5352287227074995e-15,0.0035170797484565834,1.5352287227074995e-15
cosmx_bcc_xdonor_spot_0000001820,0.9999999999969814,1.7024899842799782e-15,1.7024899842799782e-15,1.7024899842799782e-15,1.7024899842799782e-15,1.7024899842799782e-15,3.0081594182859685e-12,1.7024899842799782e-15
cosmx_bcc_xdonor_spot_0000001821,0.9999999999999893,1.4922925450036916e-15,1.4922925450036916e-15,1.4922925450036916e-15,1.4922925450036916e-15,1.4922925450036916e-15,1.4922925450036916e-15,1.4922925450036916e-15
cosmx_bcc_xdonor_spot_0000001822,0.9999999920156428,1.6323708192700802e-15,7.981706469722998e-09,1.6323708192700802e-15,1.6323708192700802e-15,1.6323708192700802e-15,2.6423105870930976e-12,1.6323708192700802e-15
cosmx_bcc_xdonor_spot_0000001823,0.9834622415675042,1.6946497771362614e-15,0.01533353421973652,1.6946497771362614e-15,1.6946497771362614e-15,1.6946497771362614e-15,0.0012042242127506895,1.6946497771362614e-15
cosmx_bcc_xdonor_spot_0000001824,0.7463596590452055,1.6969466766110036e-15,0.12137189288104565,1.6969466766110036e-15,1.6969466766110036e-15,1.6969466766110036e-15,0.13226844807374027,1.6969466766110036e-15
cosmx_bcc_xdonor_spot_0000001825,0.6407189343873796,1.5496685962128133e-15,0.03057031632580006,1.5496685962128133e-15,1.5496685962128133e-15,1.5496685962128133e-15,0.3287107492868124,1.5496685962128133e-15
cosmx_bcc_xdonor_spot_0000001826,0.7448424208988891,4.969816690432074e-15,0.007117215306053418,1.823879977483256e-15,1.823879977483256e-15,1.823879977483256e-15,0.248040363795045,1.823879977483256e-15
cosmx_bcc_xdonor_spot_0000001827,0.672671947250411,6.056682937826289e-06,0.26420045171563494,1.6801992578449078e-15,1.6801992578449078e-15,1.6801992578449078e-15,0.06312154435100942,1.6801992578449078e-15
cosmx_bcc_xdonor_spot_0000001828,0.9999999999999888,1.5720511575132775e-15,1.5720511575132775e-15,1.5720511575132775e-15,1.5720511575132775e-15,1.5720511575132775e-15,1.5720511575132775e-15,1.5720511575132775e-15
cosmx_bcc_xdonor_spot_0000001829,0.9049366382831625,1.8195978825600228e-07,1.0110540706881814e-07,0.05842494638575267,1.9504098264577208e-15,0.01288806665353928,0.015650556435524,0.008099509176824234
cosmx_bcc_xdonor_spot_0000002105,0.9633775781445872,8.722403079256183e-10,1.561473393979789e-15,1.8058448776506144e-14,0.036622420983147906,1.561473393979789e-15,1.561473393979789e-15,1.561473393979789e-15
cosmx_bcc_xdonor_spot_0000002106,0.9999607777935309,1.4553484525665822e-15,1.4553484525665822e-15,3.922220448726464e-05,1.4553484525665822e-15,1.974387883611958e-12,1.4553484525665822e-15,1.4553484525665822e-15
cosmx_bcc_xdonor_spot_0000002107,0.9955106890883573,1.4878333070154307e-15,1.4878333070154307e-15,1.4878333070154307e-15,1.4878333070154307e-15,0.004489310911633577,1.4878333070154307e-15,1.4878333070154307e-15
cosmx_bcc_xdonor_spot_0000002108,0.9999999999983102,1.473182354730207e-15,1.473182354730207e-15,1.473182354730207e-15,1.473182354730207e-15,1.473182354730207e-15,1.6807366188166846e-12,1.473182354730207e-15
cosmx_bcc_xdonor_spot_0000002109,0.9917190811271986,1.545141338361284e-15,1.545141338361284e-15,1.545141338361284e-15,1.545141338361284e-15,0.008280918872791842,1.545141338361284e-15,1.545141338361284e-15
cosmx_bcc_xdonor_spot_0000002110,0.9999999999836104,1.720359845025547e-15,1.720359845025547e-15,1.720359845025547e-15,1.720359845025547e-15,1.720359845025547e-15,1.637413753552729e-11,6.70512542118813e-15
cosmx_bcc_xdonor_spot_0000002111,0.9999999999969448,1.6689998726950724e-15,1.6689998726950724e-15,1.6689998726950724e-15,1.6689998726950724e-15,1.6689998726950724e-15,3.045055132389767e-12,1.6689998726950724e-15
cosmx_bcc_xdonor_spot_0000002112,0.9999999999999879,1.6952037388419225e-15,1.6952037388419225e-15,1.6952037388419225e-15,1.6952037388419225e-15,1.6952037388419225e-15,1.6952037388419225e-15,1.6952037388419225e-15
cosmx_bcc_xdonor_spot_0000002113,0.9734796121324986,1.6225083491633985e-15,0.015072093192544479,1.6225083491633985e-15,1.6225083491633985e-15,1.6225083491633985e-15,0.011339265928608825,0.00010902874634146171
cosmx_bcc_xdonor_spot_0000002114,0.9999999999999829,1.551467487378529e-15,1.551467487378529e-15,1.551467487378529e-15,1.551467487378529e-15,1.551467487378529e-15,7.568255944544064e-15,1.551467487378529e-15
cosmx_bcc_xdonor_spot_0000002115,0.9999923741909298,1.708112528544605e-15,1.708112528544605e-15,7.625809010472066e-06,1.708112528544605e-15,1.708112528544605e-15,1.708112528544605e-15,5.099616729434531e-14
cosmx_bcc_xdonor_spot_0000002116,0.9999999997528954,1.6062721809702687e-15,1.6062721809702687e-15,1.6062721809702687e-15,2.4586586843486463e-10,1.6062721809702687e-15,1.2304317943674312e-12,1.6062721809702687e-15
cosmx_bcc_xdonor_spot_0000002117,0.9999999999561632,1.6481006742565495e-15,1.6481006742565495e-15,1.6481006742565495e-15,1.6481006742565495e-15,1.6481006742565495e-15,2.2696349378528217e-14,4.38057925400222e-11
cosmx_bcc_xdonor_spot_0000002118,0.9999999999999879,1.6939155119179565e-15,1.6939155119179565e-15,1.6939155119179565e-15,1.6939155119179565e-15,1.6939155119179565e-15,1.6939155119179565e-15,1.6939155119179565e-15
cosmx_bcc_xdonor_spot_0000002119,0.9848533713998503,1.6266033080799584e-15,0.0018920157357807856,1.6266033080799584e-15,1.6266033080799584e-15,1.6266033080799584e-15,0.013254612864360627,1.6266033080799584e-15
cosmx_bcc_xdonor_spot_0000002120,0.9987898685963222,1.5913016055624878e-15,1.5913016055624878e-15,1.5913016055624878e-15,1.5913016055624878e-15,1.5913016055624878e-15,1.8586017272751402e-10,0.0012101312178094755
cosmx_bcc_xdonor_spot_0000002122,0.9529239799982578,8.686070268613399e-05,2.8194453817024072e-12,1.5912142908705406e-15,0.0468298492166525,1.5912142908705406e-15,0.0001593100688028354,1.0777933606490526e-11
cosmx_bcc_xdonor_spot_0000002123,0.9999999991944672,1.63426616854793e-15,1.63426616854793e-15,1.63426616854793e-15,1.63426616854793e-15,1.63426616854793e-15,8.055226883617698e-10,1.63426616854793e-15
cosmx_bcc_xdonor_spot_0000002124,0.999998104193339,1.6415197982041877e-15,1.895787041207842e-06,1.6415197982041877e-15,1.9330723216473557e-11,1.6415197982041877e-15,2.2052309201767877e-13,6.345020467257762e-14
cosmx_bcc_xdonor_spot_0000002125,0.9424449496077423,0.0076042878223026794,0.015506015168800591,1.7152179069714047e-15,0.02011828921187241,1.7152179069714047e-15,0.014326458189276766,1.7152179069714047e-15
cosmx_bcc_xdonor_spot_0000002126,0.9999999999999447,1.6469534871678805e-15,4.5082658640176424e-14,1.6469534871678805e-15,1.6469534871678805e-15,1.6469534871678805e-15,1.6469534871678805e-15,1.6469534871678805e-15
cosmx_bcc_xdonor_spot_0000002127,0.987741584856568,3.521499102718764e-14,2.0771333139265923e-13,1.6430533872821104e-15,1.6430533872821104e-15,0.012118185079572808,0.00014023006361104797,1.6430533872821104e-15
cosmx_bcc_xdonor_spot_0000002128,0.8565173952655675,5.18388342423606e-08,1.393782116496837e-05,3.1924572319762374e-10,1.9153229587957525e-15,0.13498053972637897,0.008488075028804621,1.9153229587957525e-15
cosmx_bcc_xdonor_spot_0000002404,0.9970384390270521,1.593583118090978e-15,1.593583118090978e-15,1.593583118090978e-15,1.593583118090978e-15,0.002961560972938143,1.593583118090978e-15,1.593583118090978e-15
cosmx_bcc_xdonor_spot_0000002405,0.9969550386300987,1.5385421159711506e-15,1.5385421159711506e-15,1.5385421159711506e-15,1.5385421159711506e-15,1.5385421159711506e-15,0.003044961369891815,1.5385421159711506e-15
cosmx_bcc_xdonor_spot_0000002406,0.9999996836982227,1.459215586716736e-15,1.459215586716736e-15,1.459215586716736e-15,1.459215586716736e-15,3.163017683778369e-07,1.459215586716736e-15,1.459215586716736e-15
cosmx_bcc_xdonor_spot_0000002407,0.9999999999967693,1.5630503271982916e-15,1.5630503271982916e-15,1.5630503271982916e-15,1.5630503271982916e-15,1.5630503271982916e-15,3.2210992304045825e-12,1.5630503271982916e-15
cosmx_bcc_xdonor_spot_0000002408,0.9948133506203806,1.60180223278031e-15,1.60180223278031e-15,1.60180223278031e-15,1.60180223278031e-15,0.0015936336817554192,0.0021194795221232436,0.0014735361757342025
cosmx_bcc_xdonor_spot_0000002409,0.999955304706343,1.6690769720613973e-15,1.6690769720613973e-15,1.6690769720613973e-15,8.970678408545793e-14,1.6690769720613973e-15,4.469529355875499e-05,1.6690769720613973e-15
cosmx_bcc_xdonor_spot_0000002410,0.9965408572034749,0.002499476001415966,1.7201336218520312e-15,1.7201336218520312e-15,4.811155678985304e-05,1.7201336218520312e-15,0.0009115552383122445,1.7201336218520312e-15
cosmx_bcc_xdonor_spot_0000002411,0.8093358386779559,0.004456841015033888,0.03808613758990886,1.6481018211537637e-15,1.6481018211537637e-15,2.689996605993894e-13,0.14812118271682725,1.6481018211537637e-15
cosmx_bcc_xdonor_spot_0000002412,0.48551991904857633,0.00019322190339799973,5.500011108196156e-10,1.5614792539668563e-15,1.5614792539668563e-15,1.5614792539668563e-15,0.5142868584980181,1.5614792539668563e-15
cosmx_bcc_xdonor_spot_0000002413,0.7097236824948969,1.4849472062272626e-15,1.4849472062272626e-15,1.4849472062272626e-15,1.4849472062272626e-15,1.4849472062272626e-15,0.2902763175050939,1.4849472062272626e-15
cosmx_bcc_xdonor_spot_0000002414,0.9758378371627194,4.843790232682882e-09,1.5985769521106664e-15,1.5985769521106664e-15,0.02416215366327383,1.5985769521106664e-15,4.330190441470172e-09,2.13328241617132e-14
cosmx_bcc_xdonor_spot_0000002415,0.9915250633665253,4.9751483448215265e-11,1.5288591558558278e-15,1.5288591558558278e-15,1.5288591558558278e-15,1.5288591558558278e-15,0.008474936583715365,1.5288591558558278e-15
cosmx_bcc_xdonor_spot_0000002416,0.9969620312620021,1.6088121615354308e-15,1.6088121615354308e-15,5.60946535638472e-15,1.6088121615354308e-15,1.6088121615354308e-15,0.003037968737983964,1.6088121615354308e-15
cosmx_bcc_xdonor_spot_0000002417,0.9999999999999888,1.5658825114851175e-15,1.5658825114851175e-15,1.5658825114851175e-15,1.5658825114851175e-15,1.5658825114851175e-15,1.5658825114851175e-15,1.5658825114851175e-15
cosmx_bcc_xdonor_spot_0000002418,0.998617227571388,1.622194112748512e-15,0.001111072267717665,1.622194112748512e-15,1.622194112748512e-15,1.622194112748512e-15,6.275114312248097e-14,0.0002717001608250461
cosmx_bcc_xdonor_spot_0000002419,0.9948057987159824,9.461667020893878e-14,4.4785795146458285e-14,1.6394932122278544e-15,1.6394932122278544e-15,1.6394932122278544e-15,0.005194201283871357,1.6394932122278544e-15
cosmx_bcc_xdonor_spot_0000002420,0.9957767902845759,1.5369470320155006e-15,1.5369470320155006e-15,1.5369470320155006e-15,1.5369470320155006e-15,1.5369470320155006e-15,0.004209725849839138,1.3483865577150497e-05
cosmx_bcc_xdonor_spot_0000002421,0.9999999999999888,1.5602086260658584e-15,1.5602086260658584e-15,1.5602086260658584e-15,1.5602086260658584e-15,1.5602086260658584e-15,1.5602086260658584e-15,1.5602086260658584e-15
cosmx_bcc_xdonor_spot_0000002422,0.999999999999926,1.5445639278032613e-15,1.5445639278032613e-15,1.5445639278032613e-15,1.5445639278032613e-15,1.5445639278032613e-15,6.46747970301602e-14,1.5445639278032613e-15
cosmx_bcc_xdonor_spot_0000002423,0.9067090981754137,2.5777951047559407e-09,0.06897090559484316,8.122193231603996e-13,0.023663099775709035,0.0001229753708981532,0.0005339185045268232,1.75062254898059e-15
cosmx_bcc_xdonor_spot_0000002424,0.9024315453277235,1.5799084863822588e-15,0.09756845467226209,1.5799084863822588e-15,1.5799084863822588e-15,1.5799084863822588e-15,6.253603817821438e-15,1.5799084863822588e-15
cosmx_bcc_xdonor_spot_0000002425,0.999999999999986,1.593010376157062e-15,1.593010376157062e-15,1.593010376157062e-15,1.593010376157062e-15,4.244325446201202e-15,1.593010376157062e-15,1.593010376157062e-15
cosmx_bcc_xdonor_spot_0000002426,0.9999999999999881,1.6553464783097628e-15,1.6553464783097628e-15,1.6553464783097628e-15,1.6553464783097628e-15,1.6553464783097628e-15,1.6553464783097628e-15,1.6553464783097628e-15
cosmx_bcc_xdonor_spot_0000002427,0.9999999999999885,1.6075841465799352e-15,1.6075841465799352e-15,1.6075841465799352e-15,1.6075841465799352e-15,1.6075841465799352e-15,1.6075841465799352e-15,1.6075841465799352e-15
cosmx_bcc_xdonor_spot_0000002695,0.9382269610329527,0.024218221678156654,1.8591437353376547e-15,3.338657435243709e-11,1.8591437353376547e-15,0.037554817255496205,2.0738528856199538e-15,1.8591437353376547e-15
cosmx_bcc_xdonor_spot_0000002696,0.9405085534530254,4.721869267329766e-06,1.7430853187799664e-15,6.143620638432865e-05,1.7430853187799664e-15,0.040623305636715124,0.018801982834602365,1.7430853187799664e-15
cosmx_bcc_xdonor_spot_0000002697,0.9419652054173767,1.6831850482878714e-15,1.6831850482878714e-15,1.6831850482878714e-15,1.6831850482878714e-15,0.04070906176788017,0.01732573281192208,2.81425972848393e-12
cosmx_bcc_xdonor_spot_0000002698,0.8515769930927569,1.4919640062444152e-15,1.4919640062444152e-15,1.5219689029464888e-14,1.4919640062444152e-15,0.14842300690722016,1.4919640062444152e-15,1.4919640062444152e-15
cosmx_bcc_xdonor_spot_0000002699,0.5617564051940435,4.731484556051225e-08,2.492457350679378e-15,0.31200087948279365,2.492457350679378e-15,0.04889231335307519,0.07735035465523458,2.492457350679378e-15
cosmx_bcc_xdonor_spot_0000002700,0.7921473561908304,0.1312682314788704,4.785914032292094e-14,4.96885365631025e-05,0.007946770878229837,0.014599442122259788,0.04927163257667723,0.00471687821652122
cosmx_bcc_xdonor_spot_0000002701,0.9143438855322937,0.002760727149564877,1.892314339628286e-15,2.160177713698794e-07,0.004953862989662712,0.05158137481926203,0.023630217377868697,0.002729716113574656
cosmx_bcc_xdonor_spot_0000002702,0.9999999999999905,1.3353860666680076e-15,1.3353860666680076e-15,1.3353860666680076e-15,1.3353860666680076e-15,1.3353860666680076e-15,1.3353860666680076e-15,1.3353860666680076e-15
cosmx_bcc_xdonor_spot_0000002703,0.9999996703384726,1.5363332554504771e-15,1.5363332554504771e-15,1.5363332554504771e-15,1.5363332554504771e-15,1.5363332554504771e-15,3.296615181011709e-07,1.5363332554504771e-15
cosmx_bcc_xdonor_spot_0000002704,0.9772406533568397,7.69839253690799e-13,1.5612631935181426e-15,1.5612631935181426e-15,0.0227593466423824,1.5612631935181426e-15,1.8084106828233044e-15,1.5612631935181426e-15
cosmx_bcc_xdonor_spot_0000002705,0.999999999971062,1.5461691268510988e-15,1.5461691268510988e-15,1.5461691268510988e-15,1.5461691268510988e-15,1.5461691268510988e-15,2.8928526668195232e-11,1.5461691268510988e-15
cosmx_bcc_xdonor_spot_0000002706,0.9999999999999889,1.5461945252639844e-15,1.5461945252639844e-15,1.5461945252639844e-15,1.5461945252639844e-15,1.5461945252639844e-15,1.5461945252639844e-15,1.5461945252639844e-15
cosmx_bcc_xdonor_spot_0000002707,0.9999999999999889,1.5551139465986965e-15,1.5551139465986965e-15,1.5551139465986965e-15,1.5551139465986965e-15,1.5551139465986965e-15,1.5551139465986965e-15,1.5551139465986965e-15
cosmx_bcc_xdonor_spot_0000002708,0.9999999996856946,1.6671848608644582e-15,1.6671848608644582e-15,1.6671848608644582e-15,1.6671848608644582e-15,1.6671848608644582e-15,3.142951169003727e-10,1.6671848608644582e-15
cosmx_bcc_xdonor_spot_0000002709,0.9999999999823117,1.7702124733498688e-15,1.7702124733498688e-15,1.7677375658975497e-11,1.7702124733498688e-15,1.7702124733498688e-15,1.7702124733498688e-15,1.7702124733498688e-15
cosmx_bcc_xdonor_spot_0000002710,0.9999999999999878,1.7051913347238207e-15,1.7051913347238207e-15,1.7051913347238207e-15,1.7051913347238207e-15,1.7051913347238207e-15,1.7051913347238207e-15,1.7051913347238207e-15
cosmx_bcc_xdonor_spot_0000002711,0.9999568793589763,1.6422020302141242e-15,1.6422020302141242e-15,4.31173966835051e-05,1.6422020302141242e-15,1.6422020302141242e-15,3.2443317896996805e-09,1.6422020302141242e-15
cosmx_bcc_xdonor_spot_0000002712,0.998244195711613,1.6839330258840143e-15,1.6839330258840143e-15,1.6839330258840143e-15,1.6839330258840143e-15,1.6839330258840143e-15,0.0017558042883766389,1.6839330258840143e-15
cosmx_bcc_xdonor_spot_0000002713,0.845155192895629,9.71858689392751e-09,1.89884441240857e-15,0.14906025355370875,1.89884441240857e-15,1.89884441240857e-15,0.005784543832067668,1.89884441240857e-15
cosmx_bcc_xdonor_spot_0000002714,0.9868057529453541,1.81280774498879e-15,1.81280774498879e-15,1.81280774498879e-15,1.81280774498879e-15,4.530593627340897e-15,0.013194247054631932,1.81280774498879e-15
cosmx_bcc_xdonor_spot_0000002715,0.9988631976060397,1.0191805812039127e-13,1.652567370700008e-15,1.652567370700008e-15,1.652567370700008e-15,1.652567370700008e-15,0.0011368023938500193,1.652567370700008e-15
cosmx_bcc_xdonor_spot_0000002716,0.9999999999999886,1.5925568500744814e-15,1.5925568500744814e-15,1.5925568500744814e-15,1.5925568500744814e-15,1.5925568500744814e-15,1.5925568500744814e-15,1.5925568500744814e-15
cosmx_bcc_xdonor_spot_0000002717,0.9999992513706972,1.6287095846805345e-15,1.6287095846805345e-15,1.6287095846805345e-15,1.6287095846805345e-15,7.486292898559636e-07,4.54318294496638e-15,1.6287095846805345e-15
cosmx_bcc_xdonor_spot_0000002718,0.9522585778467306,1.5968808708248922e-15,1.5968808708248922e-15,1.5968808708248922e-15,1.5968808708248922e-15,0.04774142215325921,2.043057966036878e-15,1.5968808708248922e-15
cosmx_bcc_xdonor_spot_0000002719,0.994658411665856,1.6667088749898902e-15,1.6667088749898902e-15,1.6667088749898902e-15,1.6667088749898902e-15,1.6667088749898902e-15,0.005341588334133771,1.6667088749898902e-15
cosmx_bcc_xdonor_spot_0000002720,0.9999998645389367,1.4992395739557037e-15,1.1030123954229835e-07,1.4992395739557037e-15,1.4992395739557037e-15,1.4992395739557037e-15,2.5159815962973155e-08,1.4992395739557037e-15
cosmx_bcc_xdonor_spot_0000002721,0.9999999999999879,1.6911400319199373e-15,1.6911400319199373e-15,1.6911400319199373e-15,1.6911400319199373e-15,1.6911400319199373e-15,1.6911400319199373e-15,1.6911400319199373e-15
cosmx_bcc_xdonor_spot_0000002722,0.9999999999999801,1.6371722206300424e-15,1.6371722206300424e-15,1.6371722206300424e-15,1.6371722206300424e-15,9.903528817522849e-15,1.6371722206300424e-15,1.6371722206300424e-15
cosmx_bcc_xdonor_spot_0000002723,0.9999999999998039,1.660322726130705e-15,1.660322726130705e-15,1.660322726130705e-15,1.660322726130705e-15,1.660322726130705e-15,1.8590886520000243e-13,1.660322726130705e-15
cosmx_bcc_xdonor_spot_0000002724,0.9999999999999885,1.615624171346294e-15,1.615624171346294e-15,1.615624171346294e-15,1.615624171346294e-15,1.615624171346294e-15,1.615624171346294e-15,1.615624171346294e-15
cosmx_bcc_xdonor_spot_0000002725,0.9999999999999878,1.7050243560318942e-15,1.7050243560318942e-15,1.7050243560318942e-15,1.7050243560318942e-15,1.7050243560318942e-15,1.7050243560318942e-15,1.7050243560318942e-15
cosmx_bcc_xdonor_spot_0000002726,0.9999999999999881,1.661617158022216e-15,1.661617158022216e-15,1.661617158022216e-15,1.661617158022216e-15,1.661617158022216e-15,1.661617158022216e-15,1.661617158022216e-15
cosmx_bcc_xdonor_spot_0000002993,0.9878642125017556,4.3052693661813975e-09,3.417760670384041e-15,1.5159814075722155e-15,0.0006334178662424894,0.00015927209122240446,0.011337063125101538,6.030110403747101e-06
cosmx_bcc_xdonor_spot_0000002994,0.979654433267429,1.156619427685291e-09,1.5229590279235889e-15,1.5229590279235889e-15,0.003948784115672343,0.016396781355582004,1.0469260358515678e-10,1.5229590279235889e-15
cosmx_bcc_xdonor_spot_0000002995,0.9039335164993152,9.071723230291977e-11,1.5317703501812946e-15,2.25327937744687e-15,0.04447437469623406,0.05159210871353838,1.895814801978223e-13,1.5317703501812946e-15
cosmx_bcc_xdonor_spot_0000002996,0.8590278552111003,1.3861713453083655e-15,1.3861713453083655e-15,1.3861713453083655e-15,1.3861713453083655e-15,0.14096672242358635,5.422365306167316e-06,1.3861713453083655e-15
cosmx_bcc_xdonor_spot_0000002997,0.9521293510938023,1.4749561181390346e-14,1.471263575089486e-15,1.471263575089486e-15,0.032715681320789024,2.6250976244529627e-06,0.01515234248776498,1.471263575089486e-15
cosmx_bcc_xdonor_spot_0000002998,0.9776427875712372,1.5658179230008336e-15,1.5658179230008336e-15,1.5658179230008336e-15,1.5658179230008336e-15,0.022357212428709045,4.5700658362542655e-14,1.5658179230008336e-15
cosmx_bcc_xdonor_spot_0000002999,0.9999999999997826,1.4789495874585562e-15,1.4789495874585562e-15,1.4789495874585562e-15,1.4789495874585562e-15,2.0838010900937544e-13,1.4789495874585562e-15,1.4789495874585562e-15
cosmx_bcc_xdonor_spot_0000003000,0.9333402800117988,1.5184860966966308e-15,1.5184860966966308e-15,1.5184860966966308e-15,1.5184860966966308e-15,0.0666597199881919,1.5184860966966308e-15,1.5184860966966308e-15
cosmx_bcc_xdonor_spot_0000003001,0.9999951206761003,1.4365641226252262e-15,1.4365641226252262e-15,1.4365641226252262e-15,4.879304233784864e-06,1.4365641226252262e-15,1.96586415843364e-11,1.4365641226252262e-15
cosmx_bcc_xdonor_spot_0000003002,0.9999999999999888,1.5618878838521681e-15,1.5618878838521681e-15,1.5618878838521681e-15,1.5618878838521681e-15,1.5618878838521681e-15,1.5618878838521681e-15,1.5618878838521681e-15
cosmx_bcc_xdonor_spot_0000003003,0.9999999999999879,1.6844536248729142e-15,1.6844536248729142e-15,1.6844536248729142e-15,1.6844536248729142e-15,1.6844536248729142e-15,1.6844536248729142e-15,1.6844536248729142e-15
cosmx_bcc_xdonor_spot_0000003004,0.9999999999999886,1.6039760865770911e-15,1.6039760865770911e-15,1.6039760865770911e-15,1.6039760865770911e-15,1.6039760865770911e-15,1.6039760865770911e-15,1.6039760865770911e-15
cosmx_bcc_xdonor_spot_0000003005,0.9999999999999777,1.7410057876130298e-15,1.7410057876130298e-15,1.7410057876130298e-15,1.7410057876130298e-15,1.1613241469603686e-14,1.7410057876130298e-15,1.7410057876130298e-15
cosmx_bcc_xdonor_spot_0000003006,0.9999999999999705,1.7171483473126195e-15,1.7171483473126195e-15,1.7171483473126195e-15,1.7171483473126195e-15,1.7171483473126195e-15,1.8854372704676634e-14,1.7171483473126195e-15
cosmx_bcc_xdonor_spot_0000003007,0.9931591688844377,7.9849133501209e-13,1.6628836862067074e-15,1.6628836862067074e-15,0.003521746503303736,1.1680594188092633e-11,1.6628836862067074e-15,0.003319084599774594
cosmx_bcc_xdonor_spot_0000003008,0.9999998739050697,1.7140954399323209e-15,1.7140954399323209e-15,1.7140954399323209e-15,1.7140954399323209e-15,1.7140954399323209e-15,1.7140954399323209e-15,1.260949198090681e-07
cosmx_bcc_xdonor_spot_0000003009,0.9957077094269648,5.222961167321563e-09,1.731573712453957e-07,2.568895239390206e-06,1.935496667308464e-15,1.935496667308464e-15,0.004289543297457302,1.935496667308464e-15
cosmx_bcc_xdonor_spot_0000003010,0.9993820488006541,1.7426903145227187e-15,1.7426903145227187e-15,1.7426903145227187e-15,1.7426903145227187e-15,1.7426903145227187e-15,0.0006179511993351805,1.7426903145227187e-15
cosmx_bcc_xdonor_spot_0000003011,0.9999958491620835,1.7106783795416402e-15,1.7106783795416402e-15,1.7106783795416402e-15,1.7106783795416402e-15,1.7106783795416402e-15,4.1508378820841935e-06,2.5584742223233665e-14
cosmx_bcc_xdonor_spot_0000003012,0.9950260143134119,1.660650619758587e-15,1.660650619758587e-15,6.843481212110001e-15,1.660650619758587e-15,5.63527961696713e-11,5.989006255277877e-10,0.004973985031322823
cosmx_bcc_xdonor_spot_0000003013,0.9997822943298154,8.940513012089404e-15,1.7131797491621378e-15,1.7131797491621378e-15,1.7131797491621378e-15,1.7131797491621378e-15,0.00021770567016686162,1.7131797491621378e-15
cosmx_bcc_xdonor_spot_0000003014,0.9979297102654071,1.6377144115208772e-15,1.6377144115208772e-15,1.6377144115208772e-15,1.6377144115208772e-15,1.6377144115208772e-15,1.6377144115208772e-15,0.0020702897345827986
cosmx_bcc_xdonor_spot_0000003015,0.9999998885035365,1.631658992756911e-15,1.631658992756911e-15,1.631658992756911e-15,1.631658992756911e-15,1.1143229855172515e-07,6.415657854581261e-11,1.631658992756911e-15
cosmx_bcc_xdonor_spot_0000003016,0.9999961799710129,1.6635714176031373e-15,1.6635714176031373e-15,1.6635714176031373e-15,1.6635714176031373e-15,1.6635714176031373e-15,3.820028976921647e-06,1.6635714176031373e-15
cosmx_bcc_xdonor_spot_0000003017,0.9847472005773227,5.735758824488614e-08,3.945991764510314e-15,1.0172380307530577e-08,1.916674599851676e-15,3.4188435102779344e-12,0.015252731889281942,1.916674599851676e-15
cosmx_bcc_xdonor_spot_0000003018,0.9896232308030017,1.1463612135178943e-12,1.795465950481455e-15,1.150677483272179e-14,1.795465950481455e-15,1.795465950481455e-15,0.00959788519595963,0.0007788839998754731
cosmx_bcc_xdonor_spot_0000003019,0.9947150019555696,4.416445205534981e-07,1.7267200390320195e-15,3.559025105876573e-14,1.7267200390320195e-15,1.7267200390320195e-15,1.564644048773689e-05,0.00526890995938131
cosmx_bcc_xdonor_spot_0000003020,0.98726581017081,1.6491988442116269e-15,1.6491988442116269e-15,1.6491988442116269e-15,1.6491988442116269e-15,0.003292553140984973,0.00944163668819664,1.6491988442116269e-15
cosmx_bcc_xdonor_spot_0000003021,0.987770906413022,1.6253660025912278e-15,0.012228927420697061,4.6545425004482255e-14,1.5319608966451624e-12,1.6253660025912278e-15,1.661646972818452e-07,1.6253660025912278e-15
cosmx_bcc_xdonor_spot_0000003022,0.9999999999988326,1.6623570372178412e-15,1.0499820986243258e-13,1.6623570372178412e-15,1.6623570372178412e-15,1.6623570372178412e-15,1.0537570103771109e-12,1.6623570372178412e-15
cosmx_bcc_xdonor_spot_0000003023,0.9999999999999879,1.684775682529407e-15,1.684775682529407e-15,1.684775682529407e-15,1.684775682529407e-15,1.684775682529407e-15,1.684775682529407e-15,1.684775682529407e-15
cosmx_bcc_xdonor_spot_0000003024,0.9999999999999875,1.7460552846615663e-15,1.7460552846615663e-15,1.7460552846615663e-15,1.7460552846615663e-15,1.7460552846615663e-15,1.7460552846615663e-15,1.7460552846615663e-15
cosmx_bcc_xdonor_spot_0000003025,0.9999999999999881,1.6577140702346906e-15,1.6577140702346906e-15,1.6577140702346906e-15,1.6577140702346906e-15,1.6577140702346906e-15,1.6577140702346906e-15,1.6577140702346906e-15
cosmx_bcc_xdonor_spot_0000003026,0.9999999999999876,1.7316707151947976e-15,1.7316707151947976e-15,1.7316707151947976e-15,1.7316707151947976e-15,1.7316707151947976e-15,1.7316707151947976e-15,1.7316707151947976e-15
cosmx_bcc_xdonor_spot_0000003290,0.9564272312061909,1.5885650782878391e-15,1.5885650782878391e-15,1.5885650782878391e-15,1.5885650782878391e-15,0.04357276879379932,1.5885650782878391e-15,1.5885650782878391e-15
cosmx_bcc_xdonor_spot_0000003291,0.9992804956331588,1.7947454757049555e-15,1.7947454757049555e-15,2.50288728342586e-11,1.7947454757049555e-15,0.00010640877914549105,0.0006130955626566531,4.594460926227783e-15
cosmx_bcc_xdonor_spot_0000003292,0.9999999999999896,1.4544638983088211e-15,1.4544638983088211e-15,1.4544638983088211e-15,1.4544638983088211e-15,1.4544638983088211e-15,1.4544638983088211e-15,1.4544638983088211e-15
cosmx_bcc_xdonor_spot_0000003293,0.9897090566249245,1.4420257155230182e-15,1.4420257155230182e-15,1.4420257155230182e-15,0.009165634969385385,0.0011253083810757267,2.4608605327509877e-11,1.4420257155230182e-15
cosmx_bcc_xdonor_spot_0000003294,0.9818908817603847,1.5620028035048637e-14,1.501448230779905e-15,1.501448230779905e-15,0.01810911823880284,7.90278503967968e-13,1.8600494524943995e-15,1.501448230779905e-15
cosmx_bcc_xdonor_spot_0000003295,0.9530281424752259,1.5867220627246054e-15,0.046971857453763984,1.5867220627246054e-15,1.5867220627246054e-15,1.5867220627246054e-15,7.10020293677571e-11,1.5867220627246054e-15
cosmx_bcc_xdonor_spot_0000003296,0.9999999999999333,1.6259683953344932e-15,1.6259683953344932e-15,1.6259683953344932e-15,1.6259683953344932e-15,1.6259683953344932e-15,5.667113279924982e-14,1.6259683953344932e-15
cosmx_bcc_xdonor_spot_0000003297,0.9999999999999899,1.4088810887896116e-15,1.4088810887896116e-15,1.4088810887896116e-15,1.4088810887896116e-15,1.4088810887896116e-15,1.4088810887896116e-15,1.4088810887896116e-15
cosmx_bcc_xdonor_spot_0000003298,0.9781914045414181,1.1424210632218288e-11,1.4526505089360228e-15,1.4526505089360228e-15,0.02180859253336142,1.4526505089360228e-15,2.9137902642241955e-09,1.4526505089360228e-15
cosmx_bcc_xdonor_spot_0000003299,0.999999999999989,1.5269981770778735e-15,1.5269981770778735e-15,1.5269981770778735e-15,1.5269981770778735e-15,1.5269981770778735e-15,1.5269981770778735e-15,1.5269981770778735e-15
cosmx_bcc_xdonor_spot_0000003300,0.999670467571502,1.3789331469902134e-15,1.3789331469902134e-15,1.3789331469902134e-15,1.3789331469902134e-15,0.00032953242848947286,1.3789331469902134e-15,1.3789331469902134e-15
cosmx_bcc_xdonor_spot_0000003301,0.9999633502848979,1.6493159824153717e-15,1.6493159824153717e-15,1.6493159824153717e-15,7.343797442256921e-15,1.6493159824153717e-15,3.6649715086232335e-05,1.6493159824153717e-15
cosmx_bcc_xdonor_spot_0000003302,0.999999999999988,1.6785631822252575e-15,1.6785631822252575e-15,1.6785631822252575e-15,1.6785631822252575e-15,1.6785631822252575e-15,1.6785631822252575e-15,1.6785631822252575e-15
cosmx_bcc_xdonor_spot_0000003303,0.998887152182752,4.4620915954467374e-11,1.7970634175992054e-15,1.7970634175992054e-15,1.1173211634448046e-11,0.0011128477614120583,3.6083889694550346e-14,1.7970634175992054e-15
cosmx_bcc_xdonor_spot_0000003304,0.999999999849605,1.752790485476641e-15,1.752790485476641e-15,1.752790485476641e-15,1.752790485476641e-15,1.752790485476641e-15,1.5038429288713184e-10,1.752790485476641e-15
cosmx_bcc_xdonor_spot_0000003305,0.9999999999999877,1.7245506817641293e-15,1.7245506817641293e-15,1.7245506817641293e-15,1.7245506817641293e-15,1.7245506817641293e-15,1.7245506817641293e-15,1.7245506817641293e-15
cosmx_bcc_xdonor_spot_0000003306,0.9929113490764644,2.791260320469327e-05,0.00234075894809779,1.0271826132986944e-14,1.961285483891254e-12,1.788335384636891e-15,0.004528460527122107,0.00019151884313733315
cosmx_bcc_xdonor_spot_0000003307,0.9965164653345108,1.7706130368071453e-15,2.376417242993172e-05,1.4050845175533561e-10,1.7706130368071453e-15,1.7706130368071453e-15,0.003459770352543692,1.7706130368071453e-15
cosmx_bcc_xdonor_spot_0000003308,0.9974869635339415,4.131319429141653e-14,1.774011871805197e-15,6.5215462799543495e-12,1.774011871805197e-15,0.0010561797269291622,1.774011871805197e-15,0.0014568567325609525
cosmx_bcc_xdonor_spot_0000003309,0.9956528816518884,1.6772732411150002e-15,0.001352568268284374,1.6772732411150002e-15,0.0029945500798187227,1.6772732411150002e-15,1.6772732411150002e-15,1.6772732411150002e-15
cosmx_bcc_xdonor_spot_0000003310,0.9974917124751729,6.714229904926546e-10,3.4054279862185826e-14,0.000827649071769406,1.80741899889772e-15,1.80741899889772e-15,0.001680637781594994,1.80741899889772e-15
cosmx_bcc_xdonor_spot_0000003311,0.9998352754710341,1.2807915067602543e-10,1.741751037109393e-15,1.741751037109393e-15,0.0001638914229137596,1.741751037109393e-15,8.329779657501013e-07,1.741751037109393e-15
cosmx_bcc_xdonor_spot_0000003312,0.9999999390571698,1.6730649659769201e-15,1.6730649659769201e-15,1.439722163307438e-13,1.6730649659769201e-15,1.6730649659769201e-15,5.210712897694193e-10,6.042160817328896e-08
cosmx_bcc_xdonor_spot_0000003313,0.9959138913160459,1.6544115491443126e-15,3.903094299228096e-14,1.6544115491443126e-15,1.6544115491443126e-15,1.6544115491443126e-15,0.002920174272558004,0.001165934411350347
cosmx_bcc_xdonor_spot_0000003314,0.9999982287234188,1.4337063069002116e-15,1.4337063069002116e-15,1.4337063069002116e-15,1.4337063069002116e-15,1.4337063069002116e-15,1.4337063069002116e-15,1.7712765723934273e-06
cosmx_bcc_xdonor_spot_0000003315,0.9633980247469683,3.1600606324869633e-12,1.3990074134271312e-11,1.1361708717933664e-12,1.7777671944005933e-15,0.031430252915488364,0.005171722319253246,1.7777671944005933e-15
cosmx_bcc_xdonor_spot_0000003316,0.9893213730797764,3.9404191289687695e-14,1.715859467610916e-15,1.715859467610916e-15,1.715859467610916e-15,5.320790767777853e-05,0.010625419012499467,1.715859467610916e-15
cosmx_bcc_xdonor_spot_0000003317,0.9964530319180175,1.7580848330929436e-15,6.336947162734857e-09,1.7580848330929436e-15,1.7580848330929436e-15,0.0035469579628596565,3.782168558109257e-09,1.7580848330929436e-15
cosmx_bcc_xdonor_spot_0000003318,0.9999999417218466,1.6572537250073064e-15,1.6572537250073064e-15,1.6572537250073064e-15,1.6572537250073064e-15,5.827814314205858e-08,1.6572537250073064e-15,1.6572537250073064e-15
cosmx_bcc_xdonor_spot_0000003319,0.9999786779048375,1.724735392561308e-15,1.724735392561308e-15,2.0844954393325656e-15,1.724735392561308e-15,1.724735392561308e-15,2.1322095151423555e-05,1.724735392561308e-15
cosmx_bcc_xdonor_spot_0000003320,0.9685581502796219,1.1136902870887819e-07,1.4565013168538153e-10,6.518215763887063e-12,0.03144173611990803,1.3423766888562578e-09,2.0706332196976316e-12,7.348258361620144e-10
cosmx_bcc_xdonor_spot_0000003321,0.9999999999999877,1.714069442596911e-15,1.714069442596911e-15,1.714069442596911e-15,1.714069442596911e-15,1.714069442596911e-15,1.714069442596911e-15,1.714069442596911e-15
cosmx_bcc_xdonor_spot_0000003322,0.9999999997777359,1.7574651440006201e-15,2.222532238972059e-10,1.7574651440006201e-15,1.7574651440006201e-15,1.7574651440006201e-15,1.7574651440006201e-15,1.7574651440006201e-15
cosmx_bcc_xdonor_spot_0000003323,0.9999662404792359,9.683661361281343e-15,3.375901045447664e-05,1.096233778865628e-10,1.7938726180147657e-15,1.979913539083941e-12,6.833197632730516e-12,3.918619289171924e-10
cosmx_bcc_xdonor_spot_0000003324,0.9998836989966021,1.733041098789322e-15,6.112034045401017e-09,1.733041098789322e-15,1.733041098789322e-15,1.733041098789322e-15,0.0001162948913550278,1.733041098789322e-15
cosmx_bcc_xdonor_spot_0000003325,0.99999999999999,1.3989110934267091e-15,1.3989110934267091e-15,1.3989110934267091e-15,1.3989110934267091e-15,1.3989110934267091e-15,1.3989110934267091e-15,1.3989110934267091e-15
cosmx_bcc_xdonor_spot_0000003589,0.7297985413525447,6.374675246082063e-10,0.06593811194758921,4.525683648213559e-14,1.639939195813724e-15,0.021560101164952654,0.18270324489739728,1.639939195813724e-15
cosmx_bcc_xdonor_spot_0000003590,0.9999999997940214,1.5333306249828721e-15,1.5333306249828721e-15,1.5333306249828721e-15,1.5333306249828721e-15,1.5333306249828721e-15,2.059690699718248e-10,1.5333306249828721e-15
cosmx_bcc_xdonor_spot_0000003591,0.9996663346903217,4.1861056180264104e-11,3.4896634465459597e-15,1.7551671941127573e-15,1.7551671941127573e-15,1.7551671941127573e-15,0.00033366526780672425,1.7551671941127573e-15
cosmx_bcc_xdonor_spot_0000003592,0.9999999990949321,1.6492592354470674e-15,1.1091852402649384e-11,1.6492592354470674e-15,2.6828886089326304e-14,1.6492592354470674e-15,8.93942407502151e-10,1.6492592354470674e-15
cosmx_bcc_xdonor_spot_0000003593,0.9999999766540058,1.6031941315211628e-15,1.6031941315211628e-15,1.6031941315211628e-15,1.6031941315211628e-15,2.3345984334593467e-08,1.6031941315211628e-15,1.6031941315211628e-15
cosmx_bcc_xdonor_spot_0000003594,0.93075115883675,2.2077646923060644e-06,1.819620509484306e-15,1.819620509484306e-15,0.06835204193229152,1.1352908528994671e-13,8.408111688165311e-08,0.0008945073850318364
cosmx_bcc_xdonor_spot_0000003595,0.9999999999999885,1.6100502374836193e-15,1.6100502374836193e-15,1.6100502374836193e-15,1.6100502374836193e-15,1.6100502374836193e-15,1.6100502374836193e-15,1.6100502374836193e-15
cosmx_bcc_xdonor_spot_0000003596,0.9997388463760084,1.4912807693820266e-15,1.4912807693820266e-15,1.4912807693820266e-15,1.4912807693820266e-15,0.0002611536239824263,1.4912807693820266e-15,1.4912807693820266e-15
cosmx_bcc_xdonor_spot_0000003597,0.9999999946286688,1.6812267492115597e-15,1.6812267492115597e-15,1.6812267492115597e-15,5.371320879803298e-09,1.6812267492115597e-15,1.6812267492115597e-15,1.6812267492115597e-15
cosmx_bcc_xdonor_spot_0000003598,0.9999999999999882,1.6502209979878502e-15,1.6502209979878502e-15,1.6502209979878502e-15,1.6502209979878502e-15,1.6502209979878502e-15,1.6502209979878502e-15,1.6502209979878502e-15
cosmx_bcc_xdonor_spot_0000003599,0.9999999999999891,1.520744999695549e-15,1.520744999695549e-15,1.520744999695549e-15,1.520744999695549e-15,1.520744999695549e-15,1.520744999695549e-15,1.520744999695549e-15
cosmx_bcc_xdonor_spot_0000003612,0.9999988665550683,1.4936862514144965e-15,1.4936862514144965e-15,1.4936862514144965e-15,1.4936862514144965e-15,1.4936862514144965e-15,1.1334449224899104e-06,1.4936862514144965e-15
cosmx_bcc_xdonor_spot_0000003613,0.9955049910311888,4.732177206265841e-05,5.377729757373137e-15,7.839936060228571e-11,5.33952156173725e-14,1.771560571025681e-15,0.004447687118286648,1.771560571025681e-15
cosmx_bcc_xdonor_spot_0000003614,0.9971308718152609,1.6581684806938897e-15,1.6581684806938897e-15,1.6581684806938897e-15,1.6581684806938897e-15,0.002869128184728904,1.6581684806938897e-15,1.6581684806938897e-15
cosmx_bcc_xdonor_spot_0000003615,0.9995488383143677,1.7346346124617914e-15,1.7346346124617914e-15,1.7346346124617914e-15,1.7346346124617914e-15,6.110099357339171e-13,1.9117678488993847e-13,0.0004511616848232304
cosmx_bcc_xdonor_spot_0000003616,0.9999999997921706,1.6905113548520151e-15,2.7147847114943746e-15,1.6905113548520151e-15,1.6905113548520151e-15,1.6905113548520151e-15,2.07818032283844e-10,1.6905113548520151e-15
cosmx_bcc_xdonor_spot_0000003617,0.997112713754611,1.6491847164644061e-15,1.7316582173589244e-15,1.6491847164644061e-15,1.6491847164644061e-15,1.6491847164644061e-15,0.0028872862453790215,1.6491847164644061e-15
cosmx_bcc_xdonor_spot_0000003618,0.9999999999999883,1.5793166701469468e-15,1.9085081271078906e-15,1.5793166701469468e-15,1.5793166701469468e-15,1.5793166701469468e-15,1.5793166701469468e-15,1.5793166701469468e-15
cosmx_bcc_xdonor_spot_0000003619,0.999999998974882,1.6655737026345776e-15,3.0504574279698104e-15,1.6655737026345776e-15,1.6655737026345776e-15,4.356585216061678e-13,1.0246724035275602e-09,1.6655737026345776e-15
cosmx_bcc_xdonor_spot_0000003620,0.8998968128236823,6.779689706708422e-09,1.7519172332990177e-15,1.7519172332990177e-15,1.7519172332990177e-15,1.7519172332990177e-15,0.1001031803966192,1.7519172332990177e-15
cosmx_bcc_xdonor_spot_0000003621,0.9999962888315886,1.7537041984344603e-15,1.1221562955937704e-13,1.7537041984344603e-15,1.7537041984344603e-15,1.7537041984344603e-15,6.191873981386644e-11,3.711106373320995e-06
cosmx_bcc_xdonor_spot_0000003622,0.9999999999435245,1.2216848976442898e-14,2.6211589026727287e-11,1.7714928324875977e-15,1.7714928324875977e-15,1.7714928324875977e-15,2.169175430201471e-14,3.0224401782373086e-11
cosmx_bcc_xdonor_spot_0000003623,0.8834869862222432,0.012532289412150625,0.010916277507705503,2.179753641897791e-12,1.7504055046722056e-15,1.7504055046722056e-15,0.09306444685571555,1.7504055046722056e-15
cosmx_bcc_xdonor_spot_0000003887,2.915925299780976e-10,1.235932425570647e-15,0.17133721351496875,1.235932425570647e-15,1.235932425570647e-15,0.828662786193432,1.6766264161577834e-15,1.235932425570647e-15
cosmx_bcc_xdonor_spot_0000003888,0.33125829231324927,6.780870469020399e-13,0.37642149815901615,1.5392562141551737e-15,1.5392562141551737e-15,0.018967503383480685,0.27335270614357093,1.5392562141551737e-15
cosmx_bcc_xdonor_spot_0000003889,0.6848497883576173,1.3752892518061006e-15,0.20043824242480243,1.3752892518061006e-15,1.3752892518061006e-15,0.0310981134733082,0.08361385574426648,1.3752892518061006e-15
cosmx_bcc_xdonor_spot_0000003890,0.9986393829612319,8.285527653731423e-15,1.1879936600105954e-07,1.3083267561707902e-13,1.7316482169487807e-15,0.0013604982055523335,3.370690869571321e-11,1.7316482169487807e-15
cosmx_bcc_xdonor_spot_0000003891,0.9801187794229943,1.7282677818842171e-15,0.019214063899422647,1.7474628941817783e-13,1.7282677818842171e-15,0.0006671566774013466,1.7282677818842171e-15,1.7282677818842171e-15
cosmx_bcc_xdonor_spot_0000003892,0.9999999999968285,1.732506390718916e-15,5.605988048937348e-13,1.732506390718916e-15,1.732506390718916e-15,1.732506390718916e-15,2.6021102691201355e-12,1.732506390718916e-15
cosmx_bcc_xdonor_spot_0000003893,0.6381751003700192,1.6581492264674661e-15,0.32955577754822934,1.6581492264674661e-15,1.6581492264674661e-15,1.6581492264674661e-15,0.032269122081742985,1.6581492264674661e-15
cosmx_bcc_xdonor_spot_0000003894,0.9876787778552419,3.439354973704361e-14,0.004827390026873693,1.8036672204314376e-15,1.8036672204314376e-15,1.8036672204314376e-15,0.007493832117842491,1.8036672204314376e-15
cosmx_bcc_xdonor_spot_0000003895,0.999999999999989,1.5376011939197954e-15,1.5376011939197954e-15,1.5376011939197954e-15,1.5376011939197954e-15,1.5376011939197954e-15,1.5376011939197954e-15,1.5376011939197954e-15
cosmx_bcc_xdonor_spot_0000003896,0.9999999999999877,1.7224091607154604e-15,1.7224091607154604e-15,1.7224091607154604e-15,1.7224091607154604e-15,1.7224091607154604e-15,1.7224091607154604e-15,1.7224091607154604e-15
cosmx_bcc_xdonor_spot_0000003897,0.9999999999999881,1.6550939329877765e-15,1.6550939329877765e-15,1.6550939329877765e-15,1.6550939329877765e-15,1.6550939329877765e-15,1.6550939329877765e-15,1.6550939329877765e-15
cosmx_bcc_xdonor_spot_0000003898,0.9999999496946043,1.9153758320028005e-11,1.7363407738654551e-15,4.948797969018101e-13,1.7363407738654551e-15,1.7363407738654551e-15,5.028574003229639e-08,1.7363407738654551e-15
cosmx_bcc_xdonor_spot_0000003911,0.9999999999999888,1.5580817056866793e-15,1.5580817056866793e-15,1.5580817056866793e-15,1.5580817056866793e-15,1.5580817056866793e-15,1.5580817056866793e-15,1.5580817056866793e-15
cosmx_bcc_xdonor_spot_0000003912,0.999999999999988,1.6763895693590157e-15,1.6763895693590157e-15,1.6763895693590157e-15,1.6763895693590157e-15,1.6763895693590157e-15,1.6763895693590157e-15,1.6763895693590157e-15
cosmx_bcc_xdonor_spot_0000003913,0.9962350625612336,4.437311690615236e-09,3.675979820167423e-11,2.1355994477225796e-14,1.7641900691984711e-15,1.7641900691984711e-15,0.0037649329646682918,1.7641900691984711e-15
cosmx_bcc_xdonor_spot_0000003914,0.9999979626048363,2.770353635143392e-14,1.6789774323049245e-15,1.6789774323049245e-15,2.037394823403342e-06,1.6789774323049245e-15,3.0581167479045324e-13,1.6789774323049245e-15
cosmx_bcc_xdonor_spot_0000003915,0.9577984804935514,0.010893596536207924,1.0069158244045496e-12,2.1144912489456616e-14,0.015047691195008034,1.837061095673685e-15,0.0146373067515409,0.0016229250226620074
cosmx_bcc_xdonor_spot_0000003916,0.9995155251431762,6.044668943323503e-15,0.0003904952861518331,1.6663703146389812e-15,9.397137730142845e-05,1.6663703146389812e-15,8.193359194372721e-09,1.6663703146389812e-15
cosmx_bcc_xdonor_spot_0000003917,0.9953151452844605,6.795850845395117e-14,0.0013823118364300066,5.6630857864251785e-15,1.7059732386190625e-15,1.7059732386190625e-15,0.0033025428790307144,1.7059732386190625e-15
cosmx_bcc_xdonor_spot_0000003918,0.85005402009138,1.6308848383147335e-15,0.12625397747915726,1.6308848383147335e-15,1.6308848383147335e-15,1.6308848383147335e-15,0.023692002429454493,1.6308848383147335e-15
cosmx_bcc_xdonor_spot_0000003919,0.8577120090386016,4.2961364888841175e-09,8.792431137192206e-14,1.7348214634201469e-15,1.7348214634201469e-15,1.7348214634201469e-15,0.1422879866651668,1.7348214634201469e-15
cosmx_bcc_xdonor_spot_0000003920,0.9481153870021296,2.0328059782333322e-08,0.020956041990118718,1.7507270329795872e-07,1.7372169642569467e-15,1.7372169642569467e-15,0.030928375606983288,1.7372169642569467e-15
cosmx_bcc_xdonor_spot_0000003921,0.8855647331199485,0.0001608270192502474,0.019630938090221123,1.296247936696547e-08,1.8265878293989783e-15,1.8265878293989783e-15,0.0946434888071837,9.132776078901497e-13
cosmx_bcc_xdonor_spot_0000003922,0.970662208562684,1.672195081050218e-15,0.013964637268946064,1.672195081050218e-15,1.672195081050218e-15,1.672195081050218e-15,0.00021956258950671772,0.015153591578856459
cosmx_bcc_xdonor_spot_0000003923,0.9621293388302359,1.68913033475009e-15,1.225630434952855e-13,1.0580577978242679e-06,1.68913033475009e-15,1.68913033475009e-15,3.216155670386541e-05,0.03783744155513467
cosmx_bcc_xdonor_spot_0000004186,9.058658670114596e-12,1.1427535368762258e-15,0.29221106372641936,1.1427535368762258e-15,0.012287119240624847,0.6955018170238925,1.1427535368762258e-15,1.1427535368762258e-15
cosmx_bcc_xdonor_spot_0000004187,0.7173159168947191,1.6152377319472458e-15,1.6152377319472458e-15,2.750293816884502e-09,1.6152377319472458e-15,0.21897908144136316,0.06370499886132465,5.2294324914354595e-11
cosmx_bcc_xdonor_spot_0000004188,0.8434026164875205,1.6711610929651255e-15,1.6711610929651255e-15,0.012671732494445812,1.6711610929651255e-15,0.09579947147822444,0.048126179539802395,1.6711610929651255e-15
cosmx_bcc_xdonor_spot_0000004189,0.9607040515688546,1.832348850022127e-15,1.2636183903742085e-10,6.287298975510455e-06,1.832348850022127e-15,1.979263154338945e-13,0.0388072404531786,0.00048242055242806456
cosmx_bcc_xdonor_spot_0000004190,0.9173364575814804,1.8004806647919122e-15,0.07725071356182975,2.61621445427284e-10,1.8004806647919122e-15,0.005410787978810515,2.0406162522905917e-06,1.8004806647919122e-15
cosmx_bcc_xdonor_spot_0000004191,0.6017923227137255,9.43231662470269e-14,0.16352415054517985,8.758558332323453e-09,1.6877273766132523e-15,1.6877273766132523e-15,0.2346835179824368,1.6877273766132523e-15
cosmx_bcc_xdonor_spot_0000004192,0.31320027074234574,1.4879961905973676e-07,0.0740688136504778,1.755909522595726e-15,1.755909522595726e-15,0.0005071743391623308,0.6122235924683898,1.755909522595726e-15
cosmx_bcc_xdonor_spot_0000004193,0.8375932903195847,1.788893523532021e-15,0.04389382975282168,4.3119219374442166e-10,1.788893523532021e-15,5.5272073211429486e-09,0.11851287396918854,1.788893523532021e-15
cosmx_bcc_xdonor_spot_0000004194,0.9999996385323067,1.5739686957063897e-15,1.5739686957063897e-15,1.5739686957063897e-15,1.5739686957063897e-15,2.7671776396979575e-07,8.474992128521418e-08,1.5739686957063897e-15
cosmx_bcc_xdonor_spot_0000004195,0.9999844012017448,1.6750234726909127e-15,1.5598680913135055e-05,1.6750234726909127e-15,1.6750234726909127e-15,1.6750234726909127e-15,1.17333454109407e-10,1.6750234726909127e-15
cosmx_bcc_xdonor_spot_0000004196,0.9999999999990629,1.6747396988100299e-15,1.6747396988100299e-15,1.6747396988100299e-15,1.6747396988100299e-15,1.6747396988100299e-15,3.1910617128725714e-15,9.252671871268476e-13
cosmx_bcc_xdonor_spot_0000004197,0.9954144328281805,1.6875051493140787e-15,0.0029403720569699905,4.516098035388739e-12,1.6875051493140787e-15,1.6875051493140787e-15,3.9771044620694105e-05,0.001605424065707536
cosmx_bcc_xdonor_spot_0000004198,0.9999999999981435,1.6387804460225883e-15,1.6387804460225883e-15,1.802318769435394e-12,1.6387804460225883e-15,1.6387804460225883e-15,4.578992349532028e-14,1.6387804460225883e-15
cosmx_bcc_xdonor_spot_0000004199,0.9999999543511481,5.821306045087956e-11,1.6147710281033528e-15,1.3947689740044712e-14,4.5590407159039085e-08,1.6147710281033528e-15,2.1273603183594058e-13,1.6147710281033528e-15
cosmx_bcc_xdonor_spot_0000004200,0.9999649406084616,1.652243938362091e-15,1.652243938362091e-15,1.652243938362091e-15,1.652243938362091e-15,9.792652660098659e-13,3.0102353634837695e-05,4.9570369174247406e-06
cosmx_bcc_xdonor_spot_0000004201,0.9953791802175527,5.310473449368126e-14,0.004620819781146518,1.6163498902940165e-15,1.6163498902940165e-15,1.6163498902940165e-15,1.2410969893131984e-12,1.6163498902940165e-15
cosmx_bcc_xdonor_spot_0000004202,0.9958620007869273,6.233237746925148e-14,3.1614567833656956e-06,1.4100007110125871e-13,1.7665596974525984e-15,1.203844890091351e-12,2.5306230206585697e-13,0.004134837754627302
cosmx_bcc_xdonor_spot_0000004203,0.9968602108027351,9.786818151246582e-12,1.6096672128309225e-15,4.390390254448203e-15,1.6096672128309225e-15,0.0006386100959006587,0.001377791367126766,0.0011233877244430756
cosmx_bcc_xdonor_spot_0000004204,0.9999980320826999,1.7119810038042924e-15,1.7119810038042924e-15,3.8667504710079795e-15,1.7119810038042924e-15,1.7119810038042924e-15,1.9679172874980735e-06,1.7119810038042924e-15
cosmx_bcc_xdonor_spot_0000004205,0.9886786671290396,1.5672010459758978e-15,1.5672010459758978e-15,1.5672010459758978e-15,1.5672010459758978e-15,1.5672010459758978e-15,0.011321332870950726,1.5672010459758978e-15
cosmx_bcc_xdonor_spot_0000004206,0.9729491979157171,1.5284880581544566e-15,1.5284880581544566e-15,1.5284880581544566e-15,1.5284880581544566e-15,0.027050802084273455,1.5284880581544566e-15,1.5284880581544566e-15
cosmx_bcc_xdonor_spot_0000004207,0.9999999312806953,1.7012214558571094e-15,1.7012214558571094e-15,1.7012214558571094e-15,1.7012214558571094e-15,1.7012214558571094e-15,1.1549033251641485e-08,5.717026286819383e-08
cosmx_bcc_xdonor_spot_0000004208,0.9871052734792441,1.7376428196207396e-15,1.7376428196207396e-15,1.7376428196207396e-15,1.7376428196207396e-15,1.7376428196207396e-15,0.012894726520745168,1.7376428196207396e-15
cosmx_bcc_xdonor_spot_0000004209,0.9986405157860864,1.7021702090510066e-15,1.7021702090510066e-15,1.7021702090510066e-15,1.7021702090510066e-15,1.7021702090510066e-15,1.7021702090510066e-15,0.001359484213903173
cosmx_bcc_xdonor_spot_0000004210,0.9993033264564407,1.7560895729298404e-15,1.7560895729298404e-15,1.7560895729298404e-15,1.7560895729298404e-15,1.7560895729298404e-15,0.0006966735435485252,1.7560895729298404e-15
cosmx_bcc_xdonor_spot_0000004211,0.991947022639483,3.6622705754226357e-14,5.847071030911222e-12,1.7851299489781524e-08,1.8219108114450854e-15,1.8219108114450854e-15,0.008052959503328192,1.8219108114450854e-15
cosmx_bcc_xdonor_spot_0000004212,0.9951772681675187,3.1535835934148883e-13,1.7494195553322726e-15,1.7494195553322726e-15,1.7494195553322726e-15,1.7494195553322726e-15,0.004822731832156839,1.7494195553322726e-15
cosmx_bcc_xdonor_spot_0000004213,0.9999999999853234,1.7521535293823969e-15,1.7521535293823969e-15,1.7521535293823969e-15,1.7521535293823969e-15,1.7521535293823969e-15,1.4665801555953986e-11,1.7521535293823969e-15
cosmx_bcc_xdonor_spot_0000004214,0.9956750287252556,9.16264364737987e-07,2.8300098999138893e-07,6.057525270214566e-06,0.0037124809292610654,1.819901555947769e-15,0.0004945203884171327,0.00011071316643919563
cosmx_bcc_xdonor_spot_0000004215,0.9505622067853113,2.1701120207742815e-13,0.0025409914203033024,1.7691644809217121e-15,0.046896801780054516,1.7691644809217121e-15,1.410838174052684e-11,1.7691644809217121e-15
cosmx_bcc_xdonor_spot_0000004216,0.9028389316489899,1.7963187391183594e-15,0.09207651246776348,1.7963187391183594e-15,1.7963187391183594e-15,1.7963187391183594e-15,0.0050845558832375804,1.7963187391183594e-15
cosmx_bcc_xdonor_spot_0000004217,0.9859992591968962,7.092299381908831e-12,0.014000311539551403,1.1141927782716414e-12,6.083865353373335e-10,1.8190055599815173e-15,4.2864695544119583e-07,1.8190055599815173e-15
cosmx_bcc_xdonor_spot_0000004218,0.7773385536669285,0.01967922684390097,0.011889331926978485,1.8059794032986806e-15,1.8059794032986806e-15,1.8059794032986806e-15,0.1910928875621847,1.8059794032986806e-15
cosmx_bcc_xdonor_spot_0000004219,0.8413902949584703,6.242685008633682e-07,0.088065361372516,1.706094481992321e-15,0.0039839999120511735,1.706094481992321e-15,0.06507505605257802,0.001484663435880076
cosmx_bcc_xdonor_spot_0000004220,0.9583336628896872,0.00017991638401982244,3.2683557611729187e-09,2.1281198238927093e-14,1.84931649978848e-15,4.11027413964796e-12,0.018741030705289395,0.022745386748514455
cosmx_bcc_xdonor_spot_0000004221,0.8948507304077491,6.099220549315372e-14,0.04727682888518174,9.635855699660667e-09,1.7686850048401622e-15,1.7686850048401622e-15,0.007158205687091499,0.050714225384057364
cosmx_bcc_xdonor_spot_0000004485,0.04522703590125712,6.452568722485567e-10,0.42139587457629113,1.4665521829593515e-15,0.01392780384816956,0.5194492850290209,1.4665521829593515e-15,1.4665521829593515e-15
cosmx_bcc_xdonor_spot_0000004486,0.6256329467084977,1.7145448047298086e-15,0.22704533377456404,4.723857887279059e-12,1.7145448047298086e-15,0.12292538227175111,0.02439633724045809,1.7145448047298086e-15
cosmx_bcc_xdonor_spot_0000004487,0.7702719068283892,1.7644534488372047e-15,2.6856886548879586e-07,1.7161608293628044e-05,1.7644534488372047e-15,0.12345090801481869,0.10625975497962752,1.7644534488372047e-15
cosmx_bcc_xdonor_spot_0000004488,0.8052136427982046,2.4900529386953245e-08,5.5066201182837884e-15,4.877022499475089e-05,0.008638718990364544,0.10053478986283453,0.08400702800271541,0.0015570252203511265
cosmx_bcc_xdonor_spot_0000004489,0.8074794881136212,4.598092865427081e-05,4.3740992164083355e-14,0.0007120040450136092,0.0359063024335656,0.1045408525498798,0.051315371929219956,1.8164278900597746e-15
cosmx_bcc_xdonor_spot_0000004490,0.7062418972657102,1.8427706605649412e-15,0.12758724317648237,6.453015165816964e-08,1.8427706605649412e-15,0.07366661614463957,0.09250417888301056,1.8427706605649412e-15
cosmx_bcc_xdonor_spot_0000004491,0.8165028790947637,3.765756917337178e-05,0.039259724559855165,4.0066475211173726e-14,0.011324231156292773,0.0275309540965464,0.10348476293706337,0.0018597905862652677
cosmx_bcc_xdonor_spot_0000004492,0.9001742777028164,1.6565415749415438e-15,0.09982572229717347,1.6565415749415438e-15,1.6565415749415438e-15,1.6565415749415438e-15,1.6565415749415438e-15,1.6565415749415438e-15
cosmx_bcc_xdonor_spot_0000004493,0.986930934043457,7.984469705145755e-08,0.010292341429634231,1.3537315065189004e-10,2.679957191355438e-08,0.0027766177472430295,2.2104073189675102e-14,1.7145691721352728e-15
cosmx_bcc_xdonor_spot_0000004494,0.9938811747275967,0.0002661977318715527,0.004744608410000403,1.8057111132775077e-15,1.8057111132775077e-15,0.00025098010802298784,0.0008570390225028606,1.8057111132775077e-15
cosmx_bcc_xdonor_spot_0000004495,0.9981324823203181,1.7166751080735242e-15,5.746468031591914e-11,1.7166751080735242e-15,0.0018675176006314634,1.7166751080735242e-15,1.7166751080735242e-15,2.1578692783063263e-11
cosmx_bcc_xdonor_spot_0000004496,0.9999999999999862,3.2571920048550342e-15,1.7037271096181534e-15,1.7037271096181534e-15,1.7037271096181534e-15,1.7037271096181534e-15,1.7037271096181534e-15,1.7037271096181534e-15
cosmx_bcc_xdonor_spot_0000004497,0.9949974274718619,1.6265153160549771e-15,1.6265153160549771e-15,1.6265153160549771e-15,1.6265153160549771e-15,1.6265153160549771e-15,0.0031892112273775443,0.001813361300752196
cosmx_bcc_xdonor_spot_0000004498,0.9999999280786295,1.6034009121692391e-15,1.6034009121692391e-15,1.6034009121692391e-15,1.6034009121692391e-15,7.102076416558985e-08,9.005981418781936e-10,1.6034009121692391e-15
cosmx_bcc_xdonor_spot_0000004499,0.9982893793372877,1.0575881761625324e-11,2.6120195431415002e-06,1.7276696066798819e-15,1.7134772255342864e-08,1.7276696066798819e-15,0.0017079914946165169,3.2008860613505484e-12
cosmx_bcc_xdonor_spot_0000004500,0.9999999999992769,1.6135555747970211e-15,6.130153909969256e-13,1.6135555747970211e-15,1.6135555747970211e-15,1.6135555747970211e-15,1.0176998274184816e-13,1.6135555747970211e-15
cosmx_bcc_xdonor_spot_0000004501,0.8922831688458427,1.5750146553737853e-15,1.5750146553737853e-15,1.5750146553737853e-15,1.5750146553737853e-15,1.5750146553737853e-15,0.10771683115414762,1.5750146553737853e-15
cosmx_bcc_xdonor_spot_0000004502,0.9999999999827137,1.6190408150359092e-15,1.6190408150359092e-15,1.7213223783080183e-11,1.6190408150359092e-15,5.696076843980552e-14,9.624201220895791e-15,1.6190408150359092e-15
cosmx_bcc_xdonor_spot_0000004503,0.99410595832804,1.6654842763124356e-15,1.6654842763124356e-15,1.6654842763124356e-15,1.6654842763124356e-15,1.6654842763124356e-15,0.005894041671949759,1.6654842763124356e-15
cosmx_bcc_xdonor_spot_0000004504,0.9967426332799991,1.6842748525907182e-15,0.003198609884426109,1.6842748525907182e-15,1.6842748525907182e-15,1.6842748525907182e-15,5.8756835566157244e-05,1.6842748525907182e-15
cosmx_bcc_xdonor_spot_0000004505,0.9999999999999759,1.581356902518466e-15,1.581356902518466e-15,1.581356902518466e-15,1.581356902518466e-15,1.581356902518466e-15,1.4415185007271552e-14,1.581356902518466e-15
cosmx_bcc_xdonor_spot_0000004506,0.9950905674161381,3.416121952461518e-08,1.7012269800995885e-15,1.7012269800995885e-15,1.7012269800995885e-15,1.7012269800995885e-15,0.0018221570662615505,0.0030872413563737713
cosmx_bcc_xdonor_spot_0000004507,0.9999999928394854,1.7261926546614892e-15,1.7261926546614892e-15,1.7261926546614892e-15,1.7261926546614892e-15,1.7261926546614892e-15,7.160504029334409e-09,1.7261926546614892e-15
cosmx_bcc_xdonor_spot_0000004508,0.9975438569396072,1.806378031215681e-15,1.806378031215681e-15,1.806378031215681e-15,1.806378031215681e-15,1.806378031215681e-15,1.806378031215681e-15,0.002456143060381686
cosmx_bcc_xdonor_spot_0000004509,0.9897847496337244,9.891343789140936e-10,1.8381799812481363e-15,1.8381799812481363e-15,6.811306859536438e-05,0.008427992819031716,6.0081151782344794e-12,0.0017191434835023814
cosmx_bcc_xdonor_spot_0000004510,0.9976087068122353,1.7125761209740513e-15,1.7125761209740513e-15,1.7125761209740513e-15,1.7125761209740513e-15,1.7125761209740513e-15,0.00037101899522972034,0.0020202741925261824
cosmx_bcc_xdonor_spot_0000004511,0.9999999527104005,1.76596369770638e-15,2.7596348293897402e-14,1.76596369770638e-15,1.76596369770638e-15,1.76596369770638e-15,2.1155561535520006e-11,4.726840922457018e-08
cosmx_bcc_xdonor_spot_0000004512,0.9969576469766397,1.8286948402262576e-15,1.045076286469159e-09,1.8286948402262576e-15,1.8286948402262576e-15,1.8286948402262576e-15,0.003042351978274864,1.8286948402262576e-15
cosmx_bcc_xdonor_spot_0000004513,0.9999999999999877,1.7191395643772372e-15,1.7191395643772372e-15,1.7191395643772372e-15,1.7191395643772372e-15,1.7191395643772372e-15,1.7191395643772372e-15,1.7191395643772372e-15
cosmx_bcc_xdonor_spot_0000004514,0.996205731687708,9.411613908627495e-10,1.6023675344571878e-12,1.6544466848054021e-15,1.6544466848054021e-15,1.6544466848054021e-15,0.003793582140284925,6.852292383169458e-07
cosmx_bcc_xdonor_spot_0000004515,0.9998058050636907,1.68810526760398e-13,0.00017349718718348247,1.7878462222146457e-15,1.7878462222146457e-15,1.7878462222146457e-15,2.9551708859919594e-10,2.0697453434420564e-05
cosmx_bcc_xdonor_spot_0000004516,0.991158553396008,1.7363869778151891e-15,0.006619955242146018,1.7363869778151891e-15,1.7363869778151891e-15,1.7363869778151891e-15,0.0022214913618371196,1.7363869778151891e-15
cosmx_bcc_xdonor_spot_0000004517,0.42767150085960737,5.695639635095457e-11,0.3431932979888484,1.6051297028919976e-15,1.6051297028919976e-15,1.6051297028919976e-15,0.22913520109458124,1.6051297028919976e-15
cosmx_bcc_xdonor_spot_0000004518,0.5940932073822015,0.12312947178573969,0.13613520814246038,1.6582132708676835e-15,0.0522429571227318,1.6582132708676835e-15,0.09439915556686142,1.6582132708676835e-15
cosmx_bcc_xdonor_spot_0000004519,0.7712108200815373,1.5439893069511964e-07,0.09655951221519318,2.0096751162457061e-13,1.6401170183558163e-15,1.6401170183558163e-15,0.018745991724878536,0.11348352157925597
cosmx_bcc_xdonor_spot_0000004520,0.16749186733033758,1.9659962985284258e-10,0.017173061983351005,1.950786377192051e-12,1.456172801736645e-15,1.456172801736645e-15,0.23060113432890625,0.5847339361588518
cosmx_bcc_xdonor_spot_0000004784,1.1434728227525413e-15,1.1434728227525413e-15,1.1434728227525413e-15,1.1434728227525413e-15,1.1434728227525413e-15,0.9999999999999919,1.1434728227525413e-15,1.1434728227525413e-15
cosmx_bcc_xdonor_spot_0000004785,0.1669663557581353,1.8208584127274653e-15,0.6150913632872157,2.2481307971378136e-10,1.8208584127274653e-15,0.07217074433891325,0.14577153639091717,1.8208584127274653e-15
cosmx_bcc_xdonor_spot_0000004786,0.6377336295944463,1.72226850367634e-08,0.08472814853580786,1.8927189010021925e-15,0.06241125429696619,0.14673204280864593,0.06839490754144474,1.8927189010021925e-15
cosmx_bcc_xdonor_spot_0000004787,0.7353846742195542,1.1366226165384128e-08,0.0725988346464071,0.0018187582852382978,1.992794368838792e-15,0.09474671775181769,0.09545043445625498,5.692744994870334e-07
cosmx_bcc_xdonor_spot_0000004788,0.48273333586097233,0.005907890007530868,1.803358649556061e-15,3.8914176607471565e-13,1.803358649556061e-15,0.4614249496128155,0.04993382451828652,1.803358649556061e-15
cosmx_bcc_xdonor_spot_0000004789,0.37568645229275577,1.5811490518504232e-15,1.5811490518504232e-15,1.5811490518504232e-15,0.0016056829982778213,0.6227078623083845,1.5811490518504232e-15,2.400575522298195e-09
cosmx_bcc_xdonor_spot_0000004790,0.777181522775173,6.088209653801576e-08,5.030831075467031e-12,2.9100409575592907e-06,1.9133844421538963e-15,0.12326557641395022,0.09954992988210747,6.82430238991868e-13
cosmx_bcc_xdonor_spot_0000004791,0.9499784990052625,1.1910109632558762e-12,0.0423104915013228,1.6645286038277323e-15,9.890606611511096e-06,0.007535304941783985,0.00016581394382456216,1.6645286038277323e-15
cosmx_bcc_xdonor_spot_0000004792,0.7812915762416932,6.554181773210538e-10,0.08440641055101356,8.388648678674415e-13,1.7156560402365519e-15,0.002208053745488084,0.1320939588055447,1.7156560402365519e-15
cosmx_bcc_xdonor_spot_0000004793,0.8547895005951546,1.6809927814190756e-15,0.14052581977054776,1.6809927814190756e-15,1.6809927814190756e-15,1.6809927814190756e-15,0.004684679634288968,1.6809927814190756e-15
cosmx_bcc_xdonor_spot_0000004794,0.9423638448308878,6.26089628124909e-11,1.528757794764586e-10,6.528572634709511e-08,1.886770906846437e-15,0.0397676063677422,0.012011714778155878,0.005856768522001186
cosmx_bcc_xdonor_spot_0000004795,0.9761370493753219,1.9069550961101416e-10,0.0012104936528957175,1.0105705524023593e-07,1.907349680763426e-15,0.018639786535178234,0.004008278615433343,4.290573418094356e-06
cosmx_bcc_xdonor_spot_0000004796,0.9889012061713727,4.277344770697396e-06,0.005305792878190078,8.304532503437217e-13,3.9460032478786776e-09,0.0015918301497083297,0.00032644901673602254,0.003870440492388691
cosmx_bcc_xdonor_spot_0000004797,0.7796783029139384,1.681217914357479e-15,0.2203216970860513,1.681217914357479e-15,1.681217914357479e-15,1.681217914357479e-15,1.681217914357479e-15,1.681217914357479e-15
cosmx_bcc_xdonor_spot_0000004798,0.9918909500815708,1.0107750130661643e-10,0.005718340787682223,1.8554862244002377e-15,1.8554862244002377e-15,1.8554862244002377e-15,0.0023907090296617756,1.8554862244002377e-15
cosmx_bcc_xdonor_spot_0000004799,0.7750090960306855,1.618617754138804e-15,0.1485289656546015,1.618617754138804e-15,1.618617754138804e-15,1.618617754138804e-15,0.07646193831470462,1.618617754138804e-15
cosmx_bcc_xdonor_spot_0000004800,0.8680118663537144,1.9971130364314084e-11,1.1151568845572311e-11,1.6132509497899525e-15,1.6132509497899525e-15,2.9083730403481204e-07,0.13198784277785391,1.6132509497899525e-15
cosmx_bcc_xdonor_spot_0000004801,0.9999999999999877,1.7143003998172917e-15,1.7143003998172917e-15,1.7143003998172917e-15,1.7143003998172917e-15,1.7143003998172917e-15,1.7143003998172917e-15,1.7143003998172917e-15
cosmx_bcc_xdonor_spot_0000004802,0.9998954881853528,1.7974464136242908e-15,1.1787407972299662e-09,1.7974464136242908e-15,1.7974464136242908e-15,1.7974464136242908e-15,0.0001045106358970935,1.7974464136242908e-15
cosmx_bcc_xdonor_spot_0000004803,0.9999999965354406,1.7779540174241227e-15,1.7779540174241227e-15,6.468485451525237e-13,1.7779540174241227e-15,1.7779540174241227e-15,3.463903578056547e-09,1.7779540174241227e-15
cosmx_bcc_xdonor_spot_0000004804,0.9977754288396253,5.556728972991649e-13,1.6928760712436029e-15,1.6928760712436029e-15,1.6928760712436029e-15,1.6928760712436029e-15,9.661347992512181e-05,0.002127957679887118
cosmx_bcc_xdonor_spot_0000004805,0.9897854041615988,1.6134654072947866e-14,1.6791881026356278e-15,1.6791881026356278e-15,0.010214595838374047,1.6791881026356278e-15,4.073222181042348e-15,1.6791881026356278e-15
cosmx_bcc_xdonor_spot_0000004806,0.9984404782094274,1.274441825514891e-12,1.6280540725709903e-14,1.6174581229642764e-15,1.6174581229642764e-15,1.6174581229642764e-15,2.007066303861376e-09,0.0015595197822105191
cosmx_bcc_xdonor_spot_0000004807,0.999999999996253,1.7158284374351673e-15,3.6187071994043428e-12,1.7158284374351673e-15,1.1959097575149162e-13,1.7158284374351673e-15,1.7158284374351673e-15,1.7158284374351673e-15
cosmx_bcc_xdonor_spot_0000004808,0.9858423459536931,1.759866172872048e-15,1.1522060172150314e-12,3.36970205705164e-14,1.759866172872048e-15,1.759866172872048e-15,0.014157654045113838,1.759866172872048e-15
cosmx_bcc_xdonor_spot_0000004809,0.9999999973780952,6.664132094897373e-12,2.3089865072996745e-11,7.161228468913865e-13,1.876167934816158e-15,1.876167934816158e-15,2.591429015000694e-09,1.876167934816158e-15
cosmx_bcc_xdonor_spot_0000004810,0.9999999999992303,1.89763162322924e-15,1.89763162322924e-15,7.266401839743544e-13,1.89763162322924e-15,3.351768422621546e-14,1.89763162322924e-15,1.89763162322924e-15
cosmx_bcc_xdonor_spot_0000004811,0.9999999999998955,1.7330083215802726e-15,9.372040469642575e-14,1.7330083215802726e-15,1.7330083215802726e-15,1.7330083215802726e-15,1.7330083215802726e-15,1.7330083215802726e-15
cosmx_bcc_xdonor_spot_0000004812,0.7472817903192935,1.882442586866082e-15,0.23712674823526794,1.882442586866082e-15,1.882442586866082e-15,4.387504848857539e-07,0.01559102269494605,1.882442586866082e-15
cosmx_bcc_xdonor_spot_0000004813,0.970490636531869,0.00011531355232711076,0.027128426249781824,0.002263910599451993,1.825249725032771e-15,9.893669635460495e-08,1.386677891939305e-06,2.2745198000283737e-07
cosmx_bcc_xdonor_spot_0000004814,0.9873181282735911,3.715203842703835e-14,6.221269685380528e-07,4.815753052002242e-11,1.8677395641062016e-15,3.800699432993976e-15,0.012226320456731533,0.0004549290945083807
cosmx_bcc_xdonor_spot_0000004815,0.3355407587920747,0.28146640994800803,0.29093748517889173,1.7104441565078596e-15,1.7104441565078596e-15,1.7104441565078596e-15,0.09205534608101858,1.7104441565078596e-15
cosmx_bcc_xdonor_spot_0000004816,1.5602045476644382e-15,0.11348844528793751,0.19537267525738325,1.5602045476644382e-15,0.054166099225510835,1.5602045476644382e-15,0.5171153408962796,0.1198574393328841
cosmx_bcc_xdonor_spot_0000004817,2.8375633841578692e-11,0.12943127697447374,0.07116320197302423,6.342598620959905e-09,1.5554082984674534e-15,1.5554082984674534e-15,0.30450059189141093,0.4949049227901138
cosmx_bcc_xdonor_spot_0000004818,1.5348330396835194e-15,1.0540976045523339e-05,0.36194384654781464,1.5348330396835194e-15,1.5348330396835194e-15,1.5348330396835194e-15,0.14515487671629324,0.4928907357598405
cosmx_bcc_xdonor_spot_0000005084,0.00026325214784798516,1.4666072395329794e-15,0.19593751196242876,1.4666072395329794e-15,1.4666072395329794e-15,0.8037992358600793,2.963813328767719e-11,1.4666072395329794e-15
cosmx_bcc_xdonor_spot_0000005085,0.10982402011721924,0.24421806985434094,0.5061152862149736,1.3788860325701272e-14,5.721374107846002e-11,0.11403067667018003,0.02580568139361136,6.265692447417475e-06
cosmx_bcc_xdonor_spot_0000005086,0.6438618179116617,1.695799642476298e-05,0.10462157365323854,0.00045032110430592967,0.007617136285611531,0.18612740246252854,0.057304790586227033,1.879034154196149e-15
cosmx_bcc_xdonor_spot_0000005087,0.12813930815330093,1.408972904029233e-15,1.408972904029233e-15,1.408972904029233e-15,1.408972904029233e-15,0.8718606918466905,1.408972904029233e-15,1.408972904029233e-15
cosmx_bcc_xdonor_spot_0000005088,0.07616701743583462,1.3221987866642168e-15,1.3221987866642168e-15,1.3221987866642168e-15,1.3221987866642168e-15,0.9238329825641575,1.3221987866642168e-15,1.3221987866642168e-15
cosmx_bcc_xdonor_spot_0000005089,0.43710412025785844,1.93534541690019e-07,1.7200018583272128e-15,1.8067589792096312e-11,0.011876645499124655,0.5122180976343592,0.03880094305604502,1.7200018583272128e-15
cosmx_bcc_xdonor_spot_0000005090,0.9446887570974969,1.7480672342219253e-15,1.7480672342219253e-15,2.460819550874895e-10,1.7480672342219253e-15,0.014319967282194354,0.04099127537421972,1.7480672342219253e-15
cosmx_bcc_xdonor_spot_0000005091,0.9675619567527571,2.6711023948318513e-05,1.840200525825916e-15,1.840200525825916e-15,0.01236568291633926,1.840200525825916e-15,0.01735666122207875,0.0026889880848708363
cosmx_bcc_xdonor_spot_0000005092,0.9995862680798994,1.9434264781812295e-06,4.043937077577614e-08,4.874505619141665e-11,1.7967239063333112e-15,1.7967239063333112e-15,0.0004117480055010822,1.7967239063333112e-15
cosmx_bcc_xdonor_spot_0000005093,0.9758376318073825,3.507357810915188e-14,0.01671030246849793,3.513406824298661e-09,1.7831234967620264e-15,0.007452062210672361,1.7831234967620264e-15,1.7831234967620264e-15
cosmx_bcc_xdonor_spot_0000005094,0.9876555112282682,1.7509316782083007e-10,0.0010775004871914475,1.8240605526256133e-07,1.8162996316881154e-15,1.8162996316881154e-15,0.011266805703386529,1.8162996316881154e-15
cosmx_bcc_xdonor_spot_0000005095,0.8240384901452154,8.751930813149092e-13,0.05744365486087748,1.4387008791614334e-05,1.8730779101877126e-15,1.8730779101877126e-15,0.11850346798423446,1.8730779101877126e-15
cosmx_bcc_xdonor_spot_0000005096,0.9831574816323181,4.46323559035518e-15,0.01684251836761211,5.778181213047252e-14,1.8732134866914737e-15,1.8732134866914737e-15,1.8732134866914737e-15,1.8732134866914737e-15
cosmx_bcc_xdonor_spot_0000005097,0.992332237306885,1.7614478730406766e-15,0.0005320440339735802,1.7614478730406766e-15,1.7614478730406766e-15,0.007135718659132351,1.7614478730406766e-15,1.7614478730406766e-15
cosmx_bcc_xdonor_spot_0000005098,0.9999998824902648,1.6504069351419473e-15,2.147062935915328e-11,1.6504069351419473e-15,1.6504069351419473e-15,1.1748825600974153e-07,1.6504069351419473e-15,1.6504069351419473e-15
cosmx_bcc_xdonor_spot_0000005099,0.9914536743173936,1.6055500088943643e-15,6.8250754321233786e-12,1.6055500088943643e-15,1.6055500088943643e-15,1.6055500088943643e-15,0.008546325675773018,1.6055500088943643e-15
cosmx_bcc_xdonor_spot_0000005100,0.9999999962385886,1.5604228990188514e-15,4.007162208468234e-11,1.5604228990188514e-15,1.5604228990188514e-15,1.068576056442843e-13,3.721226719291667e-09,1.5604228990188514e-15
cosmx_bcc_xdonor_spot_0000005101,0.9944304241680659,1.4206338961740352e-11,6.590990601686156e-06,1.736409335433448e-15,1.736409335433448e-15,1.736409335433448e-15,0.005562984827118963,1.736409335433448e-15
cosmx_bcc_xdonor_spot_0000005102,0.9959670125864291,1.795718821504663e-15,1.795718821504663e-15,1.795718821504663e-15,1.795718821504663e-15,1.795718821504663e-15,0.0034021062784189253,0.000630881135142779
cosmx_bcc_xdonor_spot_0000005103,0.9871965866858674,1.9380622213827727e-06,7.943147093973089e-15,1.8408922477938083e-15,0.00034858800134208426,1.8408922477938083e-15,0.00616375740802836,0.006289129842529031
cosmx_bcc_xdonor_spot_0000005104,0.9889427426656933,1.988413387813681e-09,1.6725857131898466e-15,1.3482419593457419e-14,1.6725857131898466e-15,1.3053995597135426e-08,0.00923535090235683,0.0018218913895240215
cosmx_bcc_xdonor_spot_0000005105,0.9998762775644562,5.852012820931927e-13,1.6528479672060976e-15,1.6528479672060976e-15,1.6528479672060976e-15,1.6528479672060976e-15,1.0599729735820327e-05,0.0001131227052161641
cosmx_bcc_xdonor_spot_0000005106,0.997418752348637,1.898908293005263e-05,2.390156681418492e-15,1.688081725573178e-15,0.0002488141345643871,1.688081725573178e-15,0.0020338964309670653,0.0002795480028957876
cosmx_bcc_xdonor_spot_0000005384,0.08454616145753817,0.006293596481137944,0.3267719983362987,1.762448186361002e-15,0.007112419337098662,0.5752279112467474,4.791314117560493e-05,1.762448186361002e-15
cosmx_bcc_xdonor_spot_0000005385,0.24590125826912812,6.817654154381475e-15,0.5945812077618877,1.847075201357228e-15,1.847075201357228e-15,0.15951753338309088,5.858807365134468e-10,1.847075201357228e-15
cosmx_bcc_xdonor_spot_0000005386,0.22978891293825987,1.6534754910509992e-15,0.05567866992587437,1.8342909830319525e-05,1.6534754910509992e-15,0.7145140742260288,1.6534754910509992e-15,1.6534754910509992e-15
cosmx_bcc_xdonor_spot_0000005388,0.2717866309335083,1.5189334589790258e-15,1.5189334589790258e-15,1.5189334589790258e-15,1.5189334589790258e-15,0.7204796610130935,0.007733708053390503,1.5189334589790258e-15
cosmx_bcc_xdonor_spot_0000005389,0.940710179185391,8.42112391683117e-14,1.926981191818553e-15,9.776308643274036e-13,1.926981191818553e-15,1.2143570881868613e-05,0.059277677242659484,1.926981191818553e-15
cosmx_bcc_xdonor_spot_0000005390,0.8415238851603066,0.0004123993767625297,1.954358135920541e-15,9.796661540035248e-05,0.12368022531657243,0.0017999710698637802,0.03248555246109031,1.954358135920541e-15
cosmx_bcc_xdonor_spot_0000005391,0.9345583622151169,0.009943140646186791,0.005250811845918017,0.0003279678899557343,8.89882729956465e-09,0.015177605589116528,0.03474210291487687,1.928063325198804e-15
cosmx_bcc_xdonor_spot_0000005392,0.964724643717071,1.8200953495078385e-15,1.0729542160083406e-08,8.436353469925589e-07,1.8200953495078385e-15,0.004741965477211196,0.030532536440823103,1.8200953495078385e-15
cosmx_bcc_xdonor_spot_0000005393,0.19526228079722135,1.4098620438124155e-15,0.7185364527205249,1.4098620438124155e-15,1.4098620438124155e-15,0.01384699490652147,0.07235427157572659,1.4098620438124155e-15
cosmx_bcc_xdonor_spot_0000005394,0.5403827620848214,0.06351397494042833,0.004288688858000301,0.00027492231606289833,1.853201199652505e-15,0.008774964693853153,0.3827646871068301,1.853201199652505e-15
cosmx_bcc_xdonor_spot_0000005395,0.9955901842165145,1.7504175471804565e-15,0.004409815763785848,1.9573940967178604e-11,1.7504175471804565e-15,1.7504175471804565e-15,1.185669081643011e-13,1.7504175471804565e-15
cosmx_bcc_xdonor_spot_0000005396,0.9999999999744775,1.6181405650590618e-15,2.4453274686260663e-11,1.6181405650590618e-15,1.6181405650590618e-15,1.6181405650590618e-15,1.6181405650590618e-15,1.0608769415056038e-12
cosmx_bcc_xdonor_spot_0000005397,0.9865094087543,2.8040436659110586e-08,0.011220458786114782,1.7365286025940203e-11,0.002186462797838932,8.364160351564288e-05,4.268529051910441e-13,1.8568677928828154e-15
cosmx_bcc_xdonor_spot_0000005398,0.999474634834916,3.4623894822905124e-13,1.959152734611812e-05,1.7819674702745422e-15,0.0005057736373744469,1.7819674702745422e-15,1.1790932550187046e-14,1.7819674702745422e-15
cosmx_bcc_xdonor_spot_0000005399,0.9281300796076818,1.6935009853874023e-15,8.77502976104568e-05,1.6935009853874023e-15,1.6935009853874023e-15,1.6935009853874023e-15,0.0717821700946991,1.6935009853874023e-15
cosmx_bcc_xdonor_spot_0000005400,0.6785924177634942,1.1572057158111218e-14,0.0057068355210599985,1.5374310199622773e-15,1.5374310199622773e-15,1.5374310199622773e-15,0.3157007467154281,1.5374310199622773e-15
cosmx_bcc_xdonor_spot_0000005401,0.9992515649509601,1.5438793854927942e-15,1.5438793854927942e-15,1.5438793854927942e-15,1.5438793854927942e-15,0.0007484350490303794,1.5438793854927942e-15,1.5438793854927942e-15
cosmx_bcc_xdonor_spot_0000005402,0.9829555778446188,4.299452927138271e-11,1.2724200671949804e-09,1.6190772429925829e-15,1.6190772429925829e-15,1.6190772429925829e-15,0.008199525762102181,0.008844895077859401
cosmx_bcc_xdonor_spot_0000005403,0.7553943081530043,1.4357728649286356e-15,0.0059650933051500436,1.4357728649286356e-15,1.4357728649286356e-15,1.4357728649286356e-15,0.008111574393887079,0.2305290241479528
cosmx_bcc_xdonor_spot_0000005404,0.8369457321195662,1.6021907781568253e-15,3.316158790452476e-15,1.6021907781568253e-15,1.6021907781568253e-15,0.005998712594836307,0.15682601348008635,0.00022954180550289286
cosmx_bcc_xdonor_spot_0000005405,0.9469754103368692,1.4650470687385693e-12,0.0197004944580774,1.7631576473380382e-13,1.6167004797709187e-15,0.0003862068994978238,0.032739329482759885,0.00019855882115253629
cosmx_bcc_xdonor_spot_0000005684,0.0547010167870586,1.5051270787333126e-15,0.1320793684478819,9.935395970285325e-08,1.5051270787333126e-15,0.8074718084467375,0.0057477069637725114,5.867145088550327e-13
cosmx_bcc_xdonor_spot_0000005685,0.266569172820109,0.024943826736710417,0.2545136272676745,1.968873162212355e-15,0.10457967215530227,0.32384114029008965,0.02555256073011033,1.7310574662219686e-15
cosmx_bcc_xdonor_spot_0000005686,0.1582679831607008,1.5113616963894267e-15,0.14943703540447298,1.5113616963894267e-15,0.02741774216698186,0.6048013561922213,0.060075883075618515,1.5113616963894267e-15
cosmx_bcc_xdonor_spot_0000005687,0.5844514462473199,1.0071650487252253e-14,0.10965062707942833,1.5932638080937222e-15,0.006809418191129949,0.24631224396791554,0.052776264514192976,1.5932638080937222e-15
cosmx_bcc_xdonor_spot_0000005688,0.6696216309312226,1.25090963185211e-14,0.04088593694403696,1.704512216996712e-15,0.02294320990394184,0.19332586449873196,0.07322335559557974,2.126472601593901e-09
cosmx_bcc_xdonor_spot_0000005689,0.7523331882510894,3.060236318362087e-06,0.12843968637107409,1.992359587930362e-09,0.01218843156609437,0.023182475438029034,0.08385315614503319,1.812761018474707e-15
cosmx_bcc_xdonor_spot_0000005690,0.926811867428211,9.06582859546813e-05,0.03155039617740802,8.110849818248497e-06,0.011270400909142948,2.845914218200501e-08,0.03026853789032109,1.941488798431471e-15
cosmx_bcc_xdonor_spot_0000005691,0.9985338716922996,1.6851253969502204e-15,2.957414124492035e-10,1.6851253969502204e-15,1.6851253969502204e-15,8.673335279256955e-06,8.354034825652296e-08,0.0014573711363263019
cosmx_bcc_xdonor_spot_0000005692,0.9883264189387037,1.8751580146592476e-07,4.464040226405414e-15,1.6424465091632546e-15,1.6424465091632546e-15,2.9249156507715456e-14,0.01167339354545607,1.6424465091632546e-15
cosmx_bcc_xdonor_spot_0000005693,0.8743358373602133,1.3839765414419403e-09,0.1146468152252447,1.80180036079532e-15,1.80180036079532e-15,1.9150643565332602e-13,0.011017346030368285,1.80180036079532e-15
cosmx_bcc_xdonor_spot_0000005694,0.8421296734486688,1.7982362700369117e-15,0.1578703102268959,1.5084608012572583e-12,1.7982362700369117e-15,6.415513880411401e-11,1.6258765807996082e-08,1.7982362700369117e-15
cosmx_bcc_xdonor_spot_0000005695,0.9808815764760138,0.0003509180080658801,0.000431446686334963,0.0021096373335772064,7.361325974392167e-14,2.4845505998545617e-15,0.016226419181771676,2.314160419101636e-09
cosmx_bcc_xdonor_spot_0000005696,0.9888006383531838,2.616096528400147e-13,0.0013229671804217704,1.7490557235170934e-15,1.7490557235170934e-15,0.0028582245925823325,0.0032338707157667855,0.0037842991577803084
cosmx_bcc_xdonor_spot_0000005697,0.9383614070614608,0.0005983199312110536,0.05572422887744698,5.29398041446407e-13,1.8052320816148294e-15,1.6806137330272366e-05,0.0028455315289182617,0.002453706463101371
cosmx_bcc_xdonor_spot_0000005698,0.9430454590104443,0.0001714996016580139,0.0321892225671966,0.010431225018814147,1.6026059547164506e-14,1.8980357133191046e-15,0.014162593801866883,1.8980357133191046e-15
cosmx_bcc_xdonor_spot_0000005699,0.8674388680988191,1.893835558352876e-15,0.1096244747500202,0.018368877388553494,1.893835558352876e-15,0.0006929968444611712,1.8581474144964995e-08,0.0038747643366677633
cosmx_bcc_xdonor_spot_0000005700,0.7059313913860622,0.00037515174484390113,0.16362650752084681,2.146082772205329e-13,1.776940658743426e-15,1.776940658743426e-15,0.13006694934802684,1.776940658743426e-15
cosmx_bcc_xdonor_spot_0000005701,4.084337355235156e-09,0.5101161699875769,0.2273727484198504,1.3314543791560419e-15,0.07576128907910305,1.3314543791560419e-15,0.16526695026122504,0.0214828381679045
cosmx_bcc_xdonor_spot_0000005702,0.001552148412900207,3.218969671349188e-11,0.0750636050616058,1.0694324125105734e-15,1.0694324125105734e-15,1.0694324125105734e-15,0.13623596164249702,0.7871482848508041
cosmx_bcc_xdonor_spot_0000005703,0.4550313765304441,0.05901249737976443,0.02928478564892675,7.405193832432486e-09,0.04917568519523874,1.6344184627809336e-15,0.4074956478404288,1.6344184627809336e-15
cosmx_bcc_xdonor_spot_0000005704,0.6247411821441066,0.029580852571989905,0.31612396360238015,1.6376599659383774e-05,0.0045750080061576544,1.8468005960726168e-15,0.024962617075702454,1.8468005960726168e-15
cosmx_bcc_xdonor_spot_0000005985,1.2882860060175543e-15,1.942522148141432e-12,0.1188977109487393,1.2882860060175543e-15,0.005037806918174737,0.856485190163293,0.01957929196784653,1.2882860060175543e-15
cosmx_bcc_xdonor_spot_0000005986,0.08680146482297388,5.9666833697943526e-12,0.42946792897078195,1.5190375669193319e-15,1.5190375669193319e-15,0.4350840940755578,0.04864651212471503,1.5190375669193319e-15
cosmx_bcc_xdonor_spot_0000005987,0.41945594728557273,1.8647453009686284e-10,0.15345313482216424,1.5621445596776288e-15,0.12604540188009822,0.28472845902086363,0.016317056804823506,1.5621445596776288e-15
cosmx_bcc_xdonor_spot_0000005988,0.3730995713376606,1.1962436074761533e-14,0.3654412088550383,1.5478018128731494e-15,0.07386992190089293,0.07499860470377298,0.11259069320262005,1.5478018128731494e-15
cosmx_bcc_xdonor_spot_0000005989,0.7245018377092957,4.444540627256744e-12,0.18947007926489753,5.30978577150995e-15,1.772019203160871e-15,0.0074352961405743665,0.07859278688077917,1.772019203160871e-15
cosmx_bcc_xdonor_spot_0000005990,0.9479813027154543,1.710394830793918e-15,1.710394830793918e-15,1.3943611953869685e-11,1.710394830793918e-15,0.029690267593309463,0.02232842967728566,1.710394830793918e-15
cosmx_bcc_xdonor_spot_0000005991,0.9809749994473252,7.92612721295718e-14,1.6778333858915162e-15,1.226576188484677e-13,1.4146083435244213e-07,1.6778333858915162e-15,0.019024859091633293,1.6778333858915162e-15
cosmx_bcc_xdonor_spot_0000005992,0.8212919415036652,1.791193561509879e-15,0.1254618080388479,1.7920816662812158e-08,1.791193561509879e-15,1.791193561509879e-15,0.053246232517966285,1.8698299305817627e-11
cosmx_bcc_xdonor_spot_0000005993,0.6031674991203281,0.04082447143389622,0.18956424288142878,1.8818268753373444e-15,1.8818268753373444e-15,0.0025470497796123977,0.16389673678472866,1.8818268753373444e-15
cosmx_bcc_xdonor_spot_0000005994,0.03527968361124227,0.37371435946759146,0.39116316384801425,0.00512269741897667,0.03232440691588091,0.001821688820236823,0.16057399991805574,1.7553608167873685e-15
cosmx_bcc_xdonor_spot_0000005995,0.39991371024834027,6.465882092099896e-05,0.20089606319514847,8.101668843307672e-05,2.0054807544423876e-15,5.895166749005815e-09,0.3990445451519864,2.0054807544423876e-15
cosmx_bcc_xdonor_spot_0000005996,0.39950443943095953,0.23334614555892152,0.26055056907799534,0.009191257621907353,1.9242024179682666e-15,1.9242024179682666e-15,0.09740758831021018,1.9242024179682666e-15
cosmx_bcc_xdonor_spot_0000005997,0.26923727346887666,0.00018731235283071785,0.4921513225399556,0.05255567909332431,1.878152260584872e-15,1.878152260584872e-15,0.18586841254500683,1.878152260584872e-15
cosmx_bcc_xdonor_spot_0000005998,0.6565314857745321,0.0076894024787801775,0.15200086310486108,0.07630274903011423,0.0731776342598156,3.4532129574735785e-12,0.034297865348441585,1.7651556156781073e-15
cosmx_bcc_xdonor_spot_0000005999,0.9107256596012835,0.008359982898577355,0.05081391096454588,0.00018920726562681093,2.5946484242071135e-06,0.0001346317829170987,0.028499182681089464,0.0012748301575359118
cosmx_bcc_xdonor_spot_0000006000,0.9780130221581802,8.25274230941272e-10,1.5870763547607945e-15,3.4857188293350133e-06,1.5870763547607945e-15,3.847283139386467e-09,0.015486345073858794,0.006497142376571011
cosmx_bcc_xdonor_spot_0000006001,0.979588209945208,4.075498588068601e-05,0.0019223829730494583,1.4995330203780337e-12,0.00019040734907249028,1.7255582326239852e-15,0.013898288405873557,0.004359956339414417
cosmx_bcc_xdonor_spot_0000006002,0.989697666748237,0.0018469042698400042,7.026350570586637e-05,1.0035329663117747e-05,0.0005358893054081457,1.7192989506387777e-15,0.007839240841142311,1.7192989506387777e-15
cosmx_bcc_xdonor_spot_0000006003,0.9994599777037717,3.7652669372979704e-14,1.676715707040388e-10,3.7692629329184877e-10,1.754638328111344e-15,1.754638328111344e-15,0.0005400217515874081,1.754638328111344e-15
cosmx_bcc_xdonor_spot_0000006288,0.0005091831171174783,0.3526429438298104,0.2908700256247948,0.021307386945915347,3.036886278336239e-07,2.8932155027925186e-05,0.33464122463870427,1.8417181022707454e-15
cosmx_bcc_xdonor_spot_0000006289,0.11651521449659193,0.08363332603562562,0.5839768597224371,0.039667351021220064,1.6864172959433794e-15,0.02816581929363997,0.1480414294304819,1.6864172959433794e-15
cosmx_bcc_xdonor_spot_0000006290,0.47787017655998293,0.0362641016623662,0.3315060134924582,9.595132513963367e-15,1.6032231527094943e-15,0.02699161127330498,0.12736809701187485,1.6032231527094943e-15
cosmx_bcc_xdonor_spot_0000006291,0.36820623569509364,0.08159914794533071,0.1922269475822391,0.13117207383109256,1.420991579889871e-09,0.004588820489523805,0.22220677303572695,1.5923070970685915e-15
cosmx_bcc_xdonor_spot_0000006292,0.8899447144655365,4.782406295517206e-09,3.433848285406264e-13,0.0008183665083834953,1.64828495158664e-15,0.0003709674009031256,0.1087444502098798,0.00012149663254599282
cosmx_bcc_xdonor_spot_0000006293,0.9927239803592914,1.3262833141940396e-13,1.5880669017144095e-15,1.5880669017144095e-15,1.5880669017144095e-15,4.861981576555479e-13,0.007276019640083173,1.5880669017144095e-15
cosmx_bcc_xdonor_spot_0000006294,0.9765924158239432,1.567931163726847e-15,1.567931163726847e-15,2.0040287040484885e-06,1.567931163726847e-15,0.0008216371131354629,0.02258394303421096,1.567931163726847e-15
cosmx_bcc_xdonor_spot_0000006295,0.9289827174012444,1.5705775110281988e-15,4.449011847209379e-10,0.0625478958969188,1.5705775110281988e-15,1.7903881648939282e-08,0.008469368353049138,1.5705775110281988e-15
cosmx_bcc_xdonor_spot_0000006296,0.9797816981335044,0.0003874672221877881,0.0007076222486221607,2.620285894292122e-09,1.6555125009712303e-15,0.008524536176548065,0.010598673598848394,1.6555125009712303e-15
cosmx_bcc_xdonor_spot_0000006297,0.9323544587126349,1.0136332236994766e-05,0.00019585499446892393,0.048939438590851085,1.6893052720480952e-15,0.01062265424453662,0.007877457123471453,1.7982550200021996e-12
cosmx_bcc_xdonor_spot_0000006298,0.9012755795509448,0.040679970878192896,1.316384034995396e-09,0.021656135667543167,0.0035528114342899667,0.002017750404175022,0.02868157146113619,0.002136179287333728
cosmx_bcc_xdonor_spot_0000006299,0.9999999997257702,1.6638272165410723e-15,3.957330945003343e-11,1.6638272165410723e-15,4.435643666388213e-15,1.6638272165410723e-15,2.346451224705882e-10,1.6638272165410723e-15
cosmx_bcc_xdonor_spot_0000006300,0.9799723000782463,2.075886519960159e-08,1.7662511279776125e-09,0.016641497765738127,3.3579544766222045e-07,1.7070694805084503e-15,0.0033858438354480826,1.7070694805084503e-15
cosmx_bcc_xdonor_spot_0000006301,0.9998242902777259,1.704077458126561e-15,6.567033701997367e-12,5.097800985351847e-10,1.704077458126561e-15,0.00017570920591981903,1.704077458126561e-15,1.704077458126561e-15
cosmx_bcc_xdonor_spot_0000006302,0.9888496404960071,4.955155277248872e-10,1.733083207715576e-15,0.0005267593558382371,1.733083207715576e-15,2.7236061093742694e-09,0.010623596929027913,1.733083207715576e-15
cosmx_bcc_xdonor_spot_0000006590,0.9790991845385697,1.4760881080444608e-15,1.4760881080444608e-15,0.01319288666540404,1.4760881080444608e-15,0.0077070882634608755,8.405325592188471e-07,1.4760881080444608e-15
cosmx_bcc_xdonor_spot_0000006591,0.9795548726415644,1.6045650859056851e-15,1.6045650859056851e-15,4.792569109519193e-07,1.6045650859056851e-15,0.005968342817207285,0.014476305284310743,1.6045650859056851e-15
cosmx_bcc_xdonor_spot_0000006592,0.8657112246183996,0.000998371711773358,1.7122273132023815e-15,0.10464352321987606,5.006553557923664e-11,0.020429871740926097,0.00821700865895585,1.7122273132023815e-15
cosmx_bcc_xdonor_spot_0000006593,0.9652037354583177,1.3891173241224257e-12,1.5638648809726425e-15,7.465956982873468e-10,7.934676172510862e-10,0.018804260879196406,0.01599200212103019,1.5638648809726425e-15
cosmx_bcc_xdonor_spot_0000006594,0.9623168721019137,7.566090776832068e-11,6.75350240481938e-11,0.0001312212443381563,1.6965218737126094e-15,0.02568536047613,0.011866546034418947,1.6965218737126094e-15
cosmx_bcc_xdonor_spot_0000006595,0.7992181302205311,0.0756010564109725,1.880053184330038e-15,0.013600061955529612,0.04440654104063049,0.0658924072669701,0.0012818028340100633,2.7135426298039937e-10
cosmx_bcc_xdonor_spot_0000006596,0.7645508577475101,0.06455012997348125,1.945971445516078e-15,0.054145581720623566,0.034635458555931774,0.0702540040980331,1.2375596116784877e-05,0.01185159230830158
cosmx_bcc_xdonor_spot_0000006597,0.8500874161766808,0.05449444752148968,0.001287512068801232,0.02182534994711588,0.006597946783261335,0.06431475553425736,0.0013925719683918353,1.831679081066601e-15
cosmx_bcc_xdonor_spot_0000006598,0.9734722197894887,1.4854443741567464e-06,4.1095849703813044e-09,2.6493592285875494e-06,0.002212077632254924,0.012229529160847647,0.010573196016028637,0.0015088384881921481
cosmx_bcc_xdonor_spot_0000006599,0.999999857875172,7.180716713231186e-15,1.6521211302847822e-15,1.4212393114704508e-07,1.6521211302847822e-15,1.6521211302847822e-15,8.829226478052043e-13,1.6521211302847822e-15
cosmx_bcc_xdonor_spot_0000006600,0.9592987197073887,1.6310678458427542e-15,1.6310678458427542e-15,0.03593435757553014,1.6310678458427542e-15,0.004766922678000019,3.9074560212288805e-11,1.6310678458427542e-15
cosmx_bcc_xdonor_spot_0000006889,0.7851030701830498,1.6310992590611383e-15,0.003027215487368121,0.031145702782223193,1.6310992590611383e-15,0.170366585831492,0.010357425715861993,1.6310992590611383e-15
cosmx_bcc_xdonor_spot_0000006890,0.9387342786119641,1.4374161999938994e-15,1.4374161999938994e-15,1.9295938926571145e-14,0.05189079410962594,0.0042441990823671874,0.005130728196019025,1.4374161999938994e-15
cosmx_bcc_xdonor_spot_0000006891,0.9623526455462087,4.327860342111387e-12,1.6981367086490891e-15,0.025135944028317755,1.6981367086490891e-15,0.00519766591011992,0.005589086463709745,0.0017246580473124714
cosmx_bcc_xdonor_spot_0000006892,0.8804948750561827,4.315526118173546e-12,1.7165164666703662e-15,0.031075732237284964,1.7165164666703662e-15,0.06993229529020728,0.014718378444308278,0.0037787189676975466
cosmx_bcc_xdonor_spot_0000006893,0.729153087938077,0.06761519233406432,0.009134578291274937,0.0769410571938412,0.008250635119923185,0.10845010103495469,0.000455299027915967,4.905994865183614e-08
cosmx_bcc_xdonor_spot_0000006894,0.6630375049630581,0.047286685120943014,8.823879541236522e-09,0.1400769708320615,1.3193739443985328e-10,0.11305707553631714,0.023969652167417366,0.012572102424385993
cosmx_bcc_xdonor_spot_0000006895,0.8299589392614678,0.01610650082197742,0.00011292758990617839,0.10629598012500997,3.2751601230902346e-14,0.04022759076869812,0.007298061432905542,2.0759678817699132e-15
cosmx_bcc_xdonor_spot_0000006896,0.7896789727424873,1.8257475326401727e-06,0.008569214807476648,0.1018870692693573,0.021111631719597772,0.07174082032043305,7.602191310744889e-10,0.007010464632896231
cosmx_bcc_xdonor_spot_0000006897,0.9438668997560874,0.014763999298297829,1.3869095752900478e-13,0.017253101238583538,1.8374708407191533e-15,0.014109739773717316,2.637342270543337e-05,0.009979886510467705
cosmx_bcc_xdonor_spot_0000006898,0.9929958759465779,4.7620455226249615e-14,2.0536098866077088e-09,5.061951623559297e-06,1.79869010937716e-15,1.79869010937716e-15,0.0069990600481355985,1.79869010937716e-15
cosmx_bcc_xdonor_spot_0000006899,0.9963417307383658,5.7381141755746955e-12,1.143187149711925e-13,0.0015979596340369975,1.6790127065153982e-15,1.6790127065153982e-15,0.002060309621729579,1.1607363252781518e-14
cosmx_bcc_xdonor_spot_0000006900,0.977660916640765,8.216318899722029e-13,0.0005390089035309922,1.3116238437281955e-11,1.9666730799225547e-15,0.005532901388548511,0.013741086305870037,0.0025260867473454783
cosmx_bcc_xdonor_spot_0000007188,0.0034338691725261166,1.1455564067736457e-15,1.1455564067736457e-15,0.018290564565000653,1.1455564067736457e-15,0.9782755662624674,1.1455564067736457e-15,1.1455564067736457e-15
cosmx_bcc_xdonor_spot_0000007189,0.9687043081657694,1.5951603413735064e-15,1.5951603413735064e-15,0.022356644690431134,1.5951603413735064e-15,6.032243889089317e-11,0.008939047083470488,1.5951603413735064e-15
cosmx_bcc_xdonor_spot_0000007190,0.9398123532015642,1.4585787527705187e-15,1.4585787527705187e-15,0.014296349187756192,1.4585787527705187e-15,0.012171537455365256,0.03371976015530846,1.4585787527705187e-15
cosmx_bcc_xdonor_spot_0000007191,0.9818561277729431,5.237271067501227e-07,1.5840127365564162e-15,6.545904280635347e-13,2.8974363927387824e-11,0.00771709249120659,0.01042625544980508,5.293078426152023e-10
cosmx_bcc_xdonor_spot_0000007192,0.9313080510137488,3.6832571051978486e-07,3.840331461005771e-09,4.985976481390575e-10,0.004018293001813753,0.06392667020959339,0.0007466131102023788,1.6892981430812215e-15
cosmx_bcc_xdonor_spot_0000007193,0.9015755711371405,0.0031547120696629486,1.302785337667525e-07,0.05114573472424835,0.0046586740203465905,0.001173315186684936,0.038291862583381235,1.8658637805484295e-15
cosmx_bcc_xdonor_spot_0000007194,0.8530517908683491,0.0463266278192341,1.0975898143014805e-08,0.06592476587880662,1.7696602395221937e-06,0.010400844802006719,0.012312477402725073,0.011981712592740923
cosmx_bcc_xdonor_spot_0000007195,0.9284503799968661,5.041974081024443e-07,1.8785583998791467e-15,0.018661231417984734,1.8785583998791467e-15,0.009231551456280603,0.043656332931454565,1.8785583998791467e-15
cosmx_bcc_xdonor_spot_0000007196,0.9194937866751571,0.013542839925169312,1.7386494633164535e-15,0.04957778284497098,0.0036334350314112577,0.0010630615662985882,0.009697064308063566,0.0029920296489272164
cosmx_bcc_xdonor_spot_0000007197,0.972620886468852,0.01671031209975259,1.7916029468840653e-15,1.2401047181610976e-07,4.201477853269547e-07,0.0021381836187478985,0.008403112558134068,0.00012696109625472132
cosmx_bcc_xdonor_spot_0000007198,0.9460241503116144,0.013244351814060095,1.672641813593205e-14,0.017839792343827567,1.9562122056851232e-15,1.9562122056851232e-15,0.02289170553047532,1.9562122056851232e-15
cosmx_bcc_xdonor_spot_0000007488,0.05646408870077941,1.2232527859636453e-15,0.2589345409506077,1.2232527859636453e-15,1.2232527859636453e-15,0.6846013703486067,1.2232527859636453e-15,1.2232527859636453e-15
cosmx_bcc_xdonor_spot_0000007489,0.7812120515505383,1.6721194384741863e-12,1.646826226889469e-15,0.1647957788172013,1.646826226889469e-15,0.053853124195317986,0.00013904543526530564,1.646826226889469e-15
cosmx_bcc_xdonor_spot_0000007490,0.7675684020952714,2.6059354006747232e-11,8.09635953663595e-11,0.16987709039707996,0.0020789315717091327,0.035672032096408124,0.024803543732506747,1.7657287319787758e-15
cosmx_bcc_xdonor_spot_0000007491,0.9380737805608464,2.6475155338467863e-11,1.697901297031847e-15,0.03758832318434851,0.0016845412033834127,0.011303386414757727,0.011349968610183185,3.874726369292319e-15
cosmx_bcc_xdonor_spot_0000007492,0.9052675586510426,1.1010244956758407e-05,1.7210881734124013e-15,0.00018733775821248136,0.04827963880931432,0.03134522073552769,0.012408783778536518,0.0025004500224078356
cosmx_bcc_xdonor_spot_0000007493,0.976659339668831,1.2730752973636914e-05,2.8486683934215415e-15,0.0007017221094746698,0.002982076506819154,0.01839704881213617,7.765121980403347e-05,0.0011694309299586565
cosmx_bcc_xdonor_spot_0000007494,0.9150764292805836,8.802065735267344e-07,1.80827764808085e-15,0.08405239285288651,1.80827764808085e-15,0.0007974577911741188,2.2463059280580427e-09,7.283762247267416e-05
cosmx_bcc_xdonor_spot_0000007495,0.8904425801775201,4.448076059454463e-08,1.8913333540127628e-15,0.09894076960360831,1.8913333540127628e-15,1.1010712212379259e-11,0.010616134562893047,4.7116420345673704e-07
cosmx_bcc_xdonor_spot_0000007790,0.6891073661560596,0.13819120151714204,0.1606490246827933,0.0007058340356824188,6.919194091743844e-06,1.4175563189636638e-12,8.788666540701866e-10,0.011339653533946715
cosmx_bcc_xdonor_spot_0000007791,0.7655016438642006,0.010838173193854545,0.0034457631206403602,0.14864304381891977,0.046144038280567255,0.02542730445957842,1.572260001011108e-09,3.168997909161884e-08
cosmx_bcc_xdonor_spot_0000007792,0.8880796830047916,4.942687260201421e-09,2.0349670247548466e-15,0.09943819156546277,2.0349670247548466e-15,0.0011617773285455442,2.805550441562663e-08,0.011320315103004415
cosmx_bcc_xdonor_spot_0000014378,0.1811854431514062,2.4830755126441335e-06,0.5163775481265354,0.16371615218417826,2.5599081750743045e-15,2.5599081750743045e-15,0.13871837346235957,2.5599081750743045e-15
cosmx_bcc_xdonor_spot_0000014379,0.43511684645330423,0.10640468847527748,0.11369312817463394,0.3447797011128615,2.5260561658989908e-15,2.5260561658989908e-15,5.635783914981215e-06,2.5260561658989908e-15
cosmx_bcc_xdonor_spot_0000014380,2.3510376416857412e-07,0.0014968794772665796,0.654451268950199,0.2158336343289731,2.988412923322745e-15,2.988412923322745e-15,0.12821798213978805,2.988412923322745e-15
cosmx_bcc_xdonor_spot_0000014673,0.062268907928786636,0.06462320478780247,0.49826462811147587,0.20760189524775963,2.555085711843925e-15,0.01048021110875259,0.11152262033248814,0.045238532482932185
cosmx_bcc_xdonor_spot_0000014674,0.05165261871946475,0.006384871531381552,0.7808000545403019,0.15652790386519633,2.4143600138187723e-15,3.777615029521417e-11,0.004634551305874438,2.4143600138187723e-15
cosmx_bcc_xdonor_spot_0000014678,0.2536140836953361,0.33940995273798774,0.22793580865002133,0.11293542374274002,0.03980296340413078,2.3686846142992572e-15,0.013733089677094539,0.012568678092686886
cosmx_bcc_xdonor_spot_0000014679,0.34889766771457853,0.03491606301689839,0.36277740865282443,0.06802948157151405,2.359247763712205e-15,0.03194273711982435,0.14494377797120636,0.008492863953151528
cosmx_bcc_xdonor_spot_0000014680,0.39941092116889676,0.11344450002297925,0.06264250776607681,0.22328971785086346,0.02791601635934511,2.2973700654144065e-15,0.09979985400021606,0.07349648283162018
cosmx_bcc_xdonor_spot_0000014681,0.5303252231468985,0.05260902956603157,0.36257755575710476,8.395450768656135e-07,2.1570422719298563e-15,2.1570422719298563e-15,0.05448735130275766,6.821263187734975e-10
cosmx_bcc_xdonor_spot_0000014682,0.3171879145280681,0.11266837800192468,0.32053105028327633,0.18900082471677224,5.227699583673102e-09,0.001774572064184628,0.058837255178072305,1.98479926107023e-15
cosmx_bcc_xdonor_spot_0000014683,0.03060856318688078,0.34891494666689277,0.45029970461162055,0.09598440998591705,0.01453377502855568,2.2915689236033605e-15,0.05965860052012848,2.2915689236033605e-15
cosmx_bcc_xdonor_spot_0000014977,0.03965618889244542,0.41149423519821976,0.49375289988720245,6.8105194671431325e-15,1.8775765369324906e-15,1.8775765369324906e-15,0.05509667602211994,1.8775765369324906e-15
cosmx_bcc_xdonor_spot_0000014978,0.9004967062827642,0.08591959240591505,0.013583700303766804,1.828668837866226e-15,1.0056860355644868e-09,1.828668837866226e-15,1.862270389667134e-12,1.828668837866226e-15
cosmx_bcc_xdonor_spot_0000014979,0.9974958166569509,8.277507211487372e-10,5.489026131823948e-13,1.7067385471026548e-15,1.7067385471026548e-15,1.7067385471026548e-15,1.600151809225245e-07,0.002504022499563373
cosmx_bcc_xdonor_spot_0000014980,0.9500977048253687,7.600915522751414e-14,1.6494063255103902e-15,0.01601121986560583,1.6494063255103902e-15,1.6494063255103902e-15,0.03389107530894277,1.6494063255103902e-15
cosmx_bcc_xdonor_spot_0000014981,0.8381394154128048,0.00042723210283079953,0.007901477016108814,0.015107589691345619,0.09070876338175593,1.8941981663795976e-15,0.04771552239515015,1.8941981663795976e-15
cosmx_bcc_xdonor_spot_0000014982,1.5028618547315607e-05,0.2170838872982747,0.5650043527743368,0.06478190385925045,7.948517822286688e-07,1.7991181599146278e-15,0.15311403259780487,1.7991181599146278e-15
cosmx_bcc_xdonor_spot_0000015265,0.9759907962758761,9.942886878662076e-12,1.7693938662846279e-15,5.15873689709074e-05,1.7693938662846279e-15,1.7693938662846279e-15,0.02395761634520288,1.7693938662846279e-15
cosmx_bcc_xdonor_spot_0000015266,0.8997798981846074,4.664134720319406e-08,4.4225864714753173e-13,0.04855357983727476,0.01960750440893732,1.857045024408825e-15,0.030407874444613174,0.0016510964827760135
cosmx_bcc_xdonor_spot_0000015271,0.9098650989095929,1.1685284380118257e-10,0.08599578668343769,6.890379521545817e-07,1.8163717764058007e-15,1.8163717764058007e-15,0.002054966368779997,0.002083458883380687
cosmx_bcc_xdonor_spot_0000015272,0.9875738010513657,4.1132725305962e-11,0.006489093291842597,5.51050996893686e-12,1.778133136368352e-15,0.0038220553081494903,0.002115050301995343,1.778133136368352e-15
cosmx_bcc_xdonor_spot_0000015273,0.9501947367818596,0.04295583192700583,1.7576049576638236e-15,5.257239660318506e-14,2.860570293177571e-05,1.7576049576638236e-15,0.0002889100160075465,0.006531915572138997
cosmx_bcc_xdonor_spot_0000015274,0.776695668055466,1.895986308448726e-15,0.2233042113681808,1.2057634340752987e-07,1.895986308448726e-15,1.895986308448726e-15,1.895986308448726e-15,1.895986308448726e-15
cosmx_bcc_xdonor_spot_0000015275,0.8693221633066308,2.619777630568385e-08,0.12626724072351198,0.004019539208455727,1.99958021488933e-15,1.99958021488933e-15,0.0003910305636190569,1.99958021488933e-15
cosmx_bcc_xdonor_spot_0000015276,0.32001558958844495,1.7526238530016899e-15,0.6799844104115356,1.047505254495289e-14,1.7526238530016899e-15,1.7526238530016899e-15,1.7526238530016899e-15,1.7526238530016899e-15
cosmx_bcc_xdonor_spot_0000015277,0.9738813119812625,0.011445221580318982,0.002855054935438079,0.0033605522351696417,2.3423321410899333e-10,1.9941445667338445e-15,0.007931525636123296,0.0005263333974523369
cosmx_bcc_xdonor_spot_0000015278,0.9994337595800289,0.000272113551261266,3.1616871172629236e-07,6.627379786525843e-11,0.00029375931728700195,1.872843050599622e-15,5.131643345194387e-08,1.872843050599622e-15
cosmx_bcc_xdonor_spot_0000015279,0.9220863266369372,1.8608339349159926e-10,0.02908721183170687,0.021666729071251153,1.987319976983439e-15,1.987319976983439e-15,0.02715973227401539,1.987319976983439e-15
cosmx_bcc_xdonor_spot_0000015280,0.38138832228065644,1.90515109245046e-07,0.5562187375948308,1.9555846865696944e-15,0.06238143264967078,1.9555846865696944e-15,1.1316959726790848e-05,1.9555846865696944e-15
cosmx_bcc_xdonor_spot_0000015281,0.9882943890550207,5.3128672710878705e-05,1.8628046251487707e-15,1.8628046251487707e-15,1.8628046251487707e-15,0.00109736441774457,0.010555117854516056,1.8628046251487707e-15
cosmx_bcc_xdonor_spot_0000015515,0.11001349597307167,0.13591641334854926,0.413681916472474,0.20152507372646178,2.8755286886266474e-15,0.03760665301350906,0.10125644746592834,2.8755286886266474e-15
cosmx_bcc_xdonor_spot_0000015516,0.007483659783275298,0.3051057487188328,0.3807011661841267,0.21455274704217933,2.528576744949107e-15,2.528576744949107e-15,0.09215667827157836,2.528576744949107e-15
cosmx_bcc_xdonor_spot_0000015517,0.9470472317174254,0.015890340937175427,0.0036482421907325737,7.1535488340114e-07,2.110983137430059e-15,9.010552102243762e-13,0.033413469798877715,2.110983137430059e-15
cosmx_bcc_xdonor_spot_0000015518,0.9613717704473731,0.001717689078339421,2.004104953489031e-15,2.0207264636878036e-07,0.0015922656554367262,2.004104953489031e-15,0.02879026208452189,0.006527810661678382
cosmx_bcc_xdonor_spot_0000015519,0.9459610209271304,5.949813467731398e-11,1.9364304221503162e-15,0.027442910711523643,1.9364304221503162e-15,1.9364304221503162e-15,0.02659606830184003,1.9364304221503162e-15
cosmx_bcc_xdonor_spot_0000015520,0.3575216560682173,0.3223471460090194,0.18690954527662668,0.03386323814550173,0.022107661326471052,0.005998201519037822,0.06543140233968762,0.005821149315438315
cosmx_bcc_xdonor_spot_0000015521,0.03638248172427481,0.4248582613868525,0.23192570720524572,0.15710017846231403,1.8195266246949903e-10,0.014269654275389681,0.13546371676396765,2.6475560365109446e-15
cosmx_bcc_xdonor_spot_0000015522,0.054487679077907414,0.3625518604423016,0.24626139866652083,0.21962184087909342,2.862419083105757e-15,0.003081842203176833,0.11399537873099405,2.862419083105757e-15
cosmx_bcc_xdonor_spot_0000015557,0.02175597641995258,0.5887666363036034,0.07902059376571367,0.11803785592573142,2.0837305407099365e-15,2.0837305407099365e-15,0.19241893758499262,2.0837305407099365e-15
cosmx_bcc_xdonor_spot_0000015558,0.9114217869501389,4.657401441956286e-10,0.018409296995987694,0.04810950427330256,1.8979699496466285e-15,1.8979699496466285e-15,0.022059411314824865,1.8979699496466285e-15
cosmx_bcc_xdonor_spot_0000015559,0.9650695981907055,5.128830012265541e-07,0.007974091199987921,2.7689574639359634e-05,0.026928108151221358,2.00535512718383e-15,4.404485912955742e-13,2.00535512718383e-15
cosmx_bcc_xdonor_spot_0000015563,0.9155329868341233,0.035143093474700154,0.020511375576194184,1.577527042565754e-05,1.7744693222015394e-15,1.7744693222015394e-15,0.02879676884455116,1.7744693222015394e-15
cosmx_bcc_xdonor_spot_0000015564,0.9515682863827498,0.0024025757480744766,0.01187681268217306,0.008326654446117366,0.00684832399480287,1.8467259147198324e-15,0.017410179740225407,0.0015671670058549714
cosmx_bcc_xdonor_spot_0000015565,0.8659867454291161,1.4002454489094544e-09,0.10590405500020704,0.011046124843292962,1.8504520266497554e-15,1.8504520266497554e-15,0.01706307328276328,4.4371235363881695e-11
cosmx_bcc_xdonor_spot_0000015566,0.004092901839554813,0.22383535305160285,0.4059944649331166,2.0245051694561746e-15,0.05901145449489482,0.007416973699930616,0.2996488519808962,2.0245051694561746e-15
cosmx_bcc_xdonor_spot_0000015567,0.031206373391412308,2.1163350687267403e-15,0.8699361267620955,2.7563055733628168e-11,2.1163350687267403e-15,0.01867447005571183,0.0760784210489467,0.004104608714266328
cosmx_bcc_xdonor_spot_0000015568,0.07851416782562483,0.038168470130226374,0.6403302059081905,0.2429619015584118,2.2140779091740156e-15,2.2140779091740156e-15,2.5254577539845076e-05,2.2140779091740156e-15
cosmx_bcc_xdonor_spot_0000015570,0.9999997361280292,1.755487810611379e-15,2.606197846160825e-07,1.755487810611379e-15,1.755487810611379e-15,1.755487810611379e-15,3.252177162292411e-09,1.755487810611379e-15
cosmx_bcc_xdonor_spot_0000015571,0.9875534782123252,1.2691187016571768e-05,1.4302196940818024e-10,0.0003036208573665497,0.004494837374739177,1.7753077787419458e-15,0.0063468264502287725,0.0012885457752998437
cosmx_bcc_xdonor_spot_0000015572,0.9584762867651859,0.00014846267872534912,0.01954119840789504,0.0007499022833149255,3.391965038949209e-15,1.841405453408312e-15,0.01868835168572591,0.0023957981791474328
cosmx_bcc_xdonor_spot_0000015573,0.9793486144214648,0.00024702713154686805,0.001130157632868855,0.00641819345900838,1.9748712228743558e-15,0.0007401552231838258,0.012115852131923163,1.9748712228743558e-15
cosmx_bcc_xdonor_spot_0000015574,0.9298570115889732,0.022614991711070835,0.00021970567901433456,1.295971739951153e-11,0.02577454625529501,1.965691188153198e-15,0.021533744752682812,1.965691188153198e-15
cosmx_bcc_xdonor_spot_0000015575,0.9999999993255632,1.6020021892749335e-15,1.6020021892749335e-15,1.6020021892749335e-15,1.6020021892749335e-15,1.6020021892749335e-15,6.744270625443566e-10,1.6020021892749335e-15
cosmx_bcc_xdonor_spot_0000015576,0.8989141323512914,1.76279913155241e-15,0.10108585801226257,9.63619195476452e-09,1.76279913155241e-15,1.76279913155241e-15,2.466628585253182e-13,1.76279913155241e-15
cosmx_bcc_xdonor_spot_0000015577,0.9609629407719142,1.7130078247348642e-15,1.7130078247348642e-15,1.7130078247348642e-15,1.7130078247348642e-15,7.113392983331691e-07,0.03903634709168383,7.970966776025739e-10
cosmx_bcc_xdonor_spot_0000015578,0.17798966900553903,0.10007477306212527,0.5519350120767427,1.7818843737558402e-15,1.7818843737558402e-15,1.7818843737558402e-15,0.17000054585558583,1.7818843737558402e-15
cosmx_bcc_xdonor_spot_0000015579,0.8359061368669639,0.007070326532110755,0.1361861644395809,1.9401907369051816e-08,0.009458102641924385,1.8579422115788124e-15,0.011379250117508705,1.8579422115788124e-15
cosmx_bcc_xdonor_spot_0000015580,0.9560423279425344,2.8198575142591117e-10,9.090455422233484e-10,0.006594853267362639,1.9302357212989056e-15,0.005334177185929162,0.03198374813476192,4.489227837877748e-05
cosmx_bcc_xdonor_spot_0000015581,0.9345261373678097,0.030065730575013785,0.007915505593026631,1.940804794895353e-15,5.85680104446712e-07,1.940804794895353e-15,0.013262473354370946,0.014229567429670596
cosmx_bcc_xdonor_spot_0000015582,0.3926672010066873,1.6101433233320066e-15,0.607332798993303,1.6101433233320066e-15,1.6101433233320066e-15,1.6101433233320066e-15,1.6101433233320066e-15,1.6101433233320066e-15
cosmx_bcc_xdonor_spot_0000015583,0.8034635701557274,1.641518322711809e-15,0.0010618704039752598,0.19518203107003831,1.641518322711809e-15,1.641518322711809e-15,0.0002925283702521693,1.641518322711809e-15
cosmx_bcc_xdonor_spot_0000015584,0.9836188097407627,9.297415049058178e-09,0.01636470587793478,2.1200075103353175e-15,2.434590827953787e-09,1.914396822430119e-15,1.5721453065867528e-05,7.51196226629316e-07
cosmx_bcc_xdonor_spot_0000015585,0.8892034296212541,0.08263249014383957,2.090391703659432e-12,4.503582699817411e-06,1.9048877952519492e-15,0.02591131253403692,0.00011622631167862544,0.002132037804398924
cosmx_bcc_xdonor_spot_0000015586,0.9432615997762384,0.026572765760560984,5.408729691601031e-07,2.0292768946056616e-06,2.095462706135565e-15,2.095462706135565e-15,0.014336328624860846,0.015826735688471705
cosmx_bcc_xdonor_spot_0000015587,0.8693944565739604,8.105368759640353e-05,0.03372486596016183,0.08444293847230608,2.0342956116385457e-15,2.0342956116385457e-15,0.012356685305966652,4.494557576979644e-15
cosmx_bcc_xdonor_spot_0000015588,0.873450220759444,0.06771212441343946,0.019324606396671894,1.671604887493531e-09,2.2060921983670717e-15,0.025497017593693334,0.007956473885568239,0.006059555279575897
cosmx_bcc_xdonor_spot_0000015589,0.7498178556109039,0.11435404771508818,6.486707618230196e-14,0.12140551108632336,8.463562353050537e-09,2.2862978684771723e-15,2.2862978684771723e-15,0.014422577124052777
cosmx_bcc_xdonor_spot_0000015813,0.5426556704000793,0.09000283266537844,0.11412311584977156,0.12429329988065864,2.684136597028342e-15,2.684136597028342e-15,0.09232343867199853,0.03660164253210814
cosmx_bcc_xdonor_spot_0000015814,0.7668168938390131,3.4359693023511375e-05,0.04054750375867999,0.08169345403665286,2.1781129617805057e-15,2.1781129617805057e-15,0.11090778867262392,2.1781129617805057e-15
cosmx_bcc_xdonor_spot_0000015815,0.34170419765397597,0.40150939871698915,0.12049330998757367,0.1283357488352325,6.852036773392075e-07,2.029362535181689e-15,0.007956659602547204,2.029362535181689e-15
cosmx_bcc_xdonor_spot_0000015816,0.7270063581576509,0.02288495641558887,0.1546597678166125,1.5917002317970035e-09,0.04891384099752171,2.1236853614075228e-15,0.04320544425212811,0.003329630768795546
cosmx_bcc_xdonor_spot_0000015817,0.9403759958390585,0.04675658677917903,1.9816898469607135e-15,0.00013712138319851782,1.9816898469607135e-15,1.9816898469607135e-15,0.012730295998555833,1.9816898469607135e-15
cosmx_bcc_xdonor_spot_0000015818,0.9938484408403769,7.740708918779563e-08,1.6025433279648828e-15,1.6025433279648828e-15,0.006145331301635802,1.6025433279648828e-15,6.150450891493052e-06,1.6025433279648828e-15
cosmx_bcc_xdonor_spot_0000015819,0.33522911806685013,0.01592515447893901,0.345379949345731,0.2094265997601048,2.2925867320465346e-15,2.2925867320465346e-15,0.08369109297113382,0.010348085377236454
cosmx_bcc_xdonor_spot_0000015820,0.04508051343418353,0.3043819570683284,0.49577305316188636,0.12848307799972375,2.554910142852456e-15,2.554910142852456e-15,0.02628139833587009,2.554910142852456e-15
cosmx_bcc_xdonor_spot_0000015821,0.040003259590649154,0.5647099012638942,0.2590565703987459,0.012714612140410446,0.06592039249555819,0.018056667540958908,0.039538596569780704,2.4471405926908965e-15
cosmx_bcc_xdonor_spot_0000015855,0.18176798454637946,4.4871759781155326e-05,0.810209508975812,0.007977634694867546,2.5403575616015156e-15,2.5403575616015156e-15,2.315212539947314e-11,2.5403575616015156e-15
cosmx_bcc_xdonor_spot_0000015856,0.08885972565235448,0.26998275257550086,0.31774116532523916,0.12367365909790222,2.3752191685157287e-15,0.05123971104375134,0.1451312381876424,0.003371748117607054
cosmx_bcc_xdonor_spot_0000015857,0.013324717660048026,0.30563866575565785,0.40631409286951886,0.08404804665863307,0.010559826799883586,2.272536415879801e-15,0.18011465025625406,2.272536415879801e-15
cosmx_bcc_xdonor_spot_0000015858,0.47327484503230544,0.09319647658921887,0.12162847584812186,0.26075295763916306,2.2985602910496922e-15,0.04399130114782911,0.0013846196447560718,0.005771324098603252
cosmx_bcc_xdonor_spot_0000015859,0.08114897887793669,1.0342042133292402e-09,0.7567823285692807,0.0804383303897359,2.260465538997586e-15,2.260465538997586e-15,0.08163036112883554,2.260465538997586e-15
cosmx_bcc_xdonor_spot_0000015861,1.9034470737107176e-15,0.17945310252182559,0.365084918175248,0.011510269786048999,1.9034470737107176e-15,1.9034470737107176e-15,0.44395170951686974,1.9034470737107176e-15
cosmx_bcc_xdonor_spot_0000015862,0.624221528566224,0.0005302923368681722,0.28242903249643686,0.0013930172174346001,0.0008131969477049414,1.8581296885035377e-15,0.08434241768941234,0.00627051474591722
cosmx_bcc_xdonor_spot_0000015863,0.9873200252135773,8.935879357545974e-10,2.301518109357289e-14,6.504794810992017e-13,0.012679564098569665,1.6956142369831478e-15,4.097935883732129e-07,1.6956142369831478e-15
cosmx_bcc_xdonor_spot_0000015864,0.9716391873635771,2.608514022120779e-12,2.78502859032591e-09,0.015840291384050426,1.738117883050093e-15,1.738117883050093e-15,0.01072344307993204,0.0017970753847996325
cosmx_bcc_xdonor_spot_0000015865,1.8677660503450204e-15,0.04522440730203792,0.2793248285422403,1.8677660503450204e-15,1.8677660503450204e-15,0.0012395343722048748,0.6742112297835094,1.8677660503450204e-15
cosmx_bcc_xdonor_spot_0000015866,0.826933982039427,0.03363389773226524,0.13857835642007396,0.0008097131723149883,2.102590792483241e-15,2.102590792483241e-15,4.405063591234681e-05,2.102590792483241e-15
cosmx_bcc_xdonor_spot_0000015867,0.9264207408908461,3.858023612864908e-07,0.00130360466723415,6.61948583332518e-06,2.04750366281008e-15,2.04750366281008e-15,0.07226864915371874,2.04750366281008e-15
cosmx_bcc_xdonor_spot_0000015868,3.9734416518181444e-10,2.7457735616474736e-12,0.7974187549758958,2.032651930330074e-15,2.032651930330074e-15,2.032651930330074e-15,0.202581244624006,2.032651930330074e-15
cosmx_bcc_xdonor_spot_0000015869,0.9546938916204024,1.7394019531173705e-15,0.04530610837174859,5.280669398354302e-15,1.7394019531173705e-15,1.7394019531173705e-15,7.836529715545899e-12,1.7394019531173705e-15
cosmx_bcc_xdonor_spot_0000015870,0.9938629261439141,1.3910677217945973e-12,1.8178755640572046e-15,9.434781689759312e-05,4.586584381423739e-09,1.8178755640572046e-15,0.006042721451207194,1.8178755640572046e-15
cosmx_bcc_xdonor_spot_0000015871,0.8859501837649428,7.755491757496991e-05,2.2752228775648876e-15,0.09193495655035469,0.009360952179171508,1.810954407182015e-15,0.01267635258793646,1.5513746728341992e-14
cosmx_bcc_xdonor_spot_0000015872,0.9816809963725299,3.506080621419551e-11,0.002441353644489528,0.001733917542170455,1.881141322725023e-15,1.881141322725023e-15,0.014143732405743412,1.881141322725023e-15
cosmx_bcc_xdonor_spot_0000015873,0.9874865547345295,3.271287265372111e-06,1.7682489592301284e-15,1.2413080963482913e-10,1.7682489592301284e-15,1.7682489592301284e-15,0.012510173852016646,2.052183138787303e-12
cosmx_bcc_xdonor_spot_0000015874,0.9818552640767687,2.1827879605547947e-09,1.7485689928583896e-07,5.036205447364142e-13,2.7244901578671642e-11,1.77229961664333e-15,0.018144558855791828,1.77229961664333e-15
cosmx_bcc_xdonor_spot_0000015875,0.9614376006271488,2.182238203505585e-08,0.0062600272362524755,5.626695925489261e-05,1.8823498065326273e-15,1.8823498065326273e-15,0.03224608335495607,1.8823498065326273e-15
cosmx_bcc_xdonor_spot_0000015876,0.7117578245339086,0.02087150507286175,0.21466929519077144,0.05156897570666141,2.5291522064153333e-15,2.0016057972573343e-15,0.0011323994938780976,1.9142470068975067e-12
cosmx_bcc_xdonor_spot_0000015877,1.6352042614135948e-15,1.6352042614135948e-15,0.8980017683265957,1.6352042614135948e-15,0.09607108766895477,1.6352042614135948e-15,0.0059271440044412075,1.6352042614135948e-15
cosmx_bcc_xdonor_spot_0000015878,0.7624501391278083,1.842958552961411e-15,0.23595870403378386,1.842958552961411e-15,1.842958552961411e-15,1.842958552961411e-15,0.0015911568383984098,1.842958552961411e-15
cosmx_bcc_xdonor_spot_0000015879,0.9999999760254455,1.7803128889776854e-15,1.7803128889776854e-15,1.7803128889776854e-15,1.7803128889776854e-15,1.7803128889776854e-15,2.3974543436413623e-08,1.7803128889776854e-15
cosmx_bcc_xdonor_spot_0000015880,0.9870034945147039,0.003377851331009163,0.004229230086128641,1.8085509185798106e-15,0.001630700188623831,1.8085509185798106e-15,0.003758723879528834,1.8085509185798106e-15
cosmx_bcc_xdonor_spot_0000015881,0.8796861294564644,1.7639221465121502e-15,0.08920541598674922,1.7639221465121502e-15,1.7639221465121502e-15,1.7639221465121502e-15,0.031015321691434256,9.313286534501749e-05
cosmx_bcc_xdonor_spot_0000015882,0.995584395769636,0.003839237741309586,5.592275366175774e-14,2.117490658869768e-05,0.00023435911786082877,3.9299591274058016e-13,0.0003208324641541855,1.7147786283752198e-15
cosmx_bcc_xdonor_spot_0000015883,0.9397830958991125,0.049868006794412986,0.006549391613660264,0.0021296251939535507,0.0016690607534679267,1.9682931667013423e-15,8.197453886480954e-07,1.9682931667013423e-15
cosmx_bcc_xdonor_spot_0000015884,0.914345201673131,1.1027499060536524e-07,0.0010154081985437918,0.047619659243047154,0.0026785952501366265,1.9522160176503205e-15,0.034341025360146785,1.9522160176503205e-15
cosmx_bcc_xdonor_spot_0000015885,0.8337992768334231,2.886955274580922e-12,0.005773653111223838,0.10431960250644119,1.8913166581685055e-15,1.8913166581685055e-15,0.05610746754601911,1.8913166581685055e-15
cosmx_bcc_xdonor_spot_0000015887,0.9598394148702506,0.04016052699472247,8.317043126146157e-15,3.635831475342539e-09,1.9002978525684287e-15,5.440986620346792e-08,8.93170835444229e-11,1.9002978525684287e-15
cosmx_bcc_xdonor_spot_0000015888,0.8301009034233877,0.052343943227590214,2.181681710190364e-15,0.10083396707867712,0.003026311164050673,2.181681710190364e-15,1.187000137106447e-11,0.013694875094419676
cosmx_bcc_xdonor_spot_0000015890,0.11231234096950862,0.0450332108363191,0.6613726746555677,0.08845452552449033,0.06374218826635887,0.02147641938525334,0.007608640362499577,2.356039785964836e-15
cosmx_bcc_xdonor_spot_0000015891,2.9990374812774312e-15,0.0306122760331421,0.007389385443601911,0.09097719633593772,1.823833147347631e-15,0.8140033637504289,0.024966000958058565,0.032051777478825955
cosmx_bcc_xdonor_spot_0000016061,0.5636331182744787,2.8193912068372654e-11,0.18928008035375554,0.24708675905045363,2.332510436533747e-15,2.332510436533747e-15,4.229311111928022e-08,2.332510436533747e-15
cosmx_bcc_xdonor_spot_0000016062,0.5827743054588636,0.11562437593286269,0.003156841569644418,0.1711840746203678,1.3102872528822306e-07,2.4339788945625975e-15,0.12329767665275884,0.003962594736774872
cosmx_bcc_xdonor_spot_0000016063,0.6823989536726519,0.0523903168731966,0.1618134900433701,0.09492871513690418,2.3321912670787935e-15,2.3321912670787935e-15,3.4072377189242083e-09,0.008468520866634653
cosmx_bcc_xdonor_spot_0000016065,0.7401553312614126,0.06946120861763896,2.190391324634183e-15,0.18641531862761312,2.190391324634183e-15,2.190391324634183e-15,2.0849722462004938e-08,0.00396812064360604
cosmx_bcc_xdonor_spot_0000016066,0.8407677431272261,0.12134038856872813,0.006263677265500772,0.02368330128494445,2.2910599976539172e-15,0.006743775794493513,0.0012011139591023533,2.2910599976539172e-15
cosmx_bcc_xdonor_spot_0000016067,0.745396896971025,0.0514511342698375,2.3520834433205644e-15,0.12406983443677375,2.3520834433205644e-15,2.3520834433205644e-15,0.04397173940885746,0.03511039491349887
cosmx_bcc_xdonor_spot_0000016068,0.7742576828628992,0.09678409670808341,0.05999472089631715,0.05495766771739053,2.078174434067466e-15,8.995788167594407e-05,5.044852246830204e-07,0.013915369448406923
cosmx_bcc_xdonor_spot_0000016069,0.5480619111684331,1.994816523042875e-14,0.009866684334313418,0.3706230446222473,2.3257600181406593e-15,0.014229184391522398,0.032690808664162414,0.024528366819299173
cosmx_bcc_xdonor_spot_0000016112,0.8732743307473627,7.968289598508269e-10,0.06080092059727116,0.01886728770387803,2.214818497903555e-15,2.214818497903555e-15,0.04705745995277888,2.0187580817810728e-10
cosmx_bcc_xdonor_spot_0000016113,0.8786801568492276,0.03673904190188983,0.05399857185710355,0.003227720350739326,2.1348470868868043e-15,2.1348470868868043e-15,0.026427734328548867,0.000926774712486413
cosmx_bcc_xdonor_spot_0000016114,0.4718238754963519,0.20071413309805974,0.08323146226747741,0.12854438215522548,0.08968701819879442,0.02599912878400591,8.275346840953965e-14,2.234280688137735e-15
cosmx_bcc_xdonor_spot_0000016115,0.9291078878249408,0.030380694608565222,1.927343535052857e-15,0.00045262256906825624,0.00545311059278936,1.927343535052857e-15,0.03460568440463042,1.927343535052857e-15
cosmx_bcc_xdonor_spot_0000016116,0.9212572631894892,0.009407184882682423,0.029061422946637078,3.701275648331381e-08,1.8937084820483993e-15,1.8346098960834846e-11,0.040274091661015796,2.8907103513389436e-10
cosmx_bcc_xdonor_spot_0000016117,0.7748610439794739,0.011253305766632301,0.07626637795479457,2.0314705605574187e-15,0.09595131785951679,2.0314705605574187e-15,0.04166795443957617,2.0314705605574187e-15
cosmx_bcc_xdonor_spot_0000016118,2.015657620557785e-15,0.4131445458692912,0.43466639525763695,0.027525057226378942,1.3920770676868424e-11,2.015657620557785e-15,0.124664001632766,2.015657620557785e-15
cosmx_bcc_xdonor_spot_0000016119,0.5766690063680406,0.21199544994908623,0.05076897585320696,0.11153787498434416,0.013971613826334158,6.055595627640681e-14,0.03505707901892505,2.2458046690503056e-15
cosmx_bcc_xdonor_spot_0000016120,0.4590779816163839,0.2657139758540122,0.18672877917639394,5.549742807239577e-06,0.0003172741564210671,0.008458034499101466,0.07969840495487787,2.2566893266427178e-15
cosmx_bcc_xdonor_spot_0000016121,0.028924435937779665,0.3296347941038962,0.435049413163294,0.2015044925710084,5.983580703943947e-10,0.0048868454532708504,1.8172390141143675e-08,2.5942317845984107e-15
cosmx_bcc_xdonor_spot_0000016154,0.9888805592594762,1.8099371988945835e-15,0.004538542259401564,1.8099371988945835e-15,1.8099371988945835e-15,1.8099371988945835e-15,0.006580898481112876,1.8099371988945835e-15
cosmx_bcc_xdonor_spot_0000016155,0.7224148152103883,1.1132655412167481e-06,0.15776814026001068,0.051351207136385794,2.186451450654787e-15,2.186451450654787e-15,0.06657468946769535,0.0018900346599740783
cosmx_bcc_xdonor_spot_0000016156,3.9603541765171605e-08,5.799578085510047e-07,0.21747652195322978,0.09961051732908706,2.217799539902063e-15,0.023865435293219862,0.6590469058631084,2.217799539902063e-15
cosmx_bcc_xdonor_spot_0000016157,0.00153072923923518,0.09197802611081844,0.8836802514503723,0.022740520489824802,2.4025823689725198e-15,2.4025823689725198e-15,7.047270974199438e-05,2.4025823689725198e-15
cosmx_bcc_xdonor_spot_0000016160,7.379646925471963e-10,0.059753628532906077,0.8789227588391554,0.008212122808262784,0.019063944040377482,1.890873828658433e-15,0.02256695502685157,0.011480590014479913
cosmx_bcc_xdonor_spot_0000016161,0.03852528230488302,0.40621155946064336,0.48172210167037666,0.006987822881274604,1.8380827999469483e-15,6.4702443884664325e-09,0.06655322721257427,1.8380827999469483e-15
cosmx_bcc_xdonor_spot_0000016162,0.5534470024223752,1.2152007445691172e-13,0.24604575239834553,0.03960931657088195,1.8981423930865205e-15,0.016857758352439633,0.14404017025583227,1.8981423930865205e-15
cosmx_bcc_xdonor_spot_0000016163,0.9331594641891641,0.027895914555683767,0.018178015212332414,0.0032822389818038047,0.0002905178717420966,2.0780777020236673e-15,0.017193849189269677,2.0780777020236673e-15
cosmx_bcc_xdonor_spot_0000016164,0.6578653353267735,0.1217635894814236,3.0044161891033085e-09,7.1679983698790606e-12,1.8413672797868307e-15,1.8413672797868307e-15,0.220371072180213,1.8413672797868307e-15
cosmx_bcc_xdonor_spot_0000016165,0.9738075795549141,1.1914428928041206e-09,6.79514829407065e-15,1.8487406582509506e-15,1.362472266005489e-13,1.8487406582509506e-15,0.019899475137159724,0.0062929441163366425
cosmx_bcc_xdonor_spot_0000016166,0.9485659519743053,3.387442239355853e-13,1.949582092995408e-15,0.025828058072264775,1.949582092995408e-15,1.949582092995408e-15,0.025605989953083153,1.949582092995408e-15
cosmx_bcc_xdonor_spot_0000016167,0.011695667565789112,0.33152692648953075,0.34305508802071455,2.519955702856789e-14,1.972515626674623e-15,1.972515626674623e-15,0.23547787668668518,0.07824444123725098
cosmx_bcc_xdonor_spot_0000016168,0.20434477075353355,0.06401639415706538,0.30542308299747994,1.6746884361570464e-15,0.3011662919332108,1.6746884361570464e-15,6.680341790267738e-08,0.12504939335528908
cosmx_bcc_xdonor_spot_0000016169,0.9944499134617047,1.669894051199129e-15,5.285375205953465e-05,4.975299113711818e-14,1.669894051199129e-15,1.669894051199129e-15,0.005497232786179233,1.669894051199129e-15
cosmx_bcc_xdonor_spot_0000016170,0.9705968256084343,1.9469862449487967e-08,1.6609113110129029e-15,2.8529793741652426e-13,0.013692431753417122,1.6609113110129029e-15,0.01571072316799576,1.6609113110129029e-15
cosmx_bcc_xdonor_spot_0000016171,0.9986876041157458,1.9406348834087793e-15,1.7631083962725447e-15,1.4613123683255823e-12,1.7631083962725447e-15,1.7631083962725447e-15,0.0013123958827838942,1.7631083962725447e-15
cosmx_bcc_xdonor_spot_0000016172,0.9820197213674812,1.9820258811917606e-08,5.737857412114931e-05,8.737479144950805e-10,1.810483114450266e-15,1.810483114450266e-15,0.01776624242315953,0.00015663694122762658
cosmx_bcc_xdonor_spot_0000016173,0.8626764759744316,1.621109942463456e-07,0.08308329675352838,1.533290443600792e-05,1.8788044233849344e-15,0.05342018995081274,0.0008045423057931112,1.8788044233849344e-15
cosmx_bcc_xdonor_spot_0000016174,0.4893494494446331,0.1159592067007167,0.2132879573294656,0.0683124880423136,2.0988581195216268e-15,2.0988581195216268e-15,0.11309089848286454,2.0988581195216268e-15
cosmx_bcc_xdonor_spot_0000016175,2.057672140472219e-15,0.05462908190141064,0.5711005516072579,3.631558407343514e-12,0.3700598665963234,2.057672140472219e-15,0.004210499891370407,2.057672140472219e-15
cosmx_bcc_xdonor_spot_0000016176,0.9880263808587949,2.2275544830085652e-07,1.8450577139318812e-15,0.003799931731013457,1.8450577139318812e-15,1.8450577139318812e-15,0.00817346465473567,1.8450577139318812e-15
cosmx_bcc_xdonor_spot_0000016177,0.7188760928001046,3.135244177593215e-12,0.20655278097015023,0.018366088177180717,1.9092052405128067e-15,3.101754547517224e-08,0.048248999890000956,0.007956007141880852
cosmx_bcc_xdonor_spot_0000016178,0.592614189195373,0.024869458626337784,0.27032390327958605,1.4412579157366295e-11,0.013301598020506329,1.8805308914966494e-15,0.09889085086378036,1.8805308914966494e-15
cosmx_bcc_xdonor_spot_0000016179,0.34662705715786446,0.3813050420177461,0.21014085142664524,4.889155549536552e-06,8.82242977642516e-09,1.8296936960917706e-15,0.061922151419761026,1.8296936960917706e-15
cosmx_bcc_xdonor_spot_0000016180,0.6589720501081736,0.056147174410589466,0.17576351690844205,0.024052649701012046,0.06467581531235213,1.8130645721103353e-15,0.02038879355942688,1.8130645721103353e-15
cosmx_bcc_xdonor_spot_0000016181,0.9708898687642581,0.008514724715626887,4.61082138365618e-12,0.005026685185668065,1.6983579417878606e-15,1.6983579417878606e-15,0.015568721329831184,1.6983579417878606e-15
cosmx_bcc_xdonor_spot_0000016182,0.8377274978230487,9.517642293468707e-06,0.16167765560992037,3.101385862599974e-07,1.9296937675509223e-15,0.0004848347406711237,0.0001001840454759999,1.9296937675509223e-15
cosmx_bcc_xdonor_spot_0000016183,0.759765112798625,0.03084849051977588,0.1116677471421038,0.08658722848032706,2.0043919526488433e-15,0.011131420745898584,3.132656671009773e-10,2.0043919526488433e-15
cosmx_bcc_xdonor_spot_0000016184,0.679685212283356,0.019920548488320464,0.2029965967624239,0.06571679059964138,0.031680851866230916,2.0162001852116942e-15,2.3250743590906075e-14,2.0162001852116942e-15
cosmx_bcc_xdonor_spot_0000016185,0.8428898253073277,1.8980254540243694e-15,0.15260335739517739,8.383965697474973e-10,1.8980254540243694e-15,1.8980254540243694e-15,1.8980254540243694e-15,0.0045068164590903355
cosmx_bcc_xdonor_spot_0000016186,0.39926626243387237,1.840104768391809e-15,0.5965676011098301,1.840104768391809e-15,1.88982171339659e-14,0.0008833509053494934,1.840104768391809e-15,0.003282785550923769
cosmx_bcc_xdonor_spot_0000016187,0.36555669689842013,6.267422531580127e-05,0.6342932262539882,8.740259001910416e-05,1.6599585603586088e-14,2.040622896042539e-15,1.1341859015806855e-12,3.110385570023726e-11
cosmx_bcc_xdonor_spot_0000016188,0.6500573729866509,0.17372246842432568,5.272747123583312e-09,0.11808697760387951,0.028469759200906768,2.289230158649997e-15,0.01756131095513638,0.012102105556351255
cosmx_bcc_xdonor_spot_0000016189,0.14277100187699834,0.11940846175227426,0.048270154899829304,0.11190196447239753,0.10657838909708506,0.43165028804826705,0.03612988207641433,0.0032898577767340883
cosmx_bcc_xdonor_spot_0000016360,0.9185862902323144,0.0720306577289274,2.130296254197031e-15,6.266191503360835e-05,2.130296254197031e-15,0.005610138613131208,0.003710251510586723,2.130296254197031e-15
cosmx_bcc_xdonor_spot_0000016361,0.910247707180723,0.002811938944152139,1.0777745318460673e-05,0.04057108489089901,2.208631786339348e-15,2.208631786339348e-15,0.03359704360474692,0.01276144763415595
cosmx_bcc_xdonor_spot_0000016362,0.8395914861326723,0.017992702530328693,2.1747425811515044e-15,0.08317085782636992,2.1747425811515044e-15,2.1747425811515044e-15,0.03819924436780719,0.021045709142815203
cosmx_bcc_xdonor_spot_0000016363,0.6366339832878932,0.1636281242397944,0.00447745288717117,0.16920293469497305,0.0010216689605333812,0.02503583557035223,3.5928023229786097e-10,2.274673676271528e-15
cosmx_bcc_xdonor_spot_0000016364,0.7685894337159886,0.03942181296282268,0.011673831119364238,0.17870497881508646,2.219538331499608e-15,2.219538331499608e-15,0.0016097057975020645,2.3758923138972466e-07
cosmx_bcc_xdonor_spot_0000016365,0.716364195859608,0.0497418847501072,4.1321416401564065e-10,0.19244840771544636,0.0004202892101681883,0.004623444620171583,0.02737767427548619,0.00902410315579839
cosmx_bcc_xdonor_spot_0000016366,0.7128563409618506,0.10845563098062433,3.0176696412962285e-12,0.17104649819101445,0.00020295412747708966,0.005709233367503828,9.938015933461591e-05,0.001629962209177452
cosmx_bcc_xdonor_spot_0000016367,0.7314553080025605,0.10394344567329351,0.027931444743848413,0.0900638069426071,2.3500013915605894e-15,0.022045335763131953,0.02455541898528019,5.239889275872301e-06
cosmx_bcc_xdonor_spot_0000016368,0.4494132508865836,0.36321652039131824,0.1208027702131965,0.00029922661107887406,2.5032478186012997e-15,0.06276575408271512,1.686541418977404e-06,0.003500791273685916
cosmx_bcc_xdonor_spot_0000016369,0.6451532173869363,0.1313446828820071,6.688461449809063e-14,0.20422613625505284,2.693025765465119e-15,2.693025765465119e-15,0.01927502376258515,9.397133461575434e-07
cosmx_bcc_xdonor_spot_0000016370,0.8494381231281565,0.026154165409769812,0.045072675511507836,0.03527006249579934,0.022169171804131325,2.504748947346172e-15,5.698725725713635e-08,0.021895744663375526
cosmx_bcc_xdonor_spot_0000016409,0.908091453406796,0.03423071155500993,6.889099989579021e-09,0.019911353458631452,2.0988262199324586e-15,0.004100950957126514,0.028152978197068117,0.005512545536265786
cosmx_bcc_xdonor_spot_0000016410,0.9835389901256841,0.004480173347599204,1.7244622247830834e-15,2.702151932977411e-05,8.257573625755685e-14,0.000577895657665949,0.008239160927725347,0.0031367584219112845
cosmx_bcc_xdonor_spot_0000016411,0.9878852253488072,1.6438330638432003e-15,1.6438330638432003e-15,1.6438330638432003e-15,1.6438330638432003e-15,1.3148779864365175e-06,0.012113459773197931,1.6438330638432003e-15
cosmx_bcc_xdonor_spot_0000016412,0.26717697186062705,0.3804161170540371,0.17612424483992237,0.08795259517616562,0.00011625064167468,0.012001352943414086,0.07621246748415668,2.329341201876718e-15
cosmx_bcc_xdonor_spot_0000016413,0.35955087350198633,0.338185571594142,0.15288372120412888,0.036464261979413506,0.10145868173453818,0.008765752311692153,0.002691137673380695,7.182701764995307e-13
cosmx_bcc_xdonor_spot_0000016414,0.9889065391299174,1.692907612086025e-15,2.1807974785404227e-15,1.692907612086025e-15,1.692907612086025e-15,1.692907612086025e-15,0.01109346087007177,1.692907612086025e-15
cosmx_bcc_xdonor_spot_0000016415,0.7494881746559656,2.718853616030513e-07,0.18310282790236526,1.1743200736857357e-05,2.1269928572954797e-15,4.595396669032842e-11,0.05738300752353779,0.010013974786076737
cosmx_bcc_xdonor_spot_0000016416,0.9570261415156827,0.02467643083170091,2.2780831688173728e-10,0.0036703729190219123,0.014324579366431136,0.00029723132358257026,5.243815771092767e-06,1.6729106463947608e-15
cosmx_bcc_xdonor_spot_0000016417,0.8209800680564158,0.023531386058486058,0.04010335250825974,0.0001400042824345928,0.023699505837379994,1.873910241930084e-15,0.09061281912755931,0.0009328641294627723
cosmx_bcc_xdonor_spot_0000016418,0.9696995828484186,0.018734355853679448,1.843892694838346e-15,2.2021060957244135e-07,0.00990577256042247,1.0392998897743175e-08,2.379659221044796e-13,0.0016600581336313166
cosmx_bcc_xdonor_spot_0000016419,0.7427527611232905,2.1749137599432517e-05,0.16848293528809793,0.02987813348202379,2.1592744792613604e-15,4.95776861962166e-08,0.058864371391297875,2.1592744792613604e-15
cosmx_bcc_xdonor_spot_0000016425,0.5276084341958794,0.25418388533626024,2.8727526921695847e-15,0.17095949133894395,2.8727526921695847e-15,2.8727526921695847e-15,0.011855877333560909,0.035392311795346514
cosmx_bcc_xdonor_spot_0000016428,0.03523540601902111,0.3096578740373002,0.0025673242810568798,0.43594000674218325,2.7834173681451863e-15,0.039589724543184705,0.17700966437724808,2.7834173681451863e-15
cosmx_bcc_xdonor_spot_0000016429,0.1463266851704463,0.5347161457363196,0.02815584936929307,0.13604727286682536,2.8773136532212346e-15,0.03580018931369606,0.11895385753671936,6.697368734356281e-12
cosmx_bcc_xdonor_spot_0000016430,0.45917658687510415,0.0009701219535834394,0.0893863537760227,0.3111274669103758,3.5772878213477355e-15,3.5772878213477355e-15,0.06709507333601859,0.07224439714888824
cosmx_bcc_xdonor_spot_0000016431,5.1835221815821144e-05,0.5708695173646359,2.859875996572878e-15,0.31932086254513403,2.859875996572878e-15,2.859875996572878e-15,0.10975778486840278,2.859875996572878e-15
cosmx_bcc_xdonor_spot_0000016432,0.07670099633253251,0.3208084905968029,4.241697290952417e-14,0.4478497730815812,0.06145382525862942,0.030310462425886177,0.0628764523045223,3.0813924291993406e-15
cosmx_bcc_xdonor_spot_0000016435,0.003543346883735998,0.11245767096863395,0.00023291711311887136,0.7292472216204904,3.0599438372786605e-15,0.04827750366431845,0.1062413397496961,3.0599438372786605e-15
cosmx_bcc_xdonor_spot_0000016453,0.9579374337013413,3.6013240288515566e-15,0.0010633492723413312,2.7527107709964142e-11,1.796060594317542e-15,0.010032829229084272,0.030966387769698706,1.796060594317542e-15
cosmx_bcc_xdonor_spot_0000016454,0.8988639171858703,0.03267003771762779,0.004015853428327738,0.06444688942723716,3.21785888349351e-06,1.9537727831541957e-15,8.43820494586476e-08,1.9537727831541957e-15
cosmx_bcc_xdonor_spot_0000016455,0.382213584023071,0.08029188414205567,0.10414511583443158,0.15288458460781693,2.457504656844485e-15,0.0016191834936169144,0.2788456475833688,3.1563661202324237e-10
cosmx_bcc_xdonor_spot_0000016456,0.0940321023879654,0.042827523983992304,0.1611313798612207,0.0966926550691833,2.439550438560933e-15,0.010989616547255188,0.5943267221503783,2.439550438560933e-15
cosmx_bcc_xdonor_spot_0000016457,0.03191304824255066,0.06521450725411183,0.4666857859698867,0.16899053590983332,2.5144308754871677e-15,3.318792680620757e-05,0.26716293469680635,2.5144308754871677e-15
cosmx_bcc_xdonor_spot_0000016458,1.7463428481048342e-15,1.7463428481048342e-15,0.9999999999999875,1.7463428481048342e-15,1.7463428481048342e-15,1.7463428481048342e-15,1.7463428481048342e-15,1.7463428481048342e-15
cosmx_bcc_xdonor_spot_0000016459,0.928558948103814,0.06980929583337138,0.00010191255927370955,5.399049003471154e-09,1.9371619300174026e-12,0.0004890817665414657,9.943026614357837e-05,0.0009413260698697289
cosmx_bcc_xdonor_spot_0000016460,0.9899237397519218,1.783805684123015e-05,1.6900841782752673e-15,1.6900841782752673e-15,1.6900841782752673e-15,0.009937806777038906,0.00012061541419115206,1.6900841782752673e-15
cosmx_bcc_xdonor_spot_0000016461,0.7913471891423395,2.699875243247808e-10,0.17670663557589342,7.21824507858414e-12,1.7646929496153537e-15,1.7646929496153537e-15,0.03194617500455596,1.7646929496153537e-15
cosmx_bcc_xdonor_spot_0000016463,0.953265246040838,4.800726791276763e-10,0.031109892303679904,1.34781079134699e-06,0.002450630664233028,3.5399591943605286e-10,0.013172882346387398,1.7409352801730127e-15
cosmx_bcc_xdonor_spot_0000016464,0.9521551246895357,0.02217485742282191,0.00042466689932982494,1.831048942500881e-15,1.6421432928947207e-07,1.831048942500881e-15,0.014683208020121382,0.010561978753858167
cosmx_bcc_xdonor_spot_0000016465,0.7558550733278406,7.091079082513236e-10,0.05369611563060812,3.671834435464847e-08,0.0037573245692293536,1.8444284990855475e-15,0.1866914490448659,1.8444284990855475e-15
cosmx_bcc_xdonor_spot_0000016468,5.0982721764614886e-05,0.0438866427963535,0.6325560114220078,0.03875103661861385,1.9761687499391143e-15,1.9761687499391143e-15,0.2738080662311598,0.010947260210096446
cosmx_bcc_xdonor_spot_0000016469,0.8448376136238726,3.4484597331650823e-07,0.022811913109342042,0.07521454625116619,0.0468955598735783,0.010239624369891493,3.9792617459109327e-07,1.6779955690966013e-15
cosmx_bcc_xdonor_spot_0000016470,0.9786758128130076,6.500748319879146e-11,2.6738563228341653e-15,0.00030808316864129175,1.7875533535357683e-15,1.0331956781447125e-10,0.02042345009390713,0.0005926537561124473
cosmx_bcc_xdonor_spot_0000016471,0.8037542220181885,1.8358216541774094e-15,0.19624516994797334,2.2825361347477544e-07,1.8358216541774094e-15,1.1241660288744396e-07,2.6736361610565843e-07,1.8358216541774094e-15
cosmx_bcc_xdonor_spot_0000016472,0.2623177249828133,0.1675472849133768,0.33024570372962214,0.11622425869304358,2.2633573383021274e-15,0.01784863714456527,0.10581639053657424,2.2633573383021274e-15
cosmx_bcc_xdonor_spot_0000016475,0.9624580382573727,0.00023632016981474916,1.4071974240713787e-07,0.01024067263380658,1.411425117322248e-05,1.8957145238578444e-15,0.02705066258704161,5.138104650290373e-08
cosmx_bcc_xdonor_spot_0000016476,0.9999492969775883,1.9478477772465214e-13,1.842865567037831e-15,1.842865567037831e-15,1.842865567037831e-15,1.842865567037831e-15,5.0703022207559365e-05,1.842865567037831e-15
cosmx_bcc_xdonor_spot_0000016477,0.9152087483027364,0.00013862934985089522,0.07557217319511221,1.7503648625242378e-15,1.999316552042653e-14,1.7503648625242378e-15,6.74822385758261e-10,0.009080448477454726
cosmx_bcc_xdonor_spot_0000016478,0.6965378378535689,1.7889884053746965e-15,0.26181504357897556,0.034378510850157126,1.7889884053746965e-15,1.7889884053746965e-15,7.001311448095466e-10,0.00726860701716169
cosmx_bcc_xdonor_spot_0000016479,0.9928990636340552,6.065638659254874e-13,0.002044744424395112,1.7391182430352061e-15,1.7391182430352061e-15,1.7391182430352061e-15,0.005056191940935907,1.7391182430352061e-15
cosmx_bcc_xdonor_spot_0000016480,0.5599006090339316,1.3237447418466633e-10,0.4124713825011599,0.027628008332448165,1.803664110421202e-15,1.803664110421202e-15,8.033099340160485e-14,1.803664110421202e-15
cosmx_bcc_xdonor_spot_0000016481,0.00045784731480864556,2.8102889383675075e-13,0.9758650571579192,1.957184379826337e-15,1.957184379826337e-15,1.957184379826337e-15,0.023677095526983237,1.957184379826337e-15
cosmx_bcc_xdonor_spot_0000016482,0.5051817478425426,0.009440911876044723,0.36765027039726295,0.09643547829699375,1.9369178274235987e-15,1.9369178274235987e-15,0.021291591587150046,1.9369178274235987e-15
cosmx_bcc_xdonor_spot_0000016483,0.9340215246027195,0.06420626092019381,1.9951755911635055e-08,6.3039247474162846e-09,0.0017089527294873047,3.1494777049225077e-12,6.323548876728192e-05,1.8699275186113863e-15
cosmx_bcc_xdonor_spot_0000016484,0.8778514541955115,0.00011101182640039492,0.0026647366540649906,0.08339088610014202,1.897513111753737e-15,1.897513111753737e-15,0.035981911222210686,1.6666278858433242e-12
cosmx_bcc_xdonor_spot_0000016485,0.5040904270987926,4.899307371402444e-08,0.39728059840404806,0.06359444304839632,2.269530571771606e-15,2.269530571771606e-15,0.025877098947768948,0.00915738350791559
cosmx_bcc_xdonor_spot_0000016486,0.944498861311585,0.012237652782476419,0.01834717572136786,0.0020765154440213493,1.9956994935505148e-15,0.015324565974363467,0.007515228766181825,1.9956994935505148e-15
cosmx_bcc_xdonor_spot_0000016487,0.9233008111901744,0.057526258229352575,3.737380759828092e-14,3.925287415737106e-14,2.152902235785614e-15,0.005812444503271131,0.0010785242143074858,0.012281961862815558
cosmx_bcc_xdonor_spot_0000016488,0.5531981170174559,0.05246593202343742,0.051080390523384034,0.04915934206260853,0.013429394787075808,0.28066682355819234,2.784374852157032e-11,2.162392307908637e-15
cosmx_bcc_xdonor_spot_0000016489,0.05872945578690035,8.589066040831372e-07,0.03212094727479336,0.03825263927565545,2.240007844517527e-15,0.8613790530570493,0.009517045698992858,2.240007844517527e-15
cosmx_bcc_xdonor_spot_0000016659,0.6901629629673711,0.1964825907209799,8.141187156958782e-08,0.11291009938269292,2.711436950373468e-15,2.711436950373468e-15,0.0004442655170759669,2.711436950373468e-15
cosmx_bcc_xdonor_spot_0000016660,0.638837925424864,0.16332315303974002,0.0043024185863026546,0.18306367537103485,2.345041363285746e-15,2.345041363285746e-15,0.00012107223276236686,0.010351755345291347
cosmx_bcc_xdonor_spot_0000016661,0.7042296033896003,0.13034660958332647,0.04856759553264872,0.10244660132093095,5.626090892860444e-06,0.011399030298574728,0.0003944084552616078,0.002610525328764523
cosmx_bcc_xdonor_spot_0000016662,0.5046752291829555,0.256099243049614,2.373319401947563e-15,0.20509870359821514,0.009273733997636984,0.012420954069289397,0.0001330374136831633,0.012299098688603438
cosmx_bcc_xdonor_spot_0000016663,0.6982340568103663,0.1032463831989227,0.05188594218126431,0.09745440994464756,0.010387713201837553,2.239628509347072e-15,0.024002240207994744,0.014789254454964344
cosmx_bcc_xdonor_spot_0000016664,0.18154495117798472,0.12614575395016414,0.2650694583109886,0.3600768872007366,2.4567126987899997e-15,0.0013873280751281031,0.065703695467286,7.192581770951695e-05
cosmx_bcc_xdonor_spot_0000016665,0.8136660886778971,0.09566496283210765,4.360671299345879e-06,0.06300993331873013,2.34775012214287e-15,0.004309276670442455,0.014370250488643647,0.008975127340877203
cosmx_bcc_xdonor_spot_0000016666,0.14046769144381135,0.2546074948726428,0.31463520351781155,0.15389653182781468,2.715789701290686e-15,0.009038492913619484,0.1273545854242945,2.715789701290686e-15
cosmx_bcc_xdonor_spot_0000016667,0.012744730758733249,0.346479890094709,0.1717476386980073,0.38769181135958075,2.4373852758813395e-15,2.4373852758813395e-15,0.08133592908896224,2.4373852758813395e-15
cosmx_bcc_xdonor_spot_0000016668,0.6499802579323026,0.1451444107540557,0.045743272667956116,0.13735105055929797,0.012102892411691749,0.007858973732012168,0.0018191419426810634,2.4695311185028867e-15
cosmx_bcc_xdonor_spot_0000016669,0.5615434873829029,0.13291467882538507,0.02884184421278063,0.24895807521896018,2.4129517647985265e-15,0.027029644782239178,0.0007122695777270333,2.4129517647985265e-15
cosmx_bcc_xdonor_spot_0000016709,0.8500534037690572,0.09303676020721059,2.5824234309501926e-14,0.021525593680822807,0.023914279911072082,1.8917680065798237e-15,0.011469962431807498,1.8917680065798237e-15
cosmx_bcc_xdonor_spot_0000016710,0.895575478237516,0.08891368161057565,0.012634874876886724,0.000768274948868354,0.0021038031109944545,1.9707371392785696e-15,3.887215154715877e-06,1.9707371392785696e-15
cosmx_bcc_xdonor_spot_0000016711,0.7281593654066325,0.14569795048800024,0.05732084661940241,0.056006004774672526,2.2228864878309445e-06,0.01281341634060625,1.934794615526108e-07,4.736687400598209e-12
cosmx_bcc_xdonor_spot_0000016712,0.9293174234422682,0.04786486589686197,1.081026233944802e-09,1.0839919691010576e-13,0.0038252751258752993,0.003096938252972772,0.01589549620067547,2.1154379337643901e-13
cosmx_bcc_xdonor_spot_0000016713,0.8304832823806083,1.7077611007572393e-10,0.0902735351973783,0.0002871630839187801,1.9163618575377706e-15,1.9163618575377706e-15,0.07414387790830715,0.004812141259007578
cosmx_bcc_xdonor_spot_0000016714,0.8978871529652438,0.029790836599324966,0.008644799241116562,0.0014927345164021165,0.0021949985276900883,1.8775651597769105e-15,0.05998947792997197,2.202484607422462e-10
cosmx_bcc_xdonor_spot_0000016715,0.98628652597375,7.243170590563618e-14,1.7172560452715687e-15,2.5239358454434126e-14,1.7172560452715687e-15,1.7172560452715687e-15,0.013285169730491696,0.0004283042956553888
cosmx_bcc_xdonor_spot_0000016716,0.7955542255211644,2.3622025960384746e-05,0.18484418549925347,0.009340724834211347,2.065011655459652e-15,2.065011655459652e-15,0.010237242119404069,2.065011655459652e-15
cosmx_bcc_xdonor_spot_0000016717,0.9333925654382456,2.0010767485189937e-06,0.03780245068437867,1.9509900968903618e-07,1.9339505066513416e-15,3.326910362471716e-05,0.028769518597988954,1.9339505066513416e-15
cosmx_bcc_xdonor_spot_0000016718,0.9657762191925795,0.02564978046015106,1.2195609215096024e-14,2.5141912394662836e-07,1.3693583885056315e-06,0.000323055095623202,0.007000364335205173,0.0012489601389164896
cosmx_bcc_xdonor_spot_0000016719,0.4006038001736511,0.18290998522165083,0.2419325611891571,0.14697447668768782,2.5544028578104556e-15,0.002215736102254576,0.022814473221287955,0.0025489674043079917
cosmx_bcc_xdonor_spot_0000016723,0.6915029531715632,0.10644172739541626,2.4806727745035265e-15,0.1286549393237055,7.1037684941300696e-15,0.019478224070013192,0.03222317384562839,0.021698982193663743
cosmx_bcc_xdonor_spot_0000016724,0.7241413888847165,0.1218370920001517,0.0011905012008380448,0.1276633907844866,2.4803537761391797e-15,0.00031726841543225733,0.02459218197826444,0.0002581767361079445
cosmx_bcc_xdonor_spot_0000016725,0.35237587266949855,0.17046785050046928,0.2946501676842691,0.09052216835535752,2.6039580021861085e-15,4.166351253008217e-10,0.08883770427661151,0.0031462360971562736
cosmx_bcc_xdonor_spot_0000016728,0.6665449184128189,0.13588283764806544,0.024151183419222864,0.16523730033818795,1.8533843653733756e-09,2.6033035747435465e-15,1.833129554076547e-07,0.008183575015362337
cosmx_bcc_xdonor_spot_0000016729,0.8730615464563013,0.11793103397020507,1.4082772895671039e-09,0.006945088326455833,2.4961494414317445e-15,0.0020611980163074083,1.1318224481777317e-06,2.4961494414317445e-15
cosmx_bcc_xdonor_spot_0000016730,0.11380565274876367,0.17994830792515948,3.2732755449787587e-06,0.4347607634512225,2.424923747179361e-07,2.6491565203304835e-15,0.2707273606414087,0.0007543994655233453
cosmx_bcc_xdonor_spot_0000016731,0.006477429218332746,0.4960370387384267,0.11103179170424475,0.15822505790963115,2.524324645509274e-15,2.524324645509274e-15,0.22783910773022853,0.00038957469913096423
cosmx_bcc_xdonor_spot_0000016732,5.650170806644508e-05,0.7437983028468582,5.464442200741498e-05,0.25584035160147817,9.733958424552919e-05,5.856279534016871e-14,0.0001528598372830352,2.5872050521960343e-15
cosmx_bcc_xdonor_spot_0000016733,0.003612747821940371,0.879753327233057,2.9832727404567753e-15,0.1166339249448498,2.9832727404567753e-15,2.9832727404567753e-15,1.4058903568097105e-13,2.9832727404567753e-15
cosmx_bcc_xdonor_spot_0000016734,0.08091914796483181,0.6659105183171945,0.042986844842546695,0.08371358265440591,0.0009165717346001156,0.031323489538760345,0.0942298449476547,5.795166233422393e-15
cosmx_bcc_xdonor_spot_0000016752,0.8176202832323467,0.10967981198054762,2.2964419419048375e-15,9.350483845753934e-08,0.0485669962430289,0.013729052968875381,0.010403762070358178,2.2964419419048375e-15
cosmx_bcc_xdonor_spot_0000016753,0.6903468471287947,0.044248764065492135,0.10949720316781301,0.11385225576242465,0.0017011819797713606,0.017393800033301186,0.022959947862400746,2.234683748036876e-15
cosmx_bcc_xdonor_spot_0000016754,0.24902160098342122,0.02459690921154159,0.4476316822088459,0.18995241790271966,2.3115271396234176e-15,0.008308606207703647,0.08048878348576329,2.3115271396234176e-15
cosmx_bcc_xdonor_spot_0000016755,0.10181646894485476,0.07940102456179281,0.14310063043818244,0.16284807322325964,2.6050095659445893e-15,0.006210782816129975,0.5066230200157751,2.6050095659445893e-15
cosmx_bcc_xdonor_spot_0000016758,0.8798724956293342,0.09038355853348623,0.00014953464853966088,0.024723663247959195,0.0009353411038043881,1.9651485273570322e-15,0.003935406836872321,1.9651485273570322e-15
cosmx_bcc_xdonor_spot_0000016759,0.978366131568413,9.259119723881715e-08,1.5622492459086769e-15,1.5622492459086769e-15,0.021633775839426377,1.5622492459086769e-15,9.57109509250907e-13,1.5622492459086769e-15
cosmx_bcc_xdonor_spot_0000016760,0.9822939910385806,1.7906648514676032e-15,0.001818603094863521,1.7906648514676032e-15,1.7906648514676032e-15,1.7906648514676032e-15,0.015887405866546585,1.7906648514676032e-15
cosmx_bcc_xdonor_spot_0000016761,0.9685529870722149,0.00012907360906998295,1.2371975217984064e-09,1.7176738103282358e-15,1.7176738103282358e-15,1.7176738103282358e-15,0.03131793808151054,1.7176738103282358e-15
cosmx_bcc_xdonor_spot_0000016762,0.9480467219263787,0.007585216394789367,0.027507153931571028,0.00863813697034912,1.935915050882189e-15,4.585470581215262e-14,0.008222770776861881,1.935915050882189e-15
cosmx_bcc_xdonor_spot_0000016763,0.8736137663137139,3.1769453045067888e-12,0.012866391762912344,1.7163175831146426e-15,1.7163175831146426e-15,1.7163175831146426e-15,0.11351984192018982,1.7163175831146426e-15
cosmx_bcc_xdonor_spot_0000016764,0.16293255485849223,0.09743710292198951,0.10839908174489234,3.9494822164345627e-14,1.8940939950271597e-15,0.019303449321996534,0.6119278111525861,1.8940939950271597e-15
cosmx_bcc_xdonor_spot_0000016769,0.3188150228953183,0.058260272876970165,0.1945661133739427,0.15795211107265478,2.4781196677620673e-15,2.4781196677620673e-15,0.026556128805682238,0.24385035097542676
cosmx_bcc_xdonor_spot_0000016770,0.0420463586448679,0.38004225532285246,0.2398122220963129,0.3380723459242332,2.9545207046030775e-15,2.9545207046030775e-15,2.681801172466623e-05,2.9545207046030775e-15
cosmx_bcc_xdonor_spot_0000016771,0.13080101162173127,7.929660250198149e-11,0.848312590058179,5.019363048377195e-06,2.2683010169856465e-15,2.765647134255737e-08,0.020881351221268732,2.2683010169856465e-15
cosmx_bcc_xdonor_spot_0000016774,0.9541445534293104,0.04576077145393402,1.9265157945788626e-15,5.386230811248281e-10,1.9265157945788626e-15,1.1811447412787251e-07,9.455646365265062e-05,1.9265157945788626e-15
cosmx_bcc_xdonor_spot_0000016775,0.9723986063000785,3.87442932126473e-06,3.5030316229001916e-05,2.680354187000713e-05,5.785975891671587e-15,0.006386782193547617,0.021148903209156734,9.791048184807848e-12
cosmx_bcc_xdonor_spot_0000016776,0.9300353136497729,1.5794723183077989e-15,1.5794723183077989e-15,0.05639011908024272,1.5794723183077989e-15,1.5794723183077989e-15,9.859746178860673e-08,0.013574468672516174
cosmx_bcc_xdonor_spot_0000016777,0.8896185836921464,2.8888209187936276e-05,1.2742819615282374e-07,0.07963113014007277,4.121588562128627e-15,1.8537857624478193e-15,0.030721270530388898,1.8537857624478193e-15
cosmx_bcc_xdonor_spot_0000016778,0.9793148678255201,0.0017920131277332119,1.7333712086496914e-15,8.974364088011101e-11,0.008735542650905495,0.003502171100884221,0.0037535461085789487,0.0029018590966328065
cosmx_bcc_xdonor_spot_0000016779,0.977716831060926,2.569827432435865e-07,1.1019418172714996e-06,0.006373135147053821,1.6029041215688956e-13,1.8488288434143327e-15,0.01568255527913794,0.00022611958815932847
cosmx_bcc_xdonor_spot_0000016781,0.6244395036115361,0.029624155731759742,0.27902441911585757,1.133044509473146e-08,0.019435839470893942,0.0017610003012444827,0.045715070438261084,2.01453142631025e-15
cosmx_bcc_xdonor_spot_0000016782,0.5984311020932818,0.05983254121844776,0.23058130110547995,6.970143705636018e-14,1.8943518610911108e-15,1.8943518610911108e-15,0.11115505558271506,1.8943518610911108e-15
cosmx_bcc_xdonor_spot_0000016783,0.7547490422683888,0.01221640226690948,0.0941015541922685,0.09464105756883845,2.100500816161643e-15,2.100500816161643e-15,0.013221823528872585,0.031070120174717955
cosmx_bcc_xdonor_spot_0000016784,0.35013707379190045,1.8981213995753743e-06,0.29224426159748834,0.18847377901091159,0.059151519641452585,0.001306634528553142,0.0995050764571461,0.009179756851148262
cosmx_bcc_xdonor_spot_0000016785,0.9786880043788737,0.012830313517954868,1.9004632730860388e-15,0.0037700266969524373,1.9004632730860388e-15,1.9004632730860388e-15,0.004711655406211226,1.9004632730860388e-15
cosmx_bcc_xdonor_spot_0000016786,0.935229652863232,2.974426878515164e-05,2.3895902953729673e-06,0.04670782766663861,2.0592889917413885e-15,0.002518089667134693,0.015512295943909902,2.0592889917413885e-15
cosmx_bcc_xdonor_spot_0000016787,0.44420032030527334,0.15277480135044066,0.003739412866598481,0.07996829714405627,0.07325801820130962,0.24604560177677792,1.3548355541009592e-05,2.6406088964505187e-15
cosmx_bcc_xdonor_spot_0000016957,0.8774972401208785,0.03337155672616668,2.4614667439050085e-15,0.08912868231687499,8.003690109000215e-09,2.3052535586003165e-15,2.5128323825426274e-06,2.3052535586003165e-15
cosmx_bcc_xdonor_spot_0000016959,0.08582079933100936,0.1896483429169032,0.16126175843047783,0.30556412965751983,2.762547926441101e-15,0.09744725385573791,0.130794434211236,0.02946328159711308
cosmx_bcc_xdonor_spot_0000016961,0.028073490633350174,0.16444755035510195,0.5413167200853789,0.2286881855140254,5.542160353328587e-10,0.037472873631731615,1.1792261934616396e-06,2.3402425559603114e-15
cosmx_bcc_xdonor_spot_0000016962,0.0016530187813593906,0.35494575123698247,0.29655007336259803,0.08694722620963773,0.10919816596997324,2.553027226789744e-15,0.1308890574750144,0.019816706964432097
cosmx_bcc_xdonor_spot_0000016963,0.660406031518141,0.1986347571716369,1.3001444202717911e-09,0.12158033367279783,0.0004392647896607371,0.0020993598225672525,0.0013564987624533184,0.015483752962598428
cosmx_bcc_xdonor_spot_0000016964,0.5810465693814737,0.06951356765903828,0.05119567059370435,0.2567431579814538,0.0009210272939850651,3.964397880471427e-11,0.028852331692113327,0.011727675358587415
cosmx_bcc_xdonor_spot_0000016965,0.4766748538911473,0.2546517292049025,0.040091540948424806,0.20216807554948651,9.031831868829256e-07,0.01211423754037065,0.007659293791313013,0.0066393658911683955
cosmx_bcc_xdonor_spot_0000016966,0.5193684838060458,0.10718018524777026,0.1046112817141033,0.2188996187460012,3.892372541565733e-11,0.01488171749265142,0.014491504556715457,0.020567208397788927
cosmx_bcc_xdonor_spot_0000016967,2.2115132980427053e-15,0.0016702194878206705,0.9697765008042134,6.0082710380912066e-15,2.2115132980427053e-15,0.028441400733367133,0.00011187897458601431,2.2115132980427053e-15
cosmx_bcc_xdonor_spot_0000017008,2.18026729631779e-15,0.21115397798417243,2.18026729631779e-15,5.896747444145143e-07,0.7888452939155329,2.18026729631779e-15,1.3842554142293332e-07,2.18026729631779e-15
cosmx_bcc_xdonor_spot_0000017009,0.014834254371647171,0.49252345821726057,3.470281463215762e-09,0.011619779675847947,0.44112539346027585,1.9319260614915898e-15,0.039897110804683125,1.9319260614915898e-15
cosmx_bcc_xdonor_spot_0000017010,0.9228068288678498,1.1310252091507261e-10,1.5292357935020884e-15,0.05022037852685606,5.900128462579249e-10,0.026970331996484603,2.4599056911511525e-06,1.5292357935020884e-15
cosmx_bcc_xdonor_spot_0000017011,0.8176351349018269,2.809233300410411e-13,1.5520736702348342e-15,1.1186392916751333e-13,0.039052455447992705,0.14331240955609756,9.368684140173119e-11,1.5520736702348342e-15
cosmx_bcc_xdonor_spot_0000017012,0.7762914879774506,0.056913721607151684,0.060438112593127924,2.829204683966322e-08,0.07745588649302433,0.00928110319928911,0.01734846589421329,0.0022711939436960236
cosmx_bcc_xdonor_spot_0000017013,0.7855079470390546,0.029085706363265285,0.13060555593661435,2.2099859368464532e-05,3.223974985700435e-14,1.970402892262782e-15,0.05477869080166096,1.970402892262782e-15
cosmx_bcc_xdonor_spot_0000017014,0.8159527031090102,0.04524423129188494,6.411349146880157e-14,1.727282571507752e-13,0.050028335542055484,1.894277846574172e-15,0.08877473005680875,1.894277846574172e-15
cosmx_bcc_xdonor_spot_0000017015,0.1615473080995754,0.30834929284956075,0.18955018559069975,0.01408802359700862,0.2580199860426182,2.5746809678194844e-10,0.06844520356306708,2.0776590965309243e-15
cosmx_bcc_xdonor_spot_0000017016,0.9824308212150131,4.074928518782308e-11,1.889056440321885e-15,9.19199264168269e-10,1.889056440321885e-15,1.889056440321885e-15,0.017569177825030594,1.889056440321885e-15
cosmx_bcc_xdonor_spot_0000017017,0.8308711086341499,0.019101080458908216,1.9867831112966106e-15,0.0006706050617036437,0.09210834387354797,0.0022086966156058033,0.05504016535608045,1.9867831112966106e-15
cosmx_bcc_xdonor_spot_0000017022,0.6281601961178189,0.05155168891683326,0.2195989735364476,0.046524658646662484,2.4630797520036245e-15,0.0025934775901053676,0.048427876015656963,0.003143129176472957
cosmx_bcc_xdonor_spot_0000017023,0.6143887257741971,3.7944582468024746e-06,0.14864805683263901,0.18617075648794928,2.4814442936408376e-15,0.00014019890590271855,0.050648467541060074,2.4814442936408376e-15
cosmx_bcc_xdonor_spot_0000017024,0.8993651567172336,0.04641540994217933,4.4527336884614186e-11,0.04366342828955676,2.3110530135856464e-15,2.3110530135856464e-15,0.0105560050064959,2.3110530135856464e-15
cosmx_bcc_xdonor_spot_0000017025,0.8373117633731534,0.07963817303846113,0.03435773685231487,0.017079085608227112,2.463810550691907e-15,0.01879791130125051,0.0001522594832692129,0.012663070343321346
cosmx_bcc_xdonor_spot_0000017026,0.833667715533115,0.03533475777441614,2.3192550895057438e-15,0.06150542948436972,2.3192550895057438e-15,0.001743733311539986,0.061762373930254126,0.005985989966300283
cosmx_bcc_xdonor_spot_0000017027,0.8199492141283325,0.09051423934063438,1.3179457730780683e-13,0.037074732045337,7.164920429129826e-14,2.1790603713297716e-11,0.05237246201606914,8.935244763294562e-05
cosmx_bcc_xdonor_spot_0000017028,0.825146833772098,0.09132400652593824,8.081772826605402e-15,0.06780187067285824,1.1991900732416415e-06,0.006684078557376565,0.00385639567865167,0.00518561560299608
cosmx_bcc_xdonor_spot_0000017029,0.7214625268568456,0.09128805908141396,2.619688925496825e-11,0.12085531157308307,4.579758697938385e-15,1.935882056041312e-07,0.0663939088742475,2.6639804776158855e-15
cosmx_bcc_xdonor_spot_0000017030,0.5939915323950232,0.18917839888703825,0.0823783201158166,0.0976846084983208,2.4837901180090843e-15,5.942421288786926e-09,0.03676713416137469,2.4837901180090843e-15
cosmx_bcc_xdonor_spot_0000017031,8.207258264325907e-11,0.21855636890409016,0.32951151363219616,0.30324595640065105,2.5061392994279416e-15,0.0019439839809240972,0.12872859861540709,0.01801357838465623
cosmx_bcc_xdonor_spot_0000017032,0.07397353947976247,0.511422685196909,0.07910494745200278,0.150990224136637,2.7498924894759042e-15,6.538002601375366e-09,0.18450859719668036,2.7498924894759042e-15
cosmx_bcc_xdonor_spot_0000017033,0.07428549867224454,0.7920440035651195,2.6278259164047596e-15,0.12726037027225906,2.6278259164047596e-15,2.6278259164047596e-15,0.0064079600557075105,2.1674346614504894e-06
cosmx_bcc_xdonor_spot_0000017034,0.05627126289188734,0.5778948558547115,3.469599440673358e-05,0.27891170899272405,2.7496880836295055e-15,0.08688747619035367,7.591122872936396e-11,2.7496880836295055e-15
cosmx_bcc_xdonor_spot_0000017052,0.0939457279016016,0.5796888229666847,0.06848454054830758,0.13811894981048864,2.528571761434454e-15,0.019001475701369026,0.09401078696145033,0.006749696110095635
cosmx_bcc_xdonor_spot_0000017053,0.10323604291742211,0.21957012016438598,0.33296896598462417,0.2582164892969757,2.7611456496502557e-15,2.7611456496502557e-15,0.08600838163658346,2.7611456496502557e-15
cosmx_bcc_xdonor_spot_0000017054,2.9919005401052874e-10,0.13202502914223557,0.23838463598548879,0.38068490037780417,2.670927227965141e-15,2.670927227965141e-15,0.24890543419527325,2.670927227965141e-15
cosmx_bcc_xdonor_spot_0000017058,0.8945373436119789,1.4646955725544036e-13,2.81228699086323e-10,0.08793433125893309,1.855738340394013e-15,0.002827037752378521,0.01470128709533038,1.855738340394013e-15
cosmx_bcc_xdonor_spot_0000017060,0.9599844714233484,0.0016762627510125713,3.9005244119477896e-09,0.015826619075663354,0.0020477724961393295,1.8242393199449465e-15,0.02046487035330837,1.8242393199449465e-15
cosmx_bcc_xdonor_spot_0000017061,0.9300300947757828,1.849755556778337e-15,0.016586844790833385,4.213049717885879e-12,1.849755556778337e-15,1.849755556778337e-15,0.05009767717163309,0.003285383257532044
cosmx_bcc_xdonor_spot_0000017066,0.8801288896114624,0.0006208033602847642,0.012287500001718056,0.06725238362221635,2.189374565632856e-15,0.029123996966596608,0.007144331280942128,0.0034420951567774353
cosmx_bcc_xdonor_spot_0000017067,0.9357527971525736,0.02443610852939306,4.7456224636346515e-08,0.028273505848826527,1.3282844428895935e-11,6.7088616702268495e-12,0.011537540992988402,1.9641552775709245e-15
cosmx_bcc_xdonor_spot_0000017068,0.5613194855958585,3.167033227118554e-08,0.24815133578823584,0.14965754171735834,4.881912069522944e-08,0.02632139278918963,0.009080494733579608,0.005469668886325041
cosmx_bcc_xdonor_spot_0000017073,0.7179356523451229,1.5571431437947693e-10,0.22439845947347203,1.7636996869719662e-15,1.7636996869719662e-15,1.7636996869719662e-15,0.057665888025683475,1.7636996869719662e-15
cosmx_bcc_xdonor_spot_0000017074,0.9033365382685674,0.03741057137951071,1.7581977813099817e-15,1.7581977813099817e-15,1.7581977813099817e-15,0.003312779510352996,0.055940110841561835,1.7581977813099817e-15
cosmx_bcc_xdonor_spot_0000017075,0.6674886361330785,0.1868670683265786,6.56575844224323e-13,0.05371114473204813,2.096832882349646e-15,2.096832882349646e-15,0.09160403403726071,0.00032911677037319163
cosmx_bcc_xdonor_spot_0000017076,0.9561646172662492,0.013860901264203787,1.941760010589589e-15,6.918849320514566e-10,0.023546469997833625,0.0018151596206287032,5.058230635997644e-05,0.004562268852837676
cosmx_bcc_xdonor_spot_0000017077,0.9896878370463171,0.00027361962543783,1.7846534940361422e-15,5.3034757022909834e-05,1.272008895157287e-06,0.000997628008581445,0.008986608553741851,1.7846534940361422e-15
cosmx_bcc_xdonor_spot_0000017078,0.976991561175477,8.655051238424606e-12,1.7161191222976506e-15,2.5011004615445363e-11,1.7161191222976506e-15,1.7161191222976506e-15,0.02187919723708522,0.0011292415537665131
cosmx_bcc_xdonor_spot_0000017079,0.9912612536228279,2.0803254524444037e-06,8.60227682208414e-15,4.222490461265449e-07,0.005964833051563422,0.0027714092942634923,1.4568362763347589e-09,1.80803978248519e-15
cosmx_bcc_xdonor_spot_0000017080,0.9395113923965729,0.025188482729103297,0.02402681924756045,0.00906981789760356,2.6602995910988208e-08,1.8423610637827573e-15,0.0022034611261571536,4.864253667626211e-15
cosmx_bcc_xdonor_spot_0000017081,0.7126697498263093,1.8281405922902208e-07,1.9460257791996495e-15,0.2807838365372079,0.006541108356104431,5.12246631300852e-06,1.9460257791996495e-15,1.9460257791996495e-15
cosmx_bcc_xdonor_spot_0000017082,0.9598102853027105,0.00011575891073838073,1.872028956412208e-15,1.872028956412208e-15,0.030610187214957656,1.872028956412208e-15,0.00946376857158576,1.872028956412208e-15
cosmx_bcc_xdonor_spot_0000017084,0.8989385566453391,0.03917921518543717,4.1805544675111853e-11,0.0427736509514326,0.0017110290913419659,0.003343527742803188,0.014054020341838237,2.20004614752128e-15
cosmx_bcc_xdonor_spot_0000017085,0.907142032506855,0.04091840117306581,0.0022196745119487014,0.038046383356268906,2.0564902356924455e-15,0.005003008990344925,0.0006047834145409547,0.006065716046973731
cosmx_bcc_xdonor_spot_0000017086,0.7843967236052475,0.12850806075007293,2.3126719054848085e-15,0.05470220557738694,2.3126719054848085e-15,0.029810694809571093,0.001573259945474252,0.0010090553122425415
cosmx_bcc_xdonor_spot_0000017256,0.8673231312712395,1.6929818592904232e-15,1.6929818592904232e-15,0.13061935969019167,1.6929818592904232e-15,1.6929818592904232e-15,1.6929818592904232e-15,0.0020575090385601693
cosmx_bcc_xdonor_spot_0000017257,0.6553610575149329,0.10639084443430931,0.01556098861236134,0.21683064804179586,0.0012959872819928305,2.5317251078881167e-15,1.1126493012334414e-14,0.004560474114594113
cosmx_bcc_xdonor_spot_0000017258,0.6280774630416762,0.18043668933294685,0.00218266071744497,0.1383923505484265,2.582705517897846e-15,2.582705517897846e-15,0.04987731100856961,0.0010335253509303303
cosmx_bcc_xdonor_spot_0000017259,0.3665396943065379,0.16682973472360024,0.06228183944534907,0.21712453412839555,0.12694859639867692,0.0008979514299898071,0.05937764956744794,2.5150618667944984e-15
cosmx_bcc_xdonor_spot_0000017260,0.497734866352792,0.12124804909575426,0.06556534163937049,0.26763983012303566,2.434969649044946e-15,0.044536709711743346,0.00012476068012001854,0.0031504423971817313
cosmx_bcc_xdonor_spot_0000017261,0.29488429468572763,0.1267611021179167,0.12419109046557003,0.40887135946136377,2.6727717223990186e-15,2.6727717223990186e-15,0.04015226392587502,0.005139889343541264
cosmx_bcc_xdonor_spot_0000017262,0.7161001728519448,0.23930529214988705,2.515357415861281e-15,0.02334740479250171,0.0002374124555281534,0.0024107950275718626,3.588915565499246e-05,0.01856303356690879
cosmx_bcc_xdonor_spot_0000017263,0.5176699142765412,0.3029361502375724,0.008314029466446929,0.15706283020667053,0.013922657377793702,2.4423625203721416e-15,9.44184349701984e-05,2.4423625203721416e-15
cosmx_bcc_xdonor_spot_0000017264,0.6375698425323532,0.09534014705856854,0.00017936861282995256,0.20106194209091072,0.014107753105826189,0.0004353680168688293,0.021723329833412502,0.029582248749230135
cosmx_bcc_xdonor_spot_0000017265,2.390534079511263e-15,0.13520789951858456,0.6241425295868087,0.1878397933433118,2.390534079511263e-15,0.0003864946149696617,0.05242328293631682,3.7524166082730945e-15
cosmx_bcc_xdonor_spot_0000017266,0.07122600970666454,0.36418144435623917,0.3617575492255575,0.08678987285785389,2.50773614142629e-15,2.50773614142629e-15,0.11604512385367718,2.50773614142629e-15
cosmx_bcc_xdonor_spot_0000017306,0.07892571594464307,0.5637781125596268,7.015659355680517e-12,0.1309058161849814,0.19377452331354744,2.7721735980824144e-15,2.4307544424932327e-08,0.03261580768263819
cosmx_bcc_xdonor_spot_0000017307,0.018174233340816463,0.11206556367613163,2.3894620371105197e-15,3.101586455520197e-06,0.8662256045808013,0.0035314968157877692,2.3894620371105197e-15,2.3894620371105197e-15
cosmx_bcc_xdonor_spot_0000017308,2.0599410053806285e-15,0.10197378554927759,2.0599410053806285e-15,0.01324741710860201,0.8847787973421101,2.0599410053806285e-15,2.0599410053806285e-15,2.0599410053806285e-15
cosmx_bcc_xdonor_spot_0000017309,0.6192690046322133,0.15552930568457615,0.07757676073567837,0.009705914715780087,0.1357152198741433,6.518369013738929e-13,0.002203794356954795,1.9932227624290293e-15
cosmx_bcc_xdonor_spot_0000017310,0.8002686314865292,0.04077491951838982,9.841385653774698e-15,0.009082458587586925,0.13358202807246214,0.0005142555002950106,0.012436316566768118,0.0033413902679593184
cosmx_bcc_xdonor_spot_0000017311,0.7652980301100765,0.028773570700531204,0.025688461580343498,0.03795773253985519,0.07723021416328435,1.9923555159317504e-15,0.06505199090590523,1.9923555159317504e-15
cosmx_bcc_xdonor_spot_0000017312,0.9416742981087712,1.638317779141668e-15,0.041277983080135146,5.352628099238166e-11,1.638317779141668e-15,1.638317779141668e-15,0.014886646077538876,0.00216107268002353
cosmx_bcc_xdonor_spot_0000017313,0.5878513313076136,0.1806484849890163,0.11832590023510088,0.017513318820702017,0.059504184206700096,1.8842497175218907e-15,0.03615678044086319,1.8842497175218907e-15
cosmx_bcc_xdonor_spot_0000017314,0.07810839485920573,0.5339509251115904,0.1772758620990843,0.003069769844297921,0.17786434251470792,2.0841670507724812e-15,0.029730705571109413,2.0841670507724812e-15
cosmx_bcc_xdonor_spot_0000017315,0.7478767396738086,0.0529271668463224,0.12661779844010798,0.05645539476136217,0.01387518938713454,6.121365173588745e-07,0.0022470987547449387,1.9578671151229902e-15
cosmx_bcc_xdonor_spot_0000017316,0.555551571169777,0.22913279127694483,0.007983548296844301,5.378883773489962e-11,2.2756406996188787e-15,2.2756406996188787e-15,0.20733208920263801,2.2756406996188787e-15
cosmx_bcc_xdonor_spot_0000017317,0.3956601956529063,0.18478691515316087,0.09838644308007335,0.10818514650218682,0.0754199097766423,0.03214422950913957,0.10541716032588853,2.215428258173624e-15
cosmx_bcc_xdonor_spot_0000017321,0.8637935094650865,1.5718072552843482e-06,0.052001430091048684,2.2658416568697713e-08,4.0414199546872987e-13,2.091229790950669e-15,0.08420346597778457,2.091229790950669e-15
cosmx_bcc_xdonor_spot_0000017322,0.91368915997984,0.0013769430405811672,2.0468394407553478e-15,0.02726264475490612,4.1345330372088015e-07,0.0071169306980450285,0.046988199817692505,0.003565708255629405
cosmx_bcc_xdonor_spot_0000017323,0.9813379733315305,0.006444238899966649,1.9752076244701596e-15,6.136974368695836e-06,4.1209808635372685e-06,1.9752076244701596e-15,0.012207529813264624,1.9752076244701596e-15
cosmx_bcc_xdonor_spot_0000017324,0.8540922284118508,0.06286069405576829,2.1299660573523088e-15,0.04416490758419121,0.016920046086364826,1.6786779002126162e-12,0.02196209913987842,2.4720265642535352e-08
cosmx_bcc_xdonor_spot_0000017325,0.9313347207507796,0.04426808486966483,1.934760417337102e-15,0.01546520440968434,1.2691414837715434e-12,1.934760417337102e-15,0.008675638085711012,0.0002563518828871202
cosmx_bcc_xdonor_spot_0000017326,0.8959403327148282,0.027621101350809887,2.035812177861742e-15,3.40142480307191e-06,0.07637207675231292,2.035812177861742e-15,6.308775723958849e-05,2.035812177861742e-15
cosmx_bcc_xdonor_spot_0000017327,0.9153897322424223,0.001984350235622821,4.539282505879314e-05,0.000902787158777205,2.1530166485175156e-15,1.5734755794705995e-10,0.07373386999942398,0.007943867381345239
cosmx_bcc_xdonor_spot_0000017328,0.850210899914258,0.06737089289898958,8.061782938788575e-07,0.07152162249161755,0.0015034482968844438,2.2969987352383167e-15,5.51289125325649e-06,0.009386817328700907
cosmx_bcc_xdonor_spot_0000017329,0.9274212774230557,0.0019467494187849126,2.297598630724171e-15,6.522688610955348e-09,0.0002591861545358931,2.297598630724171e-15,0.07037278048092777,2.297598630724171e-15
cosmx_bcc_xdonor_spot_0000017332,0.6549222839124927,0.18944704620700623,7.353894307375037e-06,0.07641911316888354,8.796723932543885e-09,0.019592698121908152,0.05961149589867521,2.691344750571544e-15
cosmx_bcc_xdonor_spot_0000017352,0.11625962598002847,0.07342615016555876,0.5798418446385757,0.14902740973862108,2.7100772415139453e-15,0.03368012192753449,0.009988119325193275,0.03777672822448558
cosmx_bcc_xdonor_spot_0000017353,0.04059512741638813,0.6239481562880825,0.15355653466080202,0.15780823563995583,2.6713693797396443e-15,2.6713693797396443e-15,0.024091945994763234,2.6713693797396443e-15
cosmx_bcc_xdonor_spot_0000017355,0.9906268647263501,2.2851784871661112e-07,1.7380363962664696e-15,1.7380363962664696e-15,4.3219153618415423e-08,1.7380363962664696e-15,0.00937286353664049,1.7380363962664696e-15
cosmx_bcc_xdonor_spot_0000017356,0.935569771222218,0.017131182589495194,0.04729904618827712,1.8941497498410207e-15,1.8941497498410207e-15,1.8941497498410207e-15,1.8941497498410207e-15,1.8941497498410207e-15
cosmx_bcc_xdonor_spot_0000017357,0.9938444703813821,1.2544526560332834e-08,1.7296216699715274e-15,1.1518854703372361e-07,1.7296216699715274e-15,1.7296216699715274e-15,0.006155401885537319,1.7296216699715274e-15
cosmx_bcc_xdonor_spot_0000017358,0.9628963788295258,8.559394269766665e-09,0.00953597746032181,0.00216866939128895,1.8818456889222618e-15,1.8818456889222618e-15,0.02347630513721828,0.001922660622247139
cosmx_bcc_xdonor_spot_0000017359,0.9999999998206642,1.9485924024996962e-15,1.7295222053854816e-10,6.367156925979787e-12,1.9485924024996962e-15,1.9485924024996962e-15,8.500039172383249e-15,1.9485924024996962e-15
cosmx_bcc_xdonor_spot_0000017360,0.9677213746959584,3.381327648828389e-13,0.00021047035622097268,5.234503503840709e-15,1.8290626881254836e-15,1.8290626881254836e-15,0.03206815494747163,1.8290626881254836e-15
cosmx_bcc_xdonor_spot_0000017361,0.9913849881514639,1.8028382268062527e-15,6.3368956941821046e-06,0.0010354064664398193,1.8028382268062527e-15,1.8028382268062527e-15,0.006206342990889756,0.0013669254955067738
cosmx_bcc_xdonor_spot_0000017362,0.9541235964165419,0.0025577352983607395,1.836461612653073e-15,5.637562375557158e-15,0.006336137261654727,7.251282667032315e-08,0.03698245851053795,7.049285793512405e-14
cosmx_bcc_xdonor_spot_0000017363,0.9715113797060213,4.7087882630247e-14,9.197979421659714e-14,0.010964641391178193,1.801657304834572e-15,0.0006016265748061132,0.01692235232785164,1.801657304834572e-15
cosmx_bcc_xdonor_spot_0000017364,0.9241780714693487,0.004999494775281812,1.9824972091535e-15,1.9824972091535e-15,1.9824972091535e-15,1.9824972091535e-15,0.042587610838756104,0.028234822916605215
cosmx_bcc_xdonor_spot_0000017365,0.7488647267325159,0.004028536031507309,0.06315541136517633,0.04055531034378251,3.6035958431609912e-09,0.0247823406957106,0.11643097250163445,0.002182698726077042
cosmx_bcc_xdonor_spot_0000017366,0.39288583471471167,0.11762386350152546,0.11411356064039814,0.23355702312776344,2.6657327509116403e-15,0.017332702769870836,0.11417546789690658,0.010311547348821172
cosmx_bcc_xdonor_spot_0000017370,0.29866125343171984,0.04920451952962972,0.6088248530120332,8.114115427258802e-11,1.5061720462891256e-12,0.012223131239803434,0.03108624270416433,2.1287003319177536e-15
cosmx_bcc_xdonor_spot_0000017371,0.728911975917588,0.0620534651016169,5.635388306458346e-10,0.0012198450497787608,2.217719603276642e-15,0.00039922687988614087,0.20741548648758681,2.217719603276642e-15
cosmx_bcc_xdonor_spot_0000017372,0.9951760174455223,0.002936108236150582,1.653893925731709e-15,1.653893925731709e-15,1.653893925731709e-15,1.653893925731709e-15,0.0018878743183184793,1.653893925731709e-15
cosmx_bcc_xdonor_spot_0000017373,0.9866250267603721,2.4569677207376813e-10,4.599849570346144e-10,6.250839478700438e-08,1.83409159738612e-15,1.83409159738612e-15,0.0011242483304713896,0.012250661695076062
cosmx_bcc_xdonor_spot_0000017374,1.7687336976731273e-15,3.7727362045271573e-13,0.8976352553557855,0.08338239546554932,0.0021831964430669656,1.7687336976731273e-15,0.016799152735215758,1.7687336976731273e-15
cosmx_bcc_xdonor_spot_0000017375,0.2902875496269122,1.948966786141695e-15,0.664766683667632,7.510834185259823e-12,1.948966786141695e-15,1.948966786141695e-15,0.044945766697936845,1.948966786141695e-15
cosmx_bcc_xdonor_spot_0000017376,0.8921578357124013,1.8180972145771084e-15,1.8180972145771084e-15,0.08887787702392941,1.8180972145771084e-15,1.8180972145771084e-15,0.01896342778161245,8.594820494370434e-07
cosmx_bcc_xdonor_spot_0000017377,0.9062413671342398,0.022279964782952334,2.024171833451473e-15,0.01695272880685355,2.024171833451473e-15,0.0032942505207480626,0.05123142573221046,2.6302299172502593e-07
cosmx_bcc_xdonor_spot_0000017378,0.844057117094038,0.07153327803028312,0.017269898256056744,0.04987802459157042,1.736450547590319e-05,0.017227899946106524,1.6417576467319107e-05,2.0207099686563885e-15
cosmx_bcc_xdonor_spot_0000017379,0.8617680700202173,4.273935262030948e-10,0.0006197432556642818,0.12205893902831831,1.7174996738835773e-15,2.130028426421406e-07,0.014199693529845157,0.0013533407357171942
cosmx_bcc_xdonor_spot_0000017380,0.9549162225913479,0.0042357760546362835,1.8645523857579978e-15,0.0017379117942203435,1.669029508507342e-13,0.016327711921761707,0.022782350411555727,2.722630918324477e-08
cosmx_bcc_xdonor_spot_0000017381,0.9124123391832807,0.04308748321067155,1.642077546219178e-11,0.04426463605491365,1.983149509089132e-15,8.520778469230763e-10,1.3948353245343194e-06,0.0002341458473090576
cosmx_bcc_xdonor_spot_0000017382,0.8734268971058357,5.075340392326964e-12,0.05676452224088688,0.05983101662519755,2.179390801194049e-15,2.179390801194049e-15,1.2192429725131129e-09,0.009977562803757091
cosmx_bcc_xdonor_spot_0000017383,0.7047794194301106,5.72505404664822e-15,1.9833624896568044e-15,0.2753187805823221,3.1561563695021394e-11,0.01014777519357276,1.9833624896568044e-15,0.009754024762423204
cosmx_bcc_xdonor_spot_0000017385,0.10129470189464979,2.223090258481825e-15,2.223090258481825e-15,0.3367562779426212,2.223090258481825e-15,0.5255260152148369,2.223090258481825e-15,0.03642300494788327
cosmx_bcc_xdonor_spot_0000017555,0.7016682424166063,2.1930315764190217e-15,2.1930315764190217e-15,0.2954267175832219,2.1930315764190217e-15,2.1930315764190217e-15,2.1930315764190217e-15,0.0029050400001606603
cosmx_bcc_xdonor_spot_0000017557,0.328382904464766,0.05936516487153428,0.2112894190086406,0.27934548354389216,2.482367675383295e-15,0.004440567699333336,0.054256582525573395,0.0629198778862577
cosmx_bcc_xdonor_spot_0000017558,0.44070937758604206,0.07209081115305369,0.02942584465511638,0.42605495799694787,2.44190172168329e-15,0.025481523223176216,5.830619620097181e-06,0.006231654766041211
cosmx_bcc_xdonor_spot_0000017559,0.7356983073465521,0.09315009540287417,2.720805698327093e-09,0.14396006266304873,1.997059821638457e-12,2.289784533158502e-15,0.02000870704480312,0.00718282481991678
cosmx_bcc_xdonor_spot_0000017560,0.30127293578198294,0.07197204057644079,0.3779467484473036,0.1875192434342642,2.6576235584850665e-15,2.6576235584850665e-15,0.0612890317600002,2.6576235584850665e-15
cosmx_bcc_xdonor_spot_0000017561,0.5403471229317476,0.20257601229681113,0.1480764627319187,0.034053292076943506,2.542317993112264e-15,0.003792544323283608,0.07115456563929026,2.542317993112264e-15
cosmx_bcc_xdonor_spot_0000017562,0.5450478215915685,0.08783250465803022,0.14331088728168,0.21139491322349493,2.4524425883017446e-15,0.012413872428762279,8.164590194415074e-10,2.4524425883017446e-15
cosmx_bcc_xdonor_spot_0000017563,0.7105645996860147,0.05704155818470527,0.05556535783008156,0.13837425958476654,2.348395815657314e-15,0.003343019497851801,0.029945321353058538,0.005165883863519296
cosmx_bcc_xdonor_spot_0000017564,2.67244238183168e-06,0.00017479363675109813,0.7090826704998117,0.09021481215256838,0.06769406342646547,0.026742377774599545,0.10608861006741954,2.4263025359112605e-15
cosmx_bcc_xdonor_spot_0000017565,0.11526485377992716,0.3317292846869307,0.1367989472681621,0.30835275013792135,2.8237103369716855e-15,2.8237103369716855e-15,0.07419386432546768,0.033660299801585275
cosmx_bcc_xdonor_spot_0000017605,7.417666933252275e-06,0.3849461809959691,0.032710090789523895,0.143833857100155,0.40733083994871105,0.019160048429026817,0.012011565069678364,2.372365800742388e-15
cosmx_bcc_xdonor_spot_0000017606,2.1279136925799783e-15,0.009350911031599496,2.1279136925799783e-15,0.02911760883488698,0.9615314801335028,2.1279136925799783e-15,2.1279136925799783e-15,2.1279136925799783e-15
cosmx_bcc_xdonor_spot_0000017607,1.8770968373030107e-09,0.5199029395695671,6.687628917662707e-06,0.06356858103902052,0.41064324281827747,0.005878495068847946,5.199827015862324e-08,2.3153453373515566e-15
cosmx_bcc_xdonor_spot_0000017608,4.4533849731678566e-10,0.14232640016680487,0.5142513970689225,0.05987737369409203,0.26790914539661104,0.00972144316647211,0.005914240061756635,2.282083359317487e-15
cosmx_bcc_xdonor_spot_0000017609,8.703436831919188e-15,0.2260087475237525,0.7195977936178725,7.991337194817699e-11,0.011938949531643057,2.375786936376227e-15,0.04245450924680511,2.375786936376227e-15
cosmx_bcc_xdonor_spot_0000017610,0.13713706378651924,0.13927301349853338,0.40807153344746444,2.685298895572686e-11,0.19283944956911406,2.172063603705271e-08,0.12267891795087775,1.947075452891225e-15
cosmx_bcc_xdonor_spot_0000017611,0.950393284652645,4.78718507299373e-06,4.575924012745444e-15,0.04092728915526327,1.4578994890061749e-05,1.6366267755722075e-15,0.00866005766149756,2.3506249098333186e-09
cosmx_bcc_xdonor_spot_0000017612,0.9774419357428428,1.601833477145178e-15,1.601833477145178e-15,1.4785946283896645e-09,1.601833477145178e-15,0.0016998355143496564,0.020237099277169848,0.0006211279870383276
cosmx_bcc_xdonor_spot_0000017613,0.3698175546742499,0.005111313263450313,0.4832550013164956,1.7825156053290912e-10,0.071330470602913,1.8723722313459727e-15,0.0704856599646358,1.8723722313459727e-15
cosmx_bcc_xdonor_spot_0000017614,0.9834580037018509,1.5366121944504396e-15,1.5366121944504396e-15,6.392435845302809e-06,1.5366121944504396e-15,1.5366121944504396e-15,0.014789522655260894,0.001746081207036432
cosmx_bcc_xdonor_spot_0000017615,0.876048885857969,0.041175631902328716,1.2116343293345234e-14,5.755162270836928e-13,0.01512705686494583,0.005718508276713025,0.06192991709745389,1.8835693684191492e-15
cosmx_bcc_xdonor_spot_0000017616,0.9371671852957364,0.03945716636730563,1.8957548129548643e-15,1.9967658107321826e-05,8.04773856361692e-09,2.7349378049437814e-12,0.020399943673529188,0.0029557289548459735
cosmx_bcc_xdonor_spot_0000017620,0.9979298040719536,9.772530010232747e-09,1.8905829314871625e-15,0.002070180532338982,1.8905829314871625e-15,7.336375805902124e-14,5.623098104184207e-09,1.8905829314871625e-15
cosmx_bcc_xdonor_spot_0000017621,0.8937472181193375,7.45968204037864e-05,2.0136031286216703e-15,0.10341120325520818,2.687869330441919e-10,2.0136031286216703e-15,0.0027663055551580304,6.759811014411382e-07
cosmx_bcc_xdonor_spot_0000017622,0.9894672668897694,3.9502951931368305e-06,1.92926129079557e-15,7.689273800170041e-05,1.0323767780261803e-13,1.92926129079557e-15,0.010451890076926724,1.92926129079557e-15
cosmx_bcc_xdonor_spot_0000017623,0.9889881820360045,0.0009363705453019619,1.938526778749187e-15,4.0112898445510176e-07,1.938526778749187e-15,1.938526778749187e-15,0.010075043974197409,2.3155058560444618e-09
cosmx_bcc_xdonor_spot_0000017624,0.9491875712311014,0.00019143512557250243,1.8950354099958188e-15,0.004461605690255349,0.025070774174911672,0.009047861727573124,0.010767134895225173,0.0012736171553584404
cosmx_bcc_xdonor_spot_0000017625,0.9277685544085866,0.00032435336041456423,1.9984374351289676e-15,0.05156708980880525,1.9984374351289676e-15,1.9984374351289676e-15,0.020340002422185338,1.9984374351289676e-15
cosmx_bcc_xdonor_spot_0000017626,0.931877262390619,0.02057367001305244,2.6086255528215544e-13,0.030372583511031934,2.0493189341153557e-14,0.0006341401476091474,0.011311260677725561,0.005231083259680634
cosmx_bcc_xdonor_spot_0000017627,0.9842117604037941,0.0006991804462783653,2.0264915711386253e-15,8.860353180956321e-10,2.0264915711386253e-15,2.0264915711386253e-15,0.011985828113221474,0.003103230150664431
cosmx_bcc_xdonor_spot_0000017630,0.7965860061426561,0.15895861624628851,2.386649856332075e-15,0.025928297288150617,2.236631520485382e-11,0.0037862038399215036,2.048628025113244e-05,0.014720390180363514
cosmx_bcc_xdonor_spot_0000017631,0.8075578969059066,0.04443739293259796,3.323150708658367e-12,0.12270058500593299,2.2698074611371092e-15,2.2698074611371092e-15,0.025304125152232366,2.2698074611371092e-15
cosmx_bcc_xdonor_spot_0000017651,0.8713690786117592,0.057592480318363,1.8999602879706137e-12,5.818035973011513e-14,2.0834381927892514e-15,0.016698295548021023,0.037286718718243475,0.01705342680165313
cosmx_bcc_xdonor_spot_0000017652,0.5650961039216648,0.041978169603945195,0.349051852293537,0.002179702495372146,2.5360411919690716e-15,2.5360411919690716e-15,0.017801311120721794,0.023892860564753926
cosmx_bcc_xdonor_spot_0000017653,9.48144134287376e-08,0.41609941195871536,0.45900441886690085,0.02701365631350545,0.0978481446122708,2.2183029762391534e-15,3.427343418957712e-05,2.2183029762391534e-15
cosmx_bcc_xdonor_spot_0000017654,0.9783462885752363,1.8257579762172913e-07,1.789712927376988e-15,1.789712927376988e-15,1.789712927376988e-15,1.789712927376988e-15,0.013568634040735295,0.008084894808223369
cosmx_bcc_xdonor_spot_0000017655,0.9932059943901208,5.721481351096325e-08,1.8962220261111282e-15,5.2318848735595365e-08,1.8962220261111282e-15,1.8962220261111282e-15,0.006793896076159301,5.193291813732681e-14
cosmx_bcc_xdonor_spot_0000017656,0.6707988966552807,0.13321072454763935,0.048955733144932116,7.308579985009632e-07,2.1097634619541327e-15,2.1097634619541327e-15,0.14703391479414277,2.1097634619541327e-15
cosmx_bcc_xdonor_spot_0000017657,0.694967366445082,1.8764922152255636e-15,0.2434701601975343,1.8764922152255636e-15,1.8764922152255636e-15,0.0029539683999482576,0.05860850495742768,1.8764922152255636e-15
cosmx_bcc_xdonor_spot_0000017658,0.977540604771013,0.008420609880205168,2.106018801391463e-15,2.106018801391463e-15,2.106018801391463e-15,4.05205801830448e-11,4.8347997888887194e-11,0.014038785259906785
cosmx_bcc_xdonor_spot_0000017659,0.9888869741771641,0.000549300687898945,0.005024124876648092,0.0001400353786619115,1.9633556717546132e-15,1.9633556717546132e-15,0.002320593389239516,0.0030789714903834598
cosmx_bcc_xdonor_spot_0000017660,0.9425727738558719,1.7967122850387106e-08,1.860122335664734e-15,1.860122335664734e-15,0.057427208163171005,1.860122335664734e-15,1.3826555231206997e-11,1.860122335664734e-15
cosmx_bcc_xdonor_spot_0000017661,0.999999999999988,1.6763852168960056e-15,1.6763852168960056e-15,1.6763852168960056e-15,1.6763852168960056e-15,1.6763852168960056e-15,1.6763852168960056e-15,1.6763852168960056e-15
cosmx_bcc_xdonor_spot_0000017662,0.9875150803823196,5.626948397842669e-10,1.889159391885635e-06,1.9843704442572613e-15,3.3176485279496046e-06,1.8924978549999723e-15,0.012479712247059791,1.8924978549999723e-15
cosmx_bcc_xdonor_spot_0000017663,0.7196622690504527,0.13025641851088288,0.12027383450166994,2.08220000458163e-05,0.000936269272666176,2.4163577600133594e-15,0.02885038666427743,2.4163577600133594e-15
cosmx_bcc_xdonor_spot_0000017664,0.8931179309151634,0.032882226562146774,0.019726557946475307,0.014818401541264303,5.188047052812332e-15,0.007956779532334077,0.01979094035421804,0.011707163148392834
cosmx_bcc_xdonor_spot_0000017665,0.8563939040506685,0.11520193845927014,2.847184949481057e-14,0.026770675100255856,2.0439951819844985e-15,2.0439951819844985e-15,6.15086635354994e-07,0.0016328673031374228
cosmx_bcc_xdonor_spot_0000017666,0.9573913712752763,5.922077052159742e-14,5.767665593581461e-10,1.205017574169824e-07,1.9331299516621314e-15,0.006695243909953803,0.030353066661597337,0.005560197074587357
cosmx_bcc_xdonor_spot_0000017667,0.03790035160447227,4.418802935029504e-14,0.9620996483953917,8.343337227166713e-14,2.0661363261623486e-15,2.0661363261623486e-15,2.0661363261623486e-15,2.0661363261623486e-15
cosmx_bcc_xdonor_spot_0000017668,0.7776829415422672,1.906136985019059e-15,0.2170270873669886,0.005284256362605508,1.906136985019059e-15,1.906136985019059e-15,5.714728130641828e-06,1.906136985019059e-15
cosmx_bcc_xdonor_spot_0000017669,0.9853778284918028,3.310177768023457e-10,1.7275589534494637e-15,1.7275589534494637e-15,1.7275589534494637e-15,0.006176795603355274,0.008445375573817129,1.7275589534494637e-15
cosmx_bcc_xdonor_spot_0000017670,0.97312917852698,1.1677831549845249e-07,0.013940815402661661,1.2723623280351217e-10,4.53807903967989e-05,1.878898445623171e-15,0.012636230463098813,0.00024827791130928393
cosmx_bcc_xdonor_spot_0000017671,0.9124482612054482,7.583367590260034e-08,0.06797816817008792,1.513913754779492e-08,1.9161410980081126e-15,1.9161410980081126e-15,0.019573479651644774,1.9161410980081126e-15
cosmx_bcc_xdonor_spot_0000017672,0.9743704627608781,5.59116969222474e-06,0.0022932775299304296,6.709464314667644e-13,2.5435316031329936e-09,1.7954560417442434e-15,0.021553820738896168,0.0017768452563987876
cosmx_bcc_xdonor_spot_0000017674,0.9364885720006139,1.9463303621751358e-15,0.020581567294388058,0.015533854755086483,1.9463303621751358e-15,1.9463303621751358e-15,0.021886816006862465,0.005509189943043264
cosmx_bcc_xdonor_spot_0000017675,0.7983393546556394,0.0018310671657227994,0.13099073203583383,0.019841627559168174,0.002309163126944471,8.375997747251123e-09,0.04668804708069153,2.099156162076604e-15
cosmx_bcc_xdonor_spot_0000017676,0.22886014643395497,0.16684529120427147,0.3387856859023471,0.18274397253111946,2.6197832992972566e-15,0.05459926702036015,0.028165636907941376,2.6197832992972566e-15
cosmx_bcc_xdonor_spot_0000017677,0.997557983495492,0.0024420155465865183,1.934763772889075e-15,8.255964250125847e-10,1.934763772889075e-15,1.2273853552497966e-10,9.580379468732628e-12,1.934763772889075e-15
cosmx_bcc_xdonor_spot_0000017678,0.9778431376017954,0.021982113940079463,1.895146589855335e-15,4.611949127795542e-08,1.895146589855335e-15,1.895146589855335e-15,3.838560550223792e-09,0.00017469850006741794
cosmx_bcc_xdonor_spot_0000017679,0.8697450961881089,1.1512496975993612e-09,0.030680908181368944,0.07385263706288837,1.964875382046377e-15,0.020637089391658196,0.00457576110054706,0.0005085069241767035
cosmx_bcc_xdonor_spot_0000017680,0.9634462451311679,7.1431328778321535e-09,2.031196578832678e-15,3.1995880715306366e-11,2.031196578832678e-15,2.031196578832678e-15,0.03655374769369508,2.031196578832678e-15
cosmx_bcc_xdonor_spot_0000017681,0.7888836052911757,0.03148093798468445,2.027595591660949e-15,0.08309100767519766,2.027595591660949e-15,9.75451295484045e-07,2.027595591660949e-15,0.09654347359764053
cosmx_bcc_xdonor_spot_0000017682,0.7352392903325355,1.623846797179597e-07,0.1273520937483573,0.13238389922922922,2.0863133630082855e-15,2.0863133630082855e-15,0.005024554305191776,2.0863133630082855e-15
cosmx_bcc_xdonor_spot_0000017684,0.02710583437445702,0.3385080988642352,2.6710224017017376e-15,0.13577891783668147,1.4323759231444213e-12,0.4947839677129234,4.390390161685979e-06,0.0038187908201061786
cosmx_bcc_xdonor_spot_0000017855,0.039760206330582144,0.34425690624983507,0.23167869646722786,0.14828321397867394,0.11976120649462531,0.0073866643132051366,0.10887310616584824,2.3212415157201412e-15
cosmx_bcc_xdonor_spot_0000017856,0.49805537552193485,0.32727449341064363,0.06656823818722941,0.01750784337577145,0.0283960387085489,2.300324143414539e-15,0.06077779997400161,0.0014202108218678378
cosmx_bcc_xdonor_spot_0000017857,0.7612784334365451,0.11717487015993346,2.3325256294023283e-15,0.09329945457899685,2.3325256294023283e-15,0.011050633138980193,0.009736216041799438,0.007460392643740009
cosmx_bcc_xdonor_spot_0000017858,0.7034108762413549,0.049622906360457096,2.2942322854707936e-15,0.20251731347370455,2.2942322854707936e-15,0.0202737056509843,0.017259586460468143,0.006915611813026317
cosmx_bcc_xdonor_spot_0000017859,0.5212620181794477,7.950637886766602e-10,0.27562699830972176,0.09403146379981842,2.240771056908209e-15,0.021743467535059666,0.07808868108511445,0.009247370295771933
cosmx_bcc_xdonor_spot_0000017860,0.7019350200938567,0.11162081276337138,2.4798245088218965e-08,0.11754421860369582,1.640631513075962e-06,2.404226574050668e-15,0.05637354522363013,0.012524737885685422
cosmx_bcc_xdonor_spot_0000017861,0.8020019582244028,0.05223580578257833,1.4376606604745713e-07,0.10851356763225259,2.3604004145019986e-15,2.3604004145019986e-15,0.026493890451210297,0.010754634143485242
cosmx_bcc_xdonor_spot_0000017862,0.676499850050908,0.1370815653247085,2.2795253338890182e-15,0.1806186055725483,5.133708251613687e-11,2.5101332551392123e-12,0.0053199588370789,0.0004800201609067501
cosmx_bcc_xdonor_spot_0000017863,0.6747217242714316,0.05265441832875791,1.7205761709817523e-08,0.20011079576853835,2.331669484374521e-15,0.03095911942052627,0.041553924846475326,1.5850644245335725e-10
cosmx_bcc_xdonor_spot_0000017864,0.5189421431972663,0.13878528162635057,0.04631166498066213,0.2883682408078473,2.5910302586187603e-15,2.5910302586187603e-15,5.631502411294394e-08,0.007592613072844358
cosmx_bcc_xdonor_spot_0000017865,0.0051915259669526445,0.10832079636563596,0.6300494673246919,0.14396205775469667,2.6445188629366653e-15,0.05757355867396646,0.04540003461927271,0.009502559294780897
cosmx_bcc_xdonor_spot_0000017903,0.05560737311629745,0.31460644409363275,4.06257960138538e-06,0.17130633475910795,0.3801378683934445,0.06489062063157247,3.0670939684212355e-05,0.01341662548665924
cosmx_bcc_xdonor_spot_0000017904,2.1472694967320518e-15,0.09713024792075255,2.1472694967320518e-15,0.03656829949892112,0.8536001591607701,2.1472694967320518e-15,0.01270129341954748,2.1472694967320518e-15
cosmx_bcc_xdonor_spot_0000017905,0.021760852875521763,0.10744755922245462,2.371866175076808e-15,0.02838534737783259,0.8423267032542552,2.371866175076808e-15,7.953726992855701e-05,2.371866175076808e-15
cosmx_bcc_xdonor_spot_0000017906,0.029222450963196082,0.3391637927939504,0.09663904980736561,0.08409049479868864,0.45088421163656195,2.3846708577096212e-15,2.3247989919448353e-13,2.3846708577096212e-15
cosmx_bcc_xdonor_spot_0000017907,0.9043216915137285,0.028165302597451636,0.0007425466605114096,0.04265752369780303,0.018400343481713197,2.466384482816179e-11,0.005712592024126297,1.969517833767113e-15
cosmx_bcc_xdonor_spot_0000017908,0.9970040882397374,1.5783035235614864e-14,0.0029958761859444284,2.4761025783061e-14,1.6015936292148913e-15,1.6015936292148913e-15,3.557404298921794e-08,2.3129158083721953e-13
cosmx_bcc_xdonor_spot_0000017909,0.5986400186594671,0.1606430665102261,0.15620377369575442,1.7439756538630629e-15,0.03440911310461926,1.7439756538630629e-15,0.05010402802992781,1.7439756538630629e-15
cosmx_bcc_xdonor_spot_0000017910,0.8605735584167126,1.511300693816338e-15,1.511300693816338e-15,1.511300693816338e-15,0.13942615606184,2.855214397186939e-07,1.511300693816338e-15,1.511300693816338e-15
cosmx_bcc_xdonor_spot_0000017911,0.872562680436773,0.003709460833387584,0.1135698027511998,0.0004020473667766978,1.7298408776025578e-15,1.7298408776025578e-15,0.009756008611857468,1.7298408776025578e-15
cosmx_bcc_xdonor_spot_0000017912,0.9105255382894336,4.197009499118708e-08,0.0009392904715189828,1.6652165489367387e-15,0.01773481470962629,1.6652165489367387e-15,0.07080031455932102,1.6652165489367387e-15
cosmx_bcc_xdonor_spot_0000017913,0.9943626480416091,1.399598112080881e-15,1.399598112080881e-15,1.399598112080881e-15,1.399598112080881e-15,0.004630580266566646,0.0010067716918172028,1.399598112080881e-15
cosmx_bcc_xdonor_spot_0000017914,0.9317398320757704,0.003571248495950428,0.03295918112411155,0.003796144137879892,2.8035089948925744e-12,1.9884889882285693e-15,0.027933594163480117,1.9884889882285693e-15
cosmx_bcc_xdonor_spot_0000017915,0.9590553383853355,0.00337266777431659,0.009135931797708677,0.009550316716221934,0.004894691542265623,0.008191978944841496,0.0026780476433831512,0.0031210271959268977
cosmx_bcc_xdonor_spot_0000017919,0.9841824970762622,1.7081468361832607e-15,1.7081468361832607e-15,2.455115955404799e-09,1.7081468361832607e-15,1.7081468361832607e-15,0.01581750046861303,1.7081468361832607e-15
cosmx_bcc_xdonor_spot_0000017920,0.9583178713623048,2.4668639253837398e-06,1.8007139570301656e-15,1.6383075317540455e-08,0.0021960612406499006,0.01225025737995531,0.023532113202533955,0.0037012135675535203
cosmx_bcc_xdonor_spot_0000017921,0.9578612796495894,5.337588491545306e-09,1.5926707068656631e-15,1.5926707068656631e-15,0.01989332888218771,0.022245386130624267,5.0858091627669445e-15,1.5926707068656631e-15
cosmx_bcc_xdonor_spot_0000017922,0.9780384410645794,5.377797737037019e-09,1.635718665526905e-15,1.635718665526905e-15,2.1663371104191017e-08,0.021961531894218064,2.8575646629348874e-14,1.635718665526905e-15
cosmx_bcc_xdonor_spot_0000017923,0.9790623752981156,0.003094170107808423,1.7943459978064563e-15,0.001637023980622301,0.013400535896782802,0.0027577851396381075,4.810817726265623e-05,1.3997685054316144e-09
cosmx_bcc_xdonor_spot_0000017924,0.985765787731778,0.002810218580101009,1.7653091161487117e-15,5.472497288770503e-11,0.0036500268019290802,0.003921566042472932,0.0038524007889903723,1.7653091161487117e-15
cosmx_bcc_xdonor_spot_0000017925,0.9645484520464775,4.662751910513699e-10,1.8465226724963198e-15,0.0012883734280729477,1.8465226724963198e-15,0.02588892754723225,0.008274246511936532,1.8465226724963198e-15
cosmx_bcc_xdonor_spot_0000017926,0.9942441641656198,0.0007045038760967981,1.8877829423912022e-15,7.600759981487294e-10,9.834208865140592e-15,3.2533601001948106e-13,0.0050082782234586965,4.305297441157775e-05
cosmx_bcc_xdonor_spot_0000017927,0.9813407638798,3.414825032221216e-07,1.9197109147992404e-15,0.0025317557289333,1.1820706140091899e-14,4.5401525785940785e-08,0.01612709350722215,1.9197109147992404e-15
cosmx_bcc_xdonor_spot_0000017928,0.9648422429794385,0.0063156128840355825,2.0151778982251976e-15,0.00012101357284836944,0.0016906867607499024,2.0151778982251976e-15,0.027030443802914247,9.130940336673944e-15
cosmx_bcc_xdonor_spot_0000017929,0.9865199052993728,1.910281805592914e-07,1.9751783172471442e-15,0.002354669014026993,1.9751783172471442e-15,0.002382174760396816,0.000672297683224151,0.00807076221479466
cosmx_bcc_xdonor_spot_0000017930,0.9625769254061735,4.60361839995578e-05,7.666888994851817e-15,0.025801364495033036,1.9599689265244283e-15,0.0062675096057851,0.002294206499722034,0.0030139578092771967
cosmx_bcc_xdonor_spot_0000017931,0.9227792353755037,0.06135560966461003,2.0709381158697306e-15,1.928741007427287e-07,3.4122593021068825e-09,2.0709381158697306e-15,0.0005144485668923543,0.015350510106629647
cosmx_bcc_xdonor_spot_0000017932,0.8737072690919496,3.523909146765972e-07,2.134375814606791e-15,0.03803932655068154,2.134375814606791e-15,0.03221519027862534,0.03727046971586698,0.01876739197195758
cosmx_bcc_xdonor_spot_0000017949,0.7830811318103184,0.14790105933751235,5.159140474721383e-11,0.012105622106866387,0.00010423680495011926,0.03974203971210202,2.420144631489648e-07,0.017065668162196353
cosmx_bcc_xdonor_spot_0000017950,0.8897779916774762,0.03467769646562304,1.8312581311108864e-13,1.765793012510794e-06,0.013594321669591215,0.00836079296144588,0.041721910933280315,0.011865520499387754
cosmx_bcc_xdonor_spot_0000017951,0.9640062839211172,8.736149198396364e-12,0.010946535983054916,0.025047107273331388,1.8786417076356803e-15,2.3007208975579923e-11,7.279074916922873e-08,1.8786417076356803e-15
cosmx_bcc_xdonor_spot_0000017952,0.9107883455046332,0.055575124490267525,0.004376455034760072,1.993928549719872e-15,1.993928549719872e-15,1.993928549719872e-15,0.0028442818479753745,0.026415793122357846
cosmx_bcc_xdonor_spot_0000017953,0.9651666844999142,1.2745125687151593e-12,1.9196205402634994e-15,0.005841158586939012,1.9196205402634994e-15,1.9196205402634994e-15,0.028992156911864332,1.9196205402634994e-15
cosmx_bcc_xdonor_spot_0000017954,0.9394235240486438,0.01917431732588128,0.00495703509667215,0.022000773639621534,1.950977769913972e-15,1.950977769913972e-15,0.0047618327549138716,0.009682517134263413
cosmx_bcc_xdonor_spot_0000017957,0.9205670472325885,0.06030677163700332,2.791532369721853e-12,3.4556829704539965e-12,2.0570536629548204e-15,2.0570536629548204e-15,0.012802488748621076,0.0063236923755356274
cosmx_bcc_xdonor_spot_0000017958,0.9794527990995708,0.018758056584706487,1.9407325761276007e-15,2.0641013745383655e-13,1.9407325761276007e-15,1.9407325761276007e-15,0.0017891443155081672,1.9407325761276007e-15
cosmx_bcc_xdonor_spot_0000017959,0.9312529288909349,7.992720579425628e-05,1.7466165541699781e-15,1.7466165541699781e-15,0.05879515340689289,1.7466165541699781e-15,0.009871990496370747,1.7466165541699781e-15
cosmx_bcc_xdonor_spot_0000017960,0.9828422012968242,3.6715871679769746e-14,0.006942135662417424,1.113802814920584e-13,1.819621904235738e-15,1.0958651909021512e-05,0.010204704388697795,1.819621904235738e-15
cosmx_bcc_xdonor_spot_0000017961,0.5688578803680583,0.0010286734648565791,0.18103616150575635,0.1398972514117789,2.4254657741921014e-15,2.4254657741921014e-15,0.10709602450125762,0.0020840087482874997
cosmx_bcc_xdonor_spot_0000017963,0.9062670988789306,0.0005497781970238418,0.0028884633759465417,0.04552077342385222,3.137837457990938e-13,2.1564430966219404e-15,0.044773885981587644,1.423430426969458e-10
cosmx_bcc_xdonor_spot_0000017964,0.9608244221364277,0.0236259541848131,0.0028038354796594213,0.006064599298736176,1.9630336636646305e-15,1.9630336636646305e-15,3.0981023176962656e-06,0.006678090798041917
cosmx_bcc_xdonor_spot_0000017965,0.9967733956049455,6.487251247638477e-12,1.791661435357822e-15,1.0228433074650257e-07,1.791661435357822e-15,2.0427012879427216e-05,0.0032060711219888145,3.96936461450177e-09
cosmx_bcc_xdonor_spot_0000017966,0.011029892877480426,0.24384414470429733,1.0588309106210843e-05,0.12512384033270382,2.246502909359401e-15,0.0072816432105148165,0.6127098905658928,2.246502909359401e-15
cosmx_bcc_xdonor_spot_0000017968,0.9693087123946383,4.2540678606276527e-13,9.007225113868463e-06,6.73438123082967e-12,1.9679393677419404e-15,7.445767752351806e-12,0.030682280365638224,1.9679393677419404e-15
cosmx_bcc_xdonor_spot_0000017969,0.8885925286017932,2.2550219538325168e-11,0.04749951296039188,0.018230716617488332,2.1613131791965225e-15,2.1613131791965225e-15,0.045677241797769705,2.1613131791965225e-15
cosmx_bcc_xdonor_spot_0000017970,0.9749656938469727,1.5978914202310445e-06,3.2078825690503e-12,8.782188655140034e-08,1.866633618679868e-15,0.002722616580739529,0.02231000385576919,1.866633618679868e-15
cosmx_bcc_xdonor_spot_0000017971,0.9950220864973277,1.698017612674079e-15,0.004631927664879826,5.84142107372428e-08,2.154461863641858e-13,0.0003459274233609587,1.698017612674079e-15,1.698017612674079e-15
cosmx_bcc_xdonor_spot_0000017972,0.864498110488839,3.3152006629223658e-15,0.018363217056270427,0.022027578060843184,1.9761538771321767e-15,0.062051943877190506,0.03305915051684952,1.9761538771321767e-15
cosmx_bcc_xdonor_spot_0000017973,0.6172489459945381,2.7569873892760313e-07,0.2968644544999284,0.05622952571157506,2.0804753977548075e-15,2.0804753977548075e-15,0.029656798095213294,2.0804753977548075e-15
cosmx_bcc_xdonor_spot_0000017974,0.06161868890732687,0.4935923357836004,0.413983198646134,9.13060517105352e-07,0.010963824173500778,1.8941093138247172e-15,0.01984103942891698,1.8941093138247172e-15
cosmx_bcc_xdonor_spot_0000017975,0.13208849498197817,0.5880429739507168,6.126080007625261e-12,0.07430424763906772,2.2355225962182225e-15,0.018359654083934304,0.1872046293381724,2.2355225962182225e-15
cosmx_bcc_xdonor_spot_0000017976,0.7133161225213266,0.004852483682990978,0.23182579424953917,1.6769153570814097e-13,2.2317654386889084e-15,0.0023826739403991796,0.047622925605571825,2.2317654386889084e-15
cosmx_bcc_xdonor_spot_0000017977,0.6497287251113032,1.999561043213593e-15,0.3299039888653437,0.008589206255380982,1.999561043213593e-15,0.007104335022046356,0.0046737447459195645,1.999561043213593e-15
cosmx_bcc_xdonor_spot_0000017978,0.8308638889407848,0.09865383410394346,0.024329335750991707,0.006133041142464076,0.04001990006180918,2.2207077715650844e-15,2.2207077715650844e-15,2.2207077715650844e-15
cosmx_bcc_xdonor_spot_0000017979,0.7387493427868759,0.04331792353979539,2.1711548970381003e-15,0.19279756273352516,2.1711548970381003e-15,0.019210724372582436,0.0031491885731792426,0.0027752579940375083
cosmx_bcc_xdonor_spot_0000017980,0.9040131557100742,0.015366999530108977,1.9720959173654576e-15,0.059037831819596265,1.9720959173654576e-15,0.013806421980906255,0.007775590959308355,1.9720959173654576e-15
cosmx_bcc_xdonor_spot_0000017981,0.7063767897415777,2.0329385086589778e-07,1.9569177143966394e-11,0.2810931136437175,2.2103897631172186e-15,0.0010116393343526256,6.21333493039435e-07,0.011517632633437
cosmx_bcc_xdonor_spot_0000018153,0.4482279937951096,0.31878740822005724,0.06639983709086975,0.16593119756108854,3.00114234923036e-15,0.0006535633306010716,2.2676766439792395e-12,3.00114234923036e-15
cosmx_bcc_xdonor_spot_0000018154,0.6616000227085183,0.14462136148992774,2.4584887784643565e-11,0.17368042153929386,2.4048394993738503e-15,0.0005349880212661436,8.286915455630617e-09,0.019563197929491485
cosmx_bcc_xdonor_spot_0000018155,0.7843147101108203,0.002482705493811736,0.00038657403557334905,0.12038038863324274,2.204743692549219e-15,0.014093639471494439,0.07834198225505282,2.204743692549219e-15
cosmx_bcc_xdonor_spot_0000018156,0.3144931429582825,0.1870921667801997,0.24887171348291293,0.030664978719050048,4.094407395036087e-07,0.04680272280251029,0.17207486581630282,2.2234135612816037e-15
cosmx_bcc_xdonor_spot_0000018157,0.329973726137825,0.09032232271911807,0.47489151422817133,0.039649689374083114,2.30106701380294e-15,0.034783851150775064,0.030338698797938837,4.019759208622198e-05
cosmx_bcc_xdonor_spot_0000018158,0.7899027056438357,0.05113824940716713,2.685007419820345e-07,0.10018494236218438,1.0590746710712566e-07,2.197906790105502e-15,0.04452358512182874,0.014250143056772795
cosmx_bcc_xdonor_spot_0000018159,0.6900292065455556,0.09814527483156271,3.056372091254803e-11,0.17072704206115277,4.010636691023882e-06,0.006154030547458113,0.03459697593126657,0.00034345941574966484
cosmx_bcc_xdonor_spot_0000018160,0.6861702982578433,0.05128229244420341,2.2318958447021882e-09,0.17840310134161413,2.3542324414471878e-15,0.005407346627018728,0.06889337485113767,0.009843584246284438
cosmx_bcc_xdonor_spot_0000018161,0.7814677402828257,0.08124453378801408,2.6486518430492664e-09,0.13247286054540644,2.285340695542034e-15,2.285340695542034e-15,3.4485839745353986e-07,0.004814517876699682
cosmx_bcc_xdonor_spot_0000018162,0.7299545576106629,0.10045511457770404,8.734403123174789e-14,0.1542730483049391,2.1425184301308557e-15,2.1425184301308557e-15,0.009506164440504864,0.005811115066097332
cosmx_bcc_xdonor_spot_0000018163,0.6315569691532272,0.09250950673087227,1.0649243439258397e-11,0.25928026962297074,0.00040195138492329956,0.004454364615445293,0.0038340912672828607,0.007962847214629061
cosmx_bcc_xdonor_spot_0000018164,0.5897439858264016,0.05753442949560301,4.3224694477390604e-14,0.33269948943263933,0.02002209524004846,2.4817528707270103e-15,5.25916784034204e-12,2.4817528707270103e-15
cosmx_bcc_xdonor_spot_0000018202,0.056115547832981234,0.028356850345803666,1.7989143403679226e-15,0.07667045451091979,0.04896147574957449,0.7865598630067044,0.0027393775954659503,0.000596430958548603
cosmx_bcc_xdonor_spot_0000018203,0.012307630402509095,0.5853951161771369,0.1536277826376312,0.029785164747137396,0.21755795774288245,1.1917347481275994e-08,0.001326336375352979,2.4229468084054516e-15
cosmx_bcc_xdonor_spot_0000018204,2.51383149006095e-15,0.3000597521214544,2.51383149006095e-15,0.04424288355880732,0.6541667641852009,0.0015305140830783079,8.605145146707213e-08,2.51383149006095e-15
cosmx_bcc_xdonor_spot_0000018205,0.6969124708781353,9.431309533206834e-12,1.837066781139603e-15,0.014831566878345592,0.2797758879033818,0.008480057963916,1.6366786236476523e-08,1.837066781139603e-15
cosmx_bcc_xdonor_spot_0000018206,0.9999999996067289,2.777136990098613e-13,1.5717058262819016e-15,1.5717058262819016e-15,1.5717058262819016e-15,1.5717058262819016e-15,3.9298534782564313e-10,1.5717058262819016e-15
cosmx_bcc_xdonor_spot_0000018207,0.7835752045047029,6.433523718746457e-05,0.13854317249631237,0.010207640072308956,2.032549425002069e-15,2.032549425002069e-15,0.06642444026103264,0.0011852074284514557
cosmx_bcc_xdonor_spot_0000018208,0.6872205820793589,0.042658115127721365,0.21727243788653164,0.03543063659560415,1.2877990724088452e-06,1.999274628649121e-15,0.014540496177623864,0.0028764443340856738
cosmx_bcc_xdonor_spot_0000018209,0.6582287035159132,0.07848015434733269,0.10652087030480678,5.833681253939317e-05,0.12208986695155086,1.9943474262253536e-15,0.03462206806779928,5.576734924637111e-14
cosmx_bcc_xdonor_spot_0000018210,0.7268547034625626,0.00034281739321316356,0.13025468415571834,1.834797251533495e-15,0.05576427835366605,1.834797251533495e-15,0.08361557161134306,0.003167945023492941
cosmx_bcc_xdonor_spot_0000018211,0.9339778893028453,9.039042213141894e-09,1.7799289042196062e-15,0.0008852200096862676,0.02564800711666192,1.7799289042196062e-15,0.039488874531758804,1.7799289042196062e-15
cosmx_bcc_xdonor_spot_0000018212,0.7061806104467803,0.03058378887659951,0.17187581295974122,1.7933889532460774e-15,0.00978398079832833,0.0052948483833771985,0.07628095843374384,1.0142802883232832e-10
cosmx_bcc_xdonor_spot_0000018213,0.9277341712859828,0.002271679225196222,0.020658685018153888,0.008866375269244163,2.0003125384100224e-13,2.0355882872316815e-15,0.0348606663780119,0.00560842282320897
cosmx_bcc_xdonor_spot_0000018214,0.9185695684581875,0.005661730238795584,0.002565942708820571,9.695185281844295e-09,0.006161462136723137,2.0355404180578665e-15,0.05504604538536997,0.011995241376915806
cosmx_bcc_xdonor_spot_0000018218,0.9982549893750986,1.791951370253973e-15,1.791951370253973e-15,1.8900442746610547e-15,1.791951370253973e-15,1.791951370253973e-15,0.001745010624890468,1.791951370253973e-15
cosmx_bcc_xdonor_spot_0000018219,0.9956219245734266,1.4044546505684081e-11,1.4794890364873896e-12,1.6644803946020797e-15,0.0017384073192337163,1.6644803946020797e-15,0.002639668091810532,1.6644803946020797e-15
cosmx_bcc_xdonor_spot_0000018220,0.9455071615031518,9.191786801739975e-09,1.7162832329493586e-15,1.7162832329493586e-15,3.932985330474299e-13,0.050153043304836116,0.004339785972541544,2.728675526046017e-11
cosmx_bcc_xdonor_spot_0000018221,0.9858957725147577,4.4715844078035366e-11,1.4649428798031115e-09,2.0123440189218592e-09,1.83882684336631e-15,1.83882684336631e-15,0.013754914528867488,0.0003493094343681757
cosmx_bcc_xdonor_spot_0000018222,0.921287747992612,2.4391308198345304e-05,1.8373632870069656e-15,2.429510791000451e-08,3.4483126040061316e-13,0.02894156359394376,0.04890226451422546,0.0008440082955656224
cosmx_bcc_xdonor_spot_0000018223,0.8372790650676083,1.694443965868241e-15,1.694443965868241e-15,1.694443965868241e-15,1.694443965868241e-15,0.15892442665214607,1.694443965868241e-15,0.003796508280237002
cosmx_bcc_xdonor_spot_0000018224,0.9999999999998529,1.6234284112656578e-15,1.6234284112656578e-15,1.6234284112656578e-15,1.6234284112656578e-15,1.2662357394429685e-13,1.220663475268632e-14,1.6234284112656578e-15
cosmx_bcc_xdonor_spot_0000018225,0.9814868450592299,4.246746579201888e-14,1.718193199902267e-15,0.009020204658199055,1.718193199902267e-15,1.718193199902267e-15,0.009492950282521617,1.718193199902267e-15
cosmx_bcc_xdonor_spot_0000018226,0.998463932339684,9.987892352845919e-11,1.830553965234987e-15,2.0388977703022669e-13,1.830553965234987e-15,1.830553965234987e-15,0.0015360675602256076,1.830553965234987e-15
cosmx_bcc_xdonor_spot_0000018227,0.9867631319596976,0.0014395864238385704,1.7869589871934324e-15,8.845573514000511e-05,1.9202088047757055e-14,1.7869589871934324e-15,0.004489803943964625,0.007219021937336265
cosmx_bcc_xdonor_spot_0000018228,0.9566522473482709,3.721399328585177e-11,1.839195728608793e-15,0.035168661580318006,1.839195728608793e-15,2.1151670029683026e-08,0.008178535797288302,5.340852347562395e-07
cosmx_bcc_xdonor_spot_0000018229,0.9823132621224727,0.00026429248047453473,1.9289990138666855e-15,0.01201636547709198,1.9289990138666855e-15,1.9289990138666855e-15,0.0024691522645041613,0.0029369276554507434
cosmx_bcc_xdonor_spot_0000018230,0.9807403452576405,0.01659612786084508,1.9056418050868974e-15,3.6595873287219267e-07,0.0013039318681091177,3.365377001751411e-08,1.3384367236479852e-06,0.0013578569641770595
cosmx_bcc_xdonor_spot_0000018231,0.9182030081782747,0.025271660862771616,2.125675555614014e-15,0.03748968898223036,2.125675555614014e-15,2.125675555614014e-15,0.015334447116150892,0.0037011948605659086
cosmx_bcc_xdonor_spot_0000018232,0.4061127463690195,0.00021586679868308454,0.34442565071610104,0.16445659737659543,2.165816812787165e-15,0.005704444637752642,0.07196790517287209,0.0071167889289740415
cosmx_bcc_xdonor_spot_0000018233,1.667281496751844e-05,0.20816378612277164,0.5154906020775413,0.25018143767354944,7.488318079115904e-12,0.026147501303676563,2.5954168358269716e-15,2.5954168358269716e-15
cosmx_bcc_xdonor_spot_0000018234,0.02904632211988181,0.3497605410389662,0.16790606838626523,0.1782373677209043,2.4964009313481254e-15,2.4964009313481254e-15,0.27504970073397467,2.4964009313481254e-15
cosmx_bcc_xdonor_spot_0000018248,0.8599441876142978,0.07514009720667295,1.5616832753439252e-10,0.04099754833340965,2.2187319137836752e-15,0.0016336809893553847,0.008702112914207515,0.013582372785885973
cosmx_bcc_xdonor_spot_0000018249,0.9179145860948918,0.053544568077512414,0.005744077469167097,0.01605452481741784,0.005274028964804199,2.038909641818913e-15,0.001408373478661891,5.9841097542655036e-05
cosmx_bcc_xdonor_spot_0000018250,0.9535156896837694,0.0028945353772420446,2.5423547850862478e-05,0.01702078139469393,1.8521765436726755e-15,0.005332594971551859,0.008509820781739813,0.012701154243150147
cosmx_bcc_xdonor_spot_0000018251,0.9805537978533494,2.336548494238686e-12,0.004459651939649792,1.0154829096589423e-12,1.874397721091471e-15,1.874397721091471e-15,0.01498655020364218,2.693174616458677e-15
cosmx_bcc_xdonor_spot_0000018252,0.9225866993682055,0.008421038600059405,1.8586005486407696e-15,0.03767720208904283,0.03131505632762623,1.8586005486407696e-15,3.615060458055102e-09,1.8586005486407696e-15
cosmx_bcc_xdonor_spot_0000018253,0.8810809643316128,0.014690180202313453,0.018671875727157082,0.08090591417294475,1.947020812692718e-15,2.682296238362639e-11,3.8959065538821777e-05,0.004612106473608208
cosmx_bcc_xdonor_spot_0000018254,0.9870840569911687,3.0374187482268477e-05,0.012885563329471756,1.929996277603326e-15,2.1830549745332494e-09,1.929996277603326e-15,3.3088161528972185e-09,1.929996277603326e-15
cosmx_bcc_xdonor_spot_0000018255,0.9809166499127319,0.019072719249103132,1.972676634907883e-15,3.302253234041305e-09,1.972676634907883e-15,1.972676634907883e-15,1.06275359037597e-05,1.972676634907883e-15
cosmx_bcc_xdonor_spot_0000018273,0.9255394747278619,0.06253403888235252,2.325515194952079e-09,3.538910936343759e-05,0.011507015967105483,5.756696572980648e-11,0.000384078930232605,1.9316618205785667e-15
cosmx_bcc_xdonor_spot_0000018274,0.757737229294286,0.0558108772721769,0.07162937204906024,0.02531987345845052,1.9688242275152415e-15,0.013780952016620518,0.07572169590940175,1.9688242275152415e-15
cosmx_bcc_xdonor_spot_0000018275,0.7601123817113427,0.09213128859776323,0.0005641124477293153,5.387474406509848e-09,8.793609204591378e-05,0.07327581300528849,0.047719857858802436,0.026108604899553394
cosmx_bcc_xdonor_spot_0000018276,0.778371959868642,5.881501082327603e-10,1.598416995298687e-11,0.10598019991607498,1.9894165085996785e-15,0.02424890198063705,0.09139893763050767,1.9894165085996785e-15
cosmx_bcc_xdonor_spot_0000018277,0.7479129456350425,0.04462835794671182,0.008847636377779484,0.1472508193976084,0.011403655508252643,2.1678666081750307e-15,0.029005722240833937,0.010950862893768903
cosmx_bcc_xdonor_spot_0000018278,0.045157019732666476,0.5871402158292982,0.1835718216352522,0.11869696478905577,0.02551192825062245,0.03992199034114408,5.942192408304185e-08,3.6804938375124375e-14
cosmx_bcc_xdonor_spot_0000018279,0.66720552479528,0.3071292413212001,8.500589795399011e-05,0.00015574649801433939,2.2802854591063053e-15,2.2802854591063053e-15,6.698759672867667e-05,0.025357493890818414
cosmx_bcc_xdonor_spot_0000018280,0.7543760518149834,0.0003727690110919494,2.4808459097925556e-15,0.1573724985779995,2.4808459097925556e-15,0.04908377497230243,0.03060799092063609,0.00818691470298161
cosmx_bcc_xdonor_spot_0000018452,0.7901758616979353,2.567937490369318e-15,2.567937490369318e-15,0.17953729454969733,2.567937490369318e-15,2.567937490369318e-15,0.027314998576093832,0.0029718451762629884
cosmx_bcc_xdonor_spot_0000018453,0.8190645225825558,0.07852394040564592,5.190559724185237e-13,0.09427825015405994,9.39863595519898e-12,0.004328183238724812,0.00380510360909373,2.1133711778815074e-15
cosmx_bcc_xdonor_spot_0000018454,0.7852394313657712,9.153970222664116e-07,2.0499816504804533e-15,0.196221100416174,2.0499816504804533e-15,8.904063072159053e-14,0.016485765496950765,0.0020527873239885785
cosmx_bcc_xdonor_spot_0000018455,0.8226979397525265,0.0817396050559623,2.040887615959825e-15,0.058504356237542236,0.03705342289328262,1.0681085710920393e-08,4.77629248804923e-08,4.617616673610305e-06
cosmx_bcc_xdonor_spot_0000018456,0.7548910781813507,0.08203090195164134,0.0007363098953089178,0.11606900369822211,2.1921083003195407e-15,0.00017744879522818013,0.04132960066973229,0.004765656808514148
cosmx_bcc_xdonor_spot_0000018457,0.734306670962253,0.054835539590069766,0.03447023289062556,0.14713329242702286,0.022482263780381206,2.188738698775694e-15,0.00013738202189699983,0.006634618327748403
cosmx_bcc_xdonor_spot_0000018458,0.7303470578379825,0.02084040715291508,0.07872680083259956,0.11567123499615212,2.2515896959030517e-15,0.005844665333314462,0.029601884144103686,0.01896794970293049
cosmx_bcc_xdonor_spot_0000018459,0.7080796441441224,0.16847561377061332,0.004977844387742149,0.09447891455433127,0.008258057874273743,3.573104482295644e-06,0.010363459669969221,0.005362892494465506
cosmx_bcc_xdonor_spot_0000018460,0.675478830070501,0.09472324511452776,2.320950404868081e-15,0.20075759285354,2.8172498077526597e-15,0.01682688736545394,0.0044578874754628,0.007755557120509196
cosmx_bcc_xdonor_spot_0000018461,0.711022251637675,0.1319966504833479,6.976951021966989e-11,0.14346075077641235,3.937593296364221e-09,0.006496561185422263,0.00702378190977744,2.113603041970469e-15
cosmx_bcc_xdonor_spot_0000018501,1.6150412300514944e-15,0.009377383359234414,1.6150412300514944e-15,1.6150412300514944e-15,0.003092588851688392,0.9862437987715607,2.0848876732036525e-08,0.0012862081686350728
cosmx_bcc_xdonor_spot_0000018502,2.663993967573998e-06,0.5673969673223174,0.222623216917251,5.357248328588623e-09,0.13382742484641105,0.03212631221377075,0.00011051389724490545,0.043912895451789134
cosmx_bcc_xdonor_spot_0000018503,0.0005475581145746925,0.6426950847144347,2.2765197919740047e-15,0.14840952214441866,0.20342161351942908,0.004924725873002408,1.4956341357807003e-06,2.2765197919740047e-15
cosmx_bcc_xdonor_spot_0000018504,0.6836772388370966,0.03558990245442156,0.03649663563039793,0.034899430072563485,0.2052977593789852,2.0183407854876117e-15,0.00403903362653111,2.0183407854876117e-15
cosmx_bcc_xdonor_spot_0000018505,0.9344699046432668,0.013269430372090213,0.003558824445228838,0.023968702165579808,0.00012912312849412374,1.821881579898139e-15,0.024604015245336352,1.821881579898139e-15
cosmx_bcc_xdonor_spot_0000018506,0.9401139896709056,0.03447071431534197,1.8749340879872056e-15,0.014807824677654544,9.969064980136698e-10,4.9355667152137105e-09,0.010607460848809,4.554813885409317e-09
cosmx_bcc_xdonor_spot_0000018507,0.9348594659861548,9.432009481251764e-12,1.6793230390165376e-15,2.4970237410852984e-12,0.0473046074148783,0.00011200431798978527,0.017723922269044835,1.6793230390165376e-15
cosmx_bcc_xdonor_spot_0000018508,0.3276416650222138,0.12207035623709334,1.5340284043765853e-08,8.45038248506669e-11,0.508338208889766,1.7518640375199533e-15,0.041949754426135494,1.7518640375199533e-15
cosmx_bcc_xdonor_spot_0000018509,0.8129332450345509,0.00035344735604234524,0.1290650908861904,1.4155000359539114e-08,0.00490437596539193,2.5141138627894017e-15,0.052743826602819746,1.705260407433386e-15
cosmx_bcc_xdonor_spot_0000018510,0.9232584066422195,1.3351577053260303e-15,1.3351577053260303e-15,1.3351577053260303e-15,1.3351577053260303e-15,0.07083189769176516,0.005909695666008659,1.3351577053260303e-15
cosmx_bcc_xdonor_spot_0000018511,0.8477225852200079,0.038457982246392665,0.08199859435074186,0.00013048374743728226,0.0026439497728157546,1.8055500129872044e-15,0.029045666905394285,7.377572083644196e-07
cosmx_bcc_xdonor_spot_0000018512,0.6296909329025686,0.06709072179777259,0.22310290977109398,0.05026293281239248,2.153534330954205e-15,2.153534330954205e-15,0.029852502716165616,2.153534330954205e-15
cosmx_bcc_xdonor_spot_0000018513,0.68227733364017,0.0331259099401037,0.19072901331090358,0.05742782957819938,1.879422846440666e-15,1.879422846440666e-15,0.006037395197832472,0.03040251833278709
cosmx_bcc_xdonor_spot_0000018517,0.9852947048706575,8.681134058715586e-07,1.8749095345131963e-15,2.495296139741506e-10,0.007774050119239822,1.8749095345131963e-15,0.006930376647161421,1.8749095345131963e-15
cosmx_bcc_xdonor_spot_0000018518,0.9384073654906455,7.310285236600179e-13,1.7127449137698797e-15,0.02621261925972584,0.03537984432540846,1.7127449137698797e-15,1.709234839013529e-07,1.7127449137698797e-15
cosmx_bcc_xdonor_spot_0000018519,0.9921307553735168,8.725503443764696e-14,1.6605957207712582e-15,1.6605957207712582e-15,1.6605957207712582e-15,0.007869244626387554,1.6605957207712582e-15,1.6605957207712582e-15
cosmx_bcc_xdonor_spot_0000018520,0.9889750867756602,2.1784457178966163e-05,1.654615784943923e-14,0.003155231396575023,0.001956158781198176,0.005859508215613789,3.223037375568069e-05,1.7581281633364602e-15
cosmx_bcc_xdonor_spot_0000018521,0.6775600297716543,1.3723209613236345e-14,1.6025851000728613e-15,1.6025851000728613e-15,0.011498048778690562,0.31094192144962435,1.2046085780573197e-14,1.6025851000728613e-15
cosmx_bcc_xdonor_spot_0000018522,0.8330281588981917,6.358255569993601e-12,1.5923182058487648e-15,1.5923182058487648e-15,0.014584285641900773,0.15238755303323484,2.420309501371e-09,1.5923182058487648e-15
cosmx_bcc_xdonor_spot_0000018523,0.982816559199702,1.6904610176399432e-15,1.604142721722345e-08,2.3348338219910985e-12,1.6904610176399432e-15,1.6904610176399432e-15,0.017183424756529196,1.6904610176399432e-15
cosmx_bcc_xdonor_spot_0000018524,0.903519154398327,0.005334202993553004,1.8015046888763632e-15,0.08201084419541431,1.8015046888763632e-15,1.8015046888763632e-15,0.009135798412698357,1.8015046888763632e-15
cosmx_bcc_xdonor_spot_0000018525,0.9789680098373449,1.6669635568524467e-15,1.6669635568524467e-15,1.6669635568524467e-15,1.6669635568524467e-15,0.02103195104743678,3.911520971850931e-08,1.6669635568524467e-15
cosmx_bcc_xdonor_spot_0000018526,0.9973887360982245,1.0451923790828985e-11,1.7856521405685413e-15,1.7856521405685413e-15,1.7856521405685413e-15,1.7856521405685413e-15,0.0004396557487235005,0.002171608142592796
cosmx_bcc_xdonor_spot_0000018527,0.993818638004806,0.002662665682383118,5.830761001143838e-05,0.00016952123449230774,0.0002318018993034614,1.8883661773528047e-15,0.003059065569000014,1.8883661773528047e-15
cosmx_bcc_xdonor_spot_0000018528,0.9999999992699026,3.328761426380873e-12,1.6914798862326607e-15,7.267574326682495e-10,1.6914798862326607e-15,1.6914798862326607e-15,4.472956459260372e-15,1.6914798862326607e-15
cosmx_bcc_xdonor_spot_0000018529,0.9312252768246966,0.0031279817025455336,0.03259085427346492,1.7146384593746635e-15,0.002744244017005907,5.1675465329003607e-14,0.03031164318223195,1.7146384593746635e-15
cosmx_bcc_xdonor_spot_0000018530,0.8028966060293122,3.67029402801936e-12,0.14723773727913478,0.0008751351830792005,2.079823301657497e-15,0.0020122378282983722,0.04697828367650079,2.079823301657497e-15
cosmx_bcc_xdonor_spot_0000018531,0.05950578904243455,1.4344763038945221e-15,0.9404941813342261,1.4344763038945221e-15,1.4344763038945221e-15,1.4344763038945221e-15,2.9623331920921745e-08,1.4344763038945221e-15
cosmx_bcc_xdonor_spot_0000018532,0.9881562530605119,5.595714822088636e-12,1.6551812961910401e-15,1.2090615793070487e-11,1.6551812961910401e-15,0.0011727911400092408,0.010670955781787487,1.6551812961910401e-15
cosmx_bcc_xdonor_spot_0000018533,0.9814797464602449,0.0020857743502355,1.8097735755174454e-15,2.5536610668465293e-05,0.005204009137830786,1.8097735755174454e-15,0.011204932363717354,1.077299147074452e-09
cosmx_bcc_xdonor_spot_0000018534,0.9999999976634353,1.6730179349352498e-15,1.6730179349352498e-15,2.8984964400681086e-14,1.6730179349352498e-15,1.6730179349352498e-15,2.336527147772282e-09,1.6730179349352498e-15
cosmx_bcc_xdonor_spot_0000018535,0.954611060700926,1.8665748816541583e-15,1.8665748816541583e-15,0.04538811197173376,1.8665748816541583e-15,1.8665748816541583e-15,1.8665748816541583e-15,8.273273307063754e-07
cosmx_bcc_xdonor_spot_0000018536,0.9617757486861352,0.0015877490641261584,1.8846267279306784e-15,0.02563828067227197,1.8846267279306784e-15,1.8846267279306784e-15,0.010998221577458861,1.8846267279306784e-15
cosmx_bcc_xdonor_spot_0000018549,0.9630352671632065,0.020635706724985103,3.7708784834084216e-05,0.0036691293104948466,0.0029994761738720275,2.0061311937436916e-15,0.00437960962441266,0.005243102218192615
cosmx_bcc_xdonor_spot_0000018550,0.9843226053367249,0.007335434520469655,1.4512779780859251e-11,8.66406012147622e-15,1.939925577266269e-15,9.0670527889924e-15,0.008341959920284032,2.0798893068936324e-10
cosmx_bcc_xdonor_spot_0000018551,0.9568130333720491,0.002253538323226469,2.069032164126125e-11,0.01516474678173163,1.8626255338457577e-15,1.8626255338457577e-15,0.013194775889537765,0.012573905612760778
cosmx_bcc_xdonor_spot_0000018553,0.9611976880170966,1.570185320612216e-07,1.859008550057463e-15,6.003239655208973e-08,1.859008550057463e-15,1.859008550057463e-15,0.03847206997691511,0.0003300249550541077
cosmx_bcc_xdonor_spot_0000018554,0.9475045073251992,1.1180609947232217e-05,0.0003781509180457416,0.048026521596094544,1.8892046583238117e-15,1.8892046583238117e-15,0.00029568264159340993,0.003783956909115955
cosmx_bcc_xdonor_spot_0000018555,0.9371794528313204,3.097081297785041e-13,0.0017632901667283723,2.066463599567518e-15,2.066463599567518e-15,0.03984999749591878,0.021207259505716246,2.066463599567518e-15
cosmx_bcc_xdonor_spot_0000018570,0.9997631156715404,3.451295241906825e-08,1.8785382743975823e-15,0.00023684981495166105,1.8785382743975823e-15,1.8785382743975823e-15,5.478037435543162e-13,1.8785382743975823e-15
cosmx_bcc_xdonor_spot_0000018571,0.9858087642937922,2.1136379507884654e-15,1.9166551815910257e-11,7.02022076249494e-11,1.9034501099157033e-15,5.515435395331983e-11,1.9180768206246137e-13,0.014191235561488848
cosmx_bcc_xdonor_spot_0000018572,0.9614315123062556,2.41617880565032e-06,0.012953814987440136,0.013532070093604244,1.928397261982825e-15,1.928397261982825e-15,5.42223920100426e-15,0.012080186433884971
cosmx_bcc_xdonor_spot_0000018573,0.8290017826949135,0.00040618794712049316,0.04518341243320372,0.07708412156845032,2.0604576655920618e-15,1.601822849281177e-13,0.04832449535614742,2.0604576655920618e-15
cosmx_bcc_xdonor_spot_0000018574,0.3905131058997541,2.483979855507461e-07,0.4282378559779676,0.13073944850418592,2.2906678573724177e-15,2.2906678573724177e-15,0.0505093412200997,2.2906678573724177e-15
cosmx_bcc_xdonor_spot_0000018575,0.5139792294069209,0.03271213598864498,0.09485445629178603,0.1454989086756435,2.186064827177731e-15,0.004492489692478915,0.2038744008240963,0.004588379120427055
cosmx_bcc_xdonor_spot_0000018576,0.07023231860695031,0.17838685153217054,0.7360528471079869,0.006381024961691791,2.269001242372727e-15,2.269001242372727e-15,0.008946957791193363,2.269001242372727e-15
cosmx_bcc_xdonor_spot_0000018577,0.11872713875886529,0.5214030709905555,0.07824795363111016,0.23818127013222784,0.028658125822875104,2.380865500532557e-15,0.012559279087966375,0.002223161576397268
cosmx_bcc_xdonor_spot_0000018751,0.6481378172258364,0.035707629252063076,2.1854172055865804e-15,0.2928574062315309,5.518163909800994e-09,2.1854172055865804e-15,0.023297141772398982,2.1854172055865804e-15
cosmx_bcc_xdonor_spot_0000018752,0.9379582337061447,0.02564131000425595,1.5417591518753357e-07,0.03639966571177063,1.308507675316087e-08,2.0269241836021395e-15,6.233168326204413e-07,2.0269241836021395e-15
cosmx_bcc_xdonor_spot_0000018753,0.7739191310264433,0.028959549467430755,2.0766134041437008e-15,0.14795424611975383,2.0766134041437008e-15,0.00011665531403529198,0.041521030263791954,0.007529387808540577
cosmx_bcc_xdonor_spot_0000018754,0.8632145242342998,0.03621717751098044,2.0485738465975595e-15,0.0972487142152663,2.0485738465975595e-15,1.3824835405508215e-05,0.0009715660305244022,0.0023341931735191943
cosmx_bcc_xdonor_spot_0000018755,0.3586814595753892,0.23292997513343794,0.26152176282651707,0.0573684169729966,7.290519590863377e-09,0.006054948981471663,0.0834434292196657,2.1446157607778568e-15
cosmx_bcc_xdonor_spot_0000018756,0.7051007328454141,0.007439200275792434,0.17129611550735183,0.05074173908747941,0.0006056005545246938,2.650682157473922e-15,0.06130832669387477,0.0035082850355603037
cosmx_bcc_xdonor_spot_0000018757,0.6403284977004222,0.006139780972959124,0.11608663658908232,0.16511541599445081,2.154363478664978e-15,1.0288934845993227e-06,0.07232863984959646,2.154363478664978e-15
cosmx_bcc_xdonor_spot_0000018758,0.881722911055827,0.06848493675916352,1.229700399173195e-06,0.02496746420390527,2.1341634802253418e-15,5.8851362445719e-11,0.019806979491932327,0.005016478729919108
cosmx_bcc_xdonor_spot_0000018759,0.6715481631966652,0.06401057766900711,1.2717583537179334e-12,0.20831927841049788,2.3048348911077397e-15,2.3048348911077397e-15,0.05612198072255106,2.3048348911077397e-15
cosmx_bcc_xdonor_spot_0000018760,0.7606779334490836,0.09731935935493774,0.06386976502406823,0.07279986812976963,2.297484404331103e-15,2.297484404331103e-15,0.0008692249400439555,0.004463849102092205
cosmx_bcc_xdonor_spot_0000018762,0.08862436217769303,0.5425490043536016,0.1010229667098275,0.20961876227202184,2.3627513983022835e-15,2.3627513983022835e-15,0.01188344241078592,0.04630146207606508
cosmx_bcc_xdonor_spot_0000018800,1.9997452352046115e-15,1.0391072996694455e-06,1.9997452352046115e-15,0.0344968405293471,0.041326202005855274,0.9241759183574846,7.25375520350442e-15,1.9997452352046115e-15
cosmx_bcc_xdonor_spot_0000018802,5.0239763356405945e-09,0.7213174968910516,0.00021544261349305566,0.035256054506223794,0.17271475116247523,0.021382026060200378,0.04911422374257726,2.2951229290170797e-15
cosmx_bcc_xdonor_spot_0000018804,0.744780278756811,1.8439639565261456e-14,0.17461470352002448,0.06187929405837776,1.9812484520791035e-15,0.01860000198702064,0.00012570245499056036,1.9222755070849238e-08
cosmx_bcc_xdonor_spot_0000018805,0.9960627321556772,0.000505344399024908,1.7618631283865073e-15,1.4317239637644822e-13,3.6356051366092596e-09,1.7618631283865073e-15,0.0034319198095440666,1.7618631283865073e-15
cosmx_bcc_xdonor_spot_0000018806,0.8769181389700214,0.0017646443634161397,1.888251244890872e-15,5.622668543601845e-09,0.06950955337573217,0.012898057561728366,0.038909600106429555,1.888251244890872e-15
cosmx_bcc_xdonor_spot_0000018807,0.34914470339645426,4.280622622805645e-06,0.038728744897549336,1.320343668319534e-15,0.07845693032159867,0.5336653407611534,6.188140730469355e-13,1.320343668319534e-15
cosmx_bcc_xdonor_spot_0000018808,0.3428055771899563,0.00016771802102791947,0.17814495245559103,1.5310700279447105e-15,0.29683074973562074,0.16702460464880414,0.015026397948996692,1.5310700279447105e-15
cosmx_bcc_xdonor_spot_0000018809,0.7717548809180684,5.629486530894645e-07,0.2281957169214887,1.884591209556986e-15,1.884591209556986e-15,1.3146141993436278e-05,3.5693069790672446e-05,1.884591209556986e-15
cosmx_bcc_xdonor_spot_0000018810,0.5397865459200505,0.03450950725561885,0.2847656883467361,0.03134033629048891,2.3698901417829944e-15,0.02123909502674472,0.08835882716035601,2.3698901417829944e-15
cosmx_bcc_xdonor_spot_0000018811,0.4378321860798433,0.15311596849293282,0.4028685196619647,9.1186684191278e-07,0.006181686589722439,2.2580669871570244e-15,5.97112916768057e-07,1.3019577570971802e-07
cosmx_bcc_xdonor_spot_0000018812,0.9515727456290091,0.008208447377922402,3.683190799920221e-07,0.040218343339218525,2.4785036464474787e-12,2.067717951307576e-15,9.533228734466228e-08,2.067717951307576e-15
cosmx_bcc_xdonor_spot_0000018814,0.9036014754455225,0.07785367875778748,2.0143963555267942e-15,3.409201977220425e-07,0.018544504858426077,2.0143963555267942e-15,1.8060000397169708e-11,2.0143963555267942e-15
cosmx_bcc_xdonor_spot_0000018816,0.9708558159018422,2.686816315275996e-07,1.8354762500905497e-15,1.1255792888036968e-12,0.00012314993599040088,0.0004495774481679747,0.024686539179240116,0.0038846488520004425
cosmx_bcc_xdonor_spot_0000018817,0.9964143526492671,9.329076958080806e-15,1.725627642319115e-15,1.725627642319115e-15,1.725627642319115e-15,1.725627642319115e-15,0.0026129521176096447,0.0009726952331067461
cosmx_bcc_xdonor_spot_0000018818,0.9663727050485494,1.1426661104745233e-13,1.5484353382143002e-15,1.5484353382143002e-15,0.002374392508740073,0.031249364736216544,3.5377063748254087e-06,1.5484353382143002e-15
cosmx_bcc_xdonor_spot_0000018819,0.938274973926473,2.42057260247975e-15,1.5157287237940647e-15,1.5157287237940647e-15,0.010867690916849262,0.05085733515666921,1.5157287237940647e-15,1.5157287237940647e-15
cosmx_bcc_xdonor_spot_0000018820,0.9130784060379316,1.5411580093016352e-08,1.6251072716827793e-15,2.5999666423176083e-10,0.014088374337190998,0.07282623949847886,6.96445481845915e-06,1.6251072716827793e-15
cosmx_bcc_xdonor_spot_0000018821,0.9646082356137975,1.6642851990823585e-15,1.6642851990823585e-15,1.6642851990823585e-15,1.6642851990823585e-15,0.035391764386192216,1.6642851990823585e-15,1.6642851990823585e-15
cosmx_bcc_xdonor_spot_0000018822,0.9639166893864278,1.5948614632826914e-15,1.5948614632826914e-15,0.03299967472610699,1.5948614632826914e-15,1.5948614632826914e-15,0.003083635887456998,1.5948614632826914e-15
cosmx_bcc_xdonor_spot_0000018823,0.9294742885574357,1.7648279188850442e-15,1.7648279188850442e-15,0.07052571144255333,1.7648279188850442e-15,1.7648279188850442e-15,1.7648279188850442e-15,1.7648279188850442e-15
cosmx_bcc_xdonor_spot_0000018824,0.9859794774263532,1.8961912091280268e-06,1.857564060701238e-15,0.00010685026580913853,1.857564060701238e-15,9.682583405415981e-14,0.013852788468797455,5.8987647730702295e-05
cosmx_bcc_xdonor_spot_0000018825,0.9782124687214332,0.018964291357959028,1.920785778517899e-15,2.830053340005465e-10,2.8821717874341094e-06,1.920785778517899e-15,3.4030157522634826e-05,0.002786327308288313
cosmx_bcc_xdonor_spot_0000018826,0.8560546777762792,1.7970798610902902e-15,0.09180152795160279,0.028457108953922935,1.7970798610902902e-15,1.7970798610902902e-15,0.02368668531818786,1.7970798610902902e-15
cosmx_bcc_xdonor_spot_0000018827,0.22512597876285168,5.066065502375723e-05,0.5684075829027647,0.03696590270446772,1.8846280831207006e-15,1.8846280831207006e-15,0.16944987497488628,1.8846280831207006e-15
cosmx_bcc_xdonor_spot_0000018828,1.6097760547792355e-15,0.049157185952668034,0.41197149033471464,1.6097760547792355e-15,1.6097760547792355e-15,1.6097760547792355e-15,0.5388713237126092,1.6097760547792355e-15
cosmx_bcc_xdonor_spot_0000018829,0.9674013498623003,1.503902265015981e-15,1.503902265015981e-15,1.503902265015981e-15,1.503902265015981e-15,5.952056859214526e-06,0.03259269808083277,1.503902265015981e-15
cosmx_bcc_xdonor_spot_0000018830,0.9999999999999886,1.6030216717698631e-15,1.6030216717698631e-15,1.6030216717698631e-15,1.6030216717698631e-15,1.6030216717698631e-15,1.6030216717698631e-15,1.6030216717698631e-15
cosmx_bcc_xdonor_spot_0000018831,0.9999996422620911,4.7749041892786445e-14,1.6194243937869412e-15,1.438022525723579e-14,1.6194243937869412e-15,1.6194243937869412e-15,3.577378401654096e-07,1.6194243937869412e-15
cosmx_bcc_xdonor_spot_0000018832,0.9988232375271938,0.0011539098730337716,1.7599302911116578e-15,2.460943219859047e-10,6.012088899668547e-15,1.7599302911116578e-15,2.285235366658953e-05,1.7599302911116578e-15
cosmx_bcc_xdonor_spot_0000018833,0.9999999999999885,1.6050181361290946e-15,1.6050181361290946e-15,1.6050181361290946e-15,1.6050181361290946e-15,1.6050181361290946e-15,1.6050181361290946e-15,1.6050181361290946e-15
cosmx_bcc_xdonor_spot_0000018834,0.9609341097921953,0.00013145351477544936,1.988271567985517e-15,0.0018524270538915382,2.823380253164424e-05,0.015127930942175646,0.019577714293495956,0.002348130600932483
cosmx_bcc_xdonor_spot_0000018848,0.9490649590470834,9.366870446055894e-05,2.257859011391112e-15,8.591284010858437e-05,2.257859011391112e-15,2.257859011391112e-15,0.04675863509203627,0.0039968243163043034
cosmx_bcc_xdonor_spot_0000018849,0.9106421494481535,7.027667295004615e-14,0.058372508721715836,0.023460223817034036,0.0074641211255472364,2.093129425594612e-15,6.0996887474761686e-05,2.093129425594612e-15
cosmx_bcc_xdonor_spot_0000018853,0.08904782164863864,0.0032612798608866313,0.3889513399368957,0.09487336966182405,1.1062156441544713e-12,2.3667580509462246e-15,0.37581458864841694,0.04805160024222957
cosmx_bcc_xdonor_spot_0000018854,5.142905734143152e-06,0.07817392842255787,0.00011355379767300662,0.2080798012545086,2.2616925244920456e-15,2.2616925244920456e-15,0.7136275736195196,2.2616925244920456e-15
cosmx_bcc_xdonor_spot_0000018870,0.9302853523645779,0.05282717774581446,3.3399827175990135e-05,9.735846153700101e-10,1.0716757184072723e-07,1.633299413777223e-05,0.016837628927135445,1.9641756285668037e-15
cosmx_bcc_xdonor_spot_0000018871,0.9398722004441648,0.024038263451489142,2.0576350470820135e-15,0.018358391846981705,1.6024022411140424e-13,0.00440269722050499,0.01332844703669497,2.0576350470820135e-15
cosmx_bcc_xdonor_spot_0000018872,0.9999259155609908,7.40812927970205e-05,6.022759459945784e-13,3.2168768046985685e-12,1.882683535058403e-15,1.882683535058403e-15,3.1423870788153315e-09,1.882683535058403e-15
cosmx_bcc_xdonor_spot_0000018873,0.19762858982456283,0.15864300982291335,0.5429372568715747,2.0549787246566644e-15,0.044500683973354216,0.056290459507588604,2.0549787246566644e-15,2.0549787246566644e-15
cosmx_bcc_xdonor_spot_0000018875,0.3781648437417682,8.69528233403258e-06,0.06602769837300672,0.40073061056292963,0.011987800166417721,0.05472040764925679,0.06299321655015047,0.02536672767413642
cosmx_bcc_xdonor_spot_0000018876,0.10494480307845959,0.47747002419659784,0.32091414135465735,1.812329652337551e-05,0.07094537863870091,5.36610691917637e-10,2.4256592526789647e-15,0.025707528898447848
cosmx_bcc_xdonor_spot_0000019050,0.616957831170391,0.003163580310475965,0.1674929568103333,0.141685164477725,2.2822178784393908e-15,3.095107818532799e-05,0.06525661364707604,0.005412902505810875
cosmx_bcc_xdonor_spot_0000019051,0.14583486557396969,3.7728828125422456e-08,0.3418233758886998,0.3389012031322787,2.3508615659513223e-15,6.679398963198236e-11,0.17344051760942478,2.3508615659513223e-15
cosmx_bcc_xdonor_spot_0000019052,0.8417641752624382,0.005806693561767126,0.009227820289203515,0.07453555818210594,2.1395312573734604e-15,0.009749414450192867,0.05753225557452364,0.001384082679766365
cosmx_bcc_xdonor_spot_0000019053,0.8535517471378454,0.06763457886847528,2.1660665070276375e-15,0.0422207056787532,2.1660665070276375e-15,2.1660665070276375e-15,0.03659296831491728,2.1660665070276375e-15
cosmx_bcc_xdonor_spot_0000019054,0.4635020024263037,0.0003372582461984474,0.08019905821667854,0.3669482367510508,2.209617407130795e-15,2.209617407130795e-15,0.08901344435976176,2.209617407130795e-15
cosmx_bcc_xdonor_spot_0000019055,0.5173921548760267,0.12368754127255055,0.11739658425699398,0.09897213337392773,0.07014483766303779,0.002819721374816579,0.059164831135520964,0.010422196047125588
cosmx_bcc_xdonor_spot_0000019056,0.6624504005856894,0.23613812207267296,0.01804014868168188,0.058142954913760175,0.013486829239933754,0.011563418834846061,0.00017812567141348094,2.2852033213186385e-15
cosmx_bcc_xdonor_spot_0000019057,0.8176739904395869,0.07229213993185096,0.01767030887758424,0.052212329889978384,2.2999851750434467e-15,0.0021827248662757864,0.03245418595681432,0.005514320037907045
cosmx_bcc_xdonor_spot_0000019060,2.4487176187845485e-15,0.9765160083040925,3.0348649429286416e-08,0.00863664340208605,0.01484731794516199,2.4487176187845485e-15,2.4487176187845485e-15,2.4487176187845485e-15
cosmx_bcc_xdonor_spot_0000019103,0.9555842523956188,0.004705253583758256,2.088728201987832e-15,0.03383377955049881,2.088728201987832e-15,2.088728201987832e-15,0.002175825106265405,0.0037008893638523677
cosmx_bcc_xdonor_spot_0000019104,0.8611651215887675,0.012601586250787578,0.05101375417491719,2.9499512230253796e-06,1.8742315677633374e-15,1.8742315677633374e-15,0.07521658803429898,1.8742315677633374e-15
cosmx_bcc_xdonor_spot_0000019105,0.6494310950623506,8.309994136957944e-05,0.24597171913991123,0.007740442062646157,0.0611596798660371,1.908943126334031e-15,0.03561396392768134,1.908943126334031e-15
cosmx_bcc_xdonor_spot_0000019106,0.3892137290396969,8.795165322055498e-12,1.2716940214976237e-15,1.2716940214976237e-15,0.030662424753140717,0.5801238071064121,3.909195118785031e-08,1.2716940214976237e-15
cosmx_bcc_xdonor_spot_0000019107,0.9183087221184976,0.00913151362194521,0.003544225256147465,0.000595951773147093,0.0473828740387782,0.002873825564603902,0.01816288762687844,1.817473639585787e-15
cosmx_bcc_xdonor_spot_0000019108,0.7745076362108251,2.924274840874828e-07,0.06499813289516669,0.049069737801397874,2.274261437906425e-15,0.0012872773063274175,0.11013692335879456,1.931617222200432e-15
cosmx_bcc_xdonor_spot_0000019109,0.10590305850362298,0.30485701604049964,0.38337255696650535,0.07374544652091496,0.09411264004604651,1.885717459199961e-13,0.03800928192221971,2.1342446152271636e-15
cosmx_bcc_xdonor_spot_0000019110,0.7497526325326709,0.07694645666559308,0.03133097135778318,0.017570138813350768,2.17010074514226e-15,2.17010074514226e-15,0.1243998006305953,2.17010074514226e-15
cosmx_bcc_xdonor_spot_0000019111,0.9159031109105149,0.07147553531012808,2.145288836934144e-15,1.098704991694883e-11,2.145288836934144e-15,0.011799309348872328,0.0008220172924468732,2.7127046299207526e-08
cosmx_bcc_xdonor_spot_0000019112,0.9900543624379832,0.004108247964783019,2.7945398756747325e-12,0.002285272446937524,0.003541500714009089,1.7279510572504585e-15,1.0616433489029899e-05,1.7279510572504585e-15
cosmx_bcc_xdonor_spot_0000019113,0.9026184470438093,0.0018953966481153634,1.895170046428667e-15,0.012800399499778271,0.0785301119455302,1.895170046428667e-15,0.004155644862760791,1.895170046428667e-15
cosmx_bcc_xdonor_spot_0000019114,0.9999999999351326,7.48606608835139e-15,1.728413702177554e-15,1.3339856995910045e-14,1.728413702177554e-15,2.8573650340145464e-12,6.198414268598976e-11,1.728413702177554e-15
cosmx_bcc_xdonor_spot_0000019115,0.9964336335440505,1.864372692036728e-15,1.864372692036728e-15,1.864372692036728e-15,1.864372692036728e-15,1.864372692036728e-15,0.0035663664559381857,1.864372692036728e-15
cosmx_bcc_xdonor_spot_0000019116,0.9999969119138665,7.797369775919646e-08,1.8674267490229183e-15,1.6133004750596175e-12,1.8674267490229183e-15,1.8674267490229183e-15,3.010110814688346e-06,1.8674267490229183e-15
cosmx_bcc_xdonor_spot_0000019117,0.9999999999999881,1.6301059550117514e-15,1.6301059550117514e-15,1.877971630112058e-15,1.6301059550117514e-15,1.6301059550117514e-15,1.6301059550117514e-15,1.6301059550117514e-15
cosmx_bcc_xdonor_spot_0000019118,0.9918179686555565,3.1932161695299244e-07,1.7622372903416414e-15,5.471140014130129e-13,1.0775433742922027e-11,1.7622372903416414e-15,0.008181712011498485,1.7622372903416414e-15
cosmx_bcc_xdonor_spot_0000019119,0.9985478432524892,1.7132413898795466e-15,1.7132413898795466e-15,2.763750104123836e-13,1.7132413898795466e-15,1.7132413898795466e-15,1.6257973925920267e-06,0.0014505309498346404
cosmx_bcc_xdonor_spot_0000019120,0.9986867099616212,1.7330011528365073e-15,1.7330011528365073e-15,1.999111508747013e-11,1.7330011528365073e-15,1.7330011528365073e-15,0.0013132900183786297,1.7330011528365073e-15
cosmx_bcc_xdonor_spot_0000019121,0.9736584443126357,0.00048656903867585804,1.7752237554421435e-15,0.022457454594587818,0.002926271230747384,1.7752237554421435e-15,0.00047126082208551266,1.263943261067553e-12
cosmx_bcc_xdonor_spot_0000019122,0.9992310101515685,5.4217849295731675e-09,1.824652903635634e-15,0.0007638821089656161,1.824652903635634e-15,3.374514227113182e-15,5.1023176720740815e-06,1.824652903635634e-15
cosmx_bcc_xdonor_spot_0000019123,0.9999999999999265,1.6721215683543966e-14,1.5891546375561805e-15,1.5891546375561805e-15,4.864791468073203e-14,1.5891546375561805e-15,1.5891546375561805e-15,1.5891546375561805e-15
cosmx_bcc_xdonor_spot_0000019124,0.8235920113525056,1.354703775875441e-09,0.16498359277603328,1.69900041936688e-15,0.01142439446345339,1.69900041936688e-15,5.329880804169003e-11,1.69900041936688e-15
cosmx_bcc_xdonor_spot_0000019125,0.8635625700168592,7.563717176123953e-05,0.06179204325739217,9.228910678028627e-07,0.02326166996537586,1.7679604735075144e-15,0.04958697230487799,0.0017201843926639836
cosmx_bcc_xdonor_spot_0000019126,0.934081836364742,0.0003071474446962131,1.8085974726686773e-15,1.8085974726686773e-15,1.8085974726686773e-15,1.8085974726686773e-15,0.06561101619055253,1.8085974726686773e-15
cosmx_bcc_xdonor_spot_0000019127,0.9609034449678272,1.7587509772719731e-15,1.7587509772719731e-15,0.028877038232902705,1.7587509772719731e-15,1.7587509772719731e-15,0.010219516799261093,1.7587509772719731e-15
cosmx_bcc_xdonor_spot_0000019128,0.9721344114818382,1.4401575423254294e-15,1.4401575423254294e-15,1.4401575423254294e-15,1.4401575423254294e-15,0.027865588518152913,1.4401575423254294e-15,1.4401575423254294e-15
cosmx_bcc_xdonor_spot_0000019129,0.8314786955359824,1.4790609870765413e-15,1.4790609870765413e-15,1.4790609870765413e-15,1.4790609870765413e-15,0.16852130446400845,1.4790609870765413e-15,1.4790609870765413e-15
cosmx_bcc_xdonor_spot_0000019130,0.9459482982761335,4.715956243794039e-10,1.6581888514504123e-15,1.6581888514504123e-15,4.462956148167137e-10,0.05405170080376513,2.205065374908697e-12,1.6581888514504123e-15
cosmx_bcc_xdonor_spot_0000019131,0.9999999999999899,1.4181646063983083e-15,1.4181646063983083e-15,1.4181646063983083e-15,1.4181646063983083e-15,1.4181646063983083e-15,1.4181646063983083e-15,1.4181646063983083e-15
cosmx_bcc_xdonor_spot_0000019132,0.9999999999998443,1.4595596077351916e-15,1.4595596077351916e-15,1.4595596077351916e-15,1.4595596077351916e-15,1.4595596077351916e-15,1.466330893559645e-13,1.4595596077351916e-15
cosmx_bcc_xdonor_spot_0000019133,0.9790830857135937,1.721897697530168e-15,1.721897697530168e-15,0.02028162099869854,1.721897697530168e-15,6.471222159027413e-15,5.037544423617841e-09,0.0006352882501514364
cosmx_bcc_xdonor_spot_0000019134,0.9999999999365756,1.6669706790686582e-15,1.6669706790686582e-15,1.6669706790686582e-15,1.3144794559180928e-14,1.6669706790686582e-15,1.6669706790686582e-15,6.34027963766264e-11
cosmx_bcc_xdonor_spot_0000019135,0.9997216196653091,1.758675557420165e-15,1.758675557420165e-15,1.758675557420165e-15,1.758675557420165e-15,0.0002783803346731322,1.758675557420165e-15,8.848980073395196e-15
cosmx_bcc_xdonor_spot_0000019161,0.8967753759175832,0.00036816905488888516,1.9729125798107545e-15,1.3881239062940151e-07,0.04382861447638139,3.4125283978339097e-12,0.059027701735339416,1.9729125798107545e-15
cosmx_bcc_xdonor_spot_0000019162,0.9823896618065686,1.7891243566892097e-15,0.012534460053396087,2.1504373193497943e-13,1.7891243566892097e-15,1.7891243566892097e-15,0.005075878139813075,1.7891243566892097e-15
cosmx_bcc_xdonor_spot_0000019163,0.9066987194344395,9.343217796206356e-09,3.7700482367908026e-06,0.036154536888061674,0.009769945036020383,1.9685028885404147e-15,0.04737301925001986,1.9685028885404147e-15
cosmx_bcc_xdonor_spot_0000019165,0.9652508793597813,0.01173788244051864,1.787432068164979e-15,0.0015433651787391987,0.00253858540155239,1.787432068164979e-15,0.018929287619370346,3.4244252620887483e-14
cosmx_bcc_xdonor_spot_0000019166,0.9885988178419163,1.883290466034431e-15,1.883290466034431e-15,9.783538544473671e-08,8.569873132530484e-14,0.011396069503178818,7.22611651741582e-14,5.014819357465816e-06
cosmx_bcc_xdonor_spot_0000019167,0.9209590777548023,3.645297378494629e-09,1.901233618970677e-11,1.025009215529002e-14,1.782137665887828e-15,5.203005235489819e-06,0.07903571557563865,1.782137665887828e-15
cosmx_bcc_xdonor_spot_0000019168,0.5213099657516692,1.6222781684433056e-15,0.4528270642597594,1.6222781684433056e-15,1.6222781684433056e-15,0.02309474603622007,0.0027682224943038247,1.4580424458326068e-09
cosmx_bcc_xdonor_spot_0000019169,0.8306183847041742,0.005010379988088388,0.004539585542696529,0.06667509964188736,0.07555061146794488,1.935420667070625e-15,0.0139789242180577,0.0036270144371489017
cosmx_bcc_xdonor_spot_0000019170,0.9285051063678494,3.659340885920562e-14,0.0066278764639117116,1.9821029188104876e-15,1.9821029188104876e-15,0.005004043009456695,0.058122404520242026,0.0017405696384994852
cosmx_bcc_xdonor_spot_0000019171,0.9306109006312449,0.0011253135064779394,2.6996223232787334e-05,0.045021584341462854,0.002285284063281774,2.0895087336813596e-15,2.0895087336813596e-15,0.02092992123429535
cosmx_bcc_xdonor_spot_0000019174,0.6959399072225352,0.2755284080424911,2.3317291142600235e-15,7.198385980161523e-14,2.3317291142600235e-15,2.3317291142600235e-15,0.02851284551271594,1.8839222178672223e-05
cosmx_bcc_xdonor_spot_0000019349,0.9917415873808091,1.0076683714639664e-06,6.434529457570787e-10,0.0027163027980964816,1.6738555280316236e-15,0.0019135669730383923,0.0036275345362282024,1.6738555280316236e-15
cosmx_bcc_xdonor_spot_0000019350,0.6376328105106999,0.12848270511390233,0.019358488201751713,0.08381413553049372,2.014892833128825e-15,2.014892833128825e-15,0.13071186064314616,2.014892833128825e-15
cosmx_bcc_xdonor_spot_0000019351,0.6627993679954826,0.04583190834163497,0.01170535220775039,0.16522611949985005,2.057352800583659e-15,0.0004846211066685387,0.1139526302749272,5.736842620225694e-10
cosmx_bcc_xdonor_spot_0000019352,0.9166689922295005,0.026512000119152498,2.1580730457863e-15,0.0028895343383743624,2.1580730457863e-15,0.009282377349868398,0.041390670221101065,0.003256425741998809
cosmx_bcc_xdonor_spot_0000019353,0.2955079413430322,0.11485274558713905,0.18346818745040008,0.3141423460793626,2.3667096031015714e-15,2.3667096031015714e-15,0.05191833388044532,0.04011044565961593
cosmx_bcc_xdonor_spot_0000019354,0.800652254700821,0.04933262398128384,1.5790268511818648e-14,0.09083240587486283,2.2440475927249112e-15,0.02639751091407574,0.03278520452893607,2.2440475927249112e-15
cosmx_bcc_xdonor_spot_0000019355,0.5718990473102747,0.11420068809891157,0.04136787987053502,0.24393605946185024,0.024148598059626585,2.409805110300759e-15,0.00012201184024938187,0.004325715358549988
cosmx_bcc_xdonor_spot_0000019357,2.542332390417019e-15,0.3587202509469102,0.17605198670042083,0.2804386765793277,0.020322631611010833,0.027416218622696893,0.1370502355396284,2.542332390417019e-15
cosmx_bcc_xdonor_spot_0000019402,0.7385035226742632,0.004974076642076736,0.14920499443151666,0.08898631200089109,3.1712807758975474e-15,2.9258864949521567e-06,0.01832816836475218,2.1158818135566216e-15
cosmx_bcc_xdonor_spot_0000019403,0.8578539252278754,0.001735527325962455,1.939366414259321e-15,0.0905824193605523,1.939366414259321e-15,6.017113714505512e-09,0.049828122068490105,1.939366414259321e-15
cosmx_bcc_xdonor_spot_0000019404,0.8098876529226227,0.0010624251336719044,0.03897383974039256,0.09699085651554633,0.0018856582727274063,0.005010529119214458,0.0461890382958228,1.8909996390035494e-15
cosmx_bcc_xdonor_spot_0000019405,0.9177825990245205,0.010547355431676592,3.695892344874678e-06,0.00025068359652063803,0.0035560870604983506,0.04474802423915576,0.023111554755281382,1.84735624183388e-15
cosmx_bcc_xdonor_spot_0000019406,0.6527800910319094,4.809821223536411e-05,2.131837578907489e-15,0.04931157419826585,2.131837578907489e-15,0.2783963139465185,0.018667116042559908,0.0007968065685066953
cosmx_bcc_xdonor_spot_0000019407,0.7851475255366612,0.02454218051245387,0.06059786154626058,0.030910797682643928,0.05033010605704833,0.012822127164827763,0.035649401500102235,1.9973574574329277e-15
cosmx_bcc_xdonor_spot_0000019408,0.714916458542975,0.006791937410929447,0.2604939742083009,0.015324441256502586,2.0518913415214347e-15,2.0518913415214347e-15,0.002473188579783587,1.5042314418533534e-12
cosmx_bcc_xdonor_spot_0000019409,0.7582456052275318,0.04129675822057117,0.04442532144709129,0.03848647431217652,0.0006183122208853445,2.0302082298496047e-15,0.11692752857173967,2.0302082298496047e-15
cosmx_bcc_xdonor_spot_0000019410,0.01771608814192107,0.25880777452575315,0.7037786609884845,3.1679284614589843e-07,0.0034805540511352634,2.2056931780588488e-15,0.016216605499855423,2.2056931780588488e-15
cosmx_bcc_xdonor_spot_0000019411,0.9443086663690625,1.9839214144276582e-05,9.071780804379147e-09,2.58442202673264e-15,2.017702022787923e-15,2.017702022787923e-15,0.05481336956173176,0.000858115783273916
cosmx_bcc_xdonor_spot_0000019412,0.9392269959549356,4.9911441526584584e-11,1.459746834678881e-11,0.045922415130484465,1.9323348679211463e-15,1.9323348679211463e-15,0.014690918831658984,0.0001596700184080044
cosmx_bcc_xdonor_spot_0000019413,0.9986931835605521,4.992520855913682e-05,1.7835999197660653e-15,1.566832882394349e-05,2.9332951241704496e-11,1.7835999197660653e-15,0.0012412228727264438,1.7835999197660653e-15
cosmx_bcc_xdonor_spot_0000019414,0.9881284706911259,7.957284274513042e-12,1.8243587815040404e-15,3.736821985597507e-06,1.8243587815040404e-15,1.8243587815040404e-15,0.009596928124770926,0.0022708643541547117
cosmx_bcc_xdonor_spot_0000019415,0.9710215425241631,3.010400445624125e-13,1.7796520643627626e-15,0.022835939888483148,1.7796520643627626e-15,1.7796520643627626e-15,0.006142517587045405,1.7796520643627626e-15
cosmx_bcc_xdonor_spot_0000019416,0.9999999547080074,1.6100676869252235e-15,1.6100676869252235e-15,4.529143837689004e-08,1.6100676869252235e-15,1.6100676869252235e-15,5.460732735825779e-13,1.6100676869252235e-15
cosmx_bcc_xdonor_spot_0000019417,0.9927089737662442,1.796176932129197e-15,1.796176932129197e-15,1.796176932129197e-15,1.796176932129197e-15,1.796176932129197e-15,0.0072910262337448,1.796176932129197e-15
cosmx_bcc_xdonor_spot_0000019418,0.9999999998703065,1.7966899662355787e-15,1.7966899662355787e-15,1.0435257524917018e-10,1.7966899662355787e-15,1.7966899662355787e-15,2.5245878078203056e-11,8.757856511975455e-14
cosmx_bcc_xdonor_spot_0000019419,0.9519895830271123,1.7743911579345296e-15,1.7743911579345296e-15,0.04801041697287668,1.7743911579345296e-15,1.7743911579345296e-15,1.7743911579345296e-15,1.7743911579345296e-15
cosmx_bcc_xdonor_spot_0000019420,0.9703209028341623,7.279864238289319e-07,0.00012218390401310826,2.0315905120761853e-09,0.002859636092298567,1.8313345503680242e-15,0.02669654715150766,1.8313345503680242e-15
cosmx_bcc_xdonor_spot_0000019421,0.9900624029337066,4.861150897503837e-09,8.646660093057552e-12,2.5177047289466667e-08,1.8809106569247263e-15,1.8809106569247263e-15,0.00993756701944271,1.8809106569247263e-15
cosmx_bcc_xdonor_spot_0000019422,0.951666729681617,1.7534244720818585e-15,0.043083186363715734,1.7534244720818585e-15,1.7534244720818585e-15,1.7534244720818585e-15,0.0052401978656902385,9.886088969785949e-06
cosmx_bcc_xdonor_spot_0000019423,0.9428213348745189,1.2991069722250226e-10,1.8665173570550433e-15,0.04416713687465115,1.8665173570550433e-15,1.8665173570550433e-15,0.01259295043959681,0.00041857768131668796
cosmx_bcc_xdonor_spot_0000019424,0.9829292664571613,4.144068949092048e-09,1.751037630544152e-15,0.013712231978817976,1.751037630544152e-15,1.751037630544152e-15,0.0002327428103230697,0.0031257546096234313
cosmx_bcc_xdonor_spot_0000019425,0.999999998722088,1.6846205542401775e-15,1.6846205542401775e-15,4.4939996461179694e-14,1.6846205542401775e-15,1.6846205542401775e-15,1.2778584021546006e-09,1.6846205542401775e-15
cosmx_bcc_xdonor_spot_0000019426,0.9999999997352951,1.5858277615545768e-15,1.5858277615545768e-15,1.5858277615545768e-15,1.5858277615545768e-15,1.5858277615545768e-15,2.6469524776170687e-10,1.5858277615545768e-15
cosmx_bcc_xdonor_spot_0000019427,0.9057088957622964,1.384196739459503e-15,1.384196739459503e-15,1.384196739459503e-15,1.384196739459503e-15,0.094291104237695,1.384196739459503e-15,1.384196739459503e-15
cosmx_bcc_xdonor_spot_0000019428,0.7995981994040205,1.4189462634533463e-15,1.4189462634533463e-15,1.4189462634533463e-15,1.4189462634533463e-15,0.20040180059597085,1.4189462634533463e-15,1.4189462634533463e-15
cosmx_bcc_xdonor_spot_0000019429,0.8944553862213808,1.422913408246861e-15,1.422913408246861e-15,1.422913408246861e-15,1.422913408246861e-15,0.10554461377861053,1.422913408246861e-15,1.422913408246861e-15
cosmx_bcc_xdonor_spot_0000019430,0.9999999999939775,1.33354280775672e-15,1.33354280775672e-15,1.33354280775672e-15,1.33354280775672e-15,6.0143161532929704e-12,1.33354280775672e-15,1.33354280775672e-15
cosmx_bcc_xdonor_spot_0000019431,0.9999999999999895,1.4704704164911521e-15,1.4704704164911521e-15,1.4704704164911521e-15,1.4704704164911521e-15,1.4704704164911521e-15,1.4704704164911521e-15,1.4704704164911521e-15
cosmx_bcc_xdonor_spot_0000019432,0.9821382428643282,1.6176748397880055e-15,1.6176748397880055e-15,0.017861739298774337,1.6176748397880055e-15,1.7836889205554326e-08,1.6176748397880055e-15,1.6176748397880055e-15
cosmx_bcc_xdonor_spot_0000019433,0.9607455827020999,1.4808948977380544e-15,1.4808948977380544e-15,1.0308970779600107e-11,1.4808948977380544e-15,0.03925441728758368,1.4808948977380544e-15,1.4808948977380544e-15
cosmx_bcc_xdonor_spot_0000019434,0.9878623014219392,1.7599790732052107e-15,1.7599790732052107e-15,0.008525391652738681,1.7599790732052107e-15,1.7599790732052107e-15,0.003612306925313113,1.7599790732052107e-15
cosmx_bcc_xdonor_spot_0000019460,0.9961410444060416,0.002224303896804116,0.0002897571235116832,8.143428935897499e-08,0.0013363680226705522,1.7520364990989583e-15,8.445116679015875e-06,1.7520364990989583e-15
cosmx_bcc_xdonor_spot_0000019461,0.9787074406535443,0.001953570762488814,1.6630526668055706e-09,5.448226494727078e-07,1.694807676876006e-08,1.872157304740474e-15,0.019338425150184194,1.872157304740474e-15
cosmx_bcc_xdonor_spot_0000019462,0.09067269013636986,1.9398889485387766e-15,0.8592005351801442,0.050126774683476066,1.9398889485387766e-15,1.9398889485387766e-15,1.9398889485387766e-15,1.9398889485387766e-15
cosmx_bcc_xdonor_spot_0000019463,0.056680694451482,1.1362048478553485e-07,0.8555686470359998,0.0004591740129957408,0.08729136786638851,3.0126453956074035e-09,1.8864361850564543e-15,1.8864361850564543e-15
cosmx_bcc_xdonor_spot_0000019464,0.999999908547416,3.0746854525423347e-09,1.852187143045614e-15,1.852187143045614e-15,7.347093981506538e-13,1.852187143045614e-15,8.83771562496717e-08,1.852187143045614e-15
cosmx_bcc_xdonor_spot_0000019465,0.9557872596927159,0.008870418817088057,0.0005704393091819081,5.223238940127103e-06,2.504120495521084e-10,1.8730228525805136e-15,0.034766658691658105,1.8730228525805136e-15
cosmx_bcc_xdonor_spot_0000019466,0.8807879024194223,4.208145627943043e-08,2.0475100049038308e-15,0.011644622575151727,2.0475100049038308e-15,2.9875615310186964e-06,0.10756444536243244,2.0475100049038308e-15
cosmx_bcc_xdonor_spot_0000019467,0.9099650819940213,1.946152498606368e-15,0.053539204173656964,0.006467136665272593,1.946152498606368e-15,1.946152498606368e-15,0.030028577167041087,1.946152498606368e-15
cosmx_bcc_xdonor_spot_0000019468,0.8887720373695721,0.048643134919225735,1.059053156926237e-09,0.007777125284814697,0.029173857361167392,0.013280717108639511,0.00822731063500735,0.004125816262520117
cosmx_bcc_xdonor_spot_0000019469,0.9761927720782451,6.367340571233814e-05,1.9240402542850936e-15,6.334495046092813e-11,1.9240402542850936e-15,1.9240402542850936e-15,1.901279164267489e-05,0.023724541661049117
cosmx_bcc_xdonor_spot_0000019470,0.9761807200124826,3.531173019941448e-13,0.020000878752920302,0.0038184012342349256,2.1281034639354513e-15,2.1281034639354513e-15,2.720441699097491e-15,2.1281034639354513e-15
cosmx_bcc_xdonor_spot_0000019471,0.7763143822496986,0.0638858923208369,0.04025302943046429,0.037407737044309566,1.903868059748482e-15,0.04292304797411387,0.03921591098057293,1.903868059748482e-15
cosmx_bcc_xdonor_spot_0000019645,0.9811972582151842,3.68740833821355e-09,2.0446419478150222e-15,0.016034553861421018,0.002767132021569702,2.0446419478150222e-15,1.0522144104366474e-06,2.0446419478150222e-15
cosmx_bcc_xdonor_spot_0000019646,0.3529442618857103,0.09317598369585751,0.3551790233618203,0.13720665899895604,2.483746234171984e-15,2.483746234171984e-15,0.06149407205764819,2.483746234171984e-15
cosmx_bcc_xdonor_spot_0000019647,0.2541712702753743,0.014429044393126974,0.4116670207260996,0.12145062288128798,2.5411552015734073e-15,6.779095335734996e-05,0.19482647024730781,0.0033877805234432986
cosmx_bcc_xdonor_spot_0000019648,0.7832461293617475,0.11781338978493985,0.085242895613748,8.365855547618179e-06,0.011320585754528809,2.2209997320163486e-15,0.00020932314815819657,0.002159310481327647
cosmx_bcc_xdonor_spot_0000019649,0.673604915099522,0.2513330975580534,0.012213704240437127,0.021750705950654467,2.1819747616630448e-15,2.1819747616630448e-15,0.041097577151326364,2.1819747616630448e-15
cosmx_bcc_xdonor_spot_0000019650,0.9684597824658879,0.0002542495651977964,0.00037060735488286296,0.01650664367778566,1.9385335683637898e-15,1.9385335683637898e-15,0.013817628509623184,0.0005910884266185687
cosmx_bcc_xdonor_spot_0000019651,0.4964383542701991,0.044316608471524604,0.061304848320015405,0.3557507051207178,2.070459955712874e-15,2.070459955712874e-15,0.039880907465518936,0.0023085763520199185
cosmx_bcc_xdonor_spot_0000019652,0.35459562832610486,0.036356352934610474,0.15077947328011523,0.2197141429463608,0.23640351397840437,2.5055427002039387e-15,0.0021508885343991127,2.5055427002039387e-15
cosmx_bcc_xdonor_spot_0000019653,0.8765490302625398,0.008484634361905958,0.004168628571303296,0.05307060643573367,2.0914374206716807e-15,0.00032463490549908085,0.0482760901377937,0.009126375325222305
cosmx_bcc_xdonor_spot_0000019701,0.8896697662347032,0.001489732748751088,1.9486585115942905e-15,0.06952567280589993,1.9486585115942905e-15,0.008808254912258928,0.02756537997931155,0.0029411933190712967
cosmx_bcc_xdonor_spot_0000019702,0.8702982198562823,0.0007044055903988433,0.05423287154433873,0.04432030519478276,1.85321591461186e-15,0.012491133229072821,0.015695680617476858,0.0022573839676456307
cosmx_bcc_xdonor_spot_0000019703,0.5777861176419598,7.629413429248204e-08,0.2877694995519075,1.7808934660003615e-05,1.8402929645259388e-15,5.385106055501173e-15,0.13442649757732925,1.8402929645259388e-15
cosmx_bcc_xdonor_spot_0000019704,0.6579746977354,0.035998930855139985,0.1498819694378475,0.026214169530599213,0.009111068239303641,0.10856378263233447,0.011020164273338013,0.0012352172960372013
cosmx_bcc_xdonor_spot_0000019705,0.6188985628756462,0.001817351558527575,8.785365051029753e-11,6.93886018859799e-07,0.0007266010870210386,0.31850401465280725,0.06005277585212338,2.0006655266509662e-15
cosmx_bcc_xdonor_spot_0000019706,0.5779380018505661,5.2299270543198e-10,0.4071400998632615,1.695574310071572e-15,4.451952466360754e-14,0.014838472270954953,8.342549217681182e-05,1.695574310071572e-15
cosmx_bcc_xdonor_spot_0000019707,0.7701647359127886,8.647148063017007e-14,0.2081687853430179,0.00016200856562375681,1.8458495144714276e-15,0.0029519013759843563,0.018552568802495107,1.8458495144714276e-15
cosmx_bcc_xdonor_spot_0000019708,0.9607447960563886,0.013343933808431704,4.703823267017588e-11,9.001802239609865e-09,2.589600752538326e-06,1.7735250157234923e-15,0.025908671485583068,1.7735250157234923e-15
cosmx_bcc_xdonor_spot_0000019709,0.5175583346042704,0.07272032149163776,0.26899008206756186,0.0741688617556434,4.932968281408143e-11,2.011504796387933e-15,0.06656240003155264,2.011504796387933e-15
cosmx_bcc_xdonor_spot_0000019710,0.9670850368329322,0.03268191523650587,8.504020070585648e-07,2.0742701006492614e-07,5.571510980546654e-10,2.052894707997633e-15,0.00010957926309221242,0.00012241028129925284
cosmx_bcc_xdonor_spot_0000019711,0.963282041289418,0.028155115455072353,1.9666173805130614e-15,0.007905200475383517,4.2993379998318835e-14,1.4071043456988676e-10,0.000657642639368677,1.9666173805130614e-15
cosmx_bcc_xdonor_spot_0000019712,0.9797109608563646,0.0006879978340641583,1.0522173877607894e-10,0.019601033278728378,1.8772999079989896e-15,1.8772999079989896e-15,7.925615473723063e-09,1.8772999079989896e-15
cosmx_bcc_xdonor_spot_0000019713,0.9410982384620392,1.1997634487666033e-06,1.852358451102345e-15,0.056195066428513844,2.9670774230225113e-12,1.852358451102345e-15,0.0027054953430255403,1.852358451102345e-15
cosmx_bcc_xdonor_spot_0000019714,0.9929300359944898,1.0738099623777971e-13,1.7532103382683577e-15,2.9418564937462146e-11,1.7532103382683577e-15,1.7532103382683577e-15,0.007069963975977027,1.7532103382683577e-15
cosmx_bcc_xdonor_spot_0000019715,0.9884940486682189,8.644374523437607e-13,5.512573827203639e-10,1.7589594613648493e-15,1.7589594613648493e-15,1.7589594613648493e-15,0.011505950719779452,5.987447627021668e-11
cosmx_bcc_xdonor_spot_0000019716,0.945980755756294,2.384062205733781e-15,0.052851991928593474,1.7729268758756484e-15,1.7729268758756484e-15,1.7729268758756484e-15,0.001167252315102959,1.7729268758756484e-15
cosmx_bcc_xdonor_spot_0000019717,0.7339880012127742,2.386824367012585e-09,0.26566397524642343,3.3063262754640637e-12,0.00031107445868732456,1.6932961079497492e-15,3.6946691980987324e-05,1.6932961079497492e-15
cosmx_bcc_xdonor_spot_0000019718,0.6362911909850233,1.4011493836368311e-14,0.1574959606276204,1.711703898442076e-15,1.711703898442076e-15,1.711703898442076e-15,0.20621284838733522,1.711703898442076e-15
cosmx_bcc_xdonor_spot_0000019719,0.21021665828423955,2.4997372605543237e-08,0.48263465544057615,8.840818940150256e-05,1.8528754180958948e-15,1.8528754180958948e-15,0.30706025308840446,1.8528754180958948e-15
cosmx_bcc_xdonor_spot_0000019720,0.8467165281477408,1.901219598124467e-15,0.12733665561790283,7.577390089512487e-08,1.901219598124467e-15,1.901219598124467e-15,0.0259467404604477,1.901219598124467e-15
cosmx_bcc_xdonor_spot_0000019721,0.9332226632235645,1.7756945873801904e-15,1.7756945873801904e-15,0.06404914456929,1.7756945873801904e-15,1.7756945873801904e-15,0.0027281922071364147,1.7756945873801904e-15
cosmx_bcc_xdonor_spot_0000019722,0.9951675698808377,1.659803328876703e-15,1.659803328876703e-15,1.659803328876703e-15,1.659803328876703e-15,1.659803328876703e-15,0.004831989551860993,4.405672928874298e-07
cosmx_bcc_xdonor_spot_0000019723,0.9361679946575772,1.6526218334549152e-15,1.6526218334549152e-15,0.06383200534241276,1.6526218334549152e-15,1.6526218334549152e-15,1.6526218334549152e-15,1.6526218334549152e-15
cosmx_bcc_xdonor_spot_0000019724,0.9983307992847937,1.4952172098942104e-15,1.4952172098942104e-15,1.4952172098942104e-15,1.4952172098942104e-15,0.001669200715197097,1.4952172098942104e-15,1.4952172098942104e-15
cosmx_bcc_xdonor_spot_0000019725,0.8094998296976292,1.3850261826216146e-15,1.3850261826216146e-15,1.3850261826216146e-15,1.3850261826216146e-15,0.1905001703023622,1.3850261826216146e-15,1.3850261826216146e-15
cosmx_bcc_xdonor_spot_0000019726,0.9472464265885189,1.3979674692256054e-15,1.3979674692256054e-15,1.3979674692256054e-15,1.3979674692256054e-15,0.052753573411472486,1.3979674692256054e-15,1.3979674692256054e-15
cosmx_bcc_xdonor_spot_0000019727,0.9450214915369054,1.2572621554305581e-06,1.6361927276292499e-15,1.6361927276292499e-15,7.178130919326439e-07,0.0548328752478421,0.00014365814000007966,1.6361927276292499e-15
cosmx_bcc_xdonor_spot_0000019728,0.9916020577931792,1.3299077817788969e-15,1.3299077817788969e-15,1.3299077817788969e-15,1.3299077817788969e-15,0.008397942206812632,1.3299077817788969e-15,1.3299077817788969e-15
cosmx_bcc_xdonor_spot_0000019729,0.9999999999999906,1.2915839890164394e-15,1.2915839890164394e-15,1.2915839890164394e-15,1.2915839890164394e-15,1.4605378219543292e-15,1.2915839890164394e-15,1.2915839890164394e-15
cosmx_bcc_xdonor_spot_0000019730,0.999993050533149,1.4744415270452928e-15,1.4744415270452928e-15,6.94946684194723e-06,1.4744415270452928e-15,1.4744415270452928e-15,1.4744415270452928e-15,1.4744415270452928e-15
cosmx_bcc_xdonor_spot_0000019731,0.993107999199571,1.562224125740239e-15,1.562224125740239e-15,0.006892000800419366,1.562224125740239e-15,1.562224125740239e-15,1.562224125740239e-15,1.562224125740239e-15
cosmx_bcc_xdonor_spot_0000019732,0.9999999999999892,1.5026645609896377e-15,1.5026645609896377e-15,1.5026645609896377e-15,1.5026645609896377e-15,1.5026645609896377e-15,1.5026645609896377e-15,1.5026645609896377e-15
cosmx_bcc_xdonor_spot_0000019733,0.9960176653424427,2.523405354671938e-12,1.7996815338454707e-15,1.1211893854331964e-07,1.7996815338454707e-15,1.7996815338454707e-15,0.003982222536088174,1.7996815338454707e-15
cosmx_bcc_xdonor_spot_0000019763,0.9982453975274584,1.853706468437495e-15,1.853706468437495e-15,1.853706468437495e-15,0.0017546024690360447,1.853706468437495e-15,3.496010905150708e-12,1.853706468437495e-15
cosmx_bcc_xdonor_spot_0000019764,0.9615986091680355,1.7942297109443876e-15,2.1574811584405316e-14,1.6787716103956572e-12,1.7942297109443876e-15,0.009176480635006399,0.024336376202597588,0.004888533992656424
cosmx_bcc_xdonor_spot_0000019765,0.9647985487811555,9.945646246466154e-09,0.006592562280189348,1.956421183575989e-15,1.956421183575989e-15,0.02859973840264328,9.140590359733725e-06,1.956421183575989e-15
cosmx_bcc_xdonor_spot_0000019766,0.534715805611601,1.9091131850181053e-15,0.014085846174779969,0.4474722479090992,1.9091131850181053e-15,1.9091131850181053e-15,1.9091131850181053e-15,0.0037261003045118016
cosmx_bcc_xdonor_spot_0000019767,0.9434578131818202,0.05307233078191878,1.917482388910011e-15,0.003463765873527354,1.7475267503535211e-10,6.089983910178254e-06,4.067027896338272e-12,1.917482388910011e-15
cosmx_bcc_xdonor_spot_0000019768,0.9330354024417583,0.021347459517482535,7.594079844016009e-10,0.004013926226701436,1.9991836811460863e-15,1.9991836811460863e-15,0.017575396667286282,0.024027814387359302
cosmx_bcc_xdonor_spot_0000019769,0.8661757530056213,0.09635028532108894,0.008381892687172038,3.687656507031329e-10,6.729539339184776e-07,0.022873362045081287,1.7491415929912497e-10,0.006218033443422694
cosmx_bcc_xdonor_spot_0000019770,0.8506455853273307,0.0979719045866691,2.2134399854483956e-15,0.005583999462016422,2.2134399854483956e-15,4.0455742872495486e-07,2.2134399854483956e-15,0.045798106066548244
cosmx_bcc_xdonor_spot_0000019944,0.9676168333424842,1.724415309386471e-10,2.8159030850474233e-09,0.002395975638694951,1.7923191515583088e-15,0.027465459861091827,1.0415067390404956e-05,0.0025113131019922122
cosmx_bcc_xdonor_spot_0000019945,0.8851840403118397,0.005261573794171701,2.143690782020343e-15,0.05007405042768875,1.1707346567259617e-11,0.002786922254007214,0.056693413200545995,3.71518741113961e-14
cosmx_bcc_xdonor_spot_0000019946,0.47624918515302045,0.0005641686731267795,0.047515477413124486,0.26864517994369713,2.2586579625585176e-15,0.017397837950655765,0.1896281508663709,2.2586579625585176e-15
cosmx_bcc_xdonor_spot_0000019947,0.8809644258427797,0.03159422946384101,1.978508993102374e-15,0.07124626830306255,1.978508993102374e-15,2.1484003082754957e-08,0.00655463417697644,0.009640420729333092
cosmx_bcc_xdonor_spot_0000019948,0.8368223118466571,1.323710416082654e-05,0.03897412699684838,0.06449298842778606,3.912079737545008e-10,0.005795579175595698,0.05187889063666761,0.0020228654210762806
cosmx_bcc_xdonor_spot_0000019949,0.5049248903501783,0.0002756891976712517,0.2892566103085752,0.18359523414664336,1.0701677721668062e-11,0.005344515374753145,0.01660306061147484,2.1638625940138966e-15
cosmx_bcc_xdonor_spot_0000019950,0.30847251999717573,0.1350110148474949,0.38023673826749405,0.05805770593833212,2.604230169719813e-15,0.014872813253697598,0.08648031074446055,0.016868896951342395
cosmx_bcc_xdonor_spot_0000019951,0.0015949713301258149,0.2250723656277347,0.16195697804834863,0.543214383121946,2.707943352347855e-15,1.0664199370889125e-05,0.02914989925005838,0.039000738422412785
cosmx_bcc_xdonor_spot_0000019952,0.4770949405641877,0.16347726400906312,0.12242118274232852,0.19325879401254667,8.876688833532048e-10,0.0159786987169732,0.027769119067229273,2.506293622347232e-15
cosmx_bcc_xdonor_spot_0000020000,0.8491039669695662,0.08512511471240962,2.3243187893523713e-15,0.03716921541751186,2.3243187893523713e-15,0.006366465633664817,0.01708806330486811,0.005147173961974642
cosmx_bcc_xdonor_spot_0000020001,0.7800940697637007,0.0431012955326057,1.7059027088029007e-08,0.1309367175011791,2.2050560696425816e-15,0.013678379271364352,0.031377077110143974,0.0008124437619769476
cosmx_bcc_xdonor_spot_0000020002,0.8089240603852536,0.034350598589882334,2.164931776636872e-15,0.10034432755954124,2.164931776636872e-15,0.009086394315464218,0.04729461914985194,2.164931776636872e-15
cosmx_bcc_xdonor_spot_0000020003,0.9082366151739462,0.017622967251409553,1.908601359714769e-15,0.03286610168375924,1.6447499461594295e-09,0.016077369258904895,0.025196944973458864,1.376924678916291e-11
cosmx_bcc_xdonor_spot_0000020004,0.7087507095539379,2.3212403777207186e-05,0.19216889109081636,0.045186057017269084,2.056307010824673e-15,1.3174955843478714e-08,0.05387106491764076,5.184160081169081e-08
cosmx_bcc_xdonor_spot_0000020005,0.8955646670836372,9.422664305454631e-06,0.040298461119530796,0.0022552381424944773,1.8074746250307777e-10,0.019297855047327426,0.04257435576195524,1.7970608603750204e-15
cosmx_bcc_xdonor_spot_0000020006,0.8276766353170432,0.0001317762811455501,0.052780420123947444,0.019909809314125483,1.9426319630945643e-15,0.00809633854953414,0.08412953026746837,0.0072754901467339044
cosmx_bcc_xdonor_spot_0000020007,0.8213817007322411,5.89309518270462e-12,0.04274360229711259,1.877073868366778e-15,1.877073868366778e-15,0.01842371322783875,0.11745098373690878,1.877073868366778e-15
cosmx_bcc_xdonor_spot_0000020008,0.6814347643367727,0.008206235064405796,0.18759130147069653,0.048692100346583854,1.9749952446229478e-15,0.011464978121159255,0.06261062061373639,4.664358100539808e-11
cosmx_bcc_xdonor_spot_0000020009,0.9094400452111857,0.051279681823296536,6.112174890701442e-06,0.02783400510387414,0.007411837852493612,4.460591324754953e-15,0.0001918570670434594,0.003836460767211644
cosmx_bcc_xdonor_spot_0000020010,0.987305495985747,4.768849942097652e-07,1.755374972399622e-15,7.415329417056534e-05,1.755374972399622e-15,1.755374972399622e-15,0.011719983823572996,0.0008998900115097842
cosmx_bcc_xdonor_spot_0000020011,0.9620197514013933,0.007643710196845036,1.8072742562328988e-15,1.8072742562328988e-15,0.025565097080865098,1.8072742562328988e-15,0.004548088290125504,0.00022335303076574033
cosmx_bcc_xdonor_spot_0000020012,0.974824700855051,0.00019083023101721915,1.7860120808718574e-15,0.014335800810664922,0.0012510131198557603,2.3642246962088083e-11,0.009397168344076157,4.866156908913035e-07
cosmx_bcc_xdonor_spot_0000020013,0.9988501163052922,1.6749781293986044e-15,1.6749781293986044e-15,1.6749781293986044e-15,1.6749781293986044e-15,1.6749781293986044e-15,9.897649520022199e-09,0.0011498737970497724
cosmx_bcc_xdonor_spot_0000020014,0.999999999999975,1.6130489107233315e-15,1.6130489107233315e-15,1.6130489107233315e-15,1.6130489107233315e-15,1.5106689383643153e-14,1.6130489107233315e-15,1.6130489107233315e-15
cosmx_bcc_xdonor_spot_0000020015,0.6654735849804905,1.241289083688211e-10,0.2937627687961248,0.022979153477072998,1.9194714778544547e-15,1.9194714778544547e-15,0.01778449262217675,1.9194714778544547e-15
cosmx_bcc_xdonor_spot_0000020016,0.035392592636182024,0.14239542632184787,0.6774408482087058,2.67297194932665e-10,0.01684171580802319,2.0013951650488595e-15,0.12792941675793973,2.0013951650488595e-15
cosmx_bcc_xdonor_spot_0000020017,0.5385007612514612,1.1098197731235578e-11,0.385664114504368,0.00019022493762327157,2.241188397023822e-15,0.011150657380609642,0.06449424191483517,2.241188397023822e-15
cosmx_bcc_xdonor_spot_0000020018,0.9879490831417329,0.009056248584575186,1.6755651926583096e-15,4.247774330054155e-06,0.0029402040826678718,2.426821359299928e-10,5.0216174008232826e-05,1.6755651926583096e-15
cosmx_bcc_xdonor_spot_0000020019,0.9967969767582361,4.197428342657935e-08,1.744079880437356e-15,4.166237927939338e-15,0.003202557091790503,1.744079880437356e-15,4.241756805912355e-07,1.744079880437356e-15
cosmx_bcc_xdonor_spot_0000020020,0.9991575529575045,1.6771452406622625e-15,1.6771452406622625e-15,3.3605951243888323e-15,1.6771452406622625e-15,1.6771452406622625e-15,0.0007686755464685434,7.377149601661616e-05
cosmx_bcc_xdonor_spot_0000020021,0.9802608521107855,1.5659376249733586e-15,1.5659376249733586e-15,0.01900193201561542,1.5659376249733586e-15,1.5659376249733586e-15,0.0007372158716244066,1.968174310024951e-12
cosmx_bcc_xdonor_spot_0000020022,0.999999987134166,1.5097750389384275e-15,1.5097750389384275e-15,1.5097750389384275e-15,1.5097750389384275e-15,6.014508063878507e-15,1.2865820297084906e-08,1.5097750389384275e-15
cosmx_bcc_xdonor_spot_0000020023,0.9999999993499545,1.3849276252315737e-15,1.3849276252315737e-15,1.3849276252315737e-15,1.3849276252315737e-15,1.3849276252315737e-15,6.500370342616494e-10,1.3849276252315737e-15
cosmx_bcc_xdonor_spot_0000020024,0.9796947812761495,1.1927621674040026e-15,1.1927621674040026e-15,1.1927621674040026e-15,1.1927621674040026e-15,0.020305218723843253,1.1927621674040026e-15,1.1927621674040026e-15
cosmx_bcc_xdonor_spot_0000020025,0.9525472877533502,1.5211789246337167e-15,1.5211789246337167e-15,5.664407615453211e-07,1.5211789246337167e-15,0.04745146943373641,6.763721457003827e-07,1.5211789246337167e-15
cosmx_bcc_xdonor_spot_0000020026,0.9596003834572928,1.2894408157535905e-15,1.2894408157535905e-15,1.2894408157535905e-15,1.2894408157535905e-15,0.04039961654220154,4.98970554027329e-13,1.2894408157535905e-15
cosmx_bcc_xdonor_spot_0000020027,0.9999999999999897,1.446961302102373e-15,1.446961302102373e-15,1.446961302102373e-15,1.446961302102373e-15,1.446961302102373e-15,1.446961302102373e-15,1.446961302102373e-15
cosmx_bcc_xdonor_spot_0000020028,0.9999999999999895,1.466612026194505e-15,1.466612026194505e-15,1.466612026194505e-15,1.466612026194505e-15,1.466612026194505e-15,1.466612026194505e-15,1.466612026194505e-15
cosmx_bcc_xdonor_spot_0000020029,0.9999999991459112,1.5186134047523245e-15,1.5186134047523245e-15,8.540794664109032e-10,1.5186134047523245e-15,1.5186134047523245e-15,1.5186134047523245e-15,1.5186134047523245e-15
cosmx_bcc_xdonor_spot_0000020030,0.9574822485018728,1.6276440639176832e-15,1.6276440639176832e-15,0.04251775149732333,1.6276440639176832e-15,7.919139470098472e-13,5.161599976642677e-15,1.6276440639176832e-15
cosmx_bcc_xdonor_spot_0000020031,0.9999999999999893,1.4936642861036094e-15,1.4936642861036094e-15,1.4936642861036094e-15,1.4936642861036094e-15,1.4936642861036094e-15,1.4936642861036094e-15,1.4936642861036094e-15
cosmx_bcc_xdonor_spot_0000020032,0.9999682433489149,3.2452795580243545e-07,1.8882833385326597e-15,1.8882833385326597e-15,1.8882833385326597e-15,1.8882833385326597e-15,3.14321231196922e-05,1.8882833385326597e-15
cosmx_bcc_xdonor_spot_0000020059,0.9850745921971581,1.6511418646170898e-15,1.6511418646170898e-15,0.002638800374875547,1.6511418646170898e-15,7.099093757369225e-09,0.010761311846519508,0.001525288482347958
cosmx_bcc_xdonor_spot_0000020060,0.8234237127237392,2.2955792581497661e-10,0.05119449584061359,7.880089551427621e-14,0.002981632713717193,1.9687241883634037e-15,0.12240014927587915,9.216412209935536e-09
cosmx_bcc_xdonor_spot_0000020062,0.9248025298856324,0.0001257916657642084,0.04200186731306065,0.02501402737867014,5.825953890260456e-12,1.885693873827589e-15,0.005284473665380699,0.002771310085664102
cosmx_bcc_xdonor_spot_0000020063,0.37865586003395835,0.003434984705795058,0.4468606415121909,0.15880062164466932,2.080164197622102e-15,0.012247814213416492,7.788996570063113e-08,2.080164197622102e-15
cosmx_bcc_xdonor_spot_0000020064,0.09701725465082219,0.2610388330517771,0.2524426036593305,0.08212897002089027,0.19460880482442025,0.11276194529569608,1.5884970615624912e-06,1.924604646170937e-15
cosmx_bcc_xdonor_spot_0000020065,0.3562084971855717,0.028777664820973645,0.4225047040134719,0.02694719720671001,1.9630289931675302e-15,0.16556188637005134,1.7322168658086466e-12,5.04014871777169e-08
cosmx_bcc_xdonor_spot_0000020066,0.1364051917668422,0.04407706381498173,0.5143638869447624,0.19433001346858272,1.6833420329286736e-10,0.11080137120522236,2.2472631272073875e-05,2.122474482150749e-15
cosmx_bcc_xdonor_spot_0000020067,0.21833829535719612,7.655336056358523e-11,0.6423810882469344,0.09468626399079534,2.2099475945659383e-15,0.021915554485563357,0.0211621092184912,0.0015166886244639122
cosmx_bcc_xdonor_spot_0000020068,0.798342814281014,9.125611318166539e-06,0.03191234155905821,0.10823499147022805,5.286796067868641e-11,0.018444759262350154,0.028496669765750632,0.014559297997412981
cosmx_bcc_xdonor_spot_0000020069,0.3904874672331312,7.435349414682463e-09,0.38279787784536473,0.1365421042931988,2.5338963056176342e-15,0.06933000951082416,0.013534706705539924,0.007307826976589132
cosmx_bcc_xdonor_spot_0000020242,0.8953615976552336,1.7047238032358736e-15,1.7047238032358736e-15,0.09351775265943868,1.7047238032358736e-15,0.007821271589178766,0.0032993773649612006,7.311826263056778e-10
cosmx_bcc_xdonor_spot_0000020243,0.8969999095556161,0.019324979928774917,1.9947630018869257e-15,0.08161666138498087,1.9947630018869257e-15,0.001675035586624347,0.0003834135439975956,1.9947630018869257e-15
cosmx_bcc_xdonor_spot_0000020244,0.968929718610184,9.153015876870163e-08,6.711165456556606e-14,2.868930887055944e-05,0.011174539748444373,0.019828481141475975,3.847966079762591e-05,1.690090359946687e-15
cosmx_bcc_xdonor_spot_0000020245,0.9506887362617028,5.6499844263356595e-12,1.6043785865581382e-15,0.01207560597524726,0.026870628507652664,0.01009863797713423,0.0002663912726097502,1.6043785865581382e-15
cosmx_bcc_xdonor_spot_0000020246,0.9149261932390423,0.024062585751820745,2.0532975816109905e-15,0.05464916915841022,2.0532975816109905e-15,2.0532975816109905e-15,0.0012090082291085166,0.005153043621611872
cosmx_bcc_xdonor_spot_0000020247,0.9541728780560823,1.2148545417944309e-06,1.958189136746165e-15,0.02682706459497498,1.958189136746165e-15,1.958189136746165e-15,0.006219459793205015,0.012779382701189813
cosmx_bcc_xdonor_spot_0000020248,0.065484021746441,0.19636723326323755,0.5258576816026763,0.20639205946741157,3.036151428843609e-12,0.005899003907556475,9.638365396147377e-12,2.3956531375686175e-15
cosmx_bcc_xdonor_spot_0000020249,0.8552838874562412,0.011903529093266392,2.4445663014996827e-11,0.10570303332236798,2.797190906136865e-09,1.9540942769006252e-15,0.02326238691527586,0.0038471603912100245
cosmx_bcc_xdonor_spot_0000020250,0.8597133674528443,0.014966486525849967,1.2661492861410748e-14,0.06767710199145384,0.0036911360116426914,2.1839703716968286e-15,0.05395190801819198,2.1839703716968286e-15
cosmx_bcc_xdonor_spot_0000020251,0.4853211987697646,0.00025111900875532655,0.16743291104064115,0.3386830332734839,2.3111989289041037e-15,2.3111989289041037e-15,0.0007973656824594845,0.007514372224890674
cosmx_bcc_xdonor_spot_0000020253,0.8797469571840992,0.054495664562919564,0.0003314571400225579,0.06390034190693446,0.0015124517146697563,2.1707404818723824e-15,1.312749115138215e-05,2.008784713914105e-13
cosmx_bcc_xdonor_spot_0000020299,0.23297673572230151,0.14612002804321103,0.18420573865826767,0.038999856484396314,0.06565033353980043,0.32909990917507453,1.056899800758257e-06,0.002946341477147734
cosmx_bcc_xdonor_spot_0000020300,0.7624096654674337,0.09913884915530409,2.275702239202478e-15,0.05058147188748492,0.02369325187485529,0.024109074914522195,0.03203692465537486,0.008030762045022809
cosmx_bcc_xdonor_spot_0000020301,0.8980284765926082,0.039473411723498324,1.9764090019876986e-15,0.03877900713860597,8.981367886228487e-12,0.012239407718344354,0.011479665959855764,3.085810399086753e-08
cosmx_bcc_xdonor_spot_0000020302,0.8934066702891013,1.1651896381836559e-05,6.724900911671335e-14,0.05118579634049004,1.391785911066632e-14,0.0133893839230793,0.042006453294800995,4.425606530266498e-08
cosmx_bcc_xdonor_spot_0000020303,0.6136411508785135,0.11035011849103567,0.192788173339679,0.04348372585461101,2.1683608570954284e-12,3.0243326182988448e-05,0.03970658810685709,9.523860973365827e-13
cosmx_bcc_xdonor_spot_0000020304,0.7453771373279985,0.11429225155640405,0.0445733703866753,0.022370517556246257,0.005359902589129073,2.2472430483914866e-15,0.06802682058354229,2.2472430483914866e-15
cosmx_bcc_xdonor_spot_0000020305,0.9322030286319636,0.009775670739230965,1.7424155804336547e-11,0.016738677949503004,1.9835031343223592e-15,0.012648588560065102,0.025436104922435056,0.003197929179376181
cosmx_bcc_xdonor_spot_0000020306,0.7741039144474364,0.06028479692411592,0.020016395989693313,0.05479252423368264,1.9569314631973323e-15,1.9569314631973323e-15,0.0908023679811936,4.2387412926410973e-10
cosmx_bcc_xdonor_spot_0000020307,0.9115630023781276,2.582240839496701e-07,0.07722673254487689,3.3689888538838285e-10,1.887124055964848e-15,2.839258212622151e-15,0.011210006516006123,1.887124055964848e-15
cosmx_bcc_xdonor_spot_0000020308,0.7905358543834329,0.09403003426977982,0.01775994065639988,0.07314317928379997,1.9708435651983335e-15,9.403381618835149e-08,0.024530897372767257,1.9708435651983335e-15
cosmx_bcc_xdonor_spot_0000020309,0.9930485852773543,0.00011355133972704909,1.8744627228322512e-15,1.0636943727884846e-08,1.8744627228322512e-15,1.8744627228322512e-15,0.006231743845596264,0.0006061089003728403
cosmx_bcc_xdonor_spot_0000020310,0.9861807892785933,1.3551138058587247e-11,1.7445079431894983e-15,1.7445079431894983e-15,1.7445079431894983e-15,7.841875268947598e-11,0.013819210629429627,1.7445079431894983e-15
cosmx_bcc_xdonor_spot_0000020311,0.9663901081898301,0.008987852899268428,1.733123558357329e-15,1.733123558357329e-15,1.645549736613044e-07,0.02078636161206211,3.343747310755762e-05,0.003802075270754881
cosmx_bcc_xdonor_spot_0000020312,0.9598671158853657,0.02354340325279887,1.608295740353473e-15,1.608295740353473e-15,1.608295740353473e-15,1.608295740353473e-15,0.016589480861827176,1.608295740353473e-15
cosmx_bcc_xdonor_spot_0000020313,0.4213645959621458,0.1416811762285172,0.15156359817293083,0.16066928878613224,7.28732253387027e-06,0.0033023735071738367,0.12141168002056443,1.7619791242350122e-15
cosmx_bcc_xdonor_spot_0000020316,0.999999999421661,3.5278746097164304e-10,1.7640245605041563e-15,2.251563878472754e-10,3.370410241772745e-13,1.7640245605041563e-15,5.253616092337445e-14,1.7640245605041563e-15
cosmx_bcc_xdonor_spot_0000020317,0.9947399014433296,1.2903688240516864e-05,1.7806441249877144e-15,1.7806441249877144e-15,0.005247194867302499,1.7806441249877144e-15,1.0655314410039282e-12,5.61939851797446e-14
cosmx_bcc_xdonor_spot_0000020318,0.9993986618664015,1.550229669337509e-15,1.550229669337509e-15,4.0136772185622745e-14,1.550229669337509e-15,1.550229669337509e-15,0.0006013381335503575,1.550229669337509e-15
cosmx_bcc_xdonor_spot_0000020319,0.998609463139056,2.4629755920549918e-15,8.611627977999873e-14,7.804773410767601e-12,1.58713362165481e-15,1.58713362165481e-15,0.0013810045567121216,9.532296335268218e-06
cosmx_bcc_xdonor_spot_0000020320,0.9999999999999893,1.4879805721621244e-15,1.4879805721621244e-15,1.4879805721621244e-15,1.4879805721621244e-15,1.4879805721621244e-15,1.4879805721621244e-15,1.4879805721621244e-15
cosmx_bcc_xdonor_spot_0000020321,0.9779261036668276,1.2641658988977812e-15,1.2641658988977812e-15,1.2641658988977812e-15,1.2641658988977812e-15,0.022073896333164623,1.2641658988977812e-15,1.2641658988977812e-15
cosmx_bcc_xdonor_spot_0000020323,0.9952924422150908,1.2783462221607407e-15,1.2783462221607407e-15,1.2783462221607407e-15,1.2783462221607407e-15,0.004707557784901296,1.2783462221607407e-15,1.2783462221607407e-15
cosmx_bcc_xdonor_spot_0000020324,0.9999999999972541,1.330825767348066e-15,1.330825767348066e-15,1.330825767348066e-15,1.330825767348066e-15,2.7377109935973008e-12,1.330825767348066e-15,1.330825767348066e-15
cosmx_bcc_xdonor_spot_0000020325,0.969325259850793,1.3608236514918632e-15,1.3608236514918632e-15,0.030674740149147284,1.3608236514918632e-15,1.3608236514918632e-15,5.2703354295332295e-14,1.3608236514918632e-15
cosmx_bcc_xdonor_spot_0000020326,0.9999999999999892,1.500999368000079e-15,1.500999368000079e-15,1.500999368000079e-15,1.500999368000079e-15,1.500999368000079e-15,1.500999368000079e-15,1.500999368000079e-15
cosmx_bcc_xdonor_spot_0000020327,0.9999999999999883,1.625300629464787e-15,1.625300629464787e-15,1.625300629464787e-15,1.625300629464787e-15,1.625300629464787e-15,1.625300629464787e-15,1.625300629464787e-15
cosmx_bcc_xdonor_spot_0000020328,0.999999997940613,1.533729209412345e-15,1.533729209412345e-15,2.059377640294795e-09,1.533729209412345e-15,1.533729209412345e-15,1.533729209412345e-15,1.533729209412345e-15
cosmx_bcc_xdonor_spot_0000020329,0.9999999999999892,1.4969692930896052e-15,1.4969692930896052e-15,1.4969692930896052e-15,1.4969692930896052e-15,1.4969692930896052e-15,1.4969692930896052e-15,1.4969692930896052e-15
cosmx_bcc_xdonor_spot_0000020330,0.9968169276004734,1.514632096086248e-15,1.514632096086248e-15,0.0031830723995173115,1.514632096086248e-15,1.514632096086248e-15,1.514632096086248e-15,1.514632096086248e-15
cosmx_bcc_xdonor_spot_0000020360,0.8948511093764785,8.231700494132326e-07,3.401067399643694e-07,0.0754010761360263,7.920707937097445e-13,0.0015548021345102793,0.018107824962822587,0.01008402411258113
cosmx_bcc_xdonor_spot_0000020361,0.9448853444015743,4.784691861135371e-13,0.010239899690846871,0.01606811518780484,1.8542909766294654e-15,0.025949254785815622,0.00285738593347608,1.8542909766294654e-15
cosmx_bcc_xdonor_spot_0000020362,0.8530591982074183,0.0003842031042224708,2.0887948542337854e-15,0.052410898096092534,0.08909133000518796,2.0887948542337854e-15,0.005054370587072258,2.0887948542337854e-15
cosmx_bcc_xdonor_spot_0000020363,0.5769200814354003,7.668854149147147e-14,0.35776135282578886,0.06531812634816431,1.8750922691512865e-15,1.8750922691512865e-15,1.8750922691512865e-15,4.3939056412916967e-07
cosmx_bcc_xdonor_spot_0000020364,0.46271950138458573,0.11442770370384081,0.2576935787461453,0.03393355494605663,0.010194187610705358,0.12103128823711078,1.8537155335244476e-07,1.901873369723363e-15
cosmx_bcc_xdonor_spot_0000020365,0.25110598770857046,0.23158264514732202,0.14782915273367364,0.108768889511326,0.10470991115296874,0.09151008987333,0.06449332387280679,2.162866750178629e-15
cosmx_bcc_xdonor_spot_0000020366,0.27510202519674315,1.2827646769410172e-08,0.5781888988256496,0.09124633918209034,2.0060190720765982e-15,0.055462723967863996,2.0060190720765982e-15,2.0060190720765982e-15
cosmx_bcc_xdonor_spot_0000020367,0.4902918519987888,0.12266800413707322,2.7720651021862024e-15,0.0429902982899476,0.044052983292829126,0.2748397594679009,2.7720651021862024e-15,0.02515710281345474
cosmx_bcc_xdonor_spot_0000020368,0.3252568743476664,0.10357989711961357,5.05748394910905e-13,0.20067138967461928,7.671741599471642e-05,0.37041511980346564,1.63813214549109e-09,2.500912675892343e-15
cosmx_bcc_xdonor_spot_0000020541,0.8793495751062551,5.59720945794211e-13,1.8709613416639078e-05,0.06156114734593705,2.0061698956879242e-15,0.006359250396888809,0.05271131753693519,5.604649424227668e-15
cosmx_bcc_xdonor_spot_0000020542,0.8256454093448774,0.10601939881033735,3.1408997780546606e-13,0.04215750895117214,2.3003557492489367e-15,0.02531431983797387,6.8375469449548e-08,0.0008632946798530867
cosmx_bcc_xdonor_spot_0000020543,0.7737914229824566,0.018410767759639114,8.529636823279022e-06,0.12216916392406184,0.0014379762114764855,5.009962062201613e-06,0.07918849080899054,0.004988638714489934
cosmx_bcc_xdonor_spot_0000020544,0.9643106142102649,7.929441564732195e-06,1.9008383485700577e-15,0.013469025016387092,1.9008383485700577e-15,1.9008383485700577e-15,0.018459444808169283,0.0037529865236082603
cosmx_bcc_xdonor_spot_0000020545,0.8490350282114071,0.04834185027604719,4.466991179788374e-05,0.07717746916844816,1.904874851489035e-15,1.904874851489035e-15,0.023587549763278124,0.0018134326690177267
cosmx_bcc_xdonor_spot_0000020546,0.0070359061611733695,0.5635002545592879,0.1371587234679044,0.08312701857532886,0.08244241570105544,2.0036104207551037e-15,0.12673568153524595,2.0036104207551037e-15
cosmx_bcc_xdonor_spot_0000020547,0.7873343612134586,0.12084602286189447,2.263337001367595e-15,0.046093037573479635,1.547274819505392e-13,2.263337001367595e-15,0.045726578351005596,2.263337001367595e-15
cosmx_bcc_xdonor_spot_0000020548,0.9083511896749313,0.04702008175265762,7.847162721418994e-06,0.02642577397444916,2.6948536439279792e-14,1.945070722039272e-15,0.013261255985940011,0.004933851449271493
cosmx_bcc_xdonor_spot_0000020549,0.2909089922329194,0.1939592871394117,0.3821286953670172,0.11129585578431124,2.2565279033340543e-15,0.010326738041894283,0.0061311983222597805,0.005249233112183885
cosmx_bcc_xdonor_spot_0000020551,0.8383679526427907,0.05065000103687553,0.00033362090656048333,0.03920389254701776,0.01193547765059578,8.398327829907694e-15,0.036486514329805625,0.023022540886345835
cosmx_bcc_xdonor_spot_0000020552,0.8322792394072387,0.04815097092259984,0.0012456848632541317,0.0804532348182217,3.125074899066152e-07,2.3008244044991177e-15,0.037870557481191044,2.3008244044991177e-15
cosmx_bcc_xdonor_spot_0000020598,1.2558579090560315e-15,1.2558579090560315e-15,1.2558579090560315e-15,1.2558579090560315e-15,1.2558579090560315e-15,0.9999999999999911,1.2558579090560315e-15,1.2558579090560315e-15
cosmx_bcc_xdonor_spot_0000020599,0.4535883400478148,0.1762304678821593,2.4333476795243465e-15,0.09494768319343856,0.009728625896580047,0.26550488222967566,2.2399596304467637e-10,5.26333208488052e-10
cosmx_bcc_xdonor_spot_0000020600,0.7729745692409632,0.0648322854351325,2.308494445709689e-15,0.10165404156515019,0.0029304291716376416,0.01579992222759945,0.04180036954524978,8.382814264931864e-06
cosmx_bcc_xdonor_spot_0000020601,0.6227328309874027,0.1230437779835117,0.007097019969117872,0.222749278791062,2.3640283079453062e-15,6.950553144696445e-09,0.02056823023876585,0.003808855079584341
cosmx_bcc_xdonor_spot_0000020602,0.2545102260176315,0.19927708722842893,0.2158456774352953,0.1528648911438294,0.06156154713389237,0.013620343294939373,0.10232022774598058,2.3443250145702697e-15
cosmx_bcc_xdonor_spot_0000020603,0.911920001239029,0.023661144916039663,2.1777349384361545e-15,0.02485406164492186,7.188800490064511e-14,2.1777349384361545e-15,0.03144413407268097,0.008120658127252042
cosmx_bcc_xdonor_spot_0000020604,0.8134755469540542,0.06007084491003192,5.711394399498377e-09,0.08914631229900989,1.2586168784004894e-05,0.009580277217469232,0.022111885671851277,0.005602541067405226
cosmx_bcc_xdonor_spot_0000020605,0.7992447279300366,1.0468069998181017e-10,0.07003372271862199,0.05693242545044959,2.0693045590616167e-15,0.008900192790121412,0.06191347575132259,0.002975455254765041
cosmx_bcc_xdonor_spot_0000020606,0.93519626215591,0.017119446698006826,0.002095045625961371,7.376899895436727e-05,5.633052400766958e-07,0.0034472174518985752,0.0419314752678182,0.0001362204962104419
cosmx_bcc_xdonor_spot_0000020607,0.6333794720113407,0.016490300091740115,0.20308621860029347,0.06564517179838388,2.16521097520146e-15,3.627327344464692e-07,0.08139847476550295,2.16521097520146e-15
cosmx_bcc_xdonor_spot_0000020608,0.857373773923337,0.0690712220492523,0.021378844695121628,8.17372915417747e-12,0.026441257919726693,1.8213850284528993e-15,0.025734901404385096,1.8213850284528993e-15
cosmx_bcc_xdonor_spot_0000020609,0.9425122036654062,0.004534172739197266,0.020051815543199642,0.008909937059909464,1.878801089457772e-15,0.002132069548456527,0.02185980144382727,1.878801089457772e-15
cosmx_bcc_xdonor_spot_0000020610,0.9281767883956898,0.014996659370105,0.023442512602657856,5.736840647694808e-09,1.845779539612062e-15,1.845779539612062e-15,0.03338403389470109,1.845779539612062e-15
cosmx_bcc_xdonor_spot_0000020611,0.6840226580553384,7.663592394738055e-07,0.13938972810100853,0.026574244138671693,2.0271620844931005e-15,0.012450966967199587,0.129554660437046,0.008006975941494299
cosmx_bcc_xdonor_spot_0000020612,0.25317749450732807,0.2153003058057822,0.25822435506104624,0.00014175135716690688,2.6996516019293697e-15,2.6996516019293697e-15,0.2731424058908472,1.3687377823698871e-05
cosmx_bcc_xdonor_spot_0000020614,0.9194558041191406,8.039224195276295e-05,1.8053247426945168e-15,0.08046380363889725,1.8053247426945168e-15,1.8053247426945168e-15,1.8053247426945168e-15,1.8053247426945168e-15
cosmx_bcc_xdonor_spot_0000020615,0.9640377837358365,1.5685828626483023e-15,1.5685828626483023e-15,0.02298095174990101,1.5685828626483023e-15,0.012981264514254593,1.5685828626483023e-15,1.5685828626483023e-15
cosmx_bcc_xdonor_spot_0000020616,0.9988682422544011,4.044526966815727e-10,1.613112197488327e-15,8.482643569698232e-12,0.0011317573326527588,1.613112197488327e-15,5.946599847888963e-15,1.613112197488327e-15
cosmx_bcc_xdonor_spot_0000020617,0.9999999996400031,1.457048834214084e-15,1.457048834214084e-15,3.599879793981779e-10,1.457048834214084e-15,1.457048834214084e-15,1.457048834214084e-15,1.457048834214084e-15
cosmx_bcc_xdonor_spot_0000020618,0.9991099519362096,5.229261026257654e-08,1.6946647938300413e-15,2.266426878380435e-05,1.6946647938300413e-15,8.609955919982943e-05,7.077388612728722e-05,0.0007104580570657059
cosmx_bcc_xdonor_spot_0000020619,0.9501195096789944,1.037854496532453e-09,1.791270248359865e-15,0.010999338668975284,1.791270248359865e-15,0.03225468613796157,0.002713539220539258,0.003912925255671425
cosmx_bcc_xdonor_spot_0000020621,0.9912898470737939,1.291030098670358e-15,1.291030098670358e-15,1.291030098670358e-15,1.291030098670358e-15,0.00871015292619817,1.291030098670358e-15,1.291030098670358e-15
cosmx_bcc_xdonor_spot_0000020622,0.9999999999999837,1.3835230701585972e-15,1.3835230701585972e-15,7.832440998402564e-15,1.3835230701585972e-15,1.3835230701585972e-15,1.3835230701585972e-15,1.3835230701585972e-15
cosmx_bcc_xdonor_spot_0000020623,0.9999999809110492,1.4966400894853487e-15,1.4966400894853487e-15,1.9088941610519842e-08,1.4966400894853487e-15,1.4966400894853487e-15,1.4966400894853487e-15,1.4966400894853487e-15
cosmx_bcc_xdonor_spot_0000020624,0.9999999999999886,1.5946803302574748e-15,1.5946803302574748e-15,1.5946803302574748e-15,1.5946803302574748e-15,1.5946803302574748e-15,1.5946803302574748e-15,1.5946803302574748e-15
cosmx_bcc_xdonor_spot_0000020625,0.9999999999999886,1.5951034312707873e-15,1.5951034312707873e-15,1.5951034312707873e-15,1.5951034312707873e-15,1.5951034312707873e-15,1.5951034312707873e-15,1.5951034312707873e-15
cosmx_bcc_xdonor_spot_0000020626,0.9653623922325524,1.6590572098341452e-15,1.6590572098341452e-15,0.0346376077674343,1.6590572098341452e-15,1.6590572098341452e-15,4.9829911524095306e-15,1.6590572098341452e-15
cosmx_bcc_xdonor_spot_0000020627,0.999999999977494,1.5897729482864997e-15,1.5897729482864997e-15,2.2496259227436022e-11,1.5897729482864997e-15,1.5897729482864997e-15,1.5897729482864997e-15,1.5897729482864997e-15
cosmx_bcc_xdonor_spot_0000020628,0.9932722442542864,1.543742789346558e-15,1.543742789346558e-15,0.006727755745704116,1.543742789346558e-15,1.543742789346558e-15,1.543742789346558e-15,1.543742789346558e-15
cosmx_bcc_xdonor_spot_0000020629,0.9999999999999887,1.5832188774548668e-15,1.5832188774548668e-15,1.5832188774548668e-15,1.5832188774548668e-15,1.5832188774548668e-15,1.5832188774548668e-15,1.5832188774548668e-15
cosmx_bcc_xdonor_spot_0000020659,0.951387249026313,1.3915964129332313e-08,0.0007054633627612309,0.04789023763945994,1.7036055496392567e-05,1.7579005126845123e-15,1.7579005126845123e-15,1.7579005126845123e-15
cosmx_bcc_xdonor_spot_0000020660,0.9570276857951242,0.020796946436135874,0.0003094767021574381,0.010582742498409167,0.0016864649407147933,0.009596683627450262,6.254462163916138e-15,1.9313549730512103e-15
cosmx_bcc_xdonor_spot_0000020661,0.9509408099167862,0.02927914498539364,0.00972556106599063,0.00034093431334276334,0.009713549316151204,1.928815012222094e-15,4.023315126827854e-10,1.928815012222094e-15
cosmx_bcc_xdonor_spot_0000020662,0.8654869767057869,0.0008156613888523828,0.011346059385474101,0.08402555148161997,2.3799972925030246e-12,0.0021755230142530505,0.03615022802163165,1.9118992801434692e-15
cosmx_bcc_xdonor_spot_0000020663,0.918956136686481,0.03418532160170763,1.982004966442372e-15,0.04140024875786909,1.982004966442372e-15,7.829212360371384e-14,0.0054582929538578625,1.982004966442372e-15
cosmx_bcc_xdonor_spot_0000020664,0.6489837708097425,1.681616262403213e-05,0.2595192580792798,0.06101155194792018,0.0052454892783613824,2.317560717632564e-15,2.317560717632564e-15,0.025223113722067456
cosmx_bcc_xdonor_spot_0000020840,0.6499819207570834,0.13022792548086332,0.01191085130816501,0.13844272671148217,2.598523984663895e-15,0.005804789293674802,0.06363178644872589,2.598523984663895e-15
cosmx_bcc_xdonor_spot_0000020842,0.5894132182240321,0.17827913687024446,0.09390606332581844,0.01140138633181537,0.12249949544924475,0.0045006997147344,6.791311488433858e-11,1.619738082062689e-11
cosmx_bcc_xdonor_spot_0000020843,0.3150656575700427,0.3235261726142644,5.563911378796465e-08,0.17430846271572772,1.8133300107665226e-15,0.005010535337160122,0.18200578424544397,8.333187824542568e-05
cosmx_bcc_xdonor_spot_0000020844,0.8220579333945913,0.05538387299197149,0.06420338525883423,1.1472185092630207e-12,0.00585007938295454,1.8811343418181787e-15,0.05230703170223852,0.00019769726826068267
cosmx_bcc_xdonor_spot_0000020845,0.03368670109842682,0.2885276548717655,0.4849219038832261,0.17152665426964894,2.1010365623444414e-05,0.0031693069182275892,0.018146768593079492,2.15172630902822e-15
cosmx_bcc_xdonor_spot_0000020846,7.706837268253448e-13,0.3755061354916913,0.41218348770718416,0.15495261544072195,2.4892176570250027e-15,0.0002530052020454015,0.056690057979511765,0.0004146981780722389
cosmx_bcc_xdonor_spot_0000020847,0.005462580445959464,0.2714273101742427,0.45047821730318577,0.14086327284981848,0.0001008550550318549,2.2408056961205712e-15,0.13166767059861714,9.357314236842328e-08
cosmx_bcc_xdonor_spot_0000020848,0.746851325225957,0.137650632842955,0.019121221254934363,0.02217598388435916,2.1213919747795745e-15,2.1213919747795745e-15,0.07140723400068656,0.0027936027911036
cosmx_bcc_xdonor_spot_0000020849,0.7911465365901511,0.05783588036129883,1.416414246040192e-08,0.11839620639385216,2.5945546362991877e-08,8.211389463082242e-10,0.030347121913177587,0.002274213810692529
cosmx_bcc_xdonor_spot_0000020850,0.7947527086597127,0.08566396855967247,2.3948100799860923e-15,0.06917071905530008,2.3948100799860923e-15,2.3948100799860923e-15,0.04787116527404754,0.0025414384512599123
cosmx_bcc_xdonor_spot_0000020898,0.017146371602512256,2.960201699780348e-09,1.625147262073459e-15,1.625147262073459e-15,0.0009596231627449804,0.9818940022745344,1.625147262073459e-15,1.625147262073459e-15
cosmx_bcc_xdonor_spot_0000020899,0.4088471919999547,0.22512699570863287,0.184114045056853,0.1407214334747829,3.770574132303224e-13,0.022033585901061012,1.213404783846077e-12,0.019156747857125064
cosmx_bcc_xdonor_spot_0000020902,0.8372819382925407,0.06091329269809618,2.210328283671917e-15,0.0622355304917448,2.210328283671917e-15,0.025546585295038362,0.008045878375412076,0.005976774847163306
cosmx_bcc_xdonor_spot_0000020903,0.9212028024116138,0.0007499534189369812,1.9442681794883774e-15,0.020702702539159134,8.664389871957421e-11,0.015065594243334457,0.042278044361417716,9.029388918811984e-07
cosmx_bcc_xdonor_spot_0000020904,0.7790546804155527,1.6600327051826003e-07,0.1524508467355116,0.01658673957663748,1.1300829750323126e-08,0.00798347955326866,0.043924076414927266,1.9090904973975845e-15
cosmx_bcc_xdonor_spot_0000020905,0.7299423376948989,0.11668002026698558,5.933040062987374e-10,0.057032713089029616,0.012476838051590602,0.03787238764109237,0.0441840335530697,0.0018116691100291365
cosmx_bcc_xdonor_spot_0000020906,0.8258932831761121,0.03156814742817796,1.5611323255354435e-11,0.06725943378988726,0.04507151717775802,2.0429209733568243e-15,0.029027046957509118,0.0011805714549423143
cosmx_bcc_xdonor_spot_0000020907,0.5358525617011968,0.12969636342467106,0.24931201387342972,0.06320012547071029,0.021938736490578082,4.231876894548445e-08,1.5672064318252186e-07,2.0305810756514943e-15
cosmx_bcc_xdonor_spot_0000020908,0.4205965980215561,0.0968210008863726,0.19118491332352514,0.201155154107869,0.04831216422513124,2.4232294897160257e-09,0.04193016701231433,2.0090470063200754e-15
cosmx_bcc_xdonor_spot_0000020909,0.07409138973430544,0.5729551178405526,0.005387289029470973,0.020673199640100108,2.1880743615267433e-15,0.007096040234943869,0.31979696352062265,2.1880743615267433e-15
cosmx_bcc_xdonor_spot_0000020910,0.03280980826251127,0.21778113830288492,2.14284104033846e-15,1.3372905416879546e-07,2.14284104033846e-15,0.008888140697236754,0.7405207790083065,2.14284104033846e-15
cosmx_bcc_xdonor_spot_0000020911,0.9581870086252904,0.018365364608333573,3.8091728487827825e-14,0.01895764905084131,0.0044897547571469505,1.9437734727143e-15,1.3981844698423245e-14,2.229583339473582e-07
cosmx_bcc_xdonor_spot_0000020912,0.9868934975945801,9.860617086894068e-09,1.803201744753392e-15,9.467116628205171e-14,0.013106492495725085,1.803201744753392e-15,4.897746682734353e-11,1.803201744753392e-15
cosmx_bcc_xdonor_spot_0000020913,0.9923340285207419,4.699245783838097e-11,1.8334838302936666e-15,0.000470108376149961,1.8334838302936666e-15,1.8334838302936666e-15,0.007195863056108204,1.8334838302936666e-15
cosmx_bcc_xdonor_spot_0000020914,0.9999832663373561,1.7250526269984868e-11,1.6538916429597e-15,1.6538916429597e-15,1.6538916429597e-15,1.6538916429597e-15,1.673364538490292e-05,1.6538916429597e-15
cosmx_bcc_xdonor_spot_0000020915,0.972253272806457,1.5721009179951945e-15,1.5721009179951945e-15,1.3130936786814881e-14,1.5721009179951945e-15,0.027316524401622008,1.5721009179951945e-15,0.0004302027919013896
cosmx_bcc_xdonor_spot_0000020916,0.9998452515194474,1.4043502924073254e-15,1.4043502924073254e-15,5.830357467029333e-13,1.4043502924073254e-15,0.00015474847996234102,1.4043502924073254e-15,1.4043502924073254e-15
cosmx_bcc_xdonor_spot_0000020917,0.8441061978254496,1.6638611045762973e-15,1.6638611045762973e-15,1.0326269462179581e-14,1.6638611045762973e-15,0.14464336066302985,0.011250441511503511,1.6638611045762973e-15
cosmx_bcc_xdonor_spot_0000020918,0.9536843929613843,1.4319580992811594e-15,1.4319580992811594e-15,1.4082053235327305e-05,1.4319580992811594e-15,0.04350019659141877,1.4319580992811594e-15,0.002801328393955762
cosmx_bcc_xdonor_spot_0000020919,0.9700053475991552,7.950614014012369e-05,1.4506293204642573e-15,0.007084768811374008,0.01380360771198822,1.4506293204642573e-15,0.009026769737338087,1.4506293204642573e-15
cosmx_bcc_xdonor_spot_0000020920,0.9999999652146941,1.4167288373221687e-15,1.4167288373221687e-15,1.4167288373221687e-15,1.4167288373221687e-15,3.478529724478928e-08,1.4167288373221687e-15,1.4167288373221687e-15
cosmx_bcc_xdonor_spot_0000020921,0.9456066948155294,1.4819765429313364e-15,1.4819765429313364e-15,0.0543933051844615,1.4819765429313364e-15,1.4819765429313364e-15,1.4819765429313364e-15,1.4819765429313364e-15
cosmx_bcc_xdonor_spot_0000020922,0.9326786526858061,1.4540748217965697e-15,1.4540748217965697e-15,0.06732134731418504,1.4540748217965697e-15,1.4540748217965697e-15,1.4540748217965697e-15,1.4540748217965697e-15
cosmx_bcc_xdonor_spot_0000020923,0.99997324915934,1.5922205988818953e-15,1.5922205988818953e-15,2.6750840650215332e-05,1.5922205988818953e-15,1.5922205988818953e-15,1.5922205988818953e-15,1.5922205988818953e-15
cosmx_bcc_xdonor_spot_0000020924,0.9999999999943979,1.6343850496740977e-15,1.6343850496740977e-15,5.5920351420193345e-12,1.6343850496740977e-15,1.6343850496740977e-15,1.6343850496740977e-15,1.6343850496740977e-15
cosmx_bcc_xdonor_spot_0000020925,0.9999999999984881,1.6273568178308446e-15,1.6273568178308446e-15,1.501892554838535e-12,1.6273568178308446e-15,1.6273568178308446e-15,1.6273568178308446e-15,1.6273568178308446e-15
cosmx_bcc_xdonor_spot_0000020926,0.9999999999999886,1.5999324881117588e-15,1.5999324881117588e-15,1.5999324881117588e-15,1.5999324881117588e-15,1.5999324881117588e-15,1.5999324881117588e-15,1.5999324881117588e-15
cosmx_bcc_xdonor_spot_0000020927,0.9832778802285234,1.6717589006703746e-15,1.6717589006703746e-15,0.016722119771466273,1.6717589006703746e-15,1.6717589006703746e-15,1.6717589006703746e-15,1.6717589006703746e-15
cosmx_bcc_xdonor_spot_0000020928,0.9916457634344238,8.046706195186248e-07,2.0268945164110884e-15,0.008353431894946318,2.0268945164110884e-15,2.0268945164110884e-15,2.0268945164110884e-15,2.0268945164110884e-15
cosmx_bcc_xdonor_spot_0000020957,0.05274058878668738,0.19093198014542126,0.2986537258396637,0.17176300295578964,0.2733076011718149,2.3998389696362726e-06,0.00882990766561488,0.0037707935960386374
cosmx_bcc_xdonor_spot_0000020958,0.7895223092918396,0.028047137610305042,0.05913056862385224,0.06967835372210611,8.740260681874656e-13,8.623608043921835e-15,0.05362163075101244,1.7016564672778187e-15
cosmx_bcc_xdonor_spot_0000020959,0.9616375427312784,3.035245885072352e-06,0.00014364000281127901,0.02501119055294809,1.8916793320212404e-15,0.006520250980033311,0.006683774399163485,5.660878785214631e-07
cosmx_bcc_xdonor_spot_0000020960,0.9174511237594729,1.9559141038014165e-15,1.9559141038014165e-15,0.03630587184877879,1.9559141038014165e-15,0.0275060066618768,0.012703098288611662,0.006033899441253943
cosmx_bcc_xdonor_spot_0000020961,0.6536711382738675,1.9270768817262335e-15,0.3440068910076584,1.9270768817262335e-15,1.9270768817262335e-15,1.9270768817262335e-15,7.127622717538472e-12,0.0023219707113385827
cosmx_bcc_xdonor_spot_0000020962,0.7698940128199557,2.051110578234525e-15,0.20131135403578881,0.01899521835776485,2.051110578234525e-15,0.009023130837834124,0.0007762839486501087,2.051110578234525e-15
cosmx_bcc_xdonor_spot_0000020963,0.6708852504152316,7.204572513082919e-12,0.010679324708255984,0.2898753187917825,2.2562781065679167e-15,0.028560079402875336,2.6674645282214002e-08,2.2562781065679167e-15
cosmx_bcc_xdonor_spot_0000020965,0.14215835650370115,0.03556465185771869,0.04415567287839908,0.028682414286810475,0.08371776914882462,0.6657211353245389,4.522293020451537e-15,2.419213000138869e-15
cosmx_bcc_xdonor_spot_0000020966,0.14913243719443064,1.6459813103966457e-05,2.267352412425802e-15,0.14221957363854806,2.267352412425802e-15,0.6969890609995155,2.267352412425802e-15,0.011642468354395011
cosmx_bcc_xdonor_spot_0000021139,0.8496795860856546,0.02469432383605176,0.05025316290556404,0.002686312819067631,2.298768375395313e-15,0.0023149808219885756,0.0703716335316688,2.298768375395313e-15
cosmx_bcc_xdonor_spot_0000021140,0.9798655090832346,0.00029112238904148175,1.3090602610143592e-05,1.24637093799507e-07,0.0016838735379042754,1.904686819456031e-15,0.018146279750111897,1.904686819456031e-15
cosmx_bcc_xdonor_spot_0000021141,0.9981432327668383,1.3971461531848525e-09,1.6261532012834125e-09,3.9342145709596656e-08,1.699882768575216e-15,1.699882768575216e-15,0.0018567248677113304,1.699882768575216e-15
cosmx_bcc_xdonor_spot_0000021142,0.9639090058448613,3.904960450689125e-14,1.5592033055731256e-15,0.0005630318864362727,0.003311429270065088,0.03221653299804161,5.094382137510926e-13,4.569864725317419e-14
cosmx_bcc_xdonor_spot_0000021143,0.9855556642165446,1.8277450272630468e-08,1.5969435921063115e-15,1.5969435921063115e-15,0.014444220711149851,5.110853210270318e-13,9.679433928556686e-08,1.5969435921063115e-15
cosmx_bcc_xdonor_spot_0000021144,0.9504047888840395,1.5435482566585867e-05,0.019912151787979695,5.678395000684821e-05,1.9149533163738366e-15,1.9149533163738366e-15,0.02961083989540146,1.9149533163738366e-15
cosmx_bcc_xdonor_spot_0000021145,0.9365329033433322,0.017013443343656436,0.01711769273581611,8.415988212445592e-05,0.018694286669912956,1.9651878784483286e-15,0.010557514025153718,1.9651878784483286e-15
cosmx_bcc_xdonor_spot_0000021146,0.8570895459879209,0.04660903788441599,0.00021396639798602194,0.07154686662970496,2.04934072345627e-15,9.780599197274612e-12,0.024137258948941833,0.0004033241412475181
cosmx_bcc_xdonor_spot_0000021147,0.8985628141970641,0.04782047892164156,1.0895464434669026e-11,0.04955988935951394,1.5380406681635733e-10,0.0007444934196554911,0.0016811520956172428,0.0016311718418081467
cosmx_bcc_xdonor_spot_0000021148,0.6932706818134884,0.14317740429555104,0.06919480235233504,0.04337859891270612,2.2895024964422718e-09,2.3043249382492043e-15,0.05097851033641138,3.2946943215210993e-15
cosmx_bcc_xdonor_spot_0000021149,0.3155031962122172,0.32640520730243205,0.16166645576569494,0.10994018074548757,2.6067670906499804e-15,2.6067670906499804e-15,0.0864849599741601,2.6067670906499804e-15
cosmx_bcc_xdonor_spot_0000021150,0.08103203523560536,0.2376568897297142,0.4734053881902665,0.1987218388392201,8.479723181954148e-14,2.4931631834416896e-15,3.020543630574967e-08,0.00918381779967037
cosmx_bcc_xdonor_spot_0000021198,1.8700506077779263e-15,0.0342549562778113,1.8700506077779263e-15,3.000838974637458e-10,1.8700506077779263e-15,0.9374444075553978,0.028300635866699387,1.8700506077779263e-15
cosmx_bcc_xdonor_spot_0000021201,0.7353705848817775,0.0068492250618366664,2.9330999669169275e-11,0.10067292167641409,2.4037305501405088e-15,0.047267354320920864,0.09957666935327307,0.010263244676444282
cosmx_bcc_xdonor_spot_0000021202,0.8284841932537053,0.06887734331973482,0.022744816438275233,0.023737150041194453,3.897202022872723e-14,2.1634084233007866e-11,0.03245482673844624,0.02370167018697091
cosmx_bcc_xdonor_spot_0000021203,0.7366466822670663,3.7671245553798347e-06,0.12622965582165416,0.049326419335127665,2.0429441494094596e-15,0.01470842637592855,0.07308504907566372,2.0429441494094596e-15
cosmx_bcc_xdonor_spot_0000021204,0.9220407856982195,0.0307413990384476,6.057204666743056e-06,0.010286111014757888,2.3195704073509213e-15,0.00043607532059253116,0.03311172989020118,0.003377841833112261
cosmx_bcc_xdonor_spot_0000021205,0.9473615046193903,0.0008280449017187057,1.945522540166739e-15,0.01751667505323352,1.945522540166739e-15,1.945522540166739e-15,0.034293775425649625,1.945522540166739e-15
cosmx_bcc_xdonor_spot_0000021206,0.8725337581815954,8.138659677034917e-06,0.014213561001492271,0.07209015092680827,2.0648394551244802e-15,1.496309097847659e-14,0.03479688366690438,0.006357507563505685
cosmx_bcc_xdonor_spot_0000021207,0.06644355088311406,0.8534737947616584,0.00016690179013287924,0.06404421340809169,2.1453909225401173e-15,2.3893921339783778e-15,0.015871539156996156,2.1453909225401173e-15
cosmx_bcc_xdonor_spot_0000021208,0.0750214484774413,0.4005879819275426,0.12219306784260024,0.051603155682966174,2.2144170857432276e-15,0.002348091269652954,0.3482462547997922,2.2144170857432276e-15
cosmx_bcc_xdonor_spot_0000021209,0.02101270714963194,0.07931035635867137,0.149420377844462,0.06296334062111654,2.442184001035872e-15,0.024661675230155153,0.6626315427959582,2.442184001035872e-15
cosmx_bcc_xdonor_spot_0000021210,0.9148436817430439,0.00029712715717161394,1.9999738704671375e-15,0.0758051471007685,9.232717011830808e-06,1.463898252898748e-13,0.009044811281853802,1.9999738704671375e-15
cosmx_bcc_xdonor_spot_0000021211,0.7953897609771947,4.7914470508293095e-08,6.627449289719197e-14,0.1981595502807454,1.8164768797015262e-15,2.0999664487122813e-12,0.00443503661353168,0.0020156042118895812
cosmx_bcc_xdonor_spot_0000021212,0.9948479758552854,1.7820798096275697e-15,1.7820798096275697e-15,0.005152024144703635,1.7820798096275697e-15,1.7820798096275697e-15,1.7820798096275697e-15,1.7820798096275697e-15
cosmx_bcc_xdonor_spot_0000021213,0.9999999999180094,3.448921448739179e-14,1.7274527315219657e-15,8.121160607410212e-11,1.7274527315219657e-15,1.7274527315219657e-15,7.335347639750911e-13,5.634052609490387e-15
cosmx_bcc_xdonor_spot_0000021214,0.9998079767767616,1.633527308146544e-15,1.633527308146544e-15,0.00019202322208899884,1.633527308146544e-15,1.633527308146544e-15,1.1409853280795582e-12,1.633527308146544e-15
cosmx_bcc_xdonor_spot_0000021215,0.999404209580834,1.3367263309233842e-15,1.3367263309233842e-15,1.3367263309233842e-15,1.3367263309233842e-15,0.0005957904191578086,1.3367263309233842e-15,1.3367263309233842e-15
cosmx_bcc_xdonor_spot_0000021216,0.9957581223695877,1.2529830357246371e-15,1.2529830357246371e-15,1.2529830357246371e-15,1.2529830357246371e-15,0.004241877630404636,1.2529830357246371e-15,1.2529830357246371e-15
cosmx_bcc_xdonor_spot_0000021217,0.9999999999999898,1.4308367879085134e-15,1.4308367879085134e-15,1.4308367879085134e-15,1.4308367879085134e-15,1.4308367879085134e-15,1.4308367879085134e-15,1.4308367879085134e-15
cosmx_bcc_xdonor_spot_0000021218,0.9999999710390247,1.4677871988431888e-15,1.4677871988431888e-15,2.8960966243579444e-08,1.4677871988431888e-15,1.4677871988431888e-15,1.4677871988431888e-15,1.4677871988431888e-15
cosmx_bcc_xdonor_spot_0000021219,0.9990128240963622,1.5638637778496e-15,1.5638637778496e-15,0.000987175903628347,1.5638637778496e-15,1.5638637778496e-15,1.5638637778496e-15,1.5638637778496e-15
cosmx_bcc_xdonor_spot_0000021220,0.9971110246677207,1.6399528697074168e-15,1.6399528697074168e-15,0.0028889753322691946,1.6399528697074168e-15,1.6399528697074168e-15,1.6399528697074168e-15,1.6399528697074168e-15
cosmx_bcc_xdonor_spot_0000021221,0.9998362412062687,1.5868300041949789e-15,1.5868300041949789e-15,0.0001637587937215269,1.5868300041949789e-15,1.5868300041949789e-15,1.5868300041949789e-15,1.5868300041949789e-15
cosmx_bcc_xdonor_spot_0000021222,0.997407299774364,1.5581139714749804e-15,1.5581139714749804e-15,1.5581139714749804e-15,0.002592700225626372,1.5581139714749804e-15,1.5581139714749804e-15,1.5581139714749804e-15
cosmx_bcc_xdonor_spot_0000021223,0.9561875886113919,1.59186407505738e-15,1.59186407505738e-15,0.043812411388598343,1.59186407505738e-15,1.59186407505738e-15,1.59186407505738e-15,1.59186407505738e-15
cosmx_bcc_xdonor_spot_0000021224,0.999999680507831,1.6883436539325654e-15,1.6883436539325654e-15,3.1949215865933866e-07,1.6883436539325654e-15,1.6883436539325654e-15,1.6883436539325654e-15,1.6883436539325654e-15
cosmx_bcc_xdonor_spot_0000021225,0.8718392293882881,1.1663548441345561e-12,1.96989180706121e-15,0.11671978574046718,1.96989180706121e-15,1.96989180706121e-15,0.011440984870070338,1.96989180706121e-15
cosmx_bcc_xdonor_spot_0000021255,0.6614130955237341,0.00043579415105907755,0.010966337736997941,0.02650291051769948,0.295711372180196,0.0049704591906939415,3.069961787864474e-08,1.868049141980872e-15
cosmx_bcc_xdonor_spot_0000021256,1.9539896147980403e-15,0.09533829079418395,1.9539896147980403e-15,4.5488634397353625e-07,0.9031465907541779,1.9539896147980403e-15,0.0015146635652863386,1.9539896147980403e-15
cosmx_bcc_xdonor_spot_0000021257,1.7444367692667759e-15,0.24651832453657038,0.46831663655091255,1.7444367692667759e-15,0.20141082653931008,7.224740813099827e-09,0.08375420514846083,1.7444367692667759e-15
cosmx_bcc_xdonor_spot_0000021258,0.9465516586032405,0.012491025836577338,0.0354620891997776,4.7833030584996793e-14,0.0024016791722862754,0.003093170580710098,3.766073586089295e-07,1.8496235967807596e-15
cosmx_bcc_xdonor_spot_0000021259,0.7958899886523501,0.07564048475102968,0.00683721223897054,0.06164039506979596,0.03671321625681568,0.017100000842615422,0.006178699931190595,2.257231940411657e-09
cosmx_bcc_xdonor_spot_0000021260,0.03705127555723021,1.6497312115384906e-15,0.9210927095066119,0.041855937877260885,1.6497312115384906e-15,1.6497312115384906e-15,7.705889012181218e-08,1.6497312115384906e-15
cosmx_bcc_xdonor_spot_0000021261,0.5576662497725302,0.154485929616216,0.15239586520350207,0.02198072491054392,0.08799101801613722,0.025480182383056507,3.009801199067098e-08,1.9307917127413793e-15
cosmx_bcc_xdonor_spot_0000021262,0.7541767123846209,0.06822241624407278,2.7058699817455834e-05,1.2902529709003847e-10,0.002222348040215523,0.17501060778730376,0.0003408567149423735,1.970336196343742e-15
cosmx_bcc_xdonor_spot_0000021439,0.8464311785898726,7.074290364143001e-09,0.04318997651317555,0.09554205708372317,1.909582229220396e-15,0.0014234608414352469,0.013413319897499016,1.909582229220396e-15
cosmx_bcc_xdonor_spot_0000021440,0.9985982659511563,3.1316115094276967e-13,1.6336816961156937e-09,0.001401627923433924,1.7994054221094135e-15,1.7994054221094135e-15,1.0449140946444746e-07,1.7994054221094135e-15
cosmx_bcc_xdonor_spot_0000021441,0.9901202382467112,5.938467798937e-10,2.12021701974426e-05,2.4483553260725386e-08,0.0023102051951495676,1.7883238507529207e-15,0.007548329310538115,1.7883238507529207e-15
cosmx_bcc_xdonor_spot_0000021442,0.8602459350192955,0.05994308687201723,0.02248731970082407,0.05595042785998495,9.554275279952545e-05,1.97156236890449e-06,0.0012757162327008123,9.165431459178142e-15
cosmx_bcc_xdonor_spot_0000021443,0.6342648596309024,1.729033489117753e-13,0.1811097765507618,0.18300821853618007,1.880099814467843e-15,0.001617143512919397,1.7690596876392447e-09,1.880099814467843e-15
cosmx_bcc_xdonor_spot_0000021444,0.07133862837989816,7.865768655553523e-15,0.7892318831072815,0.13942919974408663,2.2170615076373595e-15,8.116143786299188e-15,2.2170615076373595e-15,2.88768713196238e-07
cosmx_bcc_xdonor_spot_0000021445,0.8376111445485339,3.232597299410098e-05,0.014924379099971418,0.06274180560841063,2.1187804613956188e-15,2.1187804613956188e-15,0.0846903447700616,2.393730666367701e-14
cosmx_bcc_xdonor_spot_0000021446,0.8488065536962134,0.005945985986379776,0.03216253952380934,3.673835749429951e-11,2.3298973481437937e-15,2.3298973481437937e-15,0.11308492075685202,2.3298973481437937e-15
cosmx_bcc_xdonor_spot_0000021447,9.409695398991927e-09,0.35935584645030444,0.31121196055472816,0.10950363779840047,2.2664944779255552e-15,2.2664944779255552e-15,0.2199285457868646,2.2664944779255552e-15
cosmx_bcc_xdonor_spot_0000021498,1.4441658423154769e-15,1.4441658423154769e-15,1.4441658423154769e-15,1.4441658423154769e-15,0.02303579708518717,0.976964202914804,1.4441658423154769e-15,1.4441658423154769e-15
cosmx_bcc_xdonor_spot_0000021499,1.572716917707194e-15,3.871339790369054e-13,1.572716917707194e-15,1.572716917707194e-15,0.006744564802547399,0.9932554351970575,1.572716917707194e-15,1.572716917707194e-15
cosmx_bcc_xdonor_spot_0000021502,0.5381125756727609,0.15740786071163082,0.16757840257376452,0.11671694473235633,2.30555071737895e-15,0.012290721303059707,0.005702168247268256,0.0021913267591568844
cosmx_bcc_xdonor_spot_0000021503,0.9122271340469569,5.928044617390301e-06,1.9696459334698874e-15,0.05226437809555475,1.9696459334698874e-15,0.006965904065669834,0.026665011784501917,0.0018716439626952357
cosmx_bcc_xdonor_spot_0000021504,0.9301458007403792,0.0003064167256483819,1.9175227168460335e-15,0.03549815841298688,1.911668606465015e-08,1.9175227168460335e-15,0.027290652392183874,0.006758952612111569
cosmx_bcc_xdonor_spot_0000021505,0.9160055312832575,7.687370464106496e-14,1.8795277204057936e-15,1.8795277204057936e-15,1.8795277204057936e-15,0.007821072609826356,0.0735122976380426,0.0026610984687908067
cosmx_bcc_xdonor_spot_0000021506,0.0003118145708455158,0.5238653251872939,0.3235920125772446,2.3738354287678973e-07,0.02711839706688628,2.0742115855162502e-15,0.12511221321418256,2.0742115855162502e-15
cosmx_bcc_xdonor_spot_0000021507,0.02506545201157712,0.40904688872473366,0.11495965449460621,0.052457908531595945,2.327771108169314e-15,2.327771108169314e-15,0.39847009623747986,2.327771108169314e-15
cosmx_bcc_xdonor_spot_0000021512,0.9999999937195878,1.6844329605031602e-15,1.6844329605031602e-15,2.548759404837523e-12,1.6844329605031602e-15,6.277854658190028e-09,1.6844329605031602e-15,1.6844329605031602e-15
cosmx_bcc_xdonor_spot_0000021513,0.9639689810403409,1.7190920761303315e-15,1.7190920761303315e-15,0.036031018959648525,1.7190920761303315e-15,1.7190920761303315e-15,1.7190920761303315e-15,1.7190920761303315e-15
cosmx_bcc_xdonor_spot_0000021514,0.9870950769310394,1.131058421252898e-06,5.585937080155575e-14,0.0033039790212107266,1.6694426945868044e-15,1.6694426945868044e-15,0.009599812989267776,1.6694426945868044e-15
cosmx_bcc_xdonor_spot_0000021515,0.9999999283755321,1.547620824488206e-15,1.547620824488206e-15,6.47991889540609e-08,1.547620824488206e-15,1.547620824488206e-15,6.800349828251579e-09,2.4922867572100882e-11
cosmx_bcc_xdonor_spot_0000021516,0.9999999999999889,1.557745325689721e-15,1.557745325689721e-15,1.557745325689721e-15,1.557745325689721e-15,1.557745325689721e-15,1.557745325689721e-15,1.557745325689721e-15
cosmx_bcc_xdonor_spot_0000021517,0.9999999999999885,1.6147345029996954e-15,1.6147345029996954e-15,1.6147345029996954e-15,1.6147345029996954e-15,1.6147345029996954e-15,1.6147345029996954e-15,1.6147345029996954e-15
cosmx_bcc_xdonor_spot_0000021518,0.9999999999999883,1.6324384278909477e-15,1.6324384278909477e-15,1.6324384278909477e-15,1.6324384278909477e-15,1.6324384278909477e-15,1.6324384278909477e-15,1.6324384278909477e-15
cosmx_bcc_xdonor_spot_0000021519,0.9219490347491994,1.666138415865775e-15,1.666138415865775e-15,0.07805096525074048,1.666138415865775e-15,1.666138415865775e-15,5.1490014592264266e-14,1.666138415865775e-15
cosmx_bcc_xdonor_spot_0000021520,0.9690884557921673,1.5454028952678418e-15,1.5454028952678418e-15,0.0309115442078232,1.5454028952678418e-15,1.5454028952678418e-15,1.5454028952678418e-15,1.5454028952678418e-15
cosmx_bcc_xdonor_spot_0000021521,0.999999999999989,1.5391460359836152e-15,1.5391460359836152e-15,1.5391460359836152e-15,1.5391460359836152e-15,1.5391460359836152e-15,1.5391460359836152e-15,1.5391460359836152e-15
cosmx_bcc_xdonor_spot_0000021522,0.9999999999999889,1.5554778720781426e-15,1.5554778720781426e-15,1.5554778720781426e-15,1.5554778720781426e-15,1.5554778720781426e-15,1.5554778720781426e-15,1.5554778720781426e-15
cosmx_bcc_xdonor_spot_0000021553,0.917740673536985,1.937739022477512e-14,1.7566549253203428e-15,0.07817625963813431,4.8804216435159985e-05,0.004034262608412449,1.0227748648522987e-14,1.7566549253203428e-15
cosmx_bcc_xdonor_spot_0000021554,0.9879454974469057,1.6140414866018125e-15,1.6140414866018125e-15,0.010162662170639719,1.6140414866018125e-15,0.0018918403824462115,1.6140414866018125e-15,1.6140414866018125e-15
cosmx_bcc_xdonor_spot_0000021555,0.9053879620465992,1.634262635740836e-05,1.7399478588188029e-15,0.06527827720347597,0.014486489433922627,0.013004339599972985,1.7399478588188029e-15,0.0018265890896683081
cosmx_bcc_xdonor_spot_0000021556,0.9014736327328958,3.692762722788013e-11,0.051127844326495156,1.6380438378551332e-08,0.03464125690885584,0.004649998146378409,0.008107251468007112,1.647529598813328e-15
cosmx_bcc_xdonor_spot_0000021557,0.014841380020058574,1.465453602586888e-15,0.9851586199799325,1.465453602586888e-15,1.465453602586888e-15,1.465453602586888e-15,1.465453602586888e-15,1.465453602586888e-15
cosmx_bcc_xdonor_spot_0000021560,0.28774877316546277,0.1294975499436444,0.06430298026000295,0.21000448828241702,2.5185869618431663e-15,0.21407330472676298,0.09437290362170482,2.5185869618431663e-15
cosmx_bcc_xdonor_spot_0000021737,0.9106805282180215,0.0287967222674694,2.824328165938826e-12,0.010802887008679953,1.0898757714490376e-13,2.2671070290977096e-15,0.04971986250289115,2.2671070290977096e-15
cosmx_bcc_xdonor_spot_0000021738,0.9581338123031778,5.044170994445558e-11,1.8139668816339687e-15,0.03326064661674473,1.8139668816339687e-15,1.5866915523320979e-12,0.008605541028043364,1.8139668816339687e-15
cosmx_bcc_xdonor_spot_0000021739,0.9700329899337573,0.010282742245616986,0.013825900262003416,2.5297518878705262e-06,0.003929913186430919,4.877266582543296e-14,0.00014410946412899062,0.001781815156125652
cosmx_bcc_xdonor_spot_0000021740,0.9999999972383458,1.664320498853569e-15,1.664320498853569e-15,8.27355151577502e-12,1.664320498853569e-15,1.664320498853569e-15,2.753372090353699e-09,1.664320498853569e-15
cosmx_bcc_xdonor_spot_0000021741,0.9729669999611132,0.0021002722175377173,1.585122449991033e-05,0.016315879291637424,1.865087288854279e-15,0.0012471670395086609,0.007331351754231722,2.2478511469605666e-05
cosmx_bcc_xdonor_spot_0000021742,0.9877586353237354,1.6724831743719722e-15,1.6724831743719722e-15,1.6724831743719722e-15,1.6724831743719722e-15,1.6724831743719722e-15,0.012241210416558247,1.5425969779622197e-07
cosmx_bcc_xdonor_spot_0000021743,0.8173787506053062,0.006338566086874334,0.10801716947098494,0.0484196937442497,2.054606137388788e-15,1.649639189793122e-13,0.019845818478532624,1.6138853127833336e-09
cosmx_bcc_xdonor_spot_0000021744,0.00023613520797351856,0.4063162395481124,0.07335776553759629,0.17602820116150633,0.044011071030603005,0.010267196543928745,0.28978339097027744,2.1805344177896882e-15
cosmx_bcc_xdonor_spot_0000021745,0.14580433674186632,0.0017489504359367825,0.18113637071386895,6.35799741923438e-13,2.493374693726544e-15,2.493374693726544e-15,0.6713103421076846,2.493374693726544e-15
cosmx_bcc_xdonor_spot_0000021746,0.006871254234571323,0.5263403388211613,0.019526683621610277,0.03777546048277753,2.2363181350921255e-15,2.2363181350921255e-15,0.4094862628398727,2.2363181350921255e-15
cosmx_bcc_xdonor_spot_0000021799,1.073955854992557e-14,1.5362080334466834e-11,1.7020648510459235e-15,0.041372810312030946,5.405106101656242e-07,0.9105728758136586,0.030535277310648246,0.01751849603767755
cosmx_bcc_xdonor_spot_0000021800,0.1030072031469659,0.04386996978852347,0.25763343682685996,0.21901893049942306,0.005937357802502891,0.3131779033823926,0.05735519855332949,2.570427178862482e-15
cosmx_bcc_xdonor_spot_0000021801,0.6191926652179514,0.14852932912239286,0.07026754057586233,0.09494139250620655,0.004573136491605478,2.5338188834249087e-15,0.050498583726020556,0.0119973523599582
cosmx_bcc_xdonor_spot_0000021802,0.8508989747181912,0.04528622205986132,2.0015336496710365e-15,0.041921048500728315,0.019512461203601204,0.02050795948053037,0.015743979912675392,0.006129354124410065
cosmx_bcc_xdonor_spot_0000021803,0.7621439432633569,0.0009217775112601061,2.0396955680881234e-15,0.20914843392734955,2.0396955680881234e-15,0.0011397326918979344,0.024919132607231605,0.0017269799988996646
cosmx_bcc_xdonor_spot_0000021804,0.5424771620912936,0.08484389654301314,0.12505183581716153,0.09819652884672565,0.037633145638014856,0.02560444945064021,0.07788836184333577,0.008304619769815344
cosmx_bcc_xdonor_spot_0000021805,0.021443136110792762,2.9305047726848824e-08,0.8421299163517786,5.687413888090695e-05,2.031331706426231e-15,2.031331706426231e-15,0.13637004409349376,2.031331706426231e-15
cosmx_bcc_xdonor_spot_0000021811,0.9345685320036322,2.3317829050319495e-05,1.840482587090271e-15,0.05404222947096855,1.840482587090271e-15,1.840482587090271e-15,0.000715357279141973,0.010650563417201383
cosmx_bcc_xdonor_spot_0000021812,0.9964814565846742,7.048733862490323e-07,1.7512150639638188e-15,0.0033940043346530947,1.7512150639638188e-15,1.7512150639638188e-15,0.0001238342072792215,1.7512150639638188e-15
cosmx_bcc_xdonor_spot_0000021813,0.9486523701505846,4.0927982198830793e-10,1.7469692450622433e-15,0.04703037004044907,1.7469692450622433e-15,1.7469692450622433e-15,0.004317259399679248,1.7469692450622433e-15
cosmx_bcc_xdonor_spot_0000021814,0.999999997351591,3.489442066536525e-11,1.6497226476964171e-15,5.638807147694657e-13,1.6497226476964171e-15,1.6497226476964171e-15,2.6129439516076965e-09,1.6497226476964171e-15
cosmx_bcc_xdonor_spot_0000021815,0.93211482752642,1.6246943973074412e-15,1.6246943973074412e-15,0.06788517247327597,1.6246943973074412e-15,2.957136765169169e-13,1.6246943973074412e-15,1.6246943973074412e-15
cosmx_bcc_xdonor_spot_0000021816,0.9991137604093542,1.7415809325185927e-15,1.7415809325185927e-15,1.7415809325185927e-15,1.7415809325185927e-15,1.7415809325185927e-15,0.0008862395906350069,1.7415809325185927e-15
cosmx_bcc_xdonor_spot_0000021817,0.9999999999992979,1.4878219055573821e-15,1.4878219055573821e-15,1.4878219055573821e-15,1.4878219055573821e-15,6.930054136120026e-13,1.4878219055573821e-15,1.4878219055573821e-15
cosmx_bcc_xdonor_spot_0000021818,0.9999999999999907,1.3016147836849361e-15,1.3016147836849361e-15,1.3016147836849361e-15,1.3016147836849361e-15,1.3016147836849361e-15,1.3016147836849361e-15,1.3016147836849361e-15
cosmx_bcc_xdonor_spot_0000021852,0.9962711046761095,2.268876168153187e-13,1.8693660939178964e-15,3.642105327401113e-11,1.8693660939178964e-15,1.040638054406087e-07,0.0037287912234312917,1.8693660939178964e-15
cosmx_bcc_xdonor_spot_0000021853,0.9942598103636294,1.547142168299721e-08,1.7626167364916112e-15,5.3125961916859056e-05,1.0475371716097395e-08,0.005668848990372857,1.8188737283843148e-05,1.7626167364916112e-15
cosmx_bcc_xdonor_spot_0000021854,0.9951435638455433,1.7188765089503731e-15,1.7188765089503731e-15,1.6974152446422848e-07,1.7188765089503731e-15,0.004856266412923491,1.7188765089503731e-15,1.7188765089503731e-15
cosmx_bcc_xdonor_spot_0000021855,0.9550817405013916,2.5397372700240525e-08,1.7792503617650615e-15,0.04394380094915967,1.7792503617650615e-15,1.7792503617650615e-15,4.780349504764509e-07,0.0009739551171199692
cosmx_bcc_xdonor_spot_0000021856,0.038254943154775914,0.02824741567014015,0.6147472720712569,4.474538288800786e-07,0.028079041847619914,0.28922027891159563,4.738916862093489e-14,0.0014506008907352614
cosmx_bcc_xdonor_spot_0000021857,0.00017652206772564863,1.8883934335928667e-15,0.08253473210616102,0.06272005172283376,1.8883934335928667e-15,0.8545686941032719,1.8883934335928667e-15,1.8883934335928667e-15
cosmx_bcc_xdonor_spot_0000022036,0.7971837514575003,0.07993902996033961,7.611424718065146e-15,0.12239174371710779,2.1965590062982936e-15,2.1965590062982936e-15,0.0004854748650379751,2.1965590062982936e-15
cosmx_bcc_xdonor_spot_0000022037,0.9029979544081612,4.27557706570711e-06,2.0320930583971326e-15,0.08573186187614441,0.00027385366918182883,2.0320930583971326e-15,0.008956617713060288,0.0020354367563824717
cosmx_bcc_xdonor_spot_0000022038,0.9993641952697034,0.0005349373051100849,1.7474742735107601e-10,1.7654568016293568e-15,0.0001008672473509414,1.7654568016293568e-15,3.0827227944708845e-12,1.7654568016293568e-15
cosmx_bcc_xdonor_spot_0000022039,0.9089823173698323,0.004099406458626282,1.876926823320599e-06,0.08067399405764146,1.982917202033414e-15,0.0038817135717203167,0.0023606916153522408,1.982917202033414e-15
cosmx_bcc_xdonor_spot_0000022040,0.7418718571127398,4.166579351667776e-08,0.05901777924152424,0.17834092031943488,0.014405323656060991,2.0588677838159583e-15,4.484467117954106e-11,0.006364077959599904
cosmx_bcc_xdonor_spot_0000022041,0.9480631207013622,1.884999801530311e-05,0.0071645681439327855,0.03894884128713491,1.767247348324101e-15,1.767247348324101e-15,0.00580461842594533,1.443605880023579e-09
cosmx_bcc_xdonor_spot_0000022042,0.7509492233644957,0.06015475782921509,0.023932820425285516,0.08259513059138045,2.2825620697328067e-15,2.2825620697328067e-15,0.08236806778961635,2.2825620697328067e-15
cosmx_bcc_xdonor_spot_0000022043,0.8897268092122165,0.04070572943624389,0.0012034978272596325,0.0485673470955548,0.00011249350300067018,2.0722651844039333e-15,0.013564968083967094,0.006119154841755414
cosmx_bcc_xdonor_spot_0000022044,0.5623822984499538,0.23106411311357677,0.09409751254690203,0.0273863494414907,3.4987269378196148e-06,2.5716660174041035e-15,0.07579930076402881,0.009266926957107584
cosmx_bcc_xdonor_spot_0000022099,2.0588308608427474e-15,0.10145016934196692,0.051559344327568694,0.04074593798018152,3.2896471031223918e-09,0.7925575788817554,8.554724983811648e-07,0.013686110706380013
cosmx_bcc_xdonor_spot_0000022100,0.2316575526919284,0.34635082629881675,0.04405530154078451,0.30804385177574944,0.0057898014676612255,1.816111025219108e-11,0.00012205150794141774,0.0639806146989572
cosmx_bcc_xdonor_spot_0000022101,0.7194586350714502,0.08861025985597129,2.342458904731926e-15,0.15997861486319084,2.342458904731926e-15,0.006283390687309367,0.01744010903293376,0.008228990489139602
cosmx_bcc_xdonor_spot_0000022102,0.8541615316248647,0.04016585999955927,2.17222931429962e-15,0.05248153837760275,2.17222931429962e-15,0.013111102738803216,0.03900828328286612,0.0010716839762994616
cosmx_bcc_xdonor_spot_0000022103,0.29554189494420163,0.5492465933035848,0.013372463882835441,0.11133762669350196,9.15452623353475e-09,2.334820237796429e-15,0.007218702289329566,0.02328270973201792
cosmx_bcc_xdonor_spot_0000022108,0.6334577759855549,7.261874675939079e-10,2.2048289666197675e-15,0.3262269930980559,2.2048289666197675e-15,0.00634768729469853,0.028689393945475733,0.005278148950023154
cosmx_bcc_xdonor_spot_0000022109,0.9940108279666192,4.0154194099157375e-08,1.971593179046873e-15,2.2301181415644645e-06,1.971593179046873e-15,1.971593179046873e-15,0.005986901761037031,1.971593179046873e-15
cosmx_bcc_xdonor_spot_0000022110,0.9999757770515039,2.843592273301248e-12,1.8204139913745712e-15,2.5532094058994592e-14,1.8204139913745712e-15,2.4208846134409702e-05,6.618109208460822e-11,1.4033307837985235e-08
cosmx_bcc_xdonor_spot_0000022111,0.9432824275609795,0.02363638043955406,1.7969790374909538e-15,0.016478482064421887,0.016602669407117476,1.7969790374909538e-15,4.0527921348888055e-08,1.7969790374909538e-15
cosmx_bcc_xdonor_spot_0000022112,0.9955984418050444,2.360232785137947e-07,1.7288713737889352e-15,2.4974024460226338e-15,4.629022053117673e-13,4.196833337858378e-06,3.8927849616787076e-08,0.004397086410022565
cosmx_bcc_xdonor_spot_0000022113,0.939063896771345,1.7512644999343275e-15,1.7512644999343275e-15,0.06093610322172624,1.7512644999343275e-15,1.7512644999343275e-15,6.919858133570228e-12,1.7512644999343275e-15
cosmx_bcc_xdonor_spot_0000022114,0.9506657428398305,1.656907602032906e-15,1.656907602032906e-15,0.048898581613559755,1.656907602032906e-15,1.656907602032906e-15,3.341638381501741e-10,0.0004356752124391509
cosmx_bcc_xdonor_spot_0000022115,0.8875300377333433,1.6056999972695858e-15,1.6056999972695858e-15,0.112469962266647,1.6056999972695858e-15,1.6056999972695858e-15,1.6056999972695858e-15,1.6056999972695858e-15
cosmx_bcc_xdonor_spot_0000022116,0.9999844013595172,1.5572343694764179e-15,1.5572343694764179e-15,1.559864047332582e-05,1.5572343694764179e-15,1.5572343694764179e-15,1.5572343694764179e-15,1.5572343694764179e-15
cosmx_bcc_xdonor_spot_0000022117,0.9852193813429905,6.390046371426761e-13,1.7500063932103665e-05,1.6003755811235746e-15,1.6003755811235746e-15,1.6003755811235746e-15,0.014763118592432003,1.6003755811235746e-15
cosmx_bcc_xdonor_spot_0000022152,0.9753273414295899,1.7721274926790311e-15,1.7721274926790311e-15,0.024614211354748405,1.7721274926790311e-15,5.8447215652637815e-05,1.7721274926790311e-15,1.7721274926790311e-15
cosmx_bcc_xdonor_spot_0000022153,0.999999999883129,1.6330653579175228e-15,1.6330653579175228e-15,1.1686089766596016e-10,1.6330653579175228e-15,1.6330653579175228e-15,1.6330653579175228e-15,1.6330653579175228e-15
cosmx_bcc_xdonor_spot_0000022154,0.9814358743159868,1.9124065500075933e-15,1.9124065500075933e-15,1.6477657479557744e-09,1.9124065500075933e-15,0.01719439352370795,0.0013697305018431842,1.0690217371236707e-11
cosmx_bcc_xdonor_spot_0000022338,0.14424858883544464,0.26974575554869346,0.3152563605822493,0.26985707012994975,1.7802858463710338e-14,2.229035947521588e-15,0.0008922249036404402,2.229035947521588e-15
cosmx_bcc_xdonor_spot_0000022339,0.8650789975083883,0.05133792236336673,2.0255139499267615e-15,0.0009493253530628754,0.05785085080798952,2.492077478023491e-15,0.020090109839733285,0.004692794127454694
cosmx_bcc_xdonor_spot_0000022340,0.6626948103917321,0.23027822659029407,2.037699986900928e-15,0.06025410206222358,2.037699986900928e-15,1.0621906879281465e-09,0.03119904660003286,0.015573813293522528
cosmx_bcc_xdonor_spot_0000022341,0.5486964070799862,0.23159658718266882,0.02029896046319984,0.11623232854605292,0.03976973994845824,2.2181143464141957e-15,0.043405976779629284,2.2181143464141957e-15
cosmx_bcc_xdonor_spot_0000022342,0.8161565329681286,0.040663660823279865,0.00023760105010695438,0.09713991867104535,1.7313666718069418e-14,3.3893527164554305e-12,0.03579598313447943,0.010006303349553151
cosmx_bcc_xdonor_spot_0000022343,0.019330783147533868,0.49469772845905896,0.0030510754102896455,0.4175584592552141,2.4958502859956715e-15,0.05187304910625606,0.013488904621642307,2.4958502859956715e-15
cosmx_bcc_xdonor_spot_0000022398,0.04541960340040531,0.0008878150245725208,5.478713415437887e-13,5.520020320446438e-07,2.115078184013331e-15,0.9118402292531028,0.04185180031933511,2.115078184013331e-15
cosmx_bcc_xdonor_spot_0000022401,0.2596704201900671,0.21518521124655557,0.11025234724935405,0.41131750243652426,2.4284354491647785e-10,5.754256842446849e-13,0.0035745186340773883,2.504351561106319e-15
cosmx_bcc_xdonor_spot_0000022402,0.17204407013588968,0.2028758675175288,0.14113134072874603,0.10700147903408633,2.5388173786642043e-15,0.37693626933636054,1.0973247383517756e-05,2.5388173786642043e-15
cosmx_bcc_xdonor_spot_0000022408,0.7626273266719008,0.03683109361676591,2.1393712498827296e-15,0.18585970595501666,2.1393712498827296e-15,3.8022560758246956e-10,0.010517872439975156,0.004164000936111491
cosmx_bcc_xdonor_spot_0000022409,0.9761827165941153,2.1581909592693814e-12,1.811046194829694e-15,0.023815150797241683,1.811046194829694e-15,2.1325978070445094e-06,8.672358223295434e-12,1.811046194829694e-15
cosmx_bcc_xdonor_spot_0000022410,0.9906736252362333,1.6075677151569725e-15,1.6075677151569725e-15,1.6075677151569725e-15,1.6075677151569725e-15,0.007525656912713297,1.6075677151569725e-15,0.0018007178510453055
cosmx_bcc_xdonor_spot_0000022411,0.9919118960850646,2.3434577237055514e-10,1.641852079595364e-15,1.641852079595364e-15,6.308109839208613e-07,0.007213749075860171,1.2064865639199967e-06,0.0008725173071781969
cosmx_bcc_xdonor_spot_0000022412,0.9962741158261958,5.650254526022373e-10,1.638724914841747e-15,0.0037258834687458223,1.638724914841747e-15,1.8713224842411734e-11,1.2131447290990885e-10,1.638724914841747e-15
cosmx_bcc_xdonor_spot_0000022413,0.9999999802607797,1.6201382925484716e-15,1.5949372057894462e-09,4.6823448873162055e-15,1.6201382925484716e-15,1.6201382925484716e-15,1.8144271666431574e-08,1.6201382925484716e-15
cosmx_bcc_xdonor_spot_0000022414,0.47239201923041135,0.015981562711660825,0.127057137067307,0.25292764984847854,0.12456012645057982,1.86422575546207e-15,0.0033283157955233387,0.0037531888960371735
cosmx_bcc_xdonor_spot_0000022415,0.2294912875121697,0.05649274365018025,0.20382195302303407,0.2167050955782948,0.02108208774890083,0.2724068280570315,4.430387033036045e-09,1.7648772117371515e-15
cosmx_bcc_xdonor_spot_0000022636,0.040739998412312725,0.1745533330653315,0.3651992151348831,0.2557652825783092,2.674666216212179e-15,0.027800563407243222,0.13594160740191472,2.674666216212179e-15
cosmx_bcc_xdonor_spot_0000022637,0.8809056664122128,3.031129156396591e-06,0.02396515933947053,0.06242690440575782,2.041903875632997e-15,2.041903875632997e-15,0.029591865424800638,0.0031073732885975682
cosmx_bcc_xdonor_spot_0000022638,0.9243552290193761,0.0520440925244641,1.8823838540404128e-15,0.005488534470680416,0.01171930965813418,1.8823838540404128e-15,0.0017710415622263038,0.004621792765115345
cosmx_bcc_xdonor_spot_0000022639,0.8563716502299609,0.05462971697709287,0.02253558559287756,0.05187075528843087,4.276692594318263e-08,2.094652345235634e-15,0.00692981490917622,0.007662434235533391
cosmx_bcc_xdonor_spot_0000022640,0.0918726264449598,0.7426534873276365,3.2483729252721477e-13,0.08858257620324726,1.0782247240391797e-13,0.014172210407217735,0.06271909961650386,1.9785911648415907e-15
cosmx_bcc_xdonor_spot_0000022708,0.8934028655255535,9.019281222243293e-05,2.2428662128893025e-15,0.05072559992358552,2.2428662128893025e-15,0.0050439535972682465,0.04156171194145538,0.0091756761999103
cosmx_bcc_xdonor_spot_0000022709,0.927861931566763,5.382882622928189e-06,1.9239603058519313e-15,0.06552371400465774,1.9239603058519313e-15,1.9239603058519313e-15,0.006608971545948579,1.9239603058519313e-15
cosmx_bcc_xdonor_spot_0000022710,0.5453663641557437,4.3203825680553824e-08,0.26549115471287915,1.7788870918729863e-15,1.7788870918729863e-15,1.7788870918729863e-15,0.18914243792754426,1.7788870918729863e-15
cosmx_bcc_xdonor_spot_0000022711,0.24584083239098553,1.9741070889240066e-07,0.7149489950186582,0.0017393993918041993,2.204910087133701e-15,1.659915434726444e-15,0.03747057578783757,1.659915434726444e-15
cosmx_bcc_xdonor_spot_0000022712,0.023532522645603883,0.0960894253258011,0.3551271789106311,0.2901232617340764,0.1270574683094626,2.0333643800319484e-15,0.10807014307442074,2.0333643800319484e-15
cosmx_bcc_xdonor_spot_0000022713,3.969260863329964e-12,0.0785896234394134,0.37146202276788487,0.2973130839716679,0.17026756383244374,0.039070953059242484,0.03954216148127454,0.003754591444103804
cosmx_bcc_xdonor_spot_0000022714,2.1884351535144146e-15,0.5145747615286859,0.2941135372735953,2.1884351535144146e-15,2.1884351535144146e-15,0.019160993574634334,0.16244431866195136,0.009706388961126588
cosmx_bcc_xdonor_spot_0000022937,0.8193340544489608,0.07553507233126391,0.03954979511137848,0.02326459077496879,0.005110042452226566,2.2121808087254337e-15,0.03196261862425502,0.005243826256944188
cosmx_bcc_xdonor_spot_0000022938,0.41858649708736806,0.25189110823755395,7.650309275153538e-11,0.1111791728169868,0.03818499089734987,0.04102793753320863,0.13913029335102706,2.5640879752421075e-15
cosmx_bcc_xdonor_spot_0000022939,0.01647626827256573,0.47937157151864784,0.2663859751054769,0.15218694958249762,2.696240666737593e-15,2.696240666737593e-15,0.07423921913200458,0.011340016388801659
cosmx_bcc_xdonor_spot_0000023002,1.980662413952687e-15,1.980662413952687e-15,0.8364892916576331,0.16350991661604508,1.980662413952687e-15,1.980662413952687e-15,7.917263119059038e-07,1.980662413952687e-15
cosmx_bcc_xdonor_spot_0000023003,0.06159761079317866,0.11421154002529144,0.36390956255794205,0.009910022591153946,2.3734677535927032e-15,4.5106258281538035e-11,0.45037126398732286,2.3734677535927032e-15
cosmx_bcc_xdonor_spot_0000023009,1.5599474398776115e-15,2.2050890297346887e-09,0.8640730515174087,0.007716614726842745,0.07450955988369153,1.5599474398776115e-15,0.05370077166696324,1.5599474398776115e-15
cosmx_bcc_xdonor_spot_0000023010,1.747382694015305e-15,9.942420310673134e-12,0.5072236792344845,0.48862346076398283,1.747382694015305e-15,1.747382694015305e-15,0.0041528599915832565,1.747382694015305e-15
cosmx_bcc_xdonor_spot_0000023011,1.7784934114705488e-15,0.5145227288163768,0.17754696669491124,0.21508486886798503,0.018975943370766156,1.7784934114705488e-15,0.07386949224995523,1.7784934114705488e-15
cosmx_bcc_xdonor_spot_0000023301,4.972346704339786e-07,0.20375078966087867,0.33617424634546816,0.4187245558227697,2.668405445148931e-15,0.01476878945342102,0.026581121482786525,2.668405445148931e-15
cosmx_bcc_xdonor_spot_0000023302,7.112086701444872e-05,0.1740451960296804,0.19746339270898045,0.6284202007206265,2.7641197980346087e-15,2.7641197980346087e-15,8.967368974066117e-08,2.7641197980346087e-15
cosmx_bcc_xdonor_spot_0000023304,0.2820684451985361,0.07713771747226157,0.26224818428409175,0.269812688389948,2.6559270813799207e-15,0.03227926268438317,0.07645370197075411,2.2526748169147642e-14
cosmx_bcc_xdonor_spot_0000023305,0.03761906781677313,0.22731240591272073,0.5288619486194229,0.14100834532238263,2.483139328466442e-15,0.01673179528945044,0.048466437039245074,2.483139328466442e-15
cosmx_bcc_xdonor_spot_0000023307,0.09524394903618968,0.04513707419739199,0.21366685875891137,0.4597188643297254,2.1337711788481977e-15,0.13123447552286477,0.05499877815491237,2.1337711788481977e-15
cosmx_bcc_xdonor_spot_0000023308,1.8209099319060945e-15,0.07548261236628366,0.40538419951721205,0.3363970123354046,0.182723149993861,1.8209099319060945e-15,1.302578723306971e-05,1.8209099319060945e-15
cosmx_bcc_xdonor_spot_0000023309,2.1031131141528113e-15,0.09729592715560682,0.16254248294535376,0.6336804242512616,2.1031131141528113e-15,2.1031131141528113e-15,0.10648116564776926,2.1031131141528113e-15
cosmx_bcc_xdonor_spot_0000023310,2.26250192875169e-15,0.2869178513616258,0.08894105882765549,0.4438638019083208,2.26250192875169e-15,2.26250192875169e-15,0.18027728790238878,2.26250192875169e-15
cosmx_bcc_xdonor_spot_0000023311,2.266651980819151e-15,0.4548608265063471,0.25190601211210395,0.05365329992215562,2.266651980819151e-15,0.011511833387210093,0.22806802807217647,2.266651980819151e-15
cosmx_bcc_xdonor_spot_0000023600,0.013293895838576673,0.4467612213272485,0.09633560423302746,0.271956235572597,0.16224153631337504,2.5713847819319956e-15,0.0009277580548762404,0.008483748660296468
cosmx_bcc_xdonor_spot_0000023601,0.09935565506617136,0.22363165034799232,0.3301062704111158,0.3129578887356646,2.514661225080049e-15,0.033948492079785446,4.335926528630932e-08,2.514661225080049e-15
cosmx_bcc_xdonor_spot_0000023602,0.1536035282757451,0.39244375783391494,2.4544883186985086e-15,0.14457443035097883,0.07017800551336308,0.23920017144912484,1.065768682173438e-07,2.4544883186985086e-15
cosmx_bcc_xdonor_spot_0000023606,0.00029261010290598013,0.0013501430369213172,0.40313850864327944,0.3131612979850672,1.9031531672551545e-15,0.07658343747688741,0.20547400275493483,1.9031531672551545e-15
cosmx_bcc_xdonor_spot_0000023607,1.8452676492953127e-15,0.07865400773383906,0.32775874421014806,0.49849602313928143,0.0381625362857122,1.8452676492953127e-15,0.05692868863101373,1.8452676492953127e-15
cosmx_bcc_xdonor_spot_0000023608,3.4466763818116095e-14,0.41203572879934236,0.1885580576660217,0.0037707770310967284,0.30160299869157586,0.028073208307060685,0.06595922950486637,1.800687644514871e-15
cosmx_bcc_xdonor_spot_0000058635,0.0008956647194367948,0.24941539613269564,0.007746943262403021,0.6285246146268931,0.056620164868580354,0.05678940159016417,2.935829205878284e-15,7.81479982372387e-06
cosmx_bcc_xdonor_spot_0000058636,0.07121465557006558,0.47609106256146927,2.8126734879360975e-15,0.21593072593870768,2.908820114619195e-07,0.16810755413648626,3.615600448624564e-06,0.06865209531080825
cosmx_bcc_xdonor_spot_0000058936,1.4382518983504943e-15,1.4382518983504943e-15,1.4382518983504943e-15,1.4382518983504943e-15,0.02390198548866231,0.9760906946536593,1.4382518983504943e-15,7.319857671230834e-06
cosmx_bcc_xdonor_spot_0000058937,1.4862278565088983e-15,1.4862278565088983e-15,0.11834599781055107,1.4862278565088983e-15,0.2114627798133516,0.669833716591588,1.4862278565088983e-15,0.00035750578450335766
cosmx_bcc_xdonor_spot_0000058938,9.659515015826603e-16,9.659515015826603e-16,0.00516901217565791,9.659515015826603e-16,0.08622891007245485,0.9086020777518826,9.659515015826603e-16,9.659515015826603e-16
cosmx_bcc_xdonor_spot_0000059231,0.743244497004043,6.061775127145105e-10,0.041237903499525407,0.21550993868816215,2.2644366917374795e-15,2.2644366917374795e-15,7.66020208485038e-06,2.2644366917374795e-15
cosmx_bcc_xdonor_spot_0000059232,0.6077650268314183,1.8542166467836967e-15,0.1709181177997133,0.17334671880227528,1.8542166467836967e-15,0.04797013506424772,1.5023395598151747e-09,1.8542166467836967e-15
cosmx_bcc_xdonor_spot_0000059233,0.04897151918955522,0.009508020538819101,0.25878927927815615,0.05725966674570702,0.14932770535250917,0.4758011896166677,0.0003426192785840138,1.6838628538194533e-15
cosmx_bcc_xdonor_spot_0000059234,4.2987014999452296e-10,0.0014667654493721182,0.00017319083225120964,0.0010983366259489185,0.09337789170431049,0.8989892108497887,0.004894604108456902,1.5342267468145592e-15
cosmx_bcc_xdonor_spot_0000059235,0.05796819518405912,0.04004394545128787,0.11356482667782422,6.34342762684375e-08,0.1548730887400568,0.6020124097463623,0.03153747076613195,1.633380695896719e-15
cosmx_bcc_xdonor_spot_0000059236,0.5379415199012997,0.0015942865343898745,2.0250337844851742e-08,1.5713907888826043e-15,0.02041723206770183,0.4397997643483526,0.0002471768979148998,1.5713907888826043e-15
cosmx_bcc_xdonor_spot_0000059237,0.25397464886256205,0.021917127152600337,0.403373515245608,0.008820981579180891,0.010132875316273427,0.3017803333126502,5.185311233101331e-07,1.7888298470755143e-15
cosmx_bcc_xdonor_spot_0000059239,0.1426410311168595,0.008137364315815226,0.0067318064179608846,3.3809431824653653e-15,7.548633565194206e-07,0.8176903693254378,0.024798673960565027,1.6798564965578288e-15
cosmx_bcc_xdonor_spot_0000059240,1.6298525109527437e-06,4.155967115269013e-12,0.07516824366123899,0.027684606448045306,1.4703598539865596e-15,0.8876489731928426,0.0094965468412032,1.4703598539865596e-15
cosmx_bcc_xdonor_spot_0000059529,2.050272328014121e-15,0.0001285925600256835,0.9734547374749392,2.050272328014121e-15,0.026416669965024713,2.050272328014121e-15,2.050272328014121e-15,2.050272328014121e-15
cosmx_bcc_xdonor_spot_0000059530,0.7911322440610044,2.817531224875039e-10,1.7240209070104378e-15,0.15764486848638312,1.7240209070104378e-15,0.05106911574305228,0.00015377142780187154,1.7240209070104378e-15
cosmx_bcc_xdonor_spot_0000059531,0.8336024453867619,1.640272483601616e-12,1.7120401122611362e-15,0.13654444353832632,1.7120401122611362e-15,0.029581317865247585,0.0002717932080186367,1.7120401122611362e-15
cosmx_bcc_xdonor_spot_0000059532,0.6835551626827335,4.0321854297039886e-11,1.8967808707094477e-15,0.3056379441335727,1.8967808707094477e-15,0.009342251201732724,0.0009433219358646633,0.0005213200057707466
cosmx_bcc_xdonor_spot_0000059533,0.5143662389512341,0.008956145994417715,0.15123531581994537,0.09771413292167085,0.15350640142508837,0.023590753679807876,0.050631011207833795,1.78996092040248e-15
cosmx_bcc_xdonor_spot_0000059534,0.17212157209949952,0.05411242398692265,0.17293230916079164,0.061964053677050976,0.4857661232314058,2.953306687369205e-06,0.05310056453764051,1.6600689475307914e-15
cosmx_bcc_xdonor_spot_0000059535,0.3848834533665714,8.718103862672428e-11,0.3245450765329834,0.05830605948722183,0.0730207210031614,0.15924226798762628,2.421535253078395e-06,1.5287103478466816e-15
cosmx_bcc_xdonor_spot_0000059536,0.5056504953930999,1.8365226529613685e-15,0.2840021464873293,5.4279236686832585e-14,1.8365226529613685e-15,0.10981191583118102,0.10053544228830114,3.0468821842616335e-14
cosmx_bcc_xdonor_spot_0000059537,0.50517641503756,1.8081179393367954e-15,0.22008954750829618,1.8081179393367954e-15,1.8081179393367954e-15,0.11890087177461785,0.1558331656795186,1.8081179393367954e-15
cosmx_bcc_xdonor_spot_0000059538,0.5502432228930565,1.5305827431654742e-15,0.008530785476888937,1.5305827431654742e-15,1.5305827431654742e-15,0.4027385383579004,0.038487453271799754,3.4973070381959394e-13
cosmx_bcc_xdonor_spot_0000059539,0.048788524498700095,1.4769692322949531e-15,0.7546605183090016,1.4769692322949531e-15,1.4769692322949531e-15,0.19655095719229077,1.4769692322949531e-15,1.4769692322949531e-15
cosmx_bcc_xdonor_spot_0000059827,1.9052187812042073e-15,0.8334925420068723,4.620882254488486e-06,0.039050521581556065,0.07554659863550843,0.011428641661593924,0.0404770752322107,1.9052187812042073e-15
cosmx_bcc_xdonor_spot_0000059828,0.09392501035898972,0.39551212143685543,0.3042445218054793,0.07273799100705187,0.13349129431815307,8.905738645949362e-05,3.685588252255192e-09,1.4228655933667618e-12
cosmx_bcc_xdonor_spot_0000059829,0.9140592119179795,4.3624955046203076e-11,1.73469282578063e-15,0.08594078803812347,1.73469282578063e-15,1.73469282578063e-15,2.6487256020028914e-13,1.73469282578063e-15
cosmx_bcc_xdonor_spot_0000059830,0.9985186190202724,1.5062407975832322e-15,1.5062407975832322e-15,1.5062407975832322e-15,1.5062407975832322e-15,0.001481380979718358,1.5062407975832322e-15,1.5062407975832322e-15
cosmx_bcc_xdonor_spot_0000059831,0.9551170660477578,0.0018344060660113036,1.6639390238979072e-15,0.03600731849561303,1.6639390238979072e-15,0.007041209383735067,6.87777744546554e-12,1.6639390238979072e-15
cosmx_bcc_xdonor_spot_0000059832,0.9761298003442302,2.901507014291968e-07,1.6573237349749008e-15,0.00195487251758503,1.6573237349749008e-15,0.012025303038620988,0.009889733948857334,1.6573237349749008e-15
cosmx_bcc_xdonor_spot_0000059833,0.40739699445920496,0.1105569126031634,0.3333770265813312,0.040432282495035804,0.07465777244672231,0.00044780564749840706,0.03313120576704218,1.5334561343023653e-15
cosmx_bcc_xdonor_spot_0000059834,0.2888190326910227,1.3038254589056927e-06,0.5263076770731046,0.001628898612365623,0.14355167899146198,0.026953390091906015,0.012738018714678718,1.6345515573066039e-15
cosmx_bcc_xdonor_spot_0000059835,0.7414304102525171,2.7212154898708868e-08,1.6453007287153481e-15,1.1613764719595553e-05,1.2453000892252399e-08,0.1874629687258386,0.07109496759176555,1.6453007287153481e-15
cosmx_bcc_xdonor_spot_0000059836,0.5696589590598323,1.573454030603969e-15,1.573454030603969e-15,0.013778720318410377,1.573454030603969e-15,0.2938401858922312,0.12272213472951958,1.573454030603969e-15
cosmx_bcc_xdonor_spot_0000059837,0.44123816690243045,1.5311575876072542e-15,1.5311575876072542e-15,8.436556629392239e-14,1.5311575876072542e-15,0.5298250212023395,0.02893681189513924,1.5311575876072542e-15
cosmx_bcc_xdonor_spot_0000059838,0.2661353176781495,1.536911128649543e-09,0.06564441947964866,1.4501843485881388e-15,0.13417497121030295,0.4537789194565522,0.08026637063843256,1.4501843485881388e-15
cosmx_bcc_xdonor_spot_0000059839,1.676670708847502e-15,0.036775454745586966,0.0879680461454529,1.676670708847502e-15,0.7191334859664066,1.676670708847502e-15,0.15612301314254687,1.676670708847502e-15
cosmx_bcc_xdonor_spot_0000059841,0.037067286711673246,1.205804522081881e-07,1.591565178497918e-15,1.591565178497918e-15,0.039438599117974156,0.923493993589894,1.591565178497918e-15,1.591565178497918e-15
cosmx_bcc_xdonor_spot_0000059842,0.01195476599019644,1.1633488895050691e-15,1.1633488895050691e-15,1.1633488895050691e-15,1.1633488895050691e-15,0.9880452340097965,1.1633488895050691e-15,1.1633488895050691e-15
cosmx_bcc_xdonor_spot_0000060126,1.7702858104576456e-15,0.22331073094894646,2.882376858878492e-10,1.7702858104576456e-15,0.5783174430114534,1.7702858104576456e-15,0.1983718257513554,1.7702858104576456e-15
cosmx_bcc_xdonor_spot_0000060127,1.9613982645731933e-15,0.16812360684399905,0.7022247633350212,1.9613982645731933e-15,1.9613982645731933e-15,1.9613982645731933e-15,0.12965162982096987,1.9613982645731933e-15
cosmx_bcc_xdonor_spot_0000060128,0.999999935128841,3.826742624129753e-12,1.6607523171629152e-15,1.6607523171629152e-15,1.6607523171629152e-15,1.6607523171629152e-15,6.486732381969953e-08,1.6607523171629152e-15
cosmx_bcc_xdonor_spot_0000060129,0.9921853977833444,1.6303984028971375e-15,1.6303984028971375e-15,1.6303984028971375e-15,1.6303984028971375e-15,0.007814367110966693,2.351056806957168e-07,1.6303984028971375e-15
cosmx_bcc_xdonor_spot_0000060130,0.9466320184593164,3.090005754698097e-08,1.569259673669415e-15,1.569259673669415e-15,0.052669661289366336,1.569259673669415e-15,0.0006982893512533766,1.569259673669415e-15
cosmx_bcc_xdonor_spot_0000060131,0.9543035841581831,1.9719480621077497e-13,1.441242211395501e-15,0.0006561437216001767,0.009830606488372017,0.00662310894977561,0.02858655668186886,1.441242211395501e-15
cosmx_bcc_xdonor_spot_0000060132,0.16137129942055253,0.00036606958060143445,0.24855232357120327,0.006856889916464372,0.5362727824332633,0.0026277478897864387,0.043952887188126795,1.7455413012028276e-15
cosmx_bcc_xdonor_spot_0000060133,0.36573792500293684,0.08625873427030804,1.9478375032400767e-15,0.04987628453379258,0.16413072984231342,0.31712587806606424,0.01687044828458106,1.9478375032400767e-15
cosmx_bcc_xdonor_spot_0000060134,0.2861191935392951,1.3663412435729902e-08,0.3798894064680663,1.6893355731177845e-15,0.17863612275660065,0.028079734228308395,0.1272755293443138,1.6893355731177845e-15
cosmx_bcc_xdonor_spot_0000060135,0.5486467745016707,8.996184245944596e-09,9.897359942416161e-06,0.04517028161540731,0.08844491895022379,0.07414694309143584,0.24358117548513417,1.6376419825651285e-15
cosmx_bcc_xdonor_spot_0000060136,0.47114544928717195,1.5125629266305636e-15,1.5125629266305636e-15,1.0163123121801419e-05,0.00022622178453272378,0.40692784212077493,0.12169032368439396,1.5125629266305636e-15
cosmx_bcc_xdonor_spot_0000060137,0.25517999698489197,5.155779857868652e-07,1.53631670224666e-15,1.53631670224666e-15,0.2701564436699414,0.36857183283833544,0.10609121092884076,1.53631670224666e-15
cosmx_bcc_xdonor_spot_0000060138,0.13220560691200486,0.09523442203445814,0.08573426043403633,1.6022875866002666e-15,0.4400066887401205,0.0358516700209522,0.21096735185842463,1.6022875866002666e-15
cosmx_bcc_xdonor_spot_0000060139,0.4356362565404227,2.8807868902377855e-05,0.08163729788511197,2.914486451594045e-11,0.1473326314592258,0.21470193273023944,0.12066307348695128,1.7118899567584888e-15
cosmx_bcc_xdonor_spot_0000060140,0.2204713505832122,4.5221187494170015e-15,0.42013398400700647,1.3145023935781933e-12,0.04054218641408572,0.25492800809581484,0.06392447089856008,1.5029799900203301e-15
cosmx_bcc_xdonor_spot_0000060141,0.022851093112324885,1.1416171008576028e-15,0.026129278619069315,3.640325949157291e-12,0.02331681281413696,0.9277028152352944,2.1553183591987079e-10,1.1416171008576028e-15
cosmx_bcc_xdonor_spot_0000060425,0.0675357161594672,0.2521491736700268,0.34934392662716407,1.6644358326690823e-15,0.12372296534937059,1.6644358326690823e-15,0.20724821819396616,1.6644358326690823e-15
cosmx_bcc_xdonor_spot_0000060426,0.6180070765377209,0.14423428300915236,0.0008939765181122594,0.08552135963759007,0.1473382190972652,1.7413772186786643e-15,0.004005085200155493,1.7413772186786643e-15
cosmx_bcc_xdonor_spot_0000060427,0.9639409804224355,2.685344028621324e-07,5.4533094895931006e-11,0.024319473625855872,1.6699229699424267e-15,1.193237006985875e-14,0.011739277362757365,1.6699229699424267e-15
cosmx_bcc_xdonor_spot_0000060428,0.9083150329483852,4.214172045831861e-12,0.05079475132072087,0.025814517858116164,1.6169494042704126e-15,1.6169494042704126e-15,0.015075697868558507,1.6169494042704126e-15
cosmx_bcc_xdonor_spot_0000060429,0.9728641208923327,0.000385496468615515,1.766465114835545e-15,1.1289955237820569e-13,0.01979160991947817,2.528861236251382e-12,0.006958772716928487,1.766465114835545e-15
cosmx_bcc_xdonor_spot_0000060430,0.8419896959529122,0.01745940709222105,0.010022008852059384,0.016633700023834748,0.049480460011898916,1.7721500454148596e-15,0.0644147280670698,1.7721500454148596e-15
cosmx_bcc_xdonor_spot_0000060431,0.456300073810914,3.412450290798479e-05,0.22927261531172818,1.5196818895844465e-15,0.30049802754171273,0.0007576873673747407,0.01313747146535948,1.5196818895844465e-15
cosmx_bcc_xdonor_spot_0000060432,0.25124425712851955,0.06736532516967271,0.326312134299678,3.2477789648562667e-14,0.29925907617485487,1.760406371090567e-15,0.05581920722723884,1.760406371090567e-15
cosmx_bcc_xdonor_spot_0000060433,0.8046530149740828,0.11875657252918663,0.030208393085040107,1.6493134380399656e-15,0.009953493646873894,0.00726590403559711,0.02916262172921602,1.6493134380399656e-15
cosmx_bcc_xdonor_spot_0000060434,0.5104628063565704,4.91432116796596e-07,0.46902255764803324,8.086003093853303e-14,0.020514106529092486,1.5296451353068241e-15,3.803410320065786e-08,1.5296451353068241e-15
cosmx_bcc_xdonor_spot_0000060435,0.05625065230143112,4.3208495499441543e-05,0.6284523227202523,1.5845010351539983e-15,0.31525381645841277,1.5845010351539983e-15,2.439955573592866e-11,1.5845010351539983e-15
cosmx_bcc_xdonor_spot_0000060436,0.3177884434385748,0.17590965519462493,0.05884634184217396,1.4906596148278882e-15,0.1765066282555848,0.05528852575747741,0.21566040551156104,1.4906596148278882e-15
cosmx_bcc_xdonor_spot_0000060437,0.5301700604685997,0.06099642429058853,0.12931805580727238,1.7107597831054433e-15,0.1437854864328107,0.02777772864053001,0.10795224436019497,1.7107597831054433e-15
cosmx_bcc_xdonor_spot_0000060438,0.8298515475555013,1.1593553239264471e-14,1.6007832331974394e-15,1.6007832331974394e-15,0.014166998470269572,0.08821308069865869,0.06776837327555393,1.6007832331974394e-15
cosmx_bcc_xdonor_spot_0000060439,0.47598797237045437,1.2196182808348876e-15,1.2196182808348876e-15,1.2196182808348876e-15,1.2196182808348876e-15,0.5136577164715568,0.010354311157982634,1.2196182808348876e-15
cosmx_bcc_xdonor_spot_0000060440,0.22552442770333606,1.153017091760693e-15,0.08975585585293629,1.153017091760693e-15,0.0563287467421511,0.6182065458079463,0.010184423893626822,1.153017091760693e-15
cosmx_bcc_xdonor_spot_0000060441,0.09750886825244293,1.0475437789550719e-15,1.0475437789550719e-15,1.0475437789550719e-15,1.0475437789550719e-15,0.9024911317475508,1.0475437789550719e-15,1.0475437789550719e-15
cosmx_bcc_xdonor_spot_0000060445,0.19362546345635984,0.3645648345893615,0.0063530562170448605,0.3351593315406286,8.076367222323209e-05,0.07940569650618577,1.3948669566290344e-08,0.020810840069526746
cosmx_bcc_xdonor_spot_0000060446,0.1410304475916081,0.23137651755265082,0.021260462827218767,0.406741878988319,3.1099104525934295e-15,0.1063722369007,0.09321845613949703,3.1099104525934295e-15
cosmx_bcc_xdonor_spot_0000060724,0.18396063391201598,0.43120395364585146,0.2617352343978498,1.6245725011838205e-15,0.05922843700778973,1.6245725011838205e-15,0.063871741036488,1.6245725011838205e-15
cosmx_bcc_xdonor_spot_0000060725,0.5784976074609451,0.25895914849444907,0.014060117140378957,3.931830218580596e-15,0.06817827651536047,1.565592509279879e-15,0.08030485038885915,1.565592509279879e-15
cosmx_bcc_xdonor_spot_0000060726,0.8444066538497819,0.00044742979095326903,2.0823181560355624e-07,1.5271940622360713e-15,0.060103537964548426,3.896756937156572e-12,0.09504217015900095,1.5271940622360713e-15
cosmx_bcc_xdonor_spot_0000060727,0.9510425000295322,1.7874544999885126e-09,1.6886731134551714e-15,1.6886731134551714e-15,0.04892507022980882,3.242762552670257e-05,3.2767260018830675e-10,1.6886731134551714e-15
cosmx_bcc_xdonor_spot_0000060728,0.9656321509365842,5.102978990895814e-09,1.6656275302874046e-15,0.02367665547885737,2.6546032351105556e-11,0.0076416371076522376,1.6656275302874046e-15,0.0030495513473776676
cosmx_bcc_xdonor_spot_0000060729,0.983516065432989,0.004946219492565052,2.403794906106876e-13,0.011536893559366629,8.094094038231718e-07,1.7075151696381e-15,1.210543157472349e-08,1.7075151696381e-15
cosmx_bcc_xdonor_spot_0000060730,0.9947691914262148,4.037490919994555e-05,6.387514957219358e-06,1.7287140059369438e-15,0.003658328332036414,1.7287140059369438e-15,0.0015257178175865941,1.7287140059369438e-15
cosmx_bcc_xdonor_spot_0000060731,0.9993441013040311,2.2073414783151113e-10,0.0004879914403025977,6.087573006881893e-10,0.0001679063836873731,1.7347433060495913e-15,4.2484000331331266e-11,1.7347433060495913e-15
cosmx_bcc_xdonor_spot_0000060732,0.9932977862094754,4.589427280621607e-14,1.6106817957948997e-15,1.6106817957948997e-15,2.164061615723913e-05,0.0008775805682299348,0.005802992606086534,1.6106817957948997e-15
cosmx_bcc_xdonor_spot_0000060733,0.8595433155767308,1.7370834593770941e-15,0.12296042960546917,1.7370834593770941e-15,1.7370834593770941e-15,1.7370834593770941e-15,0.017496254817791237,1.7370834593770941e-15
cosmx_bcc_xdonor_spot_0000060734,0.9494149252221443,5.290241006313654e-05,0.006186497121586347,0.000258802848031407,2.7746323250662744e-14,0.016366084515052094,0.027720766083710255,2.1799384737958525e-08
cosmx_bcc_xdonor_spot_0000060735,0.19817306487435624,0.0936252326345219,0.3281773917399843,1.616637789212426e-15,0.14534116895021573,1.616637789212426e-15,0.23468314180091693,1.616637789212426e-15
cosmx_bcc_xdonor_spot_0000060736,0.9650439597283506,3.953055764201328e-15,3.27759364792597e-06,1.0282483619610877e-08,1.1262866525444922e-09,1.6991333993464743e-15,0.03495275126922408,1.6991333993464743e-15
cosmx_bcc_xdonor_spot_0000060737,0.9503470420030627,1.7284299047293751e-15,1.7284299047293751e-15,1.7284299047293751e-15,1.7284299047293751e-15,5.19418479772966e-13,0.047271629417689955,0.0023813285787208645
cosmx_bcc_xdonor_spot_0000060738,0.6272273915389608,1.4446005673308723e-15,4.123529958829282e-08,1.4446005673308723e-15,1.4446005673308723e-15,0.32104983279189986,0.051722734433833954,1.4446005673308723e-15
cosmx_bcc_xdonor_spot_0000060739,0.33351640128054055,1.334741632107712e-15,1.334741632107712e-15,1.334741632107712e-15,1.334741632107712e-15,0.6664835987194514,1.334741632107712e-15,1.334741632107712e-15
cosmx_bcc_xdonor_spot_0000060740,0.31568846658814925,1.3139490496772634e-15,1.4329492218608776e-15,1.3139490496772634e-15,1.4183817005332154e-15,0.684311533410924,9.19811887170449e-13,1.3139490496772634e-15
cosmx_bcc_xdonor_spot_0000060741,0.04075440234836746,1.2687039439685979e-15,0.13432587722393388,1.2687039439685979e-15,1.2687039439685979e-15,0.8249197204276923,1.2687039439685979e-15,1.2687039439685979e-15
cosmx_bcc_xdonor_spot_0000060742,0.05487999948896565,1.2503573070445663e-15,1.2503573070445663e-15,1.2503573070445663e-15,0.008624300015682216,0.9364957004953459,1.2503573070445663e-15,1.2503573070445663e-15
cosmx_bcc_xdonor_spot_0000061023,0.999999999999988,1.6746160243873804e-15,1.6746160243873804e-15,1.6746160243873804e-15,1.6746160243873804e-15,1.6746160243873804e-15,1.6746160243873804e-15,1.6746160243873804e-15
cosmx_bcc_xdonor_spot_0000061024,0.9999999999999885,1.618771524063034e-15,1.618771524063034e-15,1.618771524063034e-15,1.618771524063034e-15,1.618771524063034e-15,1.618771524063034e-15,1.618771524063034e-15
cosmx_bcc_xdonor_spot_0000061025,0.8508349492593033,0.009036057184366869,2.892477960242269e-05,1.6352895032990854e-15,0.001100221162532816,1.6352895032990854e-15,0.1389998476141897,1.6352895032990854e-15
cosmx_bcc_xdonor_spot_0000061026,0.9999999999225947,1.6548961557810552e-15,1.6548961557810552e-15,1.6548961557810552e-15,1.6548961557810552e-15,7.7395070131767e-11,1.6548961557810552e-15,1.6548961557810552e-15
cosmx_bcc_xdonor_spot_0000061027,0.9675430523103304,8.804019699989271e-13,1.599454336540285e-15,0.031472322788717234,1.599454336540285e-15,0.0009846249000652026,1.599454336540285e-15,1.599454336540285e-15
cosmx_bcc_xdonor_spot_0000061028,0.9999999999981203,1.0847957854201991e-12,1.6378460065726732e-15,5.691777576034351e-13,1.6378460065726732e-15,1.6378460065726732e-15,2.1900960878431862e-13,1.6378460065726732e-15
cosmx_bcc_xdonor_spot_0000061029,0.9965995511647848,1.6940682142532762e-15,1.6940682142532762e-15,0.003400448835203875,1.6940682142532762e-15,2.787487459203979e-15,1.6940682142532762e-15,1.6940682142532762e-15
cosmx_bcc_xdonor_spot_0000061030,0.9968454333389308,1.1471533346201078e-12,1.599574482426513e-15,1.0796418582637406e-07,1.599574482426513e-15,7.757708465508195e-09,0.003154450938022925,1.599574482426513e-15
cosmx_bcc_xdonor_spot_0000061031,0.9411545506735983,1.5696181196380347e-15,2.7213399123721006e-12,1.802187203194732e-14,0.0002889600397465385,0.05855646463170886,2.4652203706099794e-08,1.5696181196380347e-15
cosmx_bcc_xdonor_spot_0000061032,0.8753615590298949,1.6905805013970571e-15,0.1117077056249389,1.60170914632367e-10,1.6905805013970571e-15,3.5577031109732825e-07,0.012930379414679128,1.6905805013970571e-15
cosmx_bcc_xdonor_spot_0000061033,0.9881774061351334,0.00013573759667709757,1.8640622546168074e-15,0.0001090491887192379,1.8640622546168074e-15,1.8640622546168074e-15,0.011577807079462706,1.8640622546168074e-15
cosmx_bcc_xdonor_spot_0000061034,0.48430894655910955,1.6378391385581965e-15,0.4239093089961024,1.6378391385581965e-15,0.09178174444208356,2.697913392869434e-12,1.6378391385581965e-15,1.6378391385581965e-15
cosmx_bcc_xdonor_spot_0000061035,0.9294884036910855,3.6956215451198665e-06,0.0087791029111376,1.4157571939084445e-12,0.05568131014223059,1.797382452896545e-15,0.0060474876325817255,1.797382452896545e-15
cosmx_bcc_xdonor_spot_0000061036,0.9233192925157508,1.6162272170372782e-09,9.34163009513823e-11,0.05941889235416514,1.7535899246878905e-15,1.7535899246878905e-15,0.01726181340940453,1.1032209762877839e-11
cosmx_bcc_xdonor_spot_0000061037,0.9069137000489792,1.744946886095601e-05,0.010473251459083295,1.9799757744057244e-09,0.00227053001736267,0.01996849089425327,0.06035657613148291,1.8360818884141227e-15
cosmx_bcc_xdonor_spot_0000061038,0.6030500111782883,1.3856377230563858e-15,1.3856377230563858e-15,1.3856377230563858e-15,0.014553140983741452,0.3823968420181962,5.819768464859815e-09,1.3856377230563858e-15
cosmx_bcc_xdonor_spot_0000061039,0.5664131639205926,3.4976433089205945e-15,1.157728340484707e-09,1.4944463432247063e-15,0.05112750608768443,0.3413456543409107,0.04111367449307732,1.4944463432247063e-15
cosmx_bcc_xdonor_spot_0000061040,1.6995547407504378e-15,1.2854494133011895e-14,0.4549192917951185,1.6995547407504378e-15,0.5450807082043042,1.6995547407504378e-15,5.573816442181107e-13,1.6995547407504378e-15
cosmx_bcc_xdonor_spot_0000061041,0.19598560507567436,0.023242437299929853,0.23806519766831888,0.029970361420724106,0.21433771242744937,0.29839552182143436,3.1642864671681382e-06,1.9634605110682136e-15
cosmx_bcc_xdonor_spot_0000061042,3.1427487645423105e-13,9.665971448815684e-16,9.665971448815684e-16,9.665971448815684e-16,9.665971448815684e-16,0.99999999999968,9.665971448815684e-16,9.665971448815684e-16
cosmx_bcc_xdonor_spot_0000061046,0.2710261686541907,0.2688462958141659,0.05302484060274065,0.24966353168172511,2.9489837060263867e-15,3.194635261113326e-12,0.15743916324397694,2.9489837060263867e-15
cosmx_bcc_xdonor_spot_0000061322,0.9999999999999888,1.5585037094497834e-15,1.5585037094497834e-15,1.5585037094497834e-15,1.5585037094497834e-15,1.5585037094497834e-15,1.5585037094497834e-15,1.5585037094497834e-15
cosmx_bcc_xdonor_spot_0000061323,0.9210250706605299,2.2260014853189947e-05,0.003599431282777954,1.5052438611653569e-15,0.03142871071194242,1.5052438611653569e-15,0.043924527329891994,1.5052438611653569e-15
cosmx_bcc_xdonor_spot_0000061324,0.9360898866755674,3.6294751464045496e-12,0.00916420901178512,1.4838184614637186e-15,0.008523949788541608,1.4838184614637186e-15,0.046221954520471974,1.4838184614637186e-15
cosmx_bcc_xdonor_spot_0000061325,0.9999999999991219,1.6212957048492387e-15,1.6212957048492387e-15,1.6212957048492387e-15,1.6212957048492387e-15,1.6212957048492387e-15,8.680761379114826e-13,1.6212957048492387e-15
cosmx_bcc_xdonor_spot_0000061326,0.9999999999999191,1.5151368860011664e-15,1.5151368860011664e-15,1.5151368860011664e-15,1.5151368860011664e-15,7.171120989103718e-14,1.5151368860011664e-15,1.5151368860011664e-15
cosmx_bcc_xdonor_spot_0000061327,0.9989245759974712,1.472869857801209e-15,1.472869857801209e-15,1.472869857801209e-15,0.001075424002519668,1.472869857801209e-15,1.472869857801209e-15,1.472869857801209e-15
cosmx_bcc_xdonor_spot_0000061328,0.9852618240861258,4.9779413514701697e-11,1.5922546218271422e-15,0.00017560605100698677,0.008344975748086398,0.006217593997719657,6.727864798028563e-11,1.5922546218271422e-15
cosmx_bcc_xdonor_spot_0000061329,0.9962449774945595,4.9445130438651224e-15,1.5658547487861199e-15,0.0037550225054274284,1.5658547487861199e-15,1.5658547487861199e-15,1.5658547487861199e-15,1.5658547487861199e-15
cosmx_bcc_xdonor_spot_0000061330,0.9999999995544748,1.4432221417859724e-15,1.4432221417859724e-15,2.221947572352769e-13,1.4432221417859724e-15,2.5060268780198934e-10,1.9469442030916477e-10,1.4432221417859724e-15
cosmx_bcc_xdonor_spot_0000061331,0.9918165650263463,4.2457733192306655e-10,0.004354579959053643,3.588953108221662e-11,2.067786671019299e-15,1.6804168774033322e-15,0.0038155679787590558,1.3286575370236272e-05
cosmx_bcc_xdonor_spot_0000061332,0.9470075334174582,9.164671724561613e-13,8.875994781426523e-10,0.020919332017094262,1.582564658687068e-15,0.018169388102723737,0.01390374557420457,1.582564658687068e-15
cosmx_bcc_xdonor_spot_0000061333,0.6217137848652113,0.06277772341487396,0.13145362516166367,1.5941352480836616e-15,0.09250100179450953,0.01689701292761774,0.07465685183612049,1.5941352480836616e-15
cosmx_bcc_xdonor_spot_0000061334,0.8671390165934637,0.04560217423223826,1.5575592478488477e-05,0.021112387145532124,0.06612154326248189,1.825429387170617e-15,9.30317380169273e-06,1.825429387170617e-15
cosmx_bcc_xdonor_spot_0000061335,0.9229482670884104,1.6367329132061143e-15,1.6367329132061143e-15,0.001613596315110385,1.6367329132061143e-15,0.044847840457277084,0.03059029613919559,1.6367329132061143e-15
cosmx_bcc_xdonor_spot_0000061336,0.9385055847039858,1.0893666274748741e-10,1.081726651620777e-12,8.481089914023464e-11,1.8423761208988684e-15,0.009026664909006483,0.0524677501921747,1.8423761208988684e-15
cosmx_bcc_xdonor_spot_0000061337,0.718692935593963,1.41752762721514e-13,1.6229008029261822e-15,3.5439739190398496e-12,0.03050701242957695,0.24644019757953003,0.004359854393240953,1.6229008029261822e-15
cosmx_bcc_xdonor_spot_0000061338,1.4974363200736907e-15,1.399933040513016e-05,0.5680150778350074,1.4974363200736907e-15,0.37085199494651094,1.203305984357681e-14,0.061118927888059865,1.4974363200736907e-15
cosmx_bcc_xdonor_spot_0000061339,1.7299731002280824e-15,0.3136737996433405,0.1776011999000023,1.7299731002280824e-15,0.4379585935527614,1.7299731002280824e-15,0.0707664069038886,1.7299731002280824e-15
cosmx_bcc_xdonor_spot_0000061340,1.968965260386839e-15,0.07495276499658855,0.502162957612035,1.968965260386839e-15,0.42288427736336276,1.968965260386839e-15,2.8005700380168136e-11,1.968965260386839e-15
cosmx_bcc_xdonor_spot_0000061341,1.8639265353974188e-05,1.0483143710033668e-15,1.0483143710033668e-15,1.0483143710033668e-15,0.03673876105137318,0.9632425996832675,1.0483143710033668e-15,1.0483143710033668e-15
cosmx_bcc_xdonor_spot_0000061342,7.880863736021235e-16,7.880863736021235e-16,7.880863736021235e-16,7.880863736021235e-16,7.880863736021235e-16,0.9999999999999947,7.880863736021235e-16,7.880863736021235e-16
cosmx_bcc_xdonor_spot_0000061346,0.11637173573103943,0.31287952088762877,0.02805155166110492,0.35511559177244373,3.2427717483368084e-15,0.1875815999051417,4.263485239324303e-11,3.2427717483368084e-15
cosmx_bcc_xdonor_spot_0000061621,0.9964832107195722,1.495978734077453e-15,0.0026355499970881916,1.495978734077453e-15,1.495978734077453e-15,1.495978734077453e-15,0.0008812392833320551,1.495978734077453e-15
cosmx_bcc_xdonor_spot_0000061622,0.9999999999653135,1.567817781427241e-15,1.567817781427241e-15,3.4676750927291685e-11,1.567817781427241e-15,1.567817781427241e-15,1.567817781427241e-15,1.567817781427241e-15
cosmx_bcc_xdonor_spot_0000061623,0.995719712154442,1.5229706780020798e-15,1.5229706780020798e-15,9.603340746491399e-07,0.004279327511475448,1.5229706780020798e-15,1.5229706780020798e-15,1.5229706780020798e-15
cosmx_bcc_xdonor_spot_0000061624,0.9732515962474636,1.520745122240648e-15,1.520745122240648e-15,1.907083037516349e-13,0.026748403752337845,1.520745122240648e-15,1.520745122240648e-15,1.520745122240648e-15
cosmx_bcc_xdonor_spot_0000061625,0.9779862914741775,1.558050078514214e-15,1.558050078514214e-15,1.558050078514214e-15,0.022013708525812917,1.558050078514214e-15,1.558050078514214e-15,1.558050078514214e-15
cosmx_bcc_xdonor_spot_0000061626,0.8780355418497281,1.381354944728087e-15,1.381354944728087e-15,1.381354944728087e-15,1.381354944728087e-15,0.12195754801696793,6.910133296952771e-06,1.381354944728087e-15
cosmx_bcc_xdonor_spot_0000061627,0.9197879365415699,1.3070744112381327e-15,1.3070744112381327e-15,0.025839471588993943,0.013419491918638081,0.04095309995043401,3.600004409454507e-13,1.3070744112381327e-15
cosmx_bcc_xdonor_spot_0000061628,0.9268388481856947,1.708639732695618e-15,1.3892114663373788e-15,0.06967429709927479,0.003486854705082958,9.941555074193131e-12,1.3892114663373788e-15,1.3892114663373788e-15
cosmx_bcc_xdonor_spot_0000061629,0.9959951721781046,4.332336222628027e-12,1.4956845154692583e-15,1.4956845154692583e-15,0.004004547011023834,1.4956845154692583e-15,2.808065330733432e-07,1.4956845154692583e-15
cosmx_bcc_xdonor_spot_0000061630,0.9999148041351763,7.186136173230352e-12,1.5707383611633048e-15,1.5707383611633048e-15,5.057401735673623e-09,8.519079970777483e-05,5.231933455843541e-13,1.5707383611633048e-15
cosmx_bcc_xdonor_spot_0000061631,0.863140356397844,0.007037099609087542,1.7515079576666328e-15,6.05349976030653e-14,0.025064470196723008,0.10475807370673883,8.954234031975016e-11,1.7515079576666328e-15
cosmx_bcc_xdonor_spot_0000061632,0.6043305400399531,0.10209246469783032,0.061760185220866494,1.5350651699601596e-15,0.14467128712826888,0.05127943273117559,0.035866090180869226,1.0348797107029279e-12
cosmx_bcc_xdonor_spot_0000061633,0.8073032373674448,7.568679138512227e-09,1.4571113488896815e-15,8.79027363896953e-05,0.07158137398558917,0.11724943804924148,0.0037780402926528883,1.4571113488896815e-15
cosmx_bcc_xdonor_spot_0000061634,0.6808318833029016,1.4076479384859484e-15,1.4076479384859484e-15,1.4076479384859484e-15,1.4076479384859484e-15,0.3191681166970897,1.4076479384859484e-15,1.4076479384859484e-15
cosmx_bcc_xdonor_spot_0000061635,0.6990416870096905,0.0125647100270036,0.000590555356091809,1.6495094027700166e-15,0.12482765948264354,0.0791311823343966,0.08384420579017045,1.6495094027700166e-15
cosmx_bcc_xdonor_spot_0000061636,0.17807416159192896,0.12355943712523972,0.40827389387469504,1.4854987028108542e-15,0.18566264781491645,0.00020741612049879883,0.10422244347271802,1.4854987028108542e-15
cosmx_bcc_xdonor_spot_0000061637,0.018357623037544322,0.038298309401935716,0.21521152491774667,1.9222340901530848e-12,0.6333070996122171,4.893567595257841e-10,0.04878298035168035,0.04604246218759685
cosmx_bcc_xdonor_spot_0000061638,0.2989568632933929,2.3383095809645803e-07,0.08744429130544627,1.0559909037398928e-07,0.2727332553856113,0.23411484895460674,4.2521081730565335e-07,0.10674997642007716
cosmx_bcc_xdonor_spot_0000061639,0.16274794097275785,0.015421875787565053,0.23677171687383342,8.589542892335819e-14,0.42160524135732524,0.11613250149015229,0.04732072351827848,1.819640473428308e-15
cosmx_bcc_xdonor_spot_0000061640,1.2471411593141934e-05,0.484451022560866,0.03607233524673835,2.2508986826618327e-08,0.3002530865185744,0.06250859208553487,0.10490639897551478,0.011796070692191669
cosmx_bcc_xdonor_spot_0000061641,7.681851524995905e-16,7.681851524995905e-16,7.681851524995905e-16,7.681851524995905e-16,0.022577907080734753,0.9774220929192607,7.681851524995905e-16,7.681851524995905e-16
cosmx_bcc_xdonor_spot_0000061644,0.014480531529154385,4.794998287762207e-14,2.5524902506893e-15,0.553984265788562,2.5524902506893e-15,0.43153520268222534,2.5524902506893e-15,2.5524902506893e-15
cosmx_bcc_xdonor_spot_0000061645,0.06322105560094976,0.05525182078310743,3.953182951234105e-15,0.6448457364940839,2.7408531043280465e-15,0.12685549221976003,0.08574912160958718,0.024076773292504787
cosmx_bcc_xdonor_spot_0000061920,0.9889645158703222,2.6317892437602045e-11,1.6374346238231846e-15,0.011035311436755683,1.6374346238231846e-15,3.9692252832614437e-13,1.7266620243630178e-07,1.6374346238231846e-15
cosmx_bcc_xdonor_spot_0000061921,0.998306779487759,1.5717600654153636e-15,1.5717600654153636e-15,1.5717600654153636e-15,1.5717600654153636e-15,1.5717600654153636e-15,0.0016932205122312252,1.5717600654153636e-15
cosmx_bcc_xdonor_spot_0000061922,0.9873682990748867,1.4818986577608133e-15,1.4818986577608133e-15,0.012631700925102721,1.4818986577608133e-15,1.4818986577608133e-15,3.089144042481424e-15,1.4818986577608133e-15
cosmx_bcc_xdonor_spot_0000061923,0.9999999999999893,1.4889725884276396e-15,1.4889725884276396e-15,1.4889725884276396e-15,1.4889725884276396e-15,1.4889725884276396e-15,1.4889725884276396e-15,1.4889725884276396e-15
cosmx_bcc_xdonor_spot_0000061924,0.9963614478234519,1.3611471722975656e-15,1.3611471722975656e-15,1.3611471722975656e-15,0.0036107936243354806,2.775855220552762e-05,1.3611471722975656e-15,1.3611471722975656e-15
cosmx_bcc_xdonor_spot_0000061925,0.9597448594621143,1.2752646929369202e-15,1.2752646929369202e-15,1.2752646929369202e-15,1.2752646929369202e-15,0.04025514053787779,1.2752646929369202e-15,1.2752646929369202e-15
cosmx_bcc_xdonor_spot_0000061926,0.9999975756008329,1.4122029815348823e-15,1.4122029815348823e-15,1.4122029815348823e-15,1.4122029815348823e-15,2.424399158441612e-06,1.4122029815348823e-15,1.4122029815348823e-15
cosmx_bcc_xdonor_spot_0000061927,0.9882942268360406,1.5042323467555488e-15,1.5042323467555488e-15,1.5042323467555488e-15,0.011705759040528181,1.4019610706015905e-08,9.712509571167272e-11,6.690880787195235e-12
cosmx_bcc_xdonor_spot_0000061928,0.9988479282862005,1.5908884555163187e-15,1.5908884555163187e-15,1.5908884555163187e-15,0.0011520466443104272,1.5908884555163187e-15,1.5908884555163187e-15,2.5069480969518516e-08
cosmx_bcc_xdonor_spot_0000061929,0.9999999999999883,1.6343176696452395e-15,1.6343176696452395e-15,1.6343176696452395e-15,1.6343176696452395e-15,1.6343176696452395e-15,1.6343176696452395e-15,1.6343176696452395e-15
cosmx_bcc_xdonor_spot_0000061930,0.9987914591954331,1.7322956517481788e-15,6.620675905462248e-12,3.934262881995882e-09,2.9216897183041116e-08,1.7322956517481788e-15,0.0012079306890083635,5.769577742079686e-07
cosmx_bcc_xdonor_spot_0000061931,0.2705149757606711,0.4389436982357606,0.10937586955593999,1.5935185319145774e-15,0.036275953456072915,1.5935185319145774e-15,0.14488950299155057,1.5935185319145774e-15
cosmx_bcc_xdonor_spot_0000061932,0.5913705905002437,0.0001884603507286604,0.3415209720506228,1.5018401203892557e-15,0.023071431941285334,4.085216706211007e-05,0.04380769299005431,1.5018401203892557e-15
cosmx_bcc_xdonor_spot_0000061933,0.8461712929434981,0.012141413035550493,4.121353772753101e-08,1.6189124336450212e-15,0.04084134725684383,0.01762386656759992,0.08322203898296651,1.6189124336450212e-15
cosmx_bcc_xdonor_spot_0000061934,0.6889854759221706,0.028414022396462114,0.008314114213502208,1.6924964842602023e-15,0.17035428205507527,0.026791687510993385,0.07714041790179282,1.6924964842602023e-15
cosmx_bcc_xdonor_spot_0000061935,0.7317852843868594,7.777153346355102e-12,0.11136568315502854,1.5446617364596292e-15,0.07982945877170428,0.06398495649057911,0.01303461718804832,1.5446617364596292e-15
cosmx_bcc_xdonor_spot_0000061936,0.5494423466540033,1.1302043625786195e-11,1.4608354795735877e-15,1.4608354795735877e-15,0.06305583090396462,0.3785542321118226,0.008947590318903036,1.4608354795735877e-15
cosmx_bcc_xdonor_spot_0000061937,0.46613084912461406,0.0010380293701306748,2.8231526722289955e-12,8.913101476939701e-15,0.024671346202278985,0.5081588171605063,9.581396360090437e-07,1.7562886587975267e-15
cosmx_bcc_xdonor_spot_0000061938,0.420409625435733,2.2690480571361043e-14,1.4994179828894963e-15,1.4994179828894963e-15,0.17192773708071868,0.40766263748351955,1.4994179828894963e-15,1.4994179828894963e-15
cosmx_bcc_xdonor_spot_0000061939,0.14564885975080152,0.2863682447784397,0.0010353174471804806,1.5640391045289947e-15,0.38278933535570375,0.16400929765708966,0.02014894501078175,1.5640391045289947e-15
cosmx_bcc_xdonor_spot_0000061940,1.013037950578619e-15,1.013037950578619e-15,1.013037950578619e-15,1.013037950578619e-15,0.01596929900167624,0.9840307009983177,1.013037950578619e-15,1.013037950578619e-15
cosmx_bcc_xdonor_spot_0000061941,7.529827399538156e-16,7.529827399538156e-16,7.529827399538156e-16,7.529827399538156e-16,7.529827399538156e-16,0.9999999999999949,7.529827399538156e-16,7.529827399538156e-16
cosmx_bcc_xdonor_spot_0000062219,0.9265311968086231,1.699222908938145e-15,4.16036461516979e-15,0.07346880318373655,1.699222908938145e-15,1.699222908938145e-15,7.629221969439378e-12,1.699222908938145e-15
cosmx_bcc_xdonor_spot_0000062220,0.9715527445858246,1.5455637419125577e-15,1.5455637419125577e-15,1.5455637419125577e-15,0.021725143632504218,1.4589295011231429e-08,0.006722097192369804,1.5455637419125577e-15
cosmx_bcc_xdonor_spot_0000062221,0.9495173710459938,3.084974403519896e-08,1.5363742851113301e-15,1.5363742851113301e-15,0.05047778275455411,1.0773924552366753e-14,4.815349601662334e-06,9.233708765707061e-14
cosmx_bcc_xdonor_spot_0000062222,0.9933856653456776,1.475597093365726e-15,1.475597093365726e-15,1.475597093365726e-15,0.006614334654313268,1.475597093365726e-15,1.475597093365726e-15,1.475597093365726e-15
cosmx_bcc_xdonor_spot_0000062223,0.9730391031589247,1.451044600782997e-15,1.451044600782997e-15,1.451044600782997e-15,0.026960896840928415,1.3941126429094097e-13,1.451044600782997e-15,1.451044600782997e-15
cosmx_bcc_xdonor_spot_0000062224,0.9489220890854149,1.3653749115616652e-15,1.3653749115616652e-15,1.3653749115616652e-15,0.05107791091333662,1.2414754219873622e-12,1.3653749115616652e-15,1.3653749115616652e-15
cosmx_bcc_xdonor_spot_0000062225,0.9896560981284321,1.3537757215576943e-15,1.3537757215576943e-15,1.3537757215576943e-15,0.010343901871559634,1.3537757215576943e-15,1.3537757215576943e-15,1.3537757215576943e-15
cosmx_bcc_xdonor_spot_0000062226,0.9633239149976118,1.5565618339839202e-15,1.5565618339839202e-15,1.5565618339839202e-15,0.03667608500237863,1.5565618339839202e-15,1.5565618339839202e-15,1.5565618339839202e-15
cosmx_bcc_xdonor_spot_0000062227,0.9531014248112729,1.5812214163139198e-15,1.5812214163139198e-15,1.5812214163139198e-15,0.04689857518871726,1.5812214163139198e-15,1.5812214163139198e-15,1.5812214163139198e-15
cosmx_bcc_xdonor_spot_0000062228,0.9999999999979314,1.6216775120837875e-15,1.6216775120837875e-15,1.5326865596716754e-14,1.6216775120837875e-15,1.6216775120837875e-15,2.0450342383291208e-12,1.6216775120837875e-15
cosmx_bcc_xdonor_spot_0000062229,0.8696938687144414,0.026001551341235017,0.005777485826021652,1.9514631803510443e-10,0.04391512368839244,1.7013234981201555e-15,0.05461197023475966,1.7013234981201555e-15
cosmx_bcc_xdonor_spot_0000062230,0.5195505707271938,0.03535684250963496,0.2531446608319084,3.1909406813470202e-15,0.1096364854379635,3.9097465407988673e-10,0.08231144010232,1.5614593453567508e-15
cosmx_bcc_xdonor_spot_0000062231,0.9644351410016366,3.2363982082652647e-10,4.6925389077995396e-14,0.0007516093674590353,1.7807798674902017e-15,1.7807798674902017e-15,0.034813249307212184,1.7807798674902017e-15
cosmx_bcc_xdonor_spot_0000062232,0.9759973478679436,0.010519333578658259,4.224822790195716e-15,9.86504474469933e-14,0.0042515073490050955,7.291038772522832e-12,0.009231811196997357,1.6665728613607263e-15
cosmx_bcc_xdonor_spot_0000062233,0.7791140568240792,1.820395682412114e-12,0.0727653780581786,0.12098320858943372,1.7925641757874403e-15,8.851889105841882e-06,0.027128504637378682,1.7925641757874403e-15
cosmx_bcc_xdonor_spot_0000062234,0.8965628408134935,1.5338484238667277e-15,0.030999306668177157,1.5338484238667277e-15,1.5338484238667277e-15,1.278039439022001e-12,0.07243785251704504,1.5338484238667277e-15
cosmx_bcc_xdonor_spot_0000062235,0.7834503116887509,1.4812688683335247e-15,0.029699332637990357,1.4812688683335247e-15,0.006756727770674477,0.06942800379799609,0.11066562410458364,1.4812688683335247e-15
cosmx_bcc_xdonor_spot_0000062236,0.6134416068557756,1.4701713452242066e-15,3.909034032703003e-05,1.4701713452242066e-15,1.4701713452242066e-15,0.34605052921435275,0.0404687735895386,1.4701713452242066e-15
cosmx_bcc_xdonor_spot_0000062237,0.18287924231599545,1.4358082332232636e-15,0.4841999430949035,1.4358082332232636e-15,0.19528510337777913,0.13763571121131615,1.4358082332232636e-15,1.4358082332232636e-15
cosmx_bcc_xdonor_spot_0000062238,0.16238135005571538,1.5433165707689229e-15,1.271906679503443e-07,1.5433165707689229e-15,0.603491996342882,0.23412652641072848,1.5433165707689229e-15,1.5433165707689229e-15
cosmx_bcc_xdonor_spot_0000062239,0.020772572257016425,2.496077249811224e-14,0.05254328215167018,1.3544629571108857e-15,0.12218203813710438,0.8045021059583906,1.4957908051140213e-09,1.3544629571108857e-15
cosmx_bcc_xdonor_spot_0000062240,9.72525614184893e-16,9.72525614184893e-16,0.14404168038978832,9.72525614184893e-16,0.015031948401025749,0.8409263712091813,9.72525614184893e-16,9.72525614184893e-16
cosmx_bcc_xdonor_spot_0000062518,0.9999999999999886,1.5947914061355647e-15,1.5947914061355647e-15,1.5947914061355647e-15,1.5947914061355647e-15,1.5947914061355647e-15,1.5947914061355647e-15,1.5947914061355647e-15
cosmx_bcc_xdonor_spot_0000062519,0.9999962528313409,1.595996684658468e-15,1.595996684658468e-15,1.0280209763520039e-08,1.595996684658468e-15,3.5412459111870726e-06,1.9564253149607127e-07,1.595996684658468e-15
cosmx_bcc_xdonor_spot_0000062520,0.9592776080261248,1.5576652852132023e-15,1.5576652852132023e-15,1.5576652852132023e-15,0.040722391973865645,1.5576652852132023e-15,1.5576652852132023e-15,1.5576652852132023e-15
cosmx_bcc_xdonor_spot_0000062521,0.9104679909267323,1.5737109938604363e-15,0.08953200907295673,1.5737109938604363e-15,1.5737109938604363e-15,1.5737109938604363e-15,3.030075215915379e-13,1.5737109938604363e-15
cosmx_bcc_xdonor_spot_0000062522,0.9527524975060879,4.7089601906001965e-09,1.6933960708235025e-15,1.4149190783414914e-09,0.01624153456992435,0.031005960319566574,1.4805382976688506e-09,1.6933960708235025e-15
cosmx_bcc_xdonor_spot_0000062523,0.9985205080091889,1.474179517192294e-15,1.474179517192294e-15,1.474179517192294e-15,0.001473719381319936,5.772609483739102e-06,1.474179517192294e-15,1.474179517192294e-15
cosmx_bcc_xdonor_spot_0000062524,0.8958828334661975,1.5907347236489087e-15,1.5907347236489087e-15,1.5907347236489087e-15,0.10411716653379285,1.5907347236489087e-15,1.5907347236489087e-15,1.5907347236489087e-15
cosmx_bcc_xdonor_spot_0000062525,0.9611873946526162,4.820780149303643e-13,0.002922695050315333,1.6149879753960883e-15,0.035800206367466496,1.6149879753960883e-15,8.970392911492194e-05,1.6149879753960883e-15
cosmx_bcc_xdonor_spot_0000062526,0.9541150696492087,3.496292055413161e-14,0.03908363287857197,1.6150344904187839e-15,0.002694573693239529,0.004105579753251559,1.1440256902495838e-06,1.6150344904187839e-15
cosmx_bcc_xdonor_spot_0000062527,0.9671346949630863,1.1653883598888468e-06,0.00414339651527246,1.9284169023376818e-05,0.014843807093267812,1.7223172288520505e-15,0.013857651870986636,1.7223172288520505e-15
cosmx_bcc_xdonor_spot_0000062528,0.33272570458613526,0.18785101661236542,0.12299214718100063,1.6091550721523547e-15,0.12332529183659771,1.6091550721523547e-15,0.2331058397838961,1.6091550721523547e-15
cosmx_bcc_xdonor_spot_0000062529,0.5447190991911514,1.504632266534852e-15,0.30889341370591783,0.01930586970563516,0.11579916535429284,4.87397391550292e-08,0.011282403303260377,1.504632266534852e-15
cosmx_bcc_xdonor_spot_0000062530,0.9847154992932255,0.0005105006779015589,1.7980317438639486e-15,3.187782406136226e-15,0.012980694512948828,2.3255820250546873e-10,0.0017933052833589858,1.7980317438639486e-15
cosmx_bcc_xdonor_spot_0000062531,0.9402761209472114,2.2849560042325346e-10,0.01588132710000799,0.004922609947813433,3.0833358293000505e-15,1.6102773048246655e-15,0.03891994177646512,1.6102773048246655e-15
cosmx_bcc_xdonor_spot_0000062532,0.8882254218855553,1.5390604141556886e-15,1.5390604141556886e-15,1.5390604141556886e-15,1.5390604141556886e-15,0.07551444442969106,0.036260133684745774,1.5390604141556886e-15
cosmx_bcc_xdonor_spot_0000062533,0.498864609232553,1.3092981670237039e-15,0.30321884406574673,1.3092981670237039e-15,0.05156785810551954,0.11420706813295581,0.032141620463221006,1.3092981670237039e-15
cosmx_bcc_xdonor_spot_0000062534,0.4375016599940192,1.5459559128152197e-15,0.2381906883874877,1.5459559128152197e-15,0.16498003716144505,0.022540261307900485,0.13678735314914287,1.5459559128152197e-15
cosmx_bcc_xdonor_spot_0000062535,0.4928576336964776,1.5968394486477676e-15,0.08919073651450797,1.572197510718181e-15,0.11144302436963748,0.19951266350220367,0.10699594191716845,1.572197510718181e-15
cosmx_bcc_xdonor_spot_0000062536,1.6277272521927568e-15,1.581546793805348e-07,0.38714430414889994,1.6277272521927568e-15,0.6128555258172789,1.6277272521927568e-15,1.1879135171942593e-08,1.6277272521927568e-15
cosmx_bcc_xdonor_spot_0000062537,0.19222099750957933,1.28157227472269e-15,0.3257410927184204,1.28157227472269e-15,0.1616188085232135,0.32041910124763506,1.1478422861256782e-12,1.28157227472269e-15
cosmx_bcc_xdonor_spot_0000062538,0.13080528752453735,1.1336987754457108e-15,0.1464748929688149,1.1336987754457108e-15,0.025747786881188582,0.6969720323608563,2.64599450674932e-10,1.1336987754457108e-15
cosmx_bcc_xdonor_spot_0000062540,7.039823612791007e-16,7.039823612791007e-16,7.039823612791007e-16,7.039823612791007e-16,7.039823612791007e-16,0.9999999999999952,7.039823612791007e-16,7.039823612791007e-16
cosmx_bcc_xdonor_spot_0000062817,0.969400128597448,1.4636179927585879e-15,1.4636179927585879e-15,0.03059987140254301,1.4636179927585879e-15,1.4636179927585879e-15,1.4636179927585879e-15,1.4636179927585879e-15
cosmx_bcc_xdonor_spot_0000062818,0.9786492168481254,1.5623004907951713e-15,1.5623004907951713e-15,1.5623004907951713e-15,0.02135078315186489,1.5623004907951713e-15,1.5623004907951713e-15,1.5623004907951713e-15
cosmx_bcc_xdonor_spot_0000062819,0.9996975589820358,1.5708977060101709e-15,1.5708977060101709e-15,1.5708977060101709e-15,0.0003024410179544845,1.5708977060101709e-15,1.5708977060101709e-15,1.5708977060101709e-15
cosmx_bcc_xdonor_spot_0000062820,0.856029844773803,1.755189756405372e-15,0.14397015522311607,1.755189756405372e-15,1.755189756405372e-15,1.755189756405372e-15,3.071994924442684e-12,1.755189756405372e-15
cosmx_bcc_xdonor_spot_0000062821,0.9414132200512221,4.823462497758262e-15,1.623424802693838e-15,1.623424802693838e-15,0.011903036465610438,0.04668374348315595,1.623424802693838e-15,1.623424802693838e-15
cosmx_bcc_xdonor_spot_0000062822,0.9784002626541477,1.5974072409415532e-15,1.738886075948396e-15,1.5974072409415532e-15,0.021599737345842418,1.5974072409415532e-15,1.5974072409415532e-15,1.5974072409415532e-15
cosmx_bcc_xdonor_spot_0000062823,0.9978571380659119,0.00018566996136280215,1.8741083138285478e-15,2.0009620215729506e-07,2.5362068913045875e-11,1.8741083138285478e-15,2.8244269247287113e-07,0.0019567094084652166
cosmx_bcc_xdonor_spot_0000062824,0.7315271316420645,1.274938862083058e-05,0.07263052910646868,1.8789413742694942e-13,0.18185813651937874,1.7903532840711216e-15,0.013971453343275791,1.7903532840711216e-15
cosmx_bcc_xdonor_spot_0000062825,0.9662313543622457,0.00019347839205887714,0.02535142840327882,8.726774092961898e-10,6.443975032277086e-12,6.410527236308583e-12,2.960466354020963e-06,0.008220777490530396
cosmx_bcc_xdonor_spot_0000062826,0.4921224641201079,0.021628336853459825,0.09760230115088488,0.021186693489267886,0.3664498923622101,1.7087709914994273e-15,0.0010103120240658268,1.7087709914994273e-15
cosmx_bcc_xdonor_spot_0000062827,1.7458227601519752e-15,1.3661873914903271e-07,0.16431338200774306,1.7458227601519752e-15,0.8356864234177116,1.7458227601519752e-15,5.795579918233001e-08,1.7458227601519752e-15
cosmx_bcc_xdonor_spot_0000062828,0.5398823687422216,2.5332490708450344e-12,0.015862277099567123,1.503223182518029e-15,0.11437784785731746,0.26055420186391387,0.06932330443444344,1.503223182518029e-15
cosmx_bcc_xdonor_spot_0000062829,0.6689274470421557,1.3683457435478006e-15,1.3683457435478006e-15,1.3683457435478006e-15,1.3683457435478006e-15,0.32865660294002896,0.00241595001780836,1.3683457435478006e-15
cosmx_bcc_xdonor_spot_0000062830,0.6477055086036844,1.3094442896817067e-15,0.031176850162425888,1.3094442896817067e-15,1.3094442896817067e-15,0.27947200759986685,0.04164563363401749,1.3094442896817067e-15
cosmx_bcc_xdonor_spot_0000062831,0.46151721915251837,1.2564046758794689e-15,1.2564046758794689e-15,1.2564046758794689e-15,1.2564046758794689e-15,0.5384827808474695,5.778942481294102e-15,1.2564046758794689e-15
cosmx_bcc_xdonor_spot_0000062832,0.4223753560893474,1.2442088196014343e-15,1.2442088196014343e-15,1.2442088196014343e-15,0.08129945132663124,0.49632519258401514,1.2442088196014343e-15,1.2442088196014343e-15
cosmx_bcc_xdonor_spot_0000062833,1.558641945239834e-15,1.3968852646998827e-05,0.43955873947225554,1.558641945239834e-15,0.48441684822011427,1.558641945239834e-15,0.0760104434549769,1.558641945239834e-15
cosmx_bcc_xdonor_spot_0000062834,1.6456253097028475e-15,0.02056253626510624,0.2175906070627209,1.6456253097028475e-15,0.6760741411517864,1.6456253097028475e-15,0.08577271552037971,1.6456253097028475e-15
cosmx_bcc_xdonor_spot_0000062835,1.4854777770997782e-15,0.3722096128659172,0.23511913099445278,1.4854777770997782e-15,0.16390941944221274,1.4854777770997782e-15,0.22876183669741124,1.4854777770997782e-15
cosmx_bcc_xdonor_spot_0000062836,0.2584263355002564,1.4298383835448793e-15,0.20837512120489665,1.4298383835448793e-15,0.2061284405264193,0.31312532493179673,0.013944777836626718,1.4298383835448793e-15
cosmx_bcc_xdonor_spot_0000062837,0.2380695910257648,1.3245049192130744e-15,0.1186726035247054,1.3245049192130744e-15,0.05936720947557568,0.5800920655088219,0.0037985304651282554,1.3245049192130744e-15
cosmx_bcc_xdonor_spot_0000062838,0.35076934876918925,1.2794332229079716e-15,0.020434250342460696,1.2794332229079716e-15,1.2794332229079716e-15,0.615822995407768,0.012973405480576721,1.2794332229079716e-15
cosmx_bcc_xdonor_spot_0000062839,0.3500042924657393,1.246347172297004e-15,1.246347172297004e-15,1.246347172297004e-15,0.05728483917256526,0.592701137479162,9.730882528359396e-06,1.246347172297004e-15
cosmx_bcc_xdonor_spot_0000062840,0.03867551591235579,1.0287073483886285e-15,1.0287073483886285e-15,1.0287073483886285e-15,1.0287073483886285e-15,0.961324484087638,1.0287073483886285e-15,1.0287073483886285e-15
cosmx_bcc_xdonor_spot_0000063117,0.9259852118651557,1.4580790837131472e-15,1.4580790837131472e-15,1.4580790837131472e-15,0.0740147881340324,1.4580790837131472e-15,8.045159949575693e-13,1.4580790837131472e-15
cosmx_bcc_xdonor_spot_0000063118,0.999999999999989,1.5326145945838185e-15,1.5326145945838185e-15,1.5326145945838185e-15,1.5326145945838185e-15,1.5326145945838185e-15,1.5326145945838185e-15,1.5326145945838185e-15
cosmx_bcc_xdonor_spot_0000063119,0.999999999999989,1.5290704778188885e-15,1.5290704778188885e-15,1.5290704778188885e-15,1.5290704778188885e-15,1.5290704778188885e-15,1.5290704778188885e-15,1.5290704778188885e-15
cosmx_bcc_xdonor_spot_0000063120,0.6790901776504983,3.001862125024087e-07,0.2085094279071407,2.4408361329779093e-13,5.544565668985731e-10,1.8039019443227483e-15,0.11240009370144416,1.8039019443227483e-15
cosmx_bcc_xdonor_spot_0000063121,0.6992007957475654,0.0010131396580884652,0.23258735181096404,0.0042025436448883255,0.001481895854488333,1.7682222957503629e-15,0.06151427328400189,1.7682222957503629e-15
cosmx_bcc_xdonor_spot_0000063122,0.7176212610558421,0.1613874143105514,0.017277846840952234,1.7151830077947208e-15,0.03238811385533656,1.7151830077947208e-15,0.0713253639373125,1.7151830077947208e-15
cosmx_bcc_xdonor_spot_0000063123,0.4802867239514634,0.0004770814648946673,0.39317954161983054,1.7456062212613944e-15,0.05709326771136366,1.7456062212613944e-15,0.06896338525244246,1.7456062212613944e-15
cosmx_bcc_xdonor_spot_0000063124,0.6640586618772395,0.08763321552995862,0.17767292437391424,0.05263627209225953,0.014048609197706688,1.8439862679859435e-15,0.0030149751946770085,0.0009353417342424711
cosmx_bcc_xdonor_spot_0000063125,0.12918959628092946,0.0964224451751719,0.2610897121300664,9.575560664569958e-08,0.5132978245490657,2.4652059201510416e-15,3.2610915535018397e-07,1.8311999588141763e-15
cosmx_bcc_xdonor_spot_0000063126,1.6278674119375367e-15,5.367782681864952e-06,0.15351473232766316,1.6278674119375367e-15,0.8442700391230655,1.6278674119375367e-15,0.002209860766582766,1.6278674119375367e-15
cosmx_bcc_xdonor_spot_0000063127,0.260836842273238,2.281699894946083e-15,0.008246580328884676,1.4986189337262838e-15,0.7022936275688453,0.028622904123820764,4.570520604699796e-08,1.4986189337262838e-15
cosmx_bcc_xdonor_spot_0000063128,0.824151930922673,1.570908751956588e-15,0.006814504489977529,1.1446688335758731e-14,0.03823636813639796,0.08420864603036528,0.046588550420571744,1.570908751956588e-15
cosmx_bcc_xdonor_spot_0000063129,0.4255939729132959,1.1880801322889292e-15,1.1880801322889292e-15,1.1880801322889292e-15,0.002183740063654351,0.5722222870230437,1.1880801322889292e-15,1.1880801322889292e-15
cosmx_bcc_xdonor_spot_0000063130,0.2761148458162405,1.1255280122394305e-15,1.1255280122394305e-15,1.1255280122394305e-15,1.1255280122394305e-15,0.7238851541837527,1.1255280122394305e-15,1.1255280122394305e-15
cosmx_bcc_xdonor_spot_0000063131,0.3247382501889487,1.2243354388555146e-15,8.24687544531578e-11,1.2243354388555146e-15,0.03150000102351164,0.6433561138759765,0.00040563482909065695,1.2243354388555146e-15
cosmx_bcc_xdonor_spot_0000063132,1.7300466595724577e-15,0.2375781773998915,0.2545183320745472,1.7300466595724577e-15,0.4477340258904063,1.7300466595724577e-15,0.0601694646351478,1.7300466595724577e-15
cosmx_bcc_xdonor_spot_0000063133,1.7619591695636734e-15,0.11851370561460055,0.13811236901274068,1.7619591695636734e-15,0.4128856744212218,1.7619591695636734e-15,0.3304882509514299,1.7619591695636734e-15
cosmx_bcc_xdonor_spot_0000063134,1.6963824676032587e-15,0.4748203809509333,0.00893095621813089,1.6963824676032587e-15,0.26056714244592566,1.6963824676032587e-15,0.25568152038500314,1.6963824676032587e-15
cosmx_bcc_xdonor_spot_0000063135,0.23857883112970593,1.3220256536428328e-15,0.27528722829532803,1.3220256536428328e-15,0.1064665557166897,0.3796185328507783,4.885200749420497e-05,1.3220256536428328e-15
cosmx_bcc_xdonor_spot_0000063136,0.17775606437988994,1.1113383577412793e-15,1.1113383577412793e-15,1.1113383577412793e-15,1.1113383577412793e-15,0.8222439356201033,1.1113383577412793e-15,1.1113383577412793e-15
cosmx_bcc_xdonor_spot_0000063137,0.21547670013738812,1.1687574003889255e-15,1.1687574003889255e-15,1.1687574003889255e-15,0.035626542031599005,0.7488967490500061,8.78100214178051e-09,1.1687574003889255e-15
cosmx_bcc_xdonor_spot_0000063138,0.178004316045736,1.065098247450169e-15,1.065098247450169e-15,1.065098247450169e-15,1.065098247450169e-15,0.8219956839542576,1.065098247450169e-15,1.065098247450169e-15
cosmx_bcc_xdonor_spot_0000063139,0.16552779843830429,9.603024904118438e-16,9.603024904118438e-16,9.603024904118438e-16,9.603024904118438e-16,0.8344722015616902,9.603024904118438e-16,9.603024904118438e-16
cosmx_bcc_xdonor_spot_0000063415,0.4881712808486091,0.06454532597656806,0.29224902777056533,0.00023854666566005875,6.5310604543001226e-15,2.0920087004752308e-15,0.14984194427852648,0.0049538744600622275
cosmx_bcc_xdonor_spot_0000063416,0.8896189479169238,0.0023194217645985827,0.10452993037249485,1.6060551360994922e-15,0.0023529583978460678,1.6060551360994922e-15,0.0011787415481318633,1.6060551360994922e-15
cosmx_bcc_xdonor_spot_0000063417,0.9739787308308512,1.5133377378700042e-15,1.5133377378700042e-15,1.5133377378700042e-15,0.026021269169139483,1.5133377378700042e-15,1.5133377378700042e-15,1.5133377378700042e-15
cosmx_bcc_xdonor_spot_0000063418,0.9934320403057529,1.5838561159684675e-15,0.006567406365724619,1.5838561159684675e-15,1.5838561159684675e-15,2.6848839567983527e-13,5.533282476176013e-07,1.5838561159684675e-15
cosmx_bcc_xdonor_spot_0000063419,0.9801416230391122,3.0628916857691853e-10,6.900952038921858e-14,0.00482211339945795,1.6173753666510814e-12,1.8100533994241257e-15,0.009986965986886321,0.005049297266565931
cosmx_bcc_xdonor_spot_0000063420,0.9361284853763137,2.0826433767214865e-09,0.037998743616138045,1.378722650933338e-09,4.4336964378753896e-11,1.8397535146879055e-15,0.025219533076434632,0.0006532344254087469
cosmx_bcc_xdonor_spot_0000063421,0.8854940639884421,2.1707890526487215e-08,0.051759430851923825,0.02249251402763208,0.0402533874920492,2.0818044728280835e-10,5.817238805279006e-07,1.6731192360187058e-15
cosmx_bcc_xdonor_spot_0000063422,0.8142285228308435,4.457325926397207e-14,1.6270223051822264e-15,0.0022221962506136705,0.018605027035214973,0.1649442538832783,1.6270223051822264e-15,1.6270223051822264e-15
cosmx_bcc_xdonor_spot_0000063423,0.9892810934108835,3.6428032862346596e-09,3.229408106091659e-09,1.5619345210571968e-15,0.01071650276997111,5.7578245506706264e-09,2.3911891061235607e-06,1.5619345210571968e-15
cosmx_bcc_xdonor_spot_0000063424,0.9235074516995571,0.0027542040385961477,0.035824252516535135,1.778246835827826e-15,0.010936734925197271,1.778246835827826e-15,0.02697735682010902,1.778246835827826e-15
cosmx_bcc_xdonor_spot_0000063425,0.4676453875871215,8.678567342683161e-08,1.2999002143920004e-05,1.8690884335952206e-15,0.5323415265733475,1.8690884335952206e-15,5.1707972481217136e-11,1.8690884335952206e-15
cosmx_bcc_xdonor_spot_0000063426,1.7359222150640518e-15,0.017809918301494924,0.19458436697300818,7.480171310234401e-14,0.7784242148655575,1.7359222150640518e-15,0.009181499859859214,1.7359222150640518e-15
cosmx_bcc_xdonor_spot_0000063428,0.42519378475491626,1.4337945111977854e-15,0.1905602181300589,1.4337945111977854e-15,0.1490805125143922,0.17611877821202246,0.05904670638860574,1.4337945111977854e-15
cosmx_bcc_xdonor_spot_0000063429,0.2082427881254538,1.1809457909337872e-15,0.2952854107211563,1.1809457909337872e-15,0.026210380077111222,0.4626547976989118,0.007606623377363141,1.1809457909337872e-15
cosmx_bcc_xdonor_spot_0000063430,0.20446533411433215,1.1275176557590491e-15,0.201333253720414,1.1275176557590491e-15,0.08988356742886382,0.504317844516401,2.199854595163362e-10,1.1275176557590491e-15
cosmx_bcc_xdonor_spot_0000063431,1.4302624704678247e-15,1.4302624704678247e-15,0.5821021165848951,1.4302624704678247e-15,0.3580931861311668,0.0006997954119612984,0.05910490187197097,1.4302624704678247e-15
cosmx_bcc_xdonor_spot_0000063432,1.7832797851608757e-15,1.119813422924947e-05,0.4709967860227642,1.7832797851608757e-15,0.4728429226396225,1.7832797851608757e-15,0.05614909320337676,1.7832797851608757e-15
cosmx_bcc_xdonor_spot_0000063433,1.660550544428223e-15,0.1091224080568137,0.422895480782494,1.660550544428223e-15,0.38753934231300374,1.660550544428223e-15,0.08044276884768187,1.660550544428223e-15
cosmx_bcc_xdonor_spot_0000063434,0.13655343075352724,3.062830648249706e-14,0.13889899482460835,1.4552489539946636e-15,0.21350644584468356,0.46885729672080617,0.04218383185634096,1.4552489539946636e-15
cosmx_bcc_xdonor_spot_0000063435,0.1417713264674316,1.2286079538249793e-15,0.08401750284649148,1.2286079538249793e-15,0.1714960969857135,0.6027149368843371,1.3681602245064188e-07,1.2286079538249793e-15
cosmx_bcc_xdonor_spot_0000063436,0.1948969386740783,1.1894128201578742e-15,0.10623931650011445,1.1894128201578742e-15,0.05129925476399608,0.6475641617772832,3.282845243551677e-07,1.1894128201578742e-15
cosmx_bcc_xdonor_spot_0000063437,0.1306952522353068,1.1726142667723539e-15,0.07958577328046022,1.1726142667723539e-15,1.1726142667723539e-15,0.7897189703626598,4.121568467765593e-09,1.1726142667723539e-15
cosmx_bcc_xdonor_spot_0000063438,5.523824798812027e-10,7.930908623741323e-16,7.930908623741323e-16,7.930908623741323e-16,7.930908623741323e-16,0.9999999994476129,7.930908623741323e-16,7.930908623741323e-16
cosmx_bcc_xdonor_spot_0000063439,5.808255312079222e-16,5.808255312079222e-16,5.808255312079222e-16,5.808255312079222e-16,5.808255312079222e-16,0.999999999999996,5.808255312079222e-16,5.808255312079222e-16
cosmx_bcc_xdonor_spot_0000063714,0.6119860016142719,0.07174426257957882,0.06662740550837881,1.9188088102158674e-15,0.1220260126140581,0.027625297035063924,0.09999102064864458,1.9188088102158674e-15
cosmx_bcc_xdonor_spot_0000063715,0.9028079653835634,1.074335374816024e-06,0.06521794231341589,2.0445669857298093e-08,0.011281491519871933,1.3349897564038594e-06,0.02069017097999607,3.2351380449277713e-11
cosmx_bcc_xdonor_spot_0000063716,0.9521040083879446,3.2666215289333904e-14,0.037526479847721526,1.6291023782701262e-15,1.6291023782701262e-15,0.0004650246328669213,0.00990448713142921,1.6291023782701262e-15
cosmx_bcc_xdonor_spot_0000063717,0.997225728280935,7.52679513495251e-10,1.7314453738677389e-15,1.7314453738677389e-15,1.7314453738677389e-15,1.7314453738677389e-15,1.7314453738677389e-15,0.002774270966376586
cosmx_bcc_xdonor_spot_0000063718,0.9888889677905236,4.1513423190979735e-09,5.952293344316093e-07,1.3986203695163155e-10,0.0022247370593450632,0.0036342682561583657,1.7465287453646737e-15,0.005251427373432392
cosmx_bcc_xdonor_spot_0000063719,0.8972230801262162,1.0459051857003074e-06,0.09854148188917415,2.238944897827697e-09,0.0036173740746205793,1.8053215071832475e-15,8.534852646976135e-13,0.0006170157650031759
cosmx_bcc_xdonor_spot_0000063720,0.7627899920124158,1.466247723779749e-15,0.009773332039063578,1.466247723779749e-15,0.005954211699226729,0.22148246424928783,1.466247723779749e-15,1.466247723779749e-15
cosmx_bcc_xdonor_spot_0000063721,0.7388365925041367,1.5216880649618308e-15,1.5216880649618308e-15,1.5216880649618308e-15,0.027640693151924186,0.2335227143439313,1.5216880649618308e-15,1.5216880649618308e-15
cosmx_bcc_xdonor_spot_0000063722,0.9999996311229656,1.64487859580827e-15,2.0357256168118632e-07,1.750693332035197e-11,1.6528695685484192e-07,1.64487859580827e-15,3.841742100265697e-15,1.64487859580827e-15
cosmx_bcc_xdonor_spot_0000063723,0.9700474513366008,4.10973327947559e-07,0.018087571356120907,7.843982422145995e-11,0.01022969331367201,1.8107673069231807e-15,0.001634872941834997,1.8107673069231807e-15
cosmx_bcc_xdonor_spot_0000063724,0.5522857528415482,0.010073216692447541,0.12855864495231537,1.8440061001645935e-15,0.3090775145946958,4.072315703551578e-06,7.986032856474142e-07,1.8440061001645935e-15
cosmx_bcc_xdonor_spot_0000063726,1.7246618007608504e-15,1.487726398180607e-08,0.2672114807913608,1.7246618007608504e-15,0.6713352859428129,1.7246618007608504e-15,1.7246618007608504e-15,0.061453218388555476
cosmx_bcc_xdonor_spot_0000063727,2.1413044006825346e-15,0.2988047693635675,0.29910475571163764,2.1413044006825346e-15,0.3683825583033293,2.1413044006825346e-15,0.033707916621456974,2.1413044006825346e-15
cosmx_bcc_xdonor_spot_0000063728,1.6711810863665675e-15,0.23336121825594106,0.44164097674216835,1.6711810863665675e-15,0.23307201967805868,1.6711810863665675e-15,0.09192578532382527,1.6711810863665675e-15
cosmx_bcc_xdonor_spot_0000063729,1.6102578136240093e-15,5.48007218335677e-10,0.6253274127484415,1.6102578136240093e-15,0.36709943049719224,1.6102578136240093e-15,0.0075731562063526036,1.6102578136240093e-15
cosmx_bcc_xdonor_spot_0000063730,1.2877758919536457e-15,1.2877758919536457e-15,0.8118582919254654,1.2877758919536457e-15,0.18814170607276173,1.2877758919536457e-15,2.001766314433585e-09,1.2877758919536457e-15
cosmx_bcc_xdonor_spot_0000063731,1.4898498746263457e-15,1.0501217072226333e-12,0.770935488636047,1.4898498746263457e-15,0.2290624316634138,1.4898498746263457e-15,2.0796994830401046e-06,1.4898498746263457e-15
cosmx_bcc_xdonor_spot_0000063732,0.17210493716950284,3.5075257544933625e-13,0.49264657926695354,1.4043071573401879e-15,0.1992768790374408,0.13588957896067552,8.202556507360695e-05,1.4043071573401879e-15
cosmx_bcc_xdonor_spot_0000063733,0.20061265369358813,3.5015085566806897e-10,0.348041168073506,1.4550597623989196e-15,0.18954787692747527,0.2358460432277045,0.025952257727572255,1.4550597623989196e-15
cosmx_bcc_xdonor_spot_0000063734,0.19316961354643938,1.2124539207388054e-15,0.19393245281681173,1.2124539207388054e-15,0.03963579881517166,0.5668839070570324,0.00637822776454131,1.2124539207388054e-15
cosmx_bcc_xdonor_spot_0000063735,0.00021267628117526064,9.964845489295153e-16,0.005170191025740088,9.964845489295153e-16,0.05312832989740495,0.9414888027956757,9.964845489295153e-16,9.964845489295153e-16
cosmx_bcc_xdonor_spot_0000063736,0.027739268281207492,9.74925176542756e-16,9.74925176542756e-16,9.74925176542756e-16,9.74925176542756e-16,0.9722607317187869,9.74925176542756e-16,9.74925176542756e-16
cosmx_bcc_xdonor_spot_0000063737,0.08655652908617557,1.118200971368846e-15,1.118200971368846e-15,1.118200971368846e-15,1.118200971368846e-15,0.9134434709138177,1.118200971368846e-15,1.118200971368846e-15
cosmx_bcc_xdonor_spot_0000063738,8.813190192865832e-16,8.813190192865832e-16,8.813190192865832e-16,8.813190192865832e-16,8.813190192865832e-16,0.999999999999994,8.813190192865832e-16,8.813190192865832e-16
cosmx_bcc_xdonor_spot_0000063739,3.453047404251848e-08,8.293230747950017e-16,8.293230747950017e-16,8.293230747950017e-16,8.293230747950017e-16,0.9999999654695211,8.293230747950017e-16,8.293230747950017e-16
cosmx_bcc_xdonor_spot_0000063810,5.488110352887544e-11,0.383317377402113,0.033946670526405764,0.3728571898112285,3.225609771413548e-15,0.09283953095320933,0.031954497106957976,0.08508473414520111
cosmx_bcc_xdonor_spot_0000063819,8.105163078406976e-16,8.105163078406976e-16,8.105163078406976e-16,8.105163078406976e-16,0.012889838265234954,0.9871101617347604,8.105163078406976e-16,8.105163078406976e-16
cosmx_bcc_xdonor_spot_0000064013,0.8269472109072894,0.031062136685694054,0.014740532765733635,0.020148534017588843,0.020608109178847443,1.6871220264435164e-15,0.08649347644484337,1.6871220264435164e-15
cosmx_bcc_xdonor_spot_0000064014,0.6698101305147891,0.027588360028295605,0.013766559622547777,0.033448188482223515,0.03638872099058775,1.6981764229814747e-15,0.16091071315149905,0.05808732721005558
cosmx_bcc_xdonor_spot_0000064015,0.8344134189172253,0.042524769239616414,1.778467771515164e-15,0.0008665985116479325,0.0664045770780942,5.2934557858444345e-06,0.014776165959359176,0.041009176838269386
cosmx_bcc_xdonor_spot_0000064016,0.9041975256054803,0.026132596143392035,0.04285433364142944,1.4613529059663968e-05,1.4368209438126927e-05,1.9892032655198237e-15,0.02262159086837075,0.0041649720028277566
cosmx_bcc_xdonor_spot_0000064017,0.9999456252963873,3.908534582789994e-12,3.225475785106682e-14,1.5825986184221638e-15,5.434609865064705e-05,7.664157911134825e-13,1.0834740662017829e-08,1.776551264477117e-08
cosmx_bcc_xdonor_spot_0000064018,0.9999999844235111,1.552524518799054e-08,1.9141686278908304e-15,8.58550372370578e-15,5.258247773351507e-13,5.0703562612610735e-11,1.7332746963713621e-15,1.7332746963713621e-15
cosmx_bcc_xdonor_spot_0000064019,0.9120302263123428,2.9076705070927993e-11,1.9351067758046087e-15,1.2032797279090488e-09,0.08796977245522875,1.9351067758046087e-15,6.615331913005126e-14,1.9351067758046087e-15
cosmx_bcc_xdonor_spot_0000064020,0.9295720543507278,0.01959610824365299,0.007839986745283217,7.161275580321029e-13,0.04225970613287662,0.0007321097487588153,3.477798223744329e-08,1.838173205968135e-15
cosmx_bcc_xdonor_spot_0000064021,0.8604799371154837,0.02899101041193444,0.051528676281226725,1.4183934191433308e-12,0.0590003745840432,1.295733227204148e-14,1.6058789188193111e-09,1.7586089700273476e-15
cosmx_bcc_xdonor_spot_0000064022,0.2437774788276745,0.1675474479469431,0.10429011376147335,0.004267667964002549,0.3118051104708025,0.006996074013977899,0.16131610701512442,1.7074914474335732e-15
cosmx_bcc_xdonor_spot_0000064024,1.9648733119882073e-15,0.10493047624489113,0.24833451775283966,5.8510430633175805e-15,0.4543672724679006,1.9648733119882073e-15,0.1923677335343567,1.9648733119882073e-15
cosmx_bcc_xdonor_spot_0000064026,2.1107483180677942e-15,1.7156992353911945e-15,0.9274561921049561,1.7156992353911945e-15,0.0485268168758391,0.020997943457265935,0.003019047561931495,1.7156992353911945e-15
cosmx_bcc_xdonor_spot_0000064027,0.10289879167789372,1.2939271524941778e-15,0.6136803793550734,1.2939271524941778e-15,0.1224857481776057,0.16086791044441248,6.717034501080319e-05,1.2939271524941778e-15
cosmx_bcc_xdonor_spot_0000064028,0.050221753635286796,1.079924871205705e-15,0.3830688184152462,1.079924871205705e-15,0.047211306492882195,0.5194981214565804,1.079924871205705e-15,1.079924871205705e-15
cosmx_bcc_xdonor_spot_0000064029,1.1880387202463635e-15,8.207470653316119e-15,0.9565080771700649,1.1880387202463635e-15,0.043491922817673126,1.1880387202463635e-15,1.2248804087807646e-11,1.1880387202463635e-15
cosmx_bcc_xdonor_spot_0000064030,1.085537685988027e-15,1.085537685988027e-15,0.9999852838423258,1.085537685988027e-15,1.4716157667558623e-05,1.085537685988027e-15,1.085537685988027e-15,1.085537685988027e-15
cosmx_bcc_xdonor_spot_0000064031,1.4794227395011531e-15,1.4794227395011531e-15,0.9957653696279615,1.4794227395011531e-15,0.0041932304783584015,1.4794227395011531e-15,4.139989367244649e-05,1.4794227395011531e-15
cosmx_bcc_xdonor_spot_0000064032,0.23586985112757802,1.4307744468466032e-15,0.5362737134424489,3.725702254139266e-12,0.08931786998345638,0.11884732663136695,0.019691238811420982,1.4307744468466032e-15
cosmx_bcc_xdonor_spot_0000064033,0.23940982712703426,1.2621819060187665e-15,7.000896843303057e-05,1.2621819060187665e-15,0.09160018593311763,0.66891997797141,1.2621819060187665e-15,1.2621819060187665e-15
cosmx_bcc_xdonor_spot_0000064034,0.1628473448430188,2.583293883282123e-15,0.09078053322842908,1.3391576266104196e-15,0.1480341811018518,0.5962349005050026,0.002103040321692277,1.3391576266104196e-15
cosmx_bcc_xdonor_spot_0000064035,6.0946912407037114e-06,1.6379735389218445e-15,0.9017358624645809,1.6379735389218445e-15,0.060536976456355085,0.037721066387808456,9.902413763539613e-15,1.6379735389218445e-15
cosmx_bcc_xdonor_spot_0000064036,2.8435523560602048e-11,1.787557419102612e-15,0.9945201515721106,1.787557419102612e-15,1.787557419102612e-15,0.005479848399434174,1.231264786101456e-14,1.787557419102612e-15
cosmx_bcc_xdonor_spot_0000064038,0.03506372482503294,8.93638521897307e-16,8.93638521897307e-16,8.93638521897307e-16,8.93638521897307e-16,0.9649362751749617,8.93638521897307e-16,8.93638521897307e-16
cosmx_bcc_xdonor_spot_0000064039,0.0007387945581997004,8.29490048768147e-16,8.29490048768147e-16,8.29490048768147e-16,8.29490048768147e-16,0.9992612054417955,8.29490048768147e-16,8.29490048768147e-16
cosmx_bcc_xdonor_spot_0000064040,0.11695624521545978,1.0732598825199026e-15,1.0732598825199026e-15,1.0732598825199026e-15,1.0732598825199026e-15,0.8830437547845338,1.0732598825199026e-15,1.0732598825199026e-15
cosmx_bcc_xdonor_spot_0000064041,0.3001929973490993,0.05254483329369346,0.01253384159627116,0.025038379149220705,0.025816596758507938,0.5375316488286818,0.04033164762566684,0.006010055398858799
cosmx_bcc_xdonor_spot_0000064042,0.18358344109727637,0.19034659423380962,2.6864903811734865e-15,0.2502867354392272,2.6864903811734865e-15,0.2778490660328551,0.0628902481339598,0.03504391506286656
cosmx_bcc_xdonor_spot_0000064043,0.1508668539848835,0.1857810237179789,0.020416256812721266,0.23237817635284944,0.015381393957486071,0.2943157457247199,0.08331982805879291,0.017540721390568115
cosmx_bcc_xdonor_spot_0000064044,0.1271646943665824,0.0008424804477512954,1.7035138212699117e-15,2.8990186281589235e-09,1.7035138212699117e-15,0.8426330725259166,0.02714827440150025,0.002211475359227626
cosmx_bcc_xdonor_spot_0000064108,0.04657623366170304,0.2520563390037077,8.676570417816717e-11,0.6421966624289909,0.018979235560167826,0.013849692927826328,1.8258770125240808e-07,0.02634165374313729
cosmx_bcc_xdonor_spot_0000064109,0.059808636099686965,0.49403809821806954,0.014667538733663275,0.37823643109763555,2.1188413711358015e-13,0.04042433098351501,0.012823805506499218,1.1593607186353064e-06
cosmx_bcc_xdonor_spot_0000064110,0.026841486809058922,0.44951752634344894,1.0199854033152618e-07,0.33399181224773317,0.03941432874427918,0.11712037930821016,3.0780583041708698e-15,0.033114364548726016
cosmx_bcc_xdonor_spot_0000064114,8.845642664710166e-16,8.845642664710166e-16,8.845642664710166e-16,8.845642664710166e-16,8.845642664710166e-16,0.999999999999994,8.845642664710166e-16,8.845642664710166e-16
cosmx_bcc_xdonor_spot_0000064115,1.037013853898239e-15,1.037013853898239e-15,1.037013853898239e-15,1.037013853898239e-15,0.09472334739155647,0.9052766526084373,1.037013853898239e-15,1.037013853898239e-15
cosmx_bcc_xdonor_spot_0000064116,1.7521513827873746e-13,1.3997367208616792e-15,1.3997367208616792e-15,1.3997367208616792e-15,0.20599409446535905,0.7940059055344587,1.3997367208616792e-15,1.3997367208616792e-15
cosmx_bcc_xdonor_spot_0000064117,3.031698625078831e-11,3.893717239293794e-09,1.4607666609912642e-15,3.92015995375413e-09,0.28055672271639986,0.7194432694394014,1.4607666609912642e-15,1.4607666609912642e-15
cosmx_bcc_xdonor_spot_0000064118,8.58395466810376e-09,1.439183540463099e-15,1.439183540463099e-15,3.430956115113009e-06,0.061127703165999595,0.9388688572939248,1.439183540463099e-15,1.439183540463099e-15
cosmx_bcc_xdonor_spot_0000064119,9.69618701989291e-16,9.69618701989291e-16,9.69618701989291e-16,9.69618701989291e-16,9.69618701989291e-16,0.9999999999999933,9.69618701989291e-16,9.69618701989291e-16
cosmx_bcc_xdonor_spot_0000064120,0.01369323623572512,1.3436241001128627e-15,1.3436241001128627e-15,1.3436241001128627e-15,0.03035923301237823,0.9559475307518899,1.3436241001128627e-15,1.3436241001128627e-15
cosmx_bcc_xdonor_spot_0000064121,1.0641929603644028e-15,0.0001868832722999348,1.0641929603644028e-15,1.0641929603644028e-15,0.07607661600058084,0.9037250958852174,0.020011404841897392,1.0641929603644028e-15
cosmx_bcc_xdonor_spot_0000064122,1.0874760876761625e-11,1.180604022151075e-05,0.05444297592081627,1.47773016998612e-15,0.1740412894000176,0.7715039286075775,2.0489446748309344e-11,1.47773016998612e-15
cosmx_bcc_xdonor_spot_0000064123,2.4132048985643496e-13,4.143347431255009e-15,0.013793266721504731,1.299095522116188e-15,0.06841396645696449,0.9177927668212813,1.299095522116188e-15,1.299095522116188e-15
cosmx_bcc_xdonor_spot_0000064124,1.0142541082040727e-15,1.0142541082040727e-15,1.0142541082040727e-15,1.0142541082040727e-15,1.0142541082040727e-15,0.9999999999999929,1.0142541082040727e-15,1.0142541082040727e-15
cosmx_bcc_xdonor_spot_0000064125,0.06893354236502697,2.2676259314458765e-08,1.352408378886553e-13,0.07487825563221708,0.045098744663942994,0.8110894322363607,2.4260561925852814e-09,1.4503774815985197e-15
cosmx_bcc_xdonor_spot_0000064126,1.0544995045461661e-15,1.0544995045461661e-15,1.0544995045461661e-15,1.0544995045461661e-15,1.0544995045461661e-15,0.9999999999999926,1.0544995045461661e-15,1.0544995045461661e-15
cosmx_bcc_xdonor_spot_0000064307,0.1099182747858697,0.7457466632282242,0.09160944404868623,6.53304095956292e-08,0.012783637359856844,2.2637428224772475e-15,0.03994191524694873,2.2637428224772475e-15
cosmx_bcc_xdonor_spot_0000064308,0.9218006672419365,9.476232389977833e-10,0.024383781064996883,0.03552187390235092,1.884856861923045e-15,1.884856861923045e-15,0.013784406093559833,0.00450927074952876
cosmx_bcc_xdonor_spot_0000064309,0.9050381345305896,0.024951975229639947,1.8449245337801284e-15,0.010446025723953664,0.05956386278856434,1.8449245337801284e-15,1.7272466213422499e-09,1.8449245337801284e-15
cosmx_bcc_xdonor_spot_0000064310,0.958341828045754,0.009941624520912582,1.784124172862036e-15,0.003569942559171419,0.0028851465550906214,1.2412776420161689e-08,0.019492214708696005,0.005769231197597268
cosmx_bcc_xdonor_spot_0000064311,0.6083065729581179,1.856931716815089e-15,0.3051398020933546,0.03487234974326003,1.856931716815089e-15,1.856931716815089e-15,0.03779425855506784,0.013887016650194034
cosmx_bcc_xdonor_spot_0000064312,0.8458908738310518,1.251882898143743e-08,0.061077269128560326,2.836434398428292e-10,0.0658142967588323,0.005630929434553133,0.021586618044528456,1.6328021210775669e-15
cosmx_bcc_xdonor_spot_0000064313,0.9219039655156406,0.021505132069708867,0.017847545124766818,1.5137962752770107e-09,4.554170002291503e-14,2.0120318428386057e-15,0.029167029673295316,0.009576326102744713
cosmx_bcc_xdonor_spot_0000064314,1.4868431666844736e-15,0.2853985124508513,0.2955000496444496,1.4868431666844736e-15,0.023395855612605314,1.4868431666844736e-15,0.11625933869616406,0.2794462435959252
cosmx_bcc_xdonor_spot_0000064315,0.6908307038922521,0.0057027897378446124,0.2306625721376262,0.04479973494954047,3.780304254924934e-08,1.9006160042656865e-15,0.028004161479690193,1.9006160042656865e-15
cosmx_bcc_xdonor_spot_0000064316,0.9500569826585751,1.782612784838677e-15,0.04857881116329366,2.3191168459026096e-14,1.782612784838677e-15,1.782612784838677e-15,0.0013642061781006913,1.782612784838677e-15
cosmx_bcc_xdonor_spot_0000064317,0.9975879040677801,8.095218429770062e-09,1.0983298333975668e-09,2.0357835216262496e-07,1.785998702087541e-15,6.92653546729685e-06,0.002404956624848353,1.785998702087541e-15
cosmx_bcc_xdonor_spot_0000064318,0.9488950407422235,1.4537394355158019e-05,2.883880766396757e-07,1.8608210273608256e-15,0.033848511380285794,1.8608210273608256e-15,0.017241622095053182,1.8608210273608256e-15
cosmx_bcc_xdonor_spot_0000064319,0.9576530311709568,1.6060333830395126e-14,1.8404370373772608e-05,1.7473370769367991e-15,0.04232856445864638,1.7473370769367991e-15,1.7473370769367991e-15,1.7473370769367991e-15
cosmx_bcc_xdonor_spot_0000064320,6.862998941775308e-13,0.012000683528263547,0.5532668555126273,1.7673895671137082e-15,0.3040653837405904,1.7673895671137082e-15,0.13066707721782694,1.7673895671137082e-15
cosmx_bcc_xdonor_spot_0000064321,0.0004926820579007484,0.22098571128525732,0.2716185689661497,2.036111470302578e-15,0.4038651541314029,3.462617488066801e-09,0.10303788009666762,2.036111470302578e-15
cosmx_bcc_xdonor_spot_0000064322,1.9308723731962417e-15,0.1848675052812198,0.07259784043687498,1.9308723731962417e-15,0.7242938367546722,1.9308723731962417e-15,0.01824081752722537,1.9308723731962417e-15
cosmx_bcc_xdonor_spot_0000064323,0.0008891723265095284,0.823251422865056,5.660444903298962e-13,1.8722075717595027e-15,0.17585940480785572,1.8722075717595027e-15,6.859936983682612e-15,1.8722075717595027e-15
cosmx_bcc_xdonor_spot_0000064324,1.7871812544339364e-15,0.19682235503960527,1.7871812544339364e-15,1.7871812544339364e-15,0.8031776449484409,1.7871812544339364e-15,1.7871812544339364e-15,1.194499241173282e-11
cosmx_bcc_xdonor_spot_0000064325,1.962432719092667e-15,0.10622859176011928,0.39946263992473746,1.962432719092667e-15,0.4937219471281625,1.962432719092667e-15,0.0005868211869728122,1.962432719092667e-15
cosmx_bcc_xdonor_spot_0000064326,0.13723291244336758,4.912904705155574e-15,0.005761896497791698,1.1460795956645196e-15,0.05893066447411428,0.7977426148442831,0.0003319117404361037,1.1460795956645196e-15
cosmx_bcc_xdonor_spot_0000064327,0.1306988339459527,1.10590495643608e-15,1.10590495643608e-15,1.10590495643608e-15,1.10590495643608e-15,0.8693011660540406,1.10590495643608e-15,1.10590495643608e-15
cosmx_bcc_xdonor_spot_0000064328,0.03195029909755974,2.9434463176295898e-05,0.7363397952729395,1.3714090979844283e-15,0.11271498483739822,0.11896529311970935,1.932092139167811e-07,1.3714090979844283e-15
cosmx_bcc_xdonor_spot_0000064329,1.0681651224235598e-15,1.0681651224235598e-15,0.9115020942186671,1.0681651224235598e-15,0.0884979057813263,1.0681651224235598e-15,1.0681651224235598e-15,1.0681651224235598e-15
cosmx_bcc_xdonor_spot_0000064330,0.0798601275440443,1.0713770371778166e-15,0.3557185944868225,1.0713770371778166e-15,0.012536662223539398,0.5518846157445914,9.990775443450367e-13,1.0713770371778166e-15
cosmx_bcc_xdonor_spot_0000064331,0.13048654037207083,1.3024442154494276e-15,0.4697051568837485,1.3024442154494276e-15,0.21361296233611574,0.18619534040805957,1.3024442154494276e-15,1.3024442154494276e-15
cosmx_bcc_xdonor_spot_0000064332,1.5729302726877136e-15,1.5729302726877136e-15,0.6322419026571627,1.5729302726877136e-15,0.36775809734282777,1.5729302726877136e-15,1.5729302726877136e-15,1.5729302726877136e-15
cosmx_bcc_xdonor_spot_0000064333,0.01229111973644046,1.206524063608174e-15,0.3712316776635673,1.206524063608174e-15,0.27383767433385936,0.34263952826612787,1.206524063608174e-15,1.206524063608174e-15
cosmx_bcc_xdonor_spot_0000064334,0.21886223507158722,1.1422753446989653e-15,0.043611383352100005,1.1422753446989653e-15,1.1422753446989653e-15,0.7110681316295581,0.0264582499467501,1.1422753446989653e-15
cosmx_bcc_xdonor_spot_0000064335,0.19670101961970785,1.155092866088942e-15,0.08223272784895443,1.155092866088942e-15,1.155092866088942e-15,0.7210662525313319,1.155092866088942e-15,1.155092866088942e-15
cosmx_bcc_xdonor_spot_0000064336,0.26060527870221195,2.379447270818393e-15,9.908956172014762e-06,1.200784394966013e-15,0.033489172782261586,0.6944125027408433,0.011483136818506363,1.200784394966013e-15
cosmx_bcc_xdonor_spot_0000064337,0.1334336912609338,1.030878117171499e-15,1.030878117171499e-15,1.030878117171499e-15,1.030878117171499e-15,0.86656630873906,1.030878117171499e-15,1.030878117171499e-15
cosmx_bcc_xdonor_spot_0000064338,0.014600842816180255,8.581225451064618e-16,8.581225451064618e-16,8.581225451064618e-16,8.581225451064618e-16,0.9853991571838147,8.581225451064618e-16,8.581225451064618e-16
cosmx_bcc_xdonor_spot_0000064339,0.02535063451890883,9.943701122294817e-16,9.943701122294817e-16,9.943701122294817e-16,9.943701122294817e-16,0.9746493654810852,9.943701122294817e-16,9.943701122294817e-16
cosmx_bcc_xdonor_spot_0000064340,1.2345013548822658e-07,8.95205294004493e-16,8.95205294004493e-16,8.95205294004493e-16,8.95205294004493e-16,0.9999998765498593,8.95205294004493e-16,8.95205294004493e-16
cosmx_bcc_xdonor_spot_0000064341,0.08304569931398682,1.3344317703730728e-15,1.3344317703730728e-15,1.3344317703730728e-15,1.3344317703730728e-15,0.9130333676777207,0.002144502830526213,0.0017764301777608506
cosmx_bcc_xdonor_spot_0000064342,7.947360154612882e-16,7.947360154612882e-16,7.947360154612882e-16,7.947360154612882e-16,7.947360154612882e-16,0.9999999999999946,7.947360154612882e-16,7.947360154612882e-16
cosmx_bcc_xdonor_spot_0000064343,8.227130440228791e-16,8.227130440228791e-16,8.227130440228791e-16,8.227130440228791e-16,8.227130440228791e-16,0.9999999999999943,8.227130440228791e-16,8.227130440228791e-16
cosmx_bcc_xdonor_spot_0000064344,1.0118565390968419e-15,1.0118565390968419e-15,0.08636831841272272,1.0118565390968419e-15,0.03868157271417101,0.8749501088731012,1.0118565390968419e-15,1.0118565390968419e-15
cosmx_bcc_xdonor_spot_0000064407,0.12002380662614463,0.3389331823063779,2.0513341441471595e-13,0.32268982731788237,0.007525061768740851,0.2108281178316488,4.144793820276769e-09,4.206546420769872e-12
cosmx_bcc_xdonor_spot_0000064408,0.08993513485775761,0.44222783895603807,0.002211037334146789,0.3593777936153156,2.801943513575041e-15,0.0962632293151486,0.00017145817014792695,0.009813507751442725
cosmx_bcc_xdonor_spot_0000064409,0.15848214649605455,0.20444035082721435,0.02613002489072003,0.5353524595461238,3.2421846897214044e-15,1.6424395005565317e-11,0.017152182658882964,0.05844283556457644
cosmx_bcc_xdonor_spot_0000064411,8.370656306062431e-16,8.370656306062431e-16,8.370656306062431e-16,8.370656306062431e-16,0.012007366919684796,0.9879926330803104,8.370656306062431e-16,8.370656306062431e-16
cosmx_bcc_xdonor_spot_0000064412,1.2290676540075614e-15,8.81924884775842e-10,0.0498123690275859,1.2290676540075614e-15,0.10508555031716309,0.8121621579866994,0.032939921786622986,1.2290676540075614e-15
cosmx_bcc_xdonor_spot_0000064413,1.695301157502988e-15,0.001345424581067185,0.25226920643193496,0.003430115827283402,0.7071369779343776,0.03571871832050288,9.955690483051061e-05,1.695301157502988e-15
cosmx_bcc_xdonor_spot_0000064414,1.9207268403028162e-15,0.15139829138696614,0.2500048484207016,5.674952201463844e-06,0.517019950631965,4.236394997393029e-08,0.08157119224421203,1.9207268403028162e-15
cosmx_bcc_xdonor_spot_0000064415,1.0068615334848921e-11,0.4456036638808948,0.00012306397168317795,4.3826768393356894e-11,0.5217335126551943,1.7221937039352391e-15,0.03253975943832893,1.7221937039352391e-15
cosmx_bcc_xdonor_spot_0000064416,1.995500353276664e-15,0.0621228707781114,0.0951706395279267,4.751334631457978e-10,0.8081828589650897,1.995500353276664e-15,0.03452363025373271,1.995500353276664e-15
cosmx_bcc_xdonor_spot_0000064417,1.8885175391505595e-15,0.03690563385739372,0.024795886126471482,0.0616100281652036,0.82280750462175,1.8885175391505595e-15,0.053880947229175385,1.8885175391505595e-15
cosmx_bcc_xdonor_spot_0000064418,1.933048832790923e-15,0.19295375499731296,0.1646890049158202,0.07298428963353594,0.5414639831598154,1.933048832790923e-15,0.02790896729350966,1.933048832790923e-15
cosmx_bcc_xdonor_spot_0000064419,1.801260075244508e-15,0.13157137798889756,1.801260075244508e-15,1.1287584610126484e-06,0.867702643330345,1.801260075244508e-15,0.0007248499222893133,1.801260075244508e-15
cosmx_bcc_xdonor_spot_0000064420,1.9395078136217494e-15,0.16444253487166063,1.9395078136217494e-15,0.0022105845868481988,0.8332658366756012,1.656708719511205e-11,8.104384931715377e-05,1.9395078136217494e-15
cosmx_bcc_xdonor_spot_0000064421,3.689224963129736e-12,0.3794628472084591,9.114733475478966e-05,2.587028152469457e-11,0.575396974714998,0.013706932613590152,0.031342098098636646,1.848958259012244e-15
cosmx_bcc_xdonor_spot_0000064422,0.0963199344362396,0.007427066298100846,0.1502948005331834,0.17148333486150283,0.47957555997655993,0.05935989628661229,0.03553940760779934,1.8096531103900617e-15
cosmx_bcc_xdonor_spot_0000064423,0.30933066095663697,1.47749888678448e-15,1.47749888678448e-15,1.4634604789598107e-07,4.3874053347313306e-11,0.6906691926534351,1.47749888678448e-15,1.47749888678448e-15
cosmx_bcc_xdonor_spot_0000064424,0.2932664992264201,1.4801831146908673e-15,1.4801831146908673e-15,9.527960430589703e-09,1.4801831146908673e-15,0.7067334912456119,1.4801831146908673e-15,1.4801831146908673e-15
cosmx_bcc_xdonor_spot_0000064425,0.47078037583966686,0.004326423758174233,0.010560434166259318,0.017864233143898123,0.06706009978406367,0.42078343491334563,0.008624998394590626,1.5786891554038895e-15
cosmx_bcc_xdonor_spot_0000064426,0.07360821502833499,1.421376274180795e-15,0.0767224082907652,0.036785913065608945,0.046188288693450964,0.7666951749218356,1.421376274180795e-15,1.421376274180795e-15
cosmx_bcc_xdonor_spot_0000064427,7.994119776945934e-16,7.994119776945934e-16,7.994119776945934e-16,7.994119776945934e-16,7.994119776945934e-16,0.9999999999999946,7.994119776945934e-16,7.994119776945934e-16
cosmx_bcc_xdonor_spot_0000064428,7.527606842749987e-16,7.527606842749987e-16,7.527606842749987e-16,7.527606842749987e-16,0.004718800640345096,0.9952811993596505,7.527606842749987e-16,7.527606842749987e-16
cosmx_bcc_xdonor_spot_0000064429,1.3397908694122748e-15,1.3397908694122748e-15,1.3397908694122748e-15,1.3397908694122748e-15,0.06660350709505644,0.9333964929049354,1.3397908694122748e-15,1.3397908694122748e-15
cosmx_bcc_xdonor_spot_0000064430,1.9434231722234677e-15,6.90771140742775e-07,1.9434231722234677e-15,0.0016922260562263229,1.9434231722234677e-15,0.9983070831726232,1.9434231722234677e-15,1.9434231722234677e-15
cosmx_bcc_xdonor_spot_0000064605,0.12443386267781834,0.3933645631466294,2.3250687222055166e-15,0.4772250319462047,0.004812169895336467,0.00015293956303918412,1.1432770967247691e-05,2.3250687222055166e-15
cosmx_bcc_xdonor_spot_0000064606,4.7375300759826945e-06,0.5314534941520493,0.02947783624129222,4.917181807013601e-11,0.13756114937086222,2.076034142029215e-15,0.30150278265654423,2.076034142029215e-15
cosmx_bcc_xdonor_spot_0000064607,0.9795949152838008,0.008523728371003543,0.0026875699246463472,1.3030345595987037e-11,1.856478432448441e-15,1.856478432448441e-15,0.00919378640658581,9.295895864402555e-13
cosmx_bcc_xdonor_spot_0000064608,0.9189053037386103,0.011505901457215919,1.7700000605701868e-15,1.3105214160418506e-06,0.054980503216762455,1.9527346471465875e-08,0.014606961538645267,1.7700000605701868e-15
cosmx_bcc_xdonor_spot_0000064609,0.9429338166986464,0.004438524162024598,8.264358865254019e-15,1.9214176802635307e-08,0.04407272231525022,4.858227741375957e-07,0.008554431787117591,1.7687434036102622e-15
cosmx_bcc_xdonor_spot_0000064610,0.9579099345682569,8.890969249609097e-06,1.3744097250111089e-10,0.0014346174653700444,0.005065051896644483,1.890706156846004e-15,0.019407456716285895,0.016174048246750065
cosmx_bcc_xdonor_spot_0000064611,0.7550083306345264,0.005472675009888648,1.8102154462970282e-15,2.966122802374511e-08,0.1938098724280829,0.011790996244938479,0.03055101010281995,0.0033670859185135427
cosmx_bcc_xdonor_spot_0000064612,0.6666805123812676,0.030009657093276625,0.2702299817477775,7.032053801069125e-09,0.007071146787364686,1.9348226456243693e-15,0.020987925600880607,0.005020769357377255
cosmx_bcc_xdonor_spot_0000064613,0.9158790017586662,3.046655223047946e-06,0.026987419646824606,1.7369963760215008e-15,0.0005792402270349722,1.7369963760215008e-15,0.056551291712245766,1.7369963760215008e-15
cosmx_bcc_xdonor_spot_0000064614,0.8824445159816418,0.03676464429942992,5.4927613585085026e-11,0.01042143065762852,0.04605712976587045,1.9694822579222983e-15,0.02431227924049771,1.9694822579222983e-15
cosmx_bcc_xdonor_spot_0000064615,0.4803257481518868,0.008187323574953236,0.31917062774026533,0.072919923278053,0.10194229658006204,1.819373643179742e-15,0.017454080674776017,1.819373643179742e-15
cosmx_bcc_xdonor_spot_0000064616,0.1278578840784391,0.06633160671574627,0.681080718603158,0.005003429406238938,0.10651117565939716,1.934847010156584e-15,0.013215185537016757,1.934847010156584e-15
cosmx_bcc_xdonor_spot_0000064617,0.1249996290941129,0.2169984618195376,0.43519290865140414,6.587122389601322e-09,0.07856299919829077,9.050378971357568e-15,0.1442459946495212,1.842467793457019e-15
cosmx_bcc_xdonor_spot_0000064618,0.10034319927215606,0.354060740788897,0.1955580251888786,3.6232719596923344e-05,0.2724435192046158,1.7599438113265683e-15,0.07755828282585221,1.7599438113265683e-15
cosmx_bcc_xdonor_spot_0000064619,1.6872157375365527e-15,0.5752569854304557,0.19511054174932996,1.6872157375365527e-15,0.2110278251436892,0.0012845212784735687,0.01732012639804646,1.6872157375365527e-15
cosmx_bcc_xdonor_spot_0000064620,1.829822530721672e-15,0.685342869512612,0.1541683005100774,1.829822530721672e-15,0.125306743862359,1.829822530721672e-15,0.035182086114944125,1.829822530721672e-15
cosmx_bcc_xdonor_spot_0000064621,2.0133711208186814e-15,0.2658564601465531,0.351208691185271,1.5384129788512407e-14,0.38261664758513725,2.0133711208186814e-15,0.0003182010830171093,2.0133711208186814e-15
cosmx_bcc_xdonor_spot_0000064622,2.6502913587127944e-05,0.42850400932209637,0.3240070297259637,3.241306469109698e-15,0.19525758055451745,1.8634447226407633e-15,0.05220487748382831,1.8634447226407633e-15
cosmx_bcc_xdonor_spot_0000064623,1.7584922427826637e-15,0.3564618808962213,0.1905451725616957,0.025315646346910914,0.4276773001918724,1.7584922427826637e-15,3.294512204253371e-12,1.7584922427826637e-15
cosmx_bcc_xdonor_spot_0000064624,2.1071218222606824e-15,0.2870981698650913,0.18059317678103895,0.026201010230559124,0.44963633846634,2.1071218222606824e-15,0.05647130465696431,2.1071218222606824e-15
cosmx_bcc_xdonor_spot_0000064625,0.005202305429858981,0.6492944324302327,0.09856503060406106,0.005897906389322683,0.23343609008755395,0.007467158326608364,0.00013707673236012632,2.0385229678654336e-15
cosmx_bcc_xdonor_spot_0000064626,1.8862051809361113e-15,0.5003413032234914,0.3302716841432311,1.8862051809361113e-15,0.10982022145140405,1.8862051809361113e-15,0.05956679118186593,1.8862051809361113e-15
cosmx_bcc_xdonor_spot_0000064627,1.851236507236509e-15,0.00680102996638824,0.3275899870831531,1.851236507236509e-15,0.6072347561013997,1.851236507236509e-15,0.05837422684905148,1.851236507236509e-15
cosmx_bcc_xdonor_spot_0000064628,0.06623528968941389,1.1371381880992902e-15,0.4822570359140762,1.1371381880992902e-15,0.011682270705932458,0.43982539860541786,5.085156247166207e-09,1.1371381880992902e-15
cosmx_bcc_xdonor_spot_0000064629,0.10050713473826783,1.0754009837779514e-15,0.0783606588996556,1.0754009837779514e-15,1.0754009837779514e-15,0.8211322063620711,1.0754009837779514e-15,1.0754009837779514e-15
cosmx_bcc_xdonor_spot_0000064630,0.13412457316236728,1.1663770215958812e-15,0.24415482107835965,1.1663770215958812e-15,0.054612829008474126,0.567094704207327,1.3072543468351549e-05,1.1663770215958812e-15
cosmx_bcc_xdonor_spot_0000064631,1.3198017332671875e-15,1.3198017332671875e-15,0.7171465156421939,1.3198017332671875e-15,0.2828534843577979,1.3198017332671875e-15,1.3198017332671875e-15,1.3198017332671875e-15
cosmx_bcc_xdonor_spot_0000064632,0.018423740139848335,1.2843093754611155e-15,0.5555632661371585,1.2843093754611155e-15,0.19692752356632653,0.21436760713853678,0.014717863018126094,1.2843093754611155e-15
cosmx_bcc_xdonor_spot_0000064633,0.14205119672955824,1.012340496498053e-15,0.06383827115896665,1.012340496498053e-15,0.011550478993339431,0.7825600531181316,1.012340496498053e-15,1.012340496498053e-15
cosmx_bcc_xdonor_spot_0000064634,0.0739440675077435,9.899185089736661e-16,9.899185089736661e-16,9.899185089736661e-16,9.899185089736661e-16,0.9260559324922505,9.899185089736661e-16,9.899185089736661e-16
cosmx_bcc_xdonor_spot_0000064635,0.14023939586170783,9.635876848249935e-16,9.635876848249935e-16,9.635876848249935e-16,9.635876848249935e-16,0.8597606041382867,9.635876848249935e-16,9.635876848249935e-16
cosmx_bcc_xdonor_spot_0000064636,0.18852441869476236,1.0499031064084887e-15,1.0499031064084887e-15,1.0499031064084887e-15,0.007314433288728211,0.8041611480165042,1.0499031064084887e-15,1.0499031064084887e-15
cosmx_bcc_xdonor_spot_0000064637,0.21023232647473805,1.0439149405229583e-15,1.0439149405229583e-15,1.0439149405229583e-15,1.0439149405229583e-15,0.7897676735252556,1.0439149405229583e-15,1.0439149405229583e-15
cosmx_bcc_xdonor_spot_0000064638,0.22144208708650273,1.1709769183847484e-15,1.1709769183847484e-15,1.1709769183847484e-15,1.1709769183847484e-15,0.7785579129134903,1.1709769183847484e-15,1.1709769183847484e-15
cosmx_bcc_xdonor_spot_0000064639,7.760862365578448e-16,7.760862365578448e-16,7.760862365578448e-16,7.760862365578448e-16,7.760862365578448e-16,0.9999999999999947,7.760862365578448e-16,7.760862365578448e-16
cosmx_bcc_xdonor_spot_0000064640,7.263746607121111e-16,7.263746607121111e-16,7.263746607121111e-16,7.263746607121111e-16,7.263746607121111e-16,0.999999999999995,7.263746607121111e-16,7.263746607121111e-16
cosmx_bcc_xdonor_spot_0000064641,7.644733622158203e-16,7.644733622158203e-16,7.644733622158203e-16,7.644733622158203e-16,7.644733622158203e-16,0.9999999999999948,7.644733622158203e-16,7.644733622158203e-16
cosmx_bcc_xdonor_spot_0000064642,8.617352029150029e-16,8.617352029150029e-16,8.617352029150029e-16,8.617352029150029e-16,0.005410764875111686,0.9945892351248833,8.617352029150029e-16,8.617352029150029e-16
cosmx_bcc_xdonor_spot_0000064706,0.08871121785128674,0.21610008644571205,0.005536613087149096,0.43573733592315844,2.6438469146153833e-15,0.18184930314174333,0.017900074736802885,0.054165368814144695
cosmx_bcc_xdonor_spot_0000064707,0.0249962834761082,0.31416839800573026,2.8653201297742487e-15,0.5613713859724951,1.6811275052244915e-13,0.09417702300597806,8.792599347631052e-10,0.005286908660257545
cosmx_bcc_xdonor_spot_0000064708,9.25121627159327e-16,9.25121627159327e-16,9.25121627159327e-16,9.25121627159327e-16,9.25121627159327e-16,0.9999999999999937,9.25121627159327e-16,9.25121627159327e-16
cosmx_bcc_xdonor_spot_0000064709,1.0597919218451232e-15,1.0597919218451232e-15,0.07034545851414215,1.0597919218451232e-15,0.04208141619117271,0.8875731252946797,1.0597919218451232e-15,1.0597919218451232e-15
cosmx_bcc_xdonor_spot_0000064710,1.2280341799263178e-14,0.26930524767438857,0.27453217628144144,0.01812790494444275,0.3477173864856159,0.0903144239290406,2.8606850566456636e-06,1.6558037600136713e-15
cosmx_bcc_xdonor_spot_0000064711,1.7504900915862419e-15,0.05864635943004016,5.301079094161953e-05,1.7504900915862419e-15,0.9408352449653651,1.7504900915862419e-15,0.00046538481364615094,1.7504900915862419e-15
cosmx_bcc_xdonor_spot_0000064712,1.7337757636951035e-15,0.03594218863164382,0.04594910213044012,1.7337757636951035e-15,0.916823320042477,1.7337757636951035e-15,0.0012853891954319769,1.7337757636951035e-15
cosmx_bcc_xdonor_spot_0000064713,1.7880652189497776e-15,0.016258725365572747,0.12381361198069991,1.7880652189497776e-15,0.8590106341245874,1.7880652189497776e-15,0.0009170285291326718,1.7880652189497776e-15
cosmx_bcc_xdonor_spot_0000064714,1.947902190184752e-15,0.06354549468700776,2.8602524250829514e-12,4.3387686077419944e-14,0.93644717011493,1.947902190184752e-15,7.3351951526566715e-06,1.947902190184752e-15
cosmx_bcc_xdonor_spot_0000064715,1.8686726652928547e-15,0.3966802846939593,1.228730486725256e-08,6.745936215297119e-07,0.45677944049770425,1.8686726652928547e-15,0.14653958792740449,1.8686726652928547e-15
cosmx_bcc_xdonor_spot_0000064716,1.9077919716910746e-15,0.11983437793077316,0.0374736009961512,0.05836308198193648,0.7727236103132853,1.9077919716910746e-15,0.011605328777848064,1.9077919716910746e-15
cosmx_bcc_xdonor_spot_0000064717,1.9022729636237922e-15,0.07581406769104998,1.9022729636237922e-15,0.10494069767247034,0.8192452343763185,1.9022729636237922e-15,2.601534070542141e-10,1.9022729636237922e-15
cosmx_bcc_xdonor_spot_0000064718,4.2905363892234885e-07,0.20049990217764427,0.00044022869761714583,0.05187320491720611,0.7440131462678613,1.9693646456052512e-15,0.0031730888860282158,1.9693646456052512e-15
cosmx_bcc_xdonor_spot_0000064719,8.157909531148898e-10,0.3174862684246958,1.9008671013453654e-15,0.027544965683945658,0.6549687635594809,1.9008671013453654e-15,1.5160811776681126e-09,1.9008671013453654e-15
cosmx_bcc_xdonor_spot_0000064720,2.0378988104300732e-15,0.04082693140828975,2.0378988104300732e-15,0.00466966311122941,0.954497947633024,2.0378988104300732e-15,5.457847448594345e-06,2.0378988104300732e-15
cosmx_bcc_xdonor_spot_0000064721,0.198818452007508,0.04427664737739106,0.10595301189736302,0.16026414869615183,0.44288342918991225,0.0360522464899941,0.011752064341678066,1.7152675607192055e-15
cosmx_bcc_xdonor_spot_0000064722,0.5468435897863788,1.336465436455098e-15,1.336465436455098e-15,0.003831552400299075,0.02693791133311915,0.42238694648019753,1.336465436455098e-15,1.336465436455098e-15
cosmx_bcc_xdonor_spot_0000064723,0.6876598447128662,7.363807851036981e-13,1.4718349086357635e-15,0.10532897593917895,0.02037020382117281,0.18664097552600167,4.0924181067927975e-14,1.4718349086357635e-15
cosmx_bcc_xdonor_spot_0000064724,0.7324842704551678,0.00852661756064523,1.6767959603732122e-15,0.20460575285442514,0.00011647490826967026,0.0542668841753095,4.617900042183584e-11,1.6767959603732122e-15
cosmx_bcc_xdonor_spot_0000064725,0.7889631429668499,0.0006118800067635732,1.4896624184424081e-15,0.060470775484233456,0.015625221312883943,0.13432876077269418,2.1945657200350644e-07,1.4896624184424081e-15
cosmx_bcc_xdonor_spot_0000064726,0.33915533157674366,0.03198091468546224,0.27111094402502733,0.1523498985206792,0.1764262084811932,0.027539137562018513,0.0014375651488740897,1.718168832585164e-15
cosmx_bcc_xdonor_spot_0000064727,0.4548061892963337,8.705556768273474e-05,1.7825372285853776e-15,0.11663201162544462,0.03277289964496367,0.3883276910295052,0.007374152836066395,1.7825372285853776e-15
cosmx_bcc_xdonor_spot_0000064728,0.408130440477286,8.005909725977038e-07,1.9061637838828072e-15,0.10698076882662848,0.06254974263894195,0.40355770845203404,0.018780539012071763,2.063354892578211e-12
cosmx_bcc_xdonor_spot_0000064729,4.6519275313195453e-07,0.0001023018853269121,0.08456300301707162,9.351665821362516e-07,0.12805525894330697,0.7842073840998237,0.003070651695133643,1.6463099374901475e-15
cosmx_bcc_xdonor_spot_0000064730,1.1364939856387927e-15,4.036923930225203e-10,0.006773817026025652,1.1364939856387927e-15,1.1364939856387927e-15,0.9810193357506434,0.012206846819633856,1.1364939856387927e-15
cosmx_bcc_xdonor_spot_0000064904,0.05018140309737793,0.5781582381429315,0.04159039743527897,0.0802097551889717,0.06407338909115898,0.013468104388645898,0.1723187126556327,2.380604256994348e-15
cosmx_bcc_xdonor_spot_0000064905,0.000542930364529308,0.28261312963903623,0.1602812500973467,0.08800007616559058,0.2845993950803375,2.4360338178020674e-15,0.1839632186531547,2.4360338178020674e-15
cosmx_bcc_xdonor_spot_0000064906,0.5800633485739188,0.21824560140997384,0.06603362342256397,0.10972911726105065,0.02592707405332575,2.117352390706752e-15,1.2352791624413229e-06,2.117352390706752e-15
cosmx_bcc_xdonor_spot_0000064907,0.6812089446063035,0.03506408091457102,0.11489862806645218,0.0794736472811032,2.2607114038393097e-15,0.011198669305883839,2.79672545484072e-12,0.07815602982288727
cosmx_bcc_xdonor_spot_0000064908,0.11961968470246143,0.097414911298622,0.4986747886553839,8.971622308025998e-13,2.4442483946624655e-15,0.01862994580432532,0.26566066953830514,2.4442483946624655e-15
cosmx_bcc_xdonor_spot_0000064911,0.9025487515443974,0.0002806083092959184,5.066577318662064e-10,0.005179151095041796,0.04153444814156252,2.0728901167459346e-15,0.04049072696438966,0.009966313438652938
cosmx_bcc_xdonor_spot_0000064912,0.7816007999400992,9.933819206307807e-06,0.10811714353816838,0.00368352344154474,0.02605391525334449,1.8434562823457004e-15,0.08053468400763329,1.8434562823457004e-15
cosmx_bcc_xdonor_spot_0000064913,0.950790922929009,0.009350640405096169,0.016847187346753535,5.264807743122965e-09,0.001251200177611059,1.9676695332004004e-15,0.021760043876718448,1.9676695332004004e-15
cosmx_bcc_xdonor_spot_0000064914,0.0233946659939305,3.598492649022732e-05,0.49359306730741764,1.669719867329561e-15,0.4828819477251077,1.669719867329561e-15,9.433404704890275e-05,1.669719867329561e-15
cosmx_bcc_xdonor_spot_0000064915,0.4598868842858447,1.010243105049096e-14,0.47192519379279185,3.275888005294858e-08,1.7784924314091763e-15,1.7784924314091763e-15,0.06818788916246799,1.7784924314091763e-15
cosmx_bcc_xdonor_spot_0000064916,0.7305163842711765,0.03826972758172513,0.06316817520889087,1.8937734593317746e-15,0.05902367755018936,0.009510802721491568,0.0995112326665227,1.8937734593317746e-15
cosmx_bcc_xdonor_spot_0000064917,1.663902664976569e-15,7.437235267515458e-10,0.41384599966949676,5.477613769872038e-09,0.5861539941089808,1.663902664976569e-15,1.8015160685169172e-13,1.663902664976569e-15
cosmx_bcc_xdonor_spot_0000064918,1.560924373608023e-15,1.560924373608023e-15,0.8447625467973107,1.560924373608023e-15,0.1552374532026797,1.560924373608023e-15,1.560924373608023e-15,1.560924373608023e-15
cosmx_bcc_xdonor_spot_0000064919,0.7095119683089615,1.0853372127239685e-08,0.09034353643868216,4.346559158824344e-14,0.10247716199625201,0.01712829715200968,0.08053902525067738,1.7300340545570419e-15
cosmx_bcc_xdonor_spot_0000064920,0.014476258560373444,0.22669448091641892,0.4169918963379754,2.067313830942435e-15,0.31847178599136944,0.0004987713547172511,0.02286680683914128,2.067313830942435e-15
cosmx_bcc_xdonor_spot_0000064921,5.521638887813956e-12,0.19803109133716457,0.22310857806882273,0.05474766550210264,0.5211012592584496,1.6627059927461684e-09,0.003011404165230338,2.3922601739085426e-15
cosmx_bcc_xdonor_spot_0000064922,0.05340644361609399,0.46532446526211924,0.22719330930223308,5.725596251936074e-06,0.254068909920226,1.464251121454864e-08,1.1316605621895725e-06,2.285322861575958e-15
cosmx_bcc_xdonor_spot_0000064923,0.06698695701168099,0.3048841161247295,0.3274109311132294,0.10727249748930436,0.17574412338256676,0.006409937946077418,2.806797362785073e-09,0.011291434125614275
cosmx_bcc_xdonor_spot_0000064924,0.0240458890628233,0.4961542067158882,0.17395634048216463,0.10466461353934917,0.13930099263015377,0.038497122357082775,0.02338083521253546,2.511248792958454e-15
cosmx_bcc_xdonor_spot_0000064925,0.029408956828081163,0.5066872606896723,0.3255454096310949,0.0003267164293382999,0.13109068159092505,0.006940974830883671,2.3414024634517375e-15,2.3414024634517375e-15
cosmx_bcc_xdonor_spot_0000064926,0.022126506129292244,0.3614865137772206,0.39012348739086916,0.04915359629084703,0.1769332865642869,4.792590823434199e-06,0.00017181725665817111,2.42244275436681e-15
cosmx_bcc_xdonor_spot_0000064927,0.035381650862664316,0.16537254302155122,0.026492197089894268,0.11485470030168492,0.6524903896806203,2.7464670184850365e-07,0.0054082443968808055,2.327550885109769e-15
cosmx_bcc_xdonor_spot_0000064928,1.7479033541042743e-09,1.6027338306554663e-15,0.4124255487164509,1.6027338306554663e-15,0.5074965540483136,0.05719681264696468,0.022881082840362672,1.6027338306554663e-15
cosmx_bcc_xdonor_spot_0000064929,0.0027701418134945264,1.3158913211522354e-15,0.6003528725530498,1.3158913211522354e-15,0.22908354750584572,0.16766798120935583,0.00012545691825008467,1.3158913211522354e-15
cosmx_bcc_xdonor_spot_0000064930,1.1714922310238153e-15,1.1714922310238153e-15,0.8661492578496918,1.1714922310238153e-15,0.1338507421503011,1.1714922310238153e-15,1.1714922310238153e-15,1.1714922310238153e-15
cosmx_bcc_xdonor_spot_0000064931,3.919713604081849e-11,1.0396092340622368e-15,0.9277636801057227,1.0396092340622368e-15,0.033678422263009884,0.03855789759206612,1.0396092340622368e-15,1.0396092340622368e-15
cosmx_bcc_xdonor_spot_0000064932,0.10669946274742612,1.0466297944133619e-15,1.0466297944133619e-15,1.0466297944133619e-15,1.0466297944133619e-15,0.8933005372525675,1.0466297944133619e-15,1.0466297944133619e-15
cosmx_bcc_xdonor_spot_0000064933,0.0969770960239185,1.039130916777587e-15,1.039130916777587e-15,1.039130916777587e-15,1.039130916777587e-15,0.9030229039760752,1.039130916777587e-15,1.039130916777587e-15
cosmx_bcc_xdonor_spot_0000064934,0.12578609889710435,1.0219070945169805e-15,1.0219070945169805e-15,1.0219070945169805e-15,1.0219070945169805e-15,0.8742139011028894,1.0219070945169805e-15,1.0219070945169805e-15
cosmx_bcc_xdonor_spot_0000064935,0.2843455590582503,1.3426836433319699e-15,0.23356439472765886,1.3426836433319699e-15,0.08211506293409959,0.3984651070132962,0.0015098762666907566,1.3426836433319699e-15
cosmx_bcc_xdonor_spot_0000064936,0.2565156692026208,1.2603612356993357e-15,7.323770848084917e-05,1.2603612356993357e-15,0.02407013006974324,0.7187053043244206,0.0006356586947306987,1.2603612356993357e-15
cosmx_bcc_xdonor_spot_0000064937,0.16581385112468264,1.1929642587491257e-15,1.1929642587491257e-15,1.1929642587491257e-15,1.1929642587491257e-15,0.8341861488753102,1.1929642587491257e-15,1.1929642587491257e-15
cosmx_bcc_xdonor_spot_0000064938,0.0058398068471253815,1.1900486999967048e-15,1.1900486999967048e-15,1.1900486999967048e-15,1.1900486999967048e-15,0.9941601931528674,1.1900486999967048e-15,1.1900486999967048e-15
cosmx_bcc_xdonor_spot_0000064939,0.028728249204759596,1.255769520924688e-15,1.255769520924688e-15,1.255769520924688e-15,0.0027106625717944824,0.9685610882234396,1.255769520924688e-15,1.255769520924688e-15
cosmx_bcc_xdonor_spot_0000064940,1.0879062707325814e-15,1.0879062707325814e-15,1.0879062707325814e-15,1.0879062707325814e-15,1.0879062707325814e-15,0.9999999999999923,1.0879062707325814e-15,1.0879062707325814e-15
cosmx_bcc_xdonor_spot_0000064941,0.049845680453308186,1.2365113644138586e-15,0.0561393574345229,1.2365113644138586e-15,0.012654760304924456,0.878280863003251,0.00307933880398977,1.2365113644138586e-15
cosmx_bcc_xdonor_spot_0000064942,0.9615820472695364,1.4468559244726504e-10,0.013936181398195038,8.885110064992022e-14,0.023703589276536364,1.8541990519307728e-15,0.0007781819109538299,1.8541990519307728e-15
cosmx_bcc_xdonor_spot_0000064943,0.9855436568435874,3.801324002506164e-08,1.9304017005315097e-15,1.9304017005315097e-15,0.013246942103472718,1.9304017005315097e-15,1.9304017005315097e-15,0.0012093630396921434
cosmx_bcc_xdonor_spot_0000065005,0.13467500973748964,0.4024041767319754,1.813302794597147e-08,0.301326726159149,1.1747941446741936e-13,0.14141014993662435,0.0017181708518126935,0.018465748449803313
cosmx_bcc_xdonor_spot_0000065006,1.0210606545746181e-15,1.0210606545746181e-15,1.0210606545746181e-15,1.0210606545746181e-15,1.0210606545746181e-15,0.9999999999999928,1.0210606545746181e-15,1.0210606545746181e-15
cosmx_bcc_xdonor_spot_0000065007,9.653733922875425e-16,9.653733922875425e-16,7.392347697492404e-06,9.653733922875425e-16,0.024671985239821566,0.9753206224124763,9.653733922875425e-16,9.653733922875425e-16
cosmx_bcc_xdonor_spot_0000065008,1.7852634503149313e-15,0.12931049060148858,0.2462302398559933,0.005605363594825121,0.5998298449127291,0.005681977349071862,0.01334208368588841,1.7852634503149313e-15
cosmx_bcc_xdonor_spot_0000065009,1.926471703818005e-15,0.07552175668081067,0.20825835208940305,1.6210254670521704e-10,0.6455549826049825,1.926471703818005e-15,0.07066490846269546,1.926471703818005e-15
cosmx_bcc_xdonor_spot_0000065010,2.0166023717421264e-15,0.07242353502913305,0.272354036082646,5.842763681354055e-05,0.6546568377596163,2.0166023717421264e-15,0.0005071634917849297,2.0166023717421264e-15
cosmx_bcc_xdonor_spot_0000065011,1.77378444890561e-15,0.08527070514877337,0.2196052228809318,2.65581730930115e-14,0.6906339111975748,1.77378444890561e-15,0.004490160772688039,1.77378444890561e-15
cosmx_bcc_xdonor_spot_0000065012,1.7124651721866517e-15,0.09438276413145522,0.12672139069673694,1.7124651721866517e-15,0.7782311928112736,1.7124651721866517e-15,0.0006646523605272228,1.7124651721866517e-15
cosmx_bcc_xdonor_spot_0000065013,1.884503893453962e-15,0.1915163298076115,1.884503893453962e-15,1.884503893453962e-15,0.8078577230794148,1.884503893453962e-15,0.0006259471129640351,1.884503893453962e-15
cosmx_bcc_xdonor_spot_0000065014,1.798877943649918e-15,0.15036945726493856,0.19847414876763717,4.25994639343153e-14,0.6497480883209832,1.798877943649918e-15,0.0014083056463931876,1.798877943649918e-15
cosmx_bcc_xdonor_spot_0000065015,1.841660345203125e-15,0.02994843685961592,0.0068819453808164855,5.849613700985534e-09,0.934638987926014,1.841660345203125e-15,0.0285306239839344,1.841660345203125e-15
cosmx_bcc_xdonor_spot_0000065016,0.4433716796151881,1.886540571632641e-05,1.7697482701420797e-15,0.0008192383981416255,0.43117029650623767,0.10232314256930412,0.022296777505408656,1.7697482701420797e-15
cosmx_bcc_xdonor_spot_0000065017,0.6951864670878252,0.00015610992562740427,2.5765522491455597e-14,1.6894087600698855e-11,0.18788169572776478,0.08050460757140791,0.036271119670452864,1.6748623973703522e-15
cosmx_bcc_xdonor_spot_0000065018,1.875165095733939e-15,0.23151364938212923,0.05939676559090902,1.0158255891252231e-12,0.6234206411909156,1.875165095733939e-15,0.08566894383502469,1.875165095733939e-15
cosmx_bcc_xdonor_spot_0000065019,0.022630646574763977,0.6130729974526743,1.8680439843543528e-15,1.2971828366928584e-09,0.36429635467537125,1.8680439843543528e-15,1.8680439843543528e-15,1.8680439843543528e-15
cosmx_bcc_xdonor_spot_0000065020,0.0421066862772156,0.1131135227236871,0.082791815772282,0.07953154517844403,0.6823714956423014,5.395118276177353e-08,8.488045488512509e-05,1.9221528013277998e-15
cosmx_bcc_xdonor_spot_0000065021,0.5531359950081934,3.255038899903199e-07,1.524677628824123e-15,0.05787764061773123,0.09462930022481532,0.2875426008318153,0.006814137813551598,1.524677628824123e-15
cosmx_bcc_xdonor_spot_0000065022,0.816048365506029,8.443373418247276e-14,1.4160986686984043e-15,0.06824046701656171,0.0215219549069648,0.09418921257035585,1.4160986686984043e-15,1.4160986686984043e-15
cosmx_bcc_xdonor_spot_0000065023,0.7950063758102001,1.4689448544896768e-06,1.5771253626785893e-15,0.12478759116147367,0.019714116991234088,0.060473347972983156,1.709845270381491e-05,6.665491823112858e-10
cosmx_bcc_xdonor_spot_0000065024,0.6983086781010456,0.03310649538289448,0.09060338458064654,0.1136132795512685,0.04480638478524266,0.019548313898698048,1.346370020243266e-05,1.6124200749792935e-15
cosmx_bcc_xdonor_spot_0000065025,0.8426392826204672,8.88612877549872e-06,0.03443440564507414,0.0657978344473417,0.01797939082413037,0.008327506703303253,0.030812693629717624,1.1901505993973105e-12
cosmx_bcc_xdonor_spot_0000065026,0.85354919862106,1.5144391977591688e-15,1.5144391977591688e-15,0.07692651317535876,1.5144391977591688e-15,0.06952428819782194,5.753009302163466e-12,1.5144391977591688e-15
cosmx_bcc_xdonor_spot_0000065027,0.9010563055152644,0.002608488429774235,1.7172315694944305e-15,0.026533376043031725,0.000665742635265826,0.053385858900979216,0.015481096966920656,0.0002691315087620078
cosmx_bcc_xdonor_spot_0000065028,0.7750698988739246,0.0011817424427521832,1.8279583846762504e-15,0.17288923203257772,0.003329003356874624,0.039333121784885204,0.007665110214624856,0.0005318912943588876
cosmx_bcc_xdonor_spot_0000065029,0.07798281734820733,0.0020535381625072765,0.09392131431000389,0.092943760588096,0.0013210259309492003,0.7239483549557345,0.007829188704500391,1.4015915434586708e-15
cosmx_bcc_xdonor_spot_0000065030,6.367400636722531e-16,6.367400636722531e-16,6.367400636722531e-16,6.367400636722531e-16,6.367400636722531e-16,0.9999999999999957,6.367400636722531e-16,6.367400636722531e-16
cosmx_bcc_xdonor_spot_0000065202,0.047412346327033894,0.332297840087677,0.10781889096133984,0.39051315883756205,2.808535522649815e-15,5.0780411000467705e-06,0.12195268574465212,6.321225751510517e-13
cosmx_bcc_xdonor_spot_0000065203,0.015553775987104867,0.14993518350231436,0.23179295652834742,0.5117063374622234,2.7478151544873373e-15,2.7478151544873373e-15,0.09101174652000153,2.7478151544873373e-15
cosmx_bcc_xdonor_spot_0000065204,0.0590333306540153,0.09793304000418633,0.332075487760458,0.29502979151336606,2.5365331031671358e-15,2.5365331031671358e-15,0.21592835006796662,2.5365331031671358e-15
cosmx_bcc_xdonor_spot_0000065205,0.042641691760782016,0.24176034230999308,0.2907782677867898,0.28910290515734766,2.4889170457031152e-15,2.4889170457031152e-15,0.13571679298507977,2.4889170457031152e-15
cosmx_bcc_xdonor_spot_0000065206,0.029918245455715087,0.3142962318381698,0.4627634937423705,0.13779920199875645,2.2796219336039357e-15,0.00036915158122817547,0.054853675383755365,2.2796219336039357e-15
cosmx_bcc_xdonor_spot_0000065207,0.23362452284749632,0.21225022090433054,0.1157995120924481,0.17769617106642518,1.496295234658475e-13,0.037533843793009676,0.20290153816098108,0.020194191135159467
cosmx_bcc_xdonor_spot_0000065208,0.28532399450109697,0.3474972697929215,0.16519791611859355,0.08836568215869026,4.412365532900177e-13,2.43418489935508e-15,0.11361513742825159,2.43418489935508e-15
cosmx_bcc_xdonor_spot_0000065209,0.6128411734520544,0.00019162592122498834,0.19873120821409532,0.12546463886865925,2.1102488898239437e-15,2.1102488898239437e-15,0.06277135354395959,2.1102488898239437e-15
cosmx_bcc_xdonor_spot_0000065210,0.9673821379425647,1.0755381904095709e-08,1.8521689878921633e-15,1.8521689878921633e-15,0.020293596717465053,1.8521689878921633e-15,0.012324254584580793,1.8521689878921633e-15
cosmx_bcc_xdonor_spot_0000065211,0.7987914920045756,0.0755824784403616,0.0666129304126669,0.0002590389093410976,0.008808502914320716,5.604187203085405e-07,0.04994499690001201,1.923854893041692e-15
cosmx_bcc_xdonor_spot_0000065212,0.014798881630982995,0.00038671358391914324,0.43532285417522754,1.8019375880068343e-15,0.288581326188872,1.8019375880068343e-15,0.260910224420993,1.8019375880068343e-15
cosmx_bcc_xdonor_spot_0000065213,0.60834190912059,0.0002729203481829722,0.24451474527720332,1.8933835499689056e-15,0.030296699924437114,0.020017624761062114,0.09316320433004413,0.003392896238478465
cosmx_bcc_xdonor_spot_0000065214,0.9466596940209302,2.628574630405281e-05,0.007214382621894603,3.681254501200555e-15,1.4973452476669232e-09,0.005747397402933998,0.0403522387105864,1.7476610259059017e-15
cosmx_bcc_xdonor_spot_0000065215,0.3380068292083821,1.4591350870301404e-06,0.4740567179165068,7.867368456879046e-15,0.07518227455418666,2.0898613108302865e-15,0.11275271918582522,2.0898613108302865e-15
cosmx_bcc_xdonor_spot_0000065216,0.2670169005253321,1.6301098024201117e-06,0.6177065117080032,2.1391340695712014e-12,0.05570860561638308,0.016606391049664927,0.042959960988673405,1.7678262997603358e-15
cosmx_bcc_xdonor_spot_0000065217,0.2749038127485792,1.9503626083567782e-10,0.5010851208392568,1.6969253739321618e-15,0.1484802782619703,9.088096970962227e-11,0.07553078786427281,1.6969253739321618e-15
cosmx_bcc_xdonor_spot_0000065218,0.135840210321147,0.25924265552792664,0.09790220930242377,5.486143867106531e-13,0.19414298968607097,1.6797066442188586e-06,0.31287025545523706,1.7131099406915931e-15
cosmx_bcc_xdonor_spot_0000065219,1.8314267146443323e-15,0.39008015831555826,0.3909198888147129,0.07437765088260236,0.12079573658406606,9.192253464261879e-11,0.02382656531113434,1.8314267146443323e-15
cosmx_bcc_xdonor_spot_0000065220,6.844077837552845e-05,0.25865127973330243,0.032164815252885816,0.06692088746075854,0.6252225796908718,2.35672000343638e-15,0.016971997083800885,2.35672000343638e-15
cosmx_bcc_xdonor_spot_0000065221,2.4461019742842686e-15,0.40251055666088964,0.0014219867975416673,0.1791528344325275,0.28623378527204707,0.010461479208160294,0.11478385041222045,0.005435507216610947
cosmx_bcc_xdonor_spot_0000065222,1.8836757992916923e-08,0.38730660225723346,0.24646093888689943,9.530360010827922e-07,0.3662314869829774,2.3335641470233344e-15,1.2588045620799615e-13,2.3335641470233344e-15
cosmx_bcc_xdonor_spot_0000065223,0.04110189947577186,0.46839944025962893,0.09205278142196596,0.10088163238952222,0.29755483772818936,1.0109269277264854e-07,9.307632226403013e-06,2.445066729904805e-15
cosmx_bcc_xdonor_spot_0000065224,0.009291544415281447,0.6430531270776485,0.07402894063000885,0.08678901892406622,0.18276977463035868,0.0033558634597467885,0.0007117308628872184,2.330387099320171e-15
cosmx_bcc_xdonor_spot_0000065225,0.0004633778667065542,0.7619665915640529,3.836221236637959e-06,0.0008591925412903664,0.19260206657330808,0.0074486187980569865,0.0366563164353459,2.430899164018148e-15
cosmx_bcc_xdonor_spot_0000065226,0.029246638165895508,0.31987651255108956,0.41833109266931956,0.11929939695520402,0.10845240551405709,0.004793378133023272,5.739274133546572e-07,2.0839977181813715e-09
cosmx_bcc_xdonor_spot_0000065227,1.9109095178473175e-15,0.14500541878828077,0.3166195412636134,0.029443437371383052,0.5030602820609091,0.005871320515807614,1.9109095178473175e-15,1.9109095178473175e-15
cosmx_bcc_xdonor_spot_0000065228,1.70909778407948e-15,1.70909778407948e-15,0.5209779989582878,1.70909778407948e-15,0.47902200104170195,1.70909778407948e-15,1.70909778407948e-15,1.70909778407948e-15
cosmx_bcc_xdonor_spot_0000065229,1.3530485255271772e-15,1.3530485255271772e-15,0.9696422194638865,1.3530485255271772e-15,0.030357780536105227,1.3530485255271772e-15,1.3530485255271772e-15,1.3530485255271772e-15
cosmx_bcc_xdonor_spot_0000065230,4.854765317970057e-09,1.118363794743019e-15,0.927442151343616,1.118363794743019e-15,1.4349123953534445e-13,0.06202753968743461,0.010530304114037246,1.118363794743019e-15
cosmx_bcc_xdonor_spot_0000065231,0.04208191691118602,1.1471847518615019e-15,0.6567832316843123,1.1471847518615019e-15,1.1471847518615019e-15,0.3011240497118733,1.0801692623771251e-05,1.1471847518615019e-15
cosmx_bcc_xdonor_spot_0000065232,0.24989210766935116,1.25652161983286e-15,0.06087883044173679,1.25652161983286e-15,1.25652161983286e-15,0.686003312772456,0.003225749116450937,1.25652161983286e-15
cosmx_bcc_xdonor_spot_0000065233,0.08473994943253178,1.1507581956522376e-15,0.6841242908455257,1.1507581956522376e-15,1.1507581956522376e-15,0.23113575972193665,1.1507581956522376e-15,1.1507581956522376e-15
cosmx_bcc_xdonor_spot_0000065234,0.27559366738146596,1.4816144241664815e-15,0.2474829018381768,1.4816144241664815e-15,2.916321614483781e-09,0.44724060400878896,0.02968282385524216,1.4816144241664815e-15
cosmx_bcc_xdonor_spot_0000065235,0.11100023884483824,1.3497602878075004e-15,0.5071638370329831,1.3497602878075004e-15,0.08787167771595066,0.2939314437883917,3.280261783224351e-05,1.3497602878075004e-15
cosmx_bcc_xdonor_spot_0000065236,0.1258582632269274,1.3855106317329552e-15,0.3135903051729326,1.3855106317329552e-15,0.13037996831584361,0.42947618238574464,0.0006952808985474466,1.3855106317329552e-15
cosmx_bcc_xdonor_spot_0000065237,0.1130894199571914,1.4941839523982815e-15,0.25683278962608286,1.4941839523982815e-15,0.14336049040522225,0.48671593759002385,1.3624214750775244e-06,1.4941839523982815e-15
cosmx_bcc_xdonor_spot_0000065238,1.5222617594332386e-15,1.5222617594332386e-15,0.6026190476152574,1.5222617594332386e-15,0.3056927311503883,0.09168822123434202,6.062864114241836e-15,1.5222617594332386e-15
cosmx_bcc_xdonor_spot_0000065239,0.09543534949446092,4.4549104260731924e-12,0.02291120882406295,6.349223115512221e-09,0.19329100617368336,0.5956534085019491,0.09270902065216384,1.6691416529861478e-15
cosmx_bcc_xdonor_spot_0000065240,0.424502961581858,3.5190373458008632e-15,0.3320724561646837,1.7927128649858647e-09,0.00948556627428552,0.1306671252370852,0.10327188894936945,1.6280313096483368e-15
cosmx_bcc_xdonor_spot_0000065241,0.811889069338628,2.6502704820086165e-10,3.9256163477805216e-13,1.5934772747424773e-15,0.005910106140845477,0.17408874270478408,0.0081120815503196,1.5934772747424773e-15
cosmx_bcc_xdonor_spot_0000065242,0.985066110962134,1.7378999647903503e-15,0.0020011814729290816,1.7378999647903503e-15,1.7378999647903503e-15,0.007737069422548703,0.005195638142381077,1.7378999647903503e-15
cosmx_bcc_xdonor_spot_0000065243,0.9810837220387072,6.665678650577287e-07,0.00550141204055782,7.68057321546967e-14,0.003240317690716736,1.8940251853790467e-15,0.009781202917598375,0.0003926787444761125
cosmx_bcc_xdonor_spot_0000065244,0.9595073431143658,0.0011334781703889831,0.021479898336710497,1.3167506440753735e-05,2.0340774077725934e-15,0.0038936113060714667,0.0029992440371994053,0.010973257528820909
cosmx_bcc_xdonor_spot_0000065245,0.9582485539584593,1.992304297045098e-09,0.03728521096566117,3.363341253352345e-10,1.0244859845043555e-14,2.0036428896970733e-15,0.00028345612023216696,0.004182776626996748
cosmx_bcc_xdonor_spot_0000065304,8.063872460444929e-16,8.063872460444929e-16,8.063872460444929e-16,8.063872460444929e-16,8.063872460444929e-16,0.9999999999999944,8.063872460444929e-16,8.063872460444929e-16
cosmx_bcc_xdonor_spot_0000065305,9.116534726388903e-16,9.116534726388903e-16,0.09318211315295434,9.116534726388903e-16,9.116534726388903e-16,0.9068178868470402,9.116534726388903e-16,9.116534726388903e-16
cosmx_bcc_xdonor_spot_0000065306,1.491861938022822e-15,0.37827853307909953,0.31332070513843696,1.491861938022822e-15,0.13795760641082722,1.491861938022822e-15,0.1704431553716302,1.491861938022822e-15
cosmx_bcc_xdonor_spot_0000065307,1.7526059185627748e-15,0.19829100223046958,0.20699787909853318,1.7526059185627748e-15,0.47784363479740205,1.7526059185627748e-15,0.11686748387358824,1.7526059185627748e-15
cosmx_bcc_xdonor_spot_0000065308,1.9535985922667282e-15,0.12492184066609267,0.4013111347753853,3.493934351685027e-09,0.44125356524719805,1.9535985922667282e-15,0.007501694148959905,0.02501176166842563
cosmx_bcc_xdonor_spot_0000065309,1.7055535515035413e-15,0.2575589823924142,0.03232718683615417,1.7055535515035413e-15,0.3266790658330754,1.7055535515035413e-15,0.3834347649383492,1.7055535515035413e-15
cosmx_bcc_xdonor_spot_0000065310,1.6079133072593638e-15,0.00013756581644362535,0.0749116386181466,1.6079133072593638e-15,0.7317160885273222,1.6079133072593638e-15,0.012201759843875483,0.1810329471942071
cosmx_bcc_xdonor_spot_0000065311,1.6816768690117556e-15,0.44084151041757424,1.6816768690117556e-15,1.6816768690117556e-15,0.5017063590780255,1.6816768690117556e-15,0.05745213050439172,1.6816768690117556e-15
cosmx_bcc_xdonor_spot_0000065312,1.8344043463868005e-15,0.08048696329577296,0.06318163225185912,1.8344043463868005e-15,0.855883868075056,1.8344043463868005e-15,0.00044753637730440767,1.8344043463868005e-15
cosmx_bcc_xdonor_spot_0000065313,1.7298973507944804e-15,0.005668470119146142,0.24412610826684403,1.7298973507944804e-15,0.7478821307774216,1.7298973507944804e-15,0.0023232908365813576,1.7298973507944804e-15
cosmx_bcc_xdonor_spot_0000065314,0.0376856483399479,0.0276104174501731,0.22689667212134568,0.0035138458037556196,0.6557930165827968,1.802273753157354e-15,0.048500399701977163,1.802273753157354e-15
cosmx_bcc_xdonor_spot_0000065315,0.4147782876351359,3.74972264748184e-05,0.06558087659957859,0.0049286095114097475,0.4687234512568856,0.000882759263747944,0.0450685185067657,1.743232881672354e-15
cosmx_bcc_xdonor_spot_0000065316,0.7128586444131316,0.0030453759656414794,0.0008499649182519086,0.01026756793374372,0.2150625683771371,1.1319329881995544e-13,0.05791587839197933,1.822127567143099e-15
cosmx_bcc_xdonor_spot_0000065317,0.02452291873269272,0.20318650079198639,0.04580892467845824,7.158039869513611e-15,0.7264812962599881,1.952152579906226e-15,3.595368633511249e-07,1.952152579906226e-15
cosmx_bcc_xdonor_spot_0000065318,0.06265911252926085,0.06224177491166064,1.663303688534666e-15,0.014233826942275424,0.8494096649805432,4.704722486811976e-09,0.011455615931534192,1.663303688534666e-15
cosmx_bcc_xdonor_spot_0000065319,0.030967160394915993,0.1452023365723013,0.2678716946613228,2.761897618548169e-15,0.5559587710410421,3.7330113142821465e-08,2.996950152438315e-13,2.123604236543974e-15
cosmx_bcc_xdonor_spot_0000065320,1.6340601219203073e-15,1.39129028207112e-13,0.4364559177580866,1.6340601219203073e-15,0.563544082241766,1.6340601219203073e-15,1.6340601219203073e-15,1.6340601219203073e-15
cosmx_bcc_xdonor_spot_0000065321,0.4626514808217266,8.211958767183125e-10,0.08136159095746472,1.3926652994506922e-15,0.2987213248186415,0.13405056717695293,0.023215035404015604,1.3926652994506922e-15
cosmx_bcc_xdonor_spot_0000065322,0.7009401269218423,2.6762812018441713e-13,0.09203783992287284,0.003360328507230782,0.06523964845009407,0.10041735212559598,0.03536418818983484,0.002640515882261583
cosmx_bcc_xdonor_spot_0000065323,0.7786163012722817,2.7347026151871424e-08,0.13294816099467732,0.022593467685915476,0.030460506235186327,0.017077894992189393,0.01830364147272211,1.5471141424163066e-15
cosmx_bcc_xdonor_spot_0000065324,0.9141303060446734,1.2385114094915054e-13,1.4492801759850604e-15,0.07111291575537779,0.002314196419573669,0.007602970804982074,0.0048396109752662855,1.4492801759850604e-15
cosmx_bcc_xdonor_spot_0000065325,0.9337264189895402,9.9345796063963e-11,1.5827481496671223e-15,0.06196108582597175,0.0006446867016811133,0.0036678072220124864,1.1614454903986096e-09,1.5827481496671223e-15
cosmx_bcc_xdonor_spot_0000065326,0.9684095597438072,1.3964192044401954e-07,1.567179152634201e-15,2.045774095510205e-09,0.00039325624663139085,0.03119704232186215,1.567179152634201e-15,1.567179152634201e-15
cosmx_bcc_xdonor_spot_0000065327,0.9058732088564022,1.365362923636206e-15,1.365362923636206e-15,1.365362923636206e-15,1.365362923636206e-15,0.09412679114358938,1.365362923636206e-15,1.365362923636206e-15
cosmx_bcc_xdonor_spot_0000065328,0.919914002454735,1.3425390935387806e-15,1.3425390935387806e-15,4.905901270197879e-07,0.045776733581326084,0.034308773373806535,1.3425390935387806e-15,1.3425390935387806e-15
cosmx_bcc_xdonor_spot_0000065329,0.18154514590494097,9.340808965591082e-12,0.025146042892334148,0.08221347512431466,0.007760026494199784,0.7033352958310447,1.3743823556511135e-08,1.3359732477278965e-15
cosmx_bcc_xdonor_spot_0000065330,6.114918970919558e-16,6.114918970919558e-16,6.114918970919558e-16,6.114918970919558e-16,6.114918970919558e-16,0.9999999999999958,6.114918970919558e-16,6.114918970919558e-16
cosmx_bcc_xdonor_spot_0000065331,7.728596461291024e-16,7.728596461291024e-16,7.728596461291024e-16,7.728596461291024e-16,7.728596461291024e-16,0.9999999999999948,7.728596461291024e-16,7.728596461291024e-16
cosmx_bcc_xdonor_spot_0000065504,0.03549480790427646,0.6064460717434685,0.2218140452011063,7.574139449522369e-11,0.05732351463244833,2.360275910395096e-15,0.07892156044295398,2.360275910395096e-15
cosmx_bcc_xdonor_spot_0000065505,0.04925447154808228,0.022081531573401786,0.524554866680443,0.22800752080952516,2.6174157528941538e-15,2.6174157528941538e-15,0.1761016093885396,2.6174157528941538e-15
cosmx_bcc_xdonor_spot_0000065506,0.07241663626119275,0.4258191741262358,0.3351413268943442,0.1541830489668651,1.4070561176143107e-05,0.008361178445273766,1.4509535849633504e-07,0.004064419649553585
cosmx_bcc_xdonor_spot_0000065507,0.9172924648661536,0.06489857588422443,5.629886465974974e-07,2.443761649988096e-09,6.531721272634058e-12,1.8148469188203296e-15,0.008328409829285312,0.009479983981394914
cosmx_bcc_xdonor_spot_0000065508,0.9730847284425815,1.8156874291184565e-07,1.670580307548504e-15,0.009065114104021261,0.007727430061184132,1.670580307548504e-15,0.010122545823464916,1.670580307548504e-15
cosmx_bcc_xdonor_spot_0000065509,0.7703876979991201,2.6431241466402848e-06,1.8276671510626616e-15,2.623693845256192e-09,0.12422332340975166,0.10538631441056867,1.8432715234092347e-08,1.8276671510626616e-15
cosmx_bcc_xdonor_spot_0000065510,0.9633906609429304,0.00019555200839217532,1.7009606254862953e-15,1.6360276192128266e-14,0.0009155176361538822,0.016366652445466628,0.019131616967037076,1.7009606254862953e-15
cosmx_bcc_xdonor_spot_0000065511,0.07805243272172833,2.836483477141102e-05,0.5527977627117175,1.6919775087331148e-15,6.285566727819217e-05,1.6919775087331148e-15,0.3690585840644994,1.6919775087331148e-15
cosmx_bcc_xdonor_spot_0000065512,0.0026454409039340077,0.5299192681903153,0.3386414694592673,0.017712316494514505,0.0741776282856365,1.9628665794320057e-15,0.03690387666632834,1.9628665794320057e-15
cosmx_bcc_xdonor_spot_0000065513,9.387219016926255e-05,0.30779826656541004,0.1462651662296033,9.527327234697675e-11,0.3781503401926319,0.000949702677635638,0.16674265204927463,1.7969719176269705e-15
cosmx_bcc_xdonor_spot_0000065514,2.00147941865803e-15,0.46675977375745326,0.479617612249342,0.016084224297163614,0.02670347051356934,2.00147941865803e-15,0.010834919182465772,2.00147941865803e-15
cosmx_bcc_xdonor_spot_0000065515,1.886073904160435e-15,7.904444435929484e-06,0.972726717269256,1.886073904160435e-15,6.400929609260925e-13,1.886073904160435e-15,0.027265378285660523,1.886073904160435e-15
cosmx_bcc_xdonor_spot_0000065516,0.2636548244628718,0.053356573895059434,0.3559595724871331,1.708103367196892e-15,0.21794834993701098,0.0006156489537325797,0.10846503026418862,1.708103367196892e-15
cosmx_bcc_xdonor_spot_0000065517,0.690120206795516,0.20348456356600067,0.020432026580132667,1.9297672683567695e-15,0.05660172104779175,1.9297672683567695e-15,0.02936148201055304,1.9297672683567695e-15
cosmx_bcc_xdonor_spot_0000065518,0.8751199091404284,1.947208056376103e-15,1.178399307563738e-13,0.10020971760883454,1.947208056376103e-15,1.947208056376103e-15,0.024670373250611305,1.947208056376103e-15
cosmx_bcc_xdonor_spot_0000065519,0.8846731317288622,0.01638177171479337,0.008891326866023074,0.05647246956412095,0.030496907435319374,0.0030843926908766806,2.116131013936282e-15,2.116131013936282e-15
cosmx_bcc_xdonor_spot_0000065520,0.8137318231717899,0.0815158544645648,0.0037721838582557084,0.04925658475439305,0.011886905357803604,9.248131390398044e-05,0.03545240496312858,0.004291762116160136
cosmx_bcc_xdonor_spot_0000065521,0.494943892252226,0.2676127342626327,0.10218902226071017,0.0738309408378681,0.06142340998467049,2.770433565763173e-10,1.24846769471293e-10,2.398612037083599e-15
cosmx_bcc_xdonor_spot_0000065522,0.0008341371652040955,0.8265080502234029,0.006440852890666046,0.003419729377323953,0.13269957592815457,1.9982059403944144e-15,0.030097654415244278,1.9982059403944144e-15
cosmx_bcc_xdonor_spot_0000065523,2.0206790143433105e-15,0.5636197082284713,0.20038558501704604,2.0206790143433105e-15,0.21877564498330695,0.017206562398006442,1.2499373163120975e-05,2.0206790143433105e-15
cosmx_bcc_xdonor_spot_0000065524,2.9241755461995156e-05,0.387737855649985,0.3201768646571073,0.04257220069555178,0.24946859343008826,2.363034323220834e-15,1.524381180080054e-05,2.363034323220834e-15
cosmx_bcc_xdonor_spot_0000065525,1.0924784131412214e-06,0.2014245821442242,0.3695573405445017,0.0032271099504485715,0.42578788812484847,8.593327967328829e-13,1.9867567027247727e-06,1.9605274949952e-15
cosmx_bcc_xdonor_spot_0000065526,1.6217549159384156e-15,0.5435768670905068,0.22586634005802736,1.6217549159384156e-15,0.22779492032746385,1.6217549159384156e-15,0.0027618725239953973,1.6217549159384156e-15
cosmx_bcc_xdonor_spot_0000065527,1.514110999391188e-15,3.76665577842887e-08,0.733398031231139,1.514110999391188e-15,0.26660191720219817,1.514110999391188e-15,1.3900098878725845e-08,1.514110999391188e-15
cosmx_bcc_xdonor_spot_0000065528,1.1542696081507554e-15,1.1542696081507554e-15,0.7989270524528187,1.1542696081507554e-15,0.20107294754717422,1.1542696081507554e-15,1.1542696081507554e-15,1.1542696081507554e-15
cosmx_bcc_xdonor_spot_0000065529,1.067852417688311e-15,1.067852417688311e-15,0.999972504153435,1.067852417688311e-15,2.7495846558410412e-05,1.067852417688311e-15,1.067852417688311e-15,1.067852417688311e-15
cosmx_bcc_xdonor_spot_0000065530,1.2705346494378576e-08,1.2227477446785136e-15,0.9505945972763368,1.2227477446785136e-15,5.176417456149101e-07,0.04798847255170186,0.0014163998248655932,1.2227477446785136e-15
cosmx_bcc_xdonor_spot_0000065531,1.1382696548028433e-15,1.1382696548028433e-15,0.9999999999999919,1.1382696548028433e-15,1.1382696548028433e-15,1.1382696548028433e-15,1.1382696548028433e-15,1.1382696548028433e-15
cosmx_bcc_xdonor_spot_0000065532,9.889563837202014e-16,9.889563837202014e-16,0.9999999999999929,9.889563837202014e-16,9.889563837202014e-16,9.889563837202014e-16,9.889563837202014e-16,9.889563837202014e-16
cosmx_bcc_xdonor_spot_0000065533,1.2891650580703293e-12,1.284626290302476e-15,0.9431214103633327,1.284626290302476e-15,0.021699360710318846,6.993461612122502e-08,0.03517915899043936,1.284626290302476e-15
cosmx_bcc_xdonor_spot_0000065534,1.1085010080636005e-15,1.1085010080636005e-15,0.9999999974655726,1.1085010080636005e-15,1.1085010080636005e-15,1.1085010080636005e-15,2.5344205701743356e-09,1.1085010080636005e-15
cosmx_bcc_xdonor_spot_0000065535,1.448918348821379e-15,1.448918348821379e-15,0.9999999999999897,1.448918348821379e-15,1.448918348821379e-15,1.448918348821379e-15,1.448918348821379e-15,1.448918348821379e-15
cosmx_bcc_xdonor_spot_0000065536,1.3069380215344718e-15,1.3069380215344718e-15,0.8882594209580086,1.3069380215344718e-15,0.11174057904198346,1.3069380215344718e-15,1.3069380215344718e-15,1.3069380215344718e-15
cosmx_bcc_xdonor_spot_0000065537,1.6513540841634216e-15,1.6513540841634216e-15,0.9357729322150428,1.6513540841634216e-15,0.0640452307340661,0.0001818370508828326,1.6513540841634216e-15,1.6513540841634216e-15
cosmx_bcc_xdonor_spot_0000065538,0.29435229809691993,1.4345238151942314e-15,1.4345238151942314e-15,1.4345238151942314e-15,1.4345238151942314e-15,0.705597766762346,4.993514072699122e-05,1.4345238151942314e-15
cosmx_bcc_xdonor_spot_0000065539,0.5190929201403309,1.5092949749504868e-15,1.5092949749504868e-15,1.5092949749504868e-15,0.003500145724899076,0.4774069341347424,2.1201204560422843e-14,1.5092949749504868e-15
cosmx_bcc_xdonor_spot_0000065540,0.8757553696121477,3.795427963905962e-13,1.610014433267754e-15,1.610014433267754e-15,0.025151960359575464,0.0918361699129092,0.007256500114983077,1.610014433267754e-15
cosmx_bcc_xdonor_spot_0000065541,0.9919319638489472,1.615383049584245e-15,1.615383049584245e-15,1.615383049584245e-15,0.00806803381025193,2.340792469999399e-09,1.615383049584245e-15,1.615383049584245e-15
cosmx_bcc_xdonor_spot_0000065542,0.9999999999999877,1.723316743621302e-15,1.723316743621302e-15,1.723316743621302e-15,1.723316743621302e-15,1.723316743621302e-15,1.723316743621302e-15,1.723316743621302e-15
cosmx_bcc_xdonor_spot_0000065543,0.9999999999999872,1.7832292921797064e-15,1.7832292921797064e-15,1.7832292921797064e-15,1.7832292921797064e-15,1.7832292921797064e-15,1.7832292921797064e-15,1.7832292921797064e-15
cosmx_bcc_xdonor_spot_0000065544,0.9642245540100712,1.6618195029700587e-15,1.6618195029700587e-15,1.6618195029700587e-15,1.6618195029700587e-15,0.03577544598991861,1.6618195029700587e-15,1.6618195029700587e-15
cosmx_bcc_xdonor_spot_0000065603,7.635328088711165e-16,7.635328088711165e-16,7.635328088711165e-16,7.635328088711165e-16,7.635328088711165e-16,0.9999999999999948,7.635328088711165e-16,7.635328088711165e-16
cosmx_bcc_xdonor_spot_0000065604,1.9454444346725722e-05,0.19070794701892824,0.3339239431608782,1.668219159525847e-08,0.10821984065526569,0.32812399994995206,0.0390047980884361,1.4218164843234172e-15
cosmx_bcc_xdonor_spot_0000065605,0.07188957578032154,1.9396669133067516e-11,0.07724567376775797,1.3976844468288246e-15,0.41461126793791575,0.3987543377462989,0.03749914474830636,1.3976844468288246e-15
cosmx_bcc_xdonor_spot_0000065606,1.6389639442178736e-15,0.14877830614211698,0.13211757568213833,1.6389639442178736e-15,0.7189163446483663,1.6389639442178736e-15,0.00018777352737187284,1.6389639442178736e-15
cosmx_bcc_xdonor_spot_0000065607,1.4905641103790123e-15,0.22936288312023126,6.710306404797804e-06,1.4905641103790123e-15,0.2746933890826231,1.4905641103790123e-15,0.4270035321387766,0.06893348535195984
cosmx_bcc_xdonor_spot_0000065608,0.05018099589260975,0.42769676336291185,0.008617666137957985,1.5602182270506185e-15,0.05425401110191065,2.888385276261334e-10,0.45925056321576796,1.5602182270506185e-15
cosmx_bcc_xdonor_spot_0000065609,1.72315114246007e-15,0.3306747591475316,1.72315114246007e-15,1.72315114246007e-15,0.563800770927513,1.72315114246007e-15,0.10552446992494674,1.72315114246007e-15
cosmx_bcc_xdonor_spot_0000065610,1.7045810407819952e-15,0.2149140201213892,0.030779278024279655,1.7045810407819952e-15,0.7542980622692297,1.7045810407819952e-15,8.63958509467131e-06,1.7045810407819952e-15
cosmx_bcc_xdonor_spot_0000065611,1.3720882784653915e-15,0.0005882806658280925,0.21842561491424856,1.3720882784653915e-15,0.33872429407223337,1.3720882784653915e-15,0.0004065074625683151,0.44185530288511754
cosmx_bcc_xdonor_spot_0000065612,0.11513802127212591,1.9906336651043236e-05,0.03683741731346478,8.530773705573148e-07,0.8125725232637404,0.02128042101211713,0.014150857724528584,1.6679392278813409e-15
cosmx_bcc_xdonor_spot_0000065613,1.728874346212836e-15,0.022037213132610783,0.36196130075258176,1.728874346212836e-15,0.6001182775100516,1.728874346212836e-15,0.01588320860474894,1.728874346212836e-15
cosmx_bcc_xdonor_spot_0000065614,1.940192172641177e-15,0.03650235370677607,0.07175537024800449,1.940192172641177e-15,0.8916435436595206,1.940192172641177e-15,9.873238569119064e-05,1.940192172641177e-15
cosmx_bcc_xdonor_spot_0000065615,0.07555385659319329,0.16459676995921646,1.624460376204426e-15,1.1491863659842312e-10,0.7413447938158004,0.0013287626902584856,0.017175816826609243,1.624460376204426e-15
cosmx_bcc_xdonor_spot_0000065616,0.8579279044585281,0.0001136227922855214,0.0020909470543720938,6.240225068775884e-14,0.09417831351317299,0.00999210970191775,0.03569710247965943,1.6165911927973997e-15
cosmx_bcc_xdonor_spot_0000065617,0.7235789257573599,0.0041770916170051735,0.10579276789960942,9.898381962886691e-06,0.13232152032727149,0.013952451586460943,0.020167344430328533,1.7394434673672557e-15
cosmx_bcc_xdonor_spot_0000065618,0.021925481354715712,1.8023539470504124e-06,0.4557261185213114,0.028466733962133367,0.4677608110402939,0.011871127745572151,0.014247925022024353,1.995562305433733e-15
cosmx_bcc_xdonor_spot_0000065619,0.021504109747515425,0.2821353521670377,0.10424021530595336,0.0015212729229712942,0.5904624505856326,1.9691346961720178e-15,0.00013659927088555558,1.9691346961720178e-15
cosmx_bcc_xdonor_spot_0000065620,1.6469876055880422e-15,0.0677219322233127,0.6056599915014637,1.6469876055880422e-15,0.32269561552353815,1.6469876055880422e-15,0.0039224607516787765,1.6469876055880422e-15
cosmx_bcc_xdonor_spot_0000065621,1.6201598516118106e-15,1.696548272004116e-05,0.761306573846752,1.849511869085204e-06,0.23867438398889387,1.6201598516118106e-15,2.271697599690192e-07,1.6201598516118106e-15
cosmx_bcc_xdonor_spot_0000065622,0.7918067562532352,4.95885268244194e-05,0.10308963872192672,4.342650689421691e-15,0.07855004333190964,1.2981502802577185e-11,0.02650397315311663,1.5873613787543302e-15
cosmx_bcc_xdonor_spot_0000065623,0.9943955594927752,1.542286899603467e-11,1.4902542868844496e-15,1.810954251799515e-05,0.0055863256950983205,1.143783037944481e-13,5.2540680017807946e-09,1.4902542868844496e-15
cosmx_bcc_xdonor_spot_0000065624,0.9053052204576436,6.364873357991601e-08,1.5090308214345669e-15,0.09354731028980423,1.7584323283742072e-13,0.001147404869904366,7.337352032603465e-10,1.5090308214345669e-15
cosmx_bcc_xdonor_spot_0000065625,0.951024116201464,5.931663887231466e-10,1.601760871530445e-15,0.03160369995813974,0.01477314789537895,0.0025990353518460596,1.601760871530445e-15,1.601760871530445e-15
cosmx_bcc_xdonor_spot_0000065626,0.990676322843514,4.249530458073865e-15,1.4707451055880412e-15,0.0006607058190270712,0.004434038440307745,0.004228932897142407,1.4707451055880412e-15,1.4707451055880412e-15
cosmx_bcc_xdonor_spot_0000065627,0.9934885120432146,1.344163423481382e-15,1.344163423481382e-15,0.006511064749369768,1.344163423481382e-15,4.2320740875931264e-07,1.344163423481382e-15,1.344163423481382e-15
cosmx_bcc_xdonor_spot_0000065628,0.8718008736611865,2.1107543934217137e-14,1.571918133217217e-15,0.12660915155008742,2.948578109407077e-13,0.0010168335774486535,4.9000058852871976e-05,0.0005241411521068374
cosmx_bcc_xdonor_spot_0000065629,0.37680700297465863,2.055521449033758e-06,0.45359880914821354,0.05898415190490143,0.09901406270087976,0.011593917749894359,1.569547744925228e-15,1.569547744925228e-15
cosmx_bcc_xdonor_spot_0000065630,2.40605761790882e-12,1.1677904998263452e-15,0.04271477921859781,1.1677904998263452e-15,0.07527592962158139,0.88200929115741,1.1677904998263452e-15,1.1677904998263452e-15
cosmx_bcc_xdonor_spot_0000065631,1.1988052481291366e-15,1.1988052481291366e-15,1.1988052481291366e-15,2.57287669191136e-09,1.1988052481291366e-15,0.9999999974271161,1.1988052481291366e-15,1.1988052481291366e-15
cosmx_bcc_xdonor_spot_0000065799,0.13331485978146848,0.38273209120364504,0.1352119659618156,0.3487404011078303,3.2005551847243564e-15,3.2005551847243564e-15,6.819452307563103e-07,3.2005551847243564e-15
cosmx_bcc_xdonor_spot_0000065801,0.5915847051144573,0.1989292552403101,2.4306977456699222e-15,0.18984816039311608,0.010488372529479336,0.008000300199245462,5.5226338775211755e-11,0.0011492064681630776
cosmx_bcc_xdonor_spot_0000065802,0.8915111124641188,0.08018536070264609,0.002566717705227975,0.02573131566892753,2.2277067215887933e-15,2.2277067215887933e-15,5.493459072603463e-06,2.2277067215887933e-15
cosmx_bcc_xdonor_spot_0000065803,0.855922046278234,1.7952581976079866e-05,1.3895328896419182e-06,0.0816983074872363,6.559803512816382e-11,0.014746382272339615,0.047613921781724224,2.209212222058075e-15
cosmx_bcc_xdonor_spot_0000065804,0.9238431316284642,0.0529944607581956,7.612589261838982e-13,0.008828705442992647,7.702706062763905e-11,0.014286652451684907,4.7049640872355804e-05,1.9440655596223365e-15
cosmx_bcc_xdonor_spot_0000065805,0.6749928724822558,0.009527858719510684,0.2684681580526233,0.0011596007106849918,2.28415668740654e-15,2.28415668740654e-15,0.04197971376355501,0.0038717962713653888
cosmx_bcc_xdonor_spot_0000065806,0.999999849225468,2.360895598313366e-13,1.6016186270075463e-15,1.6016186270075463e-15,1.6016186270075463e-15,1.6016186270075463e-15,1.5077428755397859e-07,1.6016186270075463e-15
cosmx_bcc_xdonor_spot_0000065807,0.9999479303295952,1.55740560247253e-15,1.55740560247253e-15,1.55740560247253e-15,5.2069670395204186e-05,1.55740560247253e-15,1.55740560247253e-15,1.55740560247253e-15
cosmx_bcc_xdonor_spot_0000065808,0.9551091189158648,1.6107171401101733e-05,1.7296818059771007e-15,1.7296818059771007e-15,0.044091866194154686,1.7296818059771007e-15,0.0007829077185723546,1.7296818059771007e-15
cosmx_bcc_xdonor_spot_0000065809,0.9522469682788111,0.0037590903942183026,3.7568837854269275e-13,0.025336494909694206,1.7253776671232914e-15,1.7253776671232914e-15,0.011322852792538703,0.007334593624358534
cosmx_bcc_xdonor_spot_0000065810,0.6790011725369609,0.04254816742518064,0.1725251858943382,0.004448594131842132,0.026677986083382368,2.016180731060394e-15,0.07479889392829171,2.016180731060394e-15
cosmx_bcc_xdonor_spot_0000065811,0.021846547549346812,0.32765272423491,0.4390440394142646,3.0094709126943596e-06,0.09249591615510412,2.06755598631414e-15,0.11895776317545738,2.06755598631414e-15
cosmx_bcc_xdonor_spot_0000065812,1.160415849586409e-15,1.160415849586409e-15,2.578231137287996e-06,1.160415849586409e-15,1.160415849586409e-15,1.160415849586409e-15,0.21575892400884167,0.7842384977600153
cosmx_bcc_xdonor_spot_0000065813,1.5547756822302194e-15,0.08283012547112023,0.009255225082711429,4.86174596540021e-14,0.25872508905621217,1.5547756822302194e-15,0.6277022191079038,0.0214873412820008
cosmx_bcc_xdonor_spot_0000065814,0.8657605737826799,0.02287016454730833,0.10955869687881202,4.2648715522812576e-08,1.921025041611432e-15,1.921025041611432e-15,0.001810522142478303,1.921025041611432e-15
cosmx_bcc_xdonor_spot_0000065815,0.9625475529684753,6.271586576968988e-05,1.8757035150644916e-15,1.8757035150644916e-15,0.016842065487146292,1.8757035150644916e-15,0.020547665678600967,1.8757035150644916e-15
cosmx_bcc_xdonor_spot_0000065816,0.8980899203022775,0.034190835370806506,1.910897918364513e-15,4.404532764048667e-07,0.06771836124069787,1.910897918364513e-15,4.426329359004431e-07,1.910897918364513e-15
cosmx_bcc_xdonor_spot_0000065817,0.9692955410297204,0.0277274003493632,1.887150354367781e-15,1.707037631397243e-06,0.002970966154240449,2.0856545227034651e-07,4.176863588501736e-06,1.887150354367781e-15
cosmx_bcc_xdonor_spot_0000065818,0.8520180355935643,0.0699608667298777,1.902955384992807e-15,0.030568116149303187,0.0449560701903506,2.9552848065781983e-08,4.2173687240722615e-08,0.0024968396103670406
cosmx_bcc_xdonor_spot_0000065819,0.8053730136476487,0.1110327405227905,0.008845523159257055,0.07226347465887493,0.0024852480114225363,2.082364249930943e-15,2.082364249930943e-15,2.082364249930943e-15
cosmx_bcc_xdonor_spot_0000065820,0.5558188173341909,0.20311992290692904,0.13805649145736112,0.05764270029963123,0.012866379195612534,1.016296342582639e-11,0.03249568879611013,2.1576305255317213e-15
cosmx_bcc_xdonor_spot_0000065821,0.03736172031128822,0.4478636332881816,0.35886761179652327,1.2089732264556254e-07,0.07041668440412804,1.1513091518344663e-09,0.08549022815124464,2.2341341193407284e-15
cosmx_bcc_xdonor_spot_0000065822,0.0002299692341549003,0.23854885978061682,0.5907580782525405,1.9290111128300594e-15,0.1686518138997215,0.001804353913592213,6.924919369978254e-06,1.9290111128300594e-15
cosmx_bcc_xdonor_spot_0000065823,2.0705607100840063e-15,0.1045481082917988,0.31904800535597655,0.043048750210423765,0.5316263181943619,2.0705607100840063e-15,0.0017288179474327422,2.0705607100840063e-15
cosmx_bcc_xdonor_spot_0000065824,0.009962758252065464,0.03925072251275727,0.30508253932374163,0.025676780312564165,0.6200271875201453,2.158749285775733e-15,1.2078721658138835e-08,2.158749285775733e-15
cosmx_bcc_xdonor_spot_0000065825,5.923440430560723e-14,0.1034337989417654,0.3954860699984169,0.02385948882827177,0.4770977236133113,4.852974377271019e-05,7.438887440071251e-05,1.984161746332837e-15
cosmx_bcc_xdonor_spot_0000065826,4.226544716045982e-15,1.8355475265712165e-11,0.3940151144904736,2.158251544306497e-06,0.6059827272396164,1.892584335444178e-15,1.892584335444178e-15,1.892584335444178e-15
cosmx_bcc_xdonor_spot_0000065827,1.7386760132752491e-15,1.7386760132752491e-15,0.3313996370176413,1.7386760132752491e-15,0.6686003629823155,1.7386760132752491e-15,3.439737635565278e-14,1.7386760132752491e-15
cosmx_bcc_xdonor_spot_0000065828,0.012081968910678871,0.044108641049741576,0.4935418795595729,9.019206585385212e-07,0.4502666084687449,1.9609942499151426e-15,9.059920953297309e-11,1.9609942499151426e-15
cosmx_bcc_xdonor_spot_0000065829,1.3339397762648008e-15,1.3339397762648008e-15,0.9999999996258339,1.3339397762648008e-15,3.741579468622175e-10,1.3339397762648008e-15,1.3339397762648008e-15,1.3339397762648008e-15
cosmx_bcc_xdonor_spot_0000065830,1.1653144787491133e-15,1.1653144787491133e-15,0.9999999999999917,1.1653144787491133e-15,1.1653144787491133e-15,1.1653144787491133e-15,1.1653144787491133e-15,1.1653144787491133e-15
cosmx_bcc_xdonor_spot_0000065831,1.2143696222959908e-15,1.2143696222959908e-15,0.9999999999999913,1.2143696222959908e-15,1.2143696222959908e-15,1.2143696222959908e-15,1.2143696222959908e-15,1.2143696222959908e-15
cosmx_bcc_xdonor_spot_0000065832,1.5106776198778608e-15,1.5020857234068602e-07,0.8342009805422728,1.5106776198778608e-15,0.16579510711917447,1.5106776198778608e-15,3.762129974394824e-06,1.5106776198778608e-15
cosmx_bcc_xdonor_spot_0000065833,1.4710874587389414e-15,1.4710874587389414e-15,0.8742961168024151,1.4710874587389414e-15,0.1257038831975758,1.4710874587389414e-15,1.4710874587389414e-15,1.4710874587389414e-15
cosmx_bcc_xdonor_spot_0000065834,1.3333388068308863e-05,2.3408400150792646e-06,0.48817927120003113,4.84535880056892e-09,0.4702205115608639,0.016170976786776408,0.02541356137888428,1.9997392144465014e-15
cosmx_bcc_xdonor_spot_0000065835,1.6520971019479728e-15,1.6520971019479728e-15,0.7423242502451083,0.006819200802016959,0.17752505331625376,1.121814495491674e-14,0.07333149563660475,1.6520971019479728e-15
cosmx_bcc_xdonor_spot_0000065836,1.3977172431791458e-15,1.3977172431791458e-15,0.7914395596126204,1.3977172431791458e-15,5.891612157215899e-11,4.7680658956607446e-07,0.20855996352186837,1.3977172431791458e-15
cosmx_bcc_xdonor_spot_0000065837,0.1691289748459491,1.1986489833473008e-15,0.1246485260745707,1.1986489833473008e-15,6.153128903213623e-11,0.7062224990179441,1.1986489833473008e-15,1.1986489833473008e-15
cosmx_bcc_xdonor_spot_0000065838,0.11913338350582325,1.0440820943370772e-15,1.0440820943370772e-15,1.0440820943370772e-15,1.0440820943370772e-15,0.8808666164941704,1.0440820943370772e-15,1.0440820943370772e-15
cosmx_bcc_xdonor_spot_0000065839,0.9999999999999878,1.697790801870761e-15,1.697790801870761e-15,1.697790801870761e-15,1.697790801870761e-15,1.697790801870761e-15,1.697790801870761e-15,1.697790801870761e-15
cosmx_bcc_xdonor_spot_0000065840,0.999999999999988,1.681756147931563e-15,1.681756147931563e-15,1.681756147931563e-15,1.681756147931563e-15,1.681756147931563e-15,1.681756147931563e-15,1.681756147931563e-15
cosmx_bcc_xdonor_spot_0000065841,0.9999999999998411,1.7427416655451903e-15,1.4817679543079445e-13,1.7427416655451903e-15,1.7427416655451903e-15,1.7427416655451903e-15,1.7427416655451903e-15,1.7427416655451903e-15
cosmx_bcc_xdonor_spot_0000065842,0.9999999999999875,1.7444010625023657e-15,1.7444010625023657e-15,1.7444010625023657e-15,1.7444010625023657e-15,1.7444010625023657e-15,1.7444010625023657e-15,1.7444010625023657e-15
cosmx_bcc_xdonor_spot_0000065843,0.999268180576903,1.7193018839108107e-15,1.7193018839108107e-15,1.7193018839108107e-15,1.7193018839108107e-15,1.7193018839108107e-15,1.7193018839108107e-15,0.0007318194230863463
cosmx_bcc_xdonor_spot_0000065902,7.612183113081681e-16,7.612183113081681e-16,7.612183113081681e-16,7.612183113081681e-16,7.612183113081681e-16,0.9999999999999948,7.612183113081681e-16,7.612183113081681e-16
cosmx_bcc_xdonor_spot_0000065903,0.027771652242735607,1.014556095395133e-15,1.014556095395133e-15,1.014556095395133e-15,1.014556095395133e-15,0.9722283477572583,1.014556095395133e-15,1.014556095395133e-15
cosmx_bcc_xdonor_spot_0000065904,0.30632169936476505,1.2456716376368783e-15,1.2456716376368783e-15,1.2456716376368783e-15,0.05458951520745894,0.6390887854277698,1.2456716376368783e-15,1.2456716376368783e-15
cosmx_bcc_xdonor_spot_0000065905,0.7452789581001634,1.5684757000173297e-15,1.5684757000173297e-15,2.371915406974479e-15,0.062219263368623934,0.1625288139989264,0.029972964532278868,1.5684757000173297e-15
cosmx_bcc_xdonor_spot_0000065906,0.49306625992167796,1.5698564176446457e-07,0.3054768391230801,6.386011803766845e-13,0.058458909985486335,6.740211211694726e-09,0.14299782724326224,1.7014727196766163e-15
cosmx_bcc_xdonor_spot_0000065907,0.7886941169888652,0.07840049702930724,1.835534880530583e-15,1.835534880530583e-15,0.04485493618685415,0.03195451433644617,0.056095935458521665,1.835534880530583e-15
cosmx_bcc_xdonor_spot_0000065908,0.07294271087454365,0.07706609173280819,0.0687521040305096,1.6586759117209223e-15,0.41210582329291623,1.6586759117209223e-15,0.36913327006921715,1.6586759117209223e-15
cosmx_bcc_xdonor_spot_0000065909,1.6986802401759554e-15,0.11027364516370747,0.1556270137914956,1.6986802401759554e-15,0.5437277077489888,1.6986802401759554e-15,0.19037163329580134,1.6986802401759554e-15
cosmx_bcc_xdonor_spot_0000065910,1.5835810623534872e-15,0.1357426550995111,0.1349982492058864,1.5835810623534872e-15,0.4274397333391293,1.5835810623534872e-15,0.3018193623554667,1.5835810623534872e-15
cosmx_bcc_xdonor_spot_0000065911,0.5337616723145715,1.9958314446131265e-14,6.474390202055371e-12,1.5634780999192702e-15,0.2369631925414635,0.2021646618550883,0.027110473282379224,1.5634780999192702e-15
cosmx_bcc_xdonor_spot_0000065912,0.7551690632498196,1.5495852639325437e-15,1.5495852639325437e-15,1.5495852639325437e-15,0.09744152970187539,0.09437633413831381,0.053013072909984894,1.5495852639325437e-15
cosmx_bcc_xdonor_spot_0000065913,0.5680733028993593,2.355614871513887e-06,0.2566198654885758,1.6191280815461746e-15,0.08092754788651388,0.046814556694873805,0.047562371415802406,1.6191280815461746e-15
cosmx_bcc_xdonor_spot_0000065914,0.7721628631545825,0.00014425507734215246,0.20014179825834275,1.6327273396167198e-15,0.026173871376897914,1.6327273396167198e-15,0.0013772121328295543,1.6327273396167198e-15
cosmx_bcc_xdonor_spot_0000065915,0.9935837579166658,1.1751186693625193e-06,1.7937540191816725e-15,6.445583514203505e-11,0.006342208966552159,7.284715424327943e-05,1.0779409964755886e-08,1.7937540191816725e-15
cosmx_bcc_xdonor_spot_0000065916,0.9896897916469976,1.9878037747797647e-08,0.007276235961572935,2.7417081849714764e-13,0.0022857954130201825,1.0441611972354695e-06,0.000747112938898474,1.7569567433251419e-15
cosmx_bcc_xdonor_spot_0000065917,0.9956206042064033,7.416916549147948e-12,1.5536750032351173e-15,1.5536750032351173e-15,3.126697969133024e-06,1.5536750032351173e-15,0.004376269088204138,1.5536750032351173e-15
cosmx_bcc_xdonor_spot_0000065918,0.994229038034776,1.3591943321652088e-11,1.6419201529760567e-15,1.6419201529760567e-15,0.004195475302740296,0.0015754866485380974,3.484928820200666e-13,1.6419201529760567e-15
cosmx_bcc_xdonor_spot_0000065919,0.5104025634403562,0.11005957435411506,0.2475418069201696,0.03157770217448167,0.06879618041308737,1.9240769751252782e-10,0.03162217250538074,1.6384348001634928e-15
cosmx_bcc_xdonor_spot_0000065920,1.7308617862083777e-15,0.20742292791076916,0.21060942965075566,1.5817535602007965e-10,0.49246619598851604,1.7308617862083777e-15,0.08950144629177845,1.7308617862083777e-15
cosmx_bcc_xdonor_spot_0000065921,0.31565798662717903,0.03831337557305458,0.1409167278572623,0.3312812001470237,0.16826038717935776,1.6196192778102775e-15,0.005570322616119306,1.6196192778102775e-15
cosmx_bcc_xdonor_spot_0000065922,0.9434209071484275,1.4988504419390669e-15,1.4988504419390669e-15,1.8560084061315669e-09,0.05577407422905617,0.0008050167665017409,1.4988504419390669e-15,1.4988504419390669e-15
cosmx_bcc_xdonor_spot_0000065923,0.8998042300010259,5.8030720107902035e-09,1.6059176151176516e-15,0.057349040513337626,0.010051807396721946,1.6059176151176516e-15,0.03279491628583756,1.6059176151176516e-15
cosmx_bcc_xdonor_spot_0000065924,0.9740520949688845,1.3295040078877978e-15,1.3295040078877978e-15,1.8845712415771715e-15,1.3295040078877978e-15,0.025947905031106965,1.3295040078877978e-15,1.3295040078877978e-15
cosmx_bcc_xdonor_spot_0000065925,0.9999982736444759,1.4711439794141936e-15,1.4711439794141936e-15,7.489321389101106e-09,1.4711439794141936e-15,1.718866195097881e-06,1.4711439794141936e-15,1.4711439794141936e-15
cosmx_bcc_xdonor_spot_0000065926,0.9814273271290227,2.258305903615646e-12,1.4955921104832553e-15,0.01462152123170597,5.0059308038218925e-05,0.0039010923288860977,8.565820690086155e-14,1.4955921104832553e-15
cosmx_bcc_xdonor_spot_0000065927,0.914272219879516,1.2762766375878e-07,2.798061527767542e-05,0.016814558136524115,0.05101378875917081,1.6759699836996402e-15,0.017871324981844235,1.6759699836996402e-15
cosmx_bcc_xdonor_spot_0000065928,0.6921343949156212,3.0199299811477687e-07,0.22027558294371657,0.03237464202343978,0.05260482971905717,0.0026102484050394663,1.25769645097691e-13,1.7925612326695915e-15
cosmx_bcc_xdonor_spot_0000065929,0.29555690218825786,0.05816747067826735,0.3990770953634145,0.002124605653899676,0.24249329896134297,0.002580618567502222,8.587313467821271e-09,1.6868857985739945e-15
cosmx_bcc_xdonor_spot_0000065930,4.310215673054758e-07,1.5327194749638582e-15,0.3692283292776274,0.0005417596970010525,0.1997388654585662,0.43049061454523335,1.5327194749638582e-15,1.5327194749638582e-15
cosmx_bcc_xdonor_spot_0000065931,1.3226120979795683e-15,1.3226120979795683e-15,1.3226120979795683e-15,1.3226120979795683e-15,0.020109271336884168,0.9798907286631078,1.3226120979795683e-15,1.3226120979795683e-15
cosmx_bcc_xdonor_spot_0000066099,0.4024165163648525,0.28824808344421543,0.08838503192672477,0.18287858594699008,2.7460828644718917e-15,0.03767160320392201,2.7903111890150922e-08,0.00040015121018056144
cosmx_bcc_xdonor_spot_0000066100,0.9109208870183543,0.03572877890521783,2.2875577900803305e-15,0.00824022004310742,1.103156332471034e-12,0.003004604921485669,0.03833908071738627,0.003766428393343015
cosmx_bcc_xdonor_spot_0000066101,0.9534207971364486,0.046345029423901514,1.9171046170858984e-15,0.00022428279156553528,1.9171046170858984e-15,2.2658617461544219e-07,6.459455982045314e-07,9.018116307579557e-06
cosmx_bcc_xdonor_spot_0000066102,0.9892070233838312,1.6853200357037023e-15,1.6853200357037023e-15,1.6853200357037023e-15,1.6853200357037023e-15,0.010792976616158549,1.6853200357037023e-15,1.6853200357037023e-15
cosmx_bcc_xdonor_spot_0000066103,0.9939965727072505,1.0706877202036871e-05,1.7086680183755348e-15,1.3330562797786786e-10,0.002679827181951663,0.0009358215852843892,0.0023770715150022007,1.7086680183755348e-15
cosmx_bcc_xdonor_spot_0000066104,0.9397610757253803,1.9832430772392044e-09,0.03821820219096818,0.010819848906454639,2.5951203362801744e-14,2.0142401004583354e-15,0.011200871193923795,2.0142401004583354e-15
cosmx_bcc_xdonor_spot_0000066105,0.7660073623364307,0.0168197714632377,0.11352525269785126,3.139520130915231e-08,0.031053653730892118,5.1501846658476887e-14,0.07259392837633362,1.845192791489296e-15
cosmx_bcc_xdonor_spot_0000066106,0.8622390792941498,1.6650110577860408e-15,0.08100853463769642,1.6650110577860408e-15,1.6650110577860408e-15,3.141301584203585e-06,0.05674924476656283,1.6650110577860408e-15
cosmx_bcc_xdonor_spot_0000066107,0.8771360162672746,1.67428511082912e-15,0.07119337223869641,0.0005125214018069101,1.67428511082912e-15,0.00140307852413282,0.04975501156808421,1.67428511082912e-15
cosmx_bcc_xdonor_spot_0000066108,0.6634875255805295,0.021710480705191302,0.2338413754273218,0.0003358564475886894,0.006540414756277569,0.0013672047762653874,0.07271682391157372,3.183952519955791e-07
cosmx_bcc_xdonor_spot_0000066109,0.6998250865009696,0.13621477401194215,0.08587334523790811,0.040477965380343005,6.961364830534084e-06,0.008425652593129437,0.029176214910874923,2.1532481526380723e-15
cosmx_bcc_xdonor_spot_0000066110,0.7919196843741781,0.0003593664392606803,1.7741966900376155e-10,0.031617607369957945,0.09020532820291048,2.0696953098525837e-15,0.08589801343626877,2.0696953098525837e-15
cosmx_bcc_xdonor_spot_0000066111,0.36916040423163055,0.2589011331437889,0.26601958728707714,0.059554558525895064,0.03463065402859214,2.1426565186534667e-15,0.011733154161919005,5.086210950885247e-07
cosmx_bcc_xdonor_spot_0000066112,0.17693295022322653,0.031206843448191336,0.369029677965636,1.7027593049847316e-15,0.08541014282551486,1.7027593049847316e-15,0.08829021729159924,0.24913016824582843
cosmx_bcc_xdonor_spot_0000066113,0.9876868984559244,9.183304407717336e-07,0.006006015107099753,4.1232167797489334e-08,0.006306126874255627,1.821843425234058e-15,1.0781250145617494e-13,1.821843425234058e-15
cosmx_bcc_xdonor_spot_0000066114,0.985744423945164,0.00012622111025831423,3.3524907208259795e-10,1.3615802632333943e-07,1.8804610062008084e-15,1.8804610062008084e-15,0.014129218451296471,1.8804610062008084e-15
cosmx_bcc_xdonor_spot_0000066115,0.9670857065289356,0.006905127378271504,0.0019303277144573589,0.0008667785893116353,0.0003836377487858991,0.011623976525133518,0.0008055320459371271,0.010398913469167359
cosmx_bcc_xdonor_spot_0000066116,0.9746059437393189,0.00707188428489624,5.546747479422777e-11,0.00031714775556656433,1.945377691307474e-15,1.945377691307474e-15,0.012776261157084402,0.00522876300766255
cosmx_bcc_xdonor_spot_0000066117,0.9450200648551859,0.039090776166831154,1.1219265372115503e-09,1.0333303810267864e-10,2.7481812381061426e-08,1.909510089447629e-15,0.012121258772850398,0.0037678714980588324
cosmx_bcc_xdonor_spot_0000066118,0.8830998441662834,0.04093847822605312,0.002876553488389882,0.0008530668920064434,0.05092146488587814,0.008592657429119912,1.9004015979354255e-08,0.012717915908253106
cosmx_bcc_xdonor_spot_0000066119,0.899808304531806,0.09355085270628338,0.00011707603193811731,9.315723925159196e-06,6.45424985181977e-07,0.0006696513502336888,0.0002012107591766758,0.005642943471651722
cosmx_bcc_xdonor_spot_0000066120,0.23888953266943508,0.4189694422470401,0.14233779382220987,8.2659476481808e-10,0.15002170760175287,1.7059398212083607e-14,0.04978152283294802,2.2178328307730414e-15
cosmx_bcc_xdonor_spot_0000066121,0.0006234172756989755,0.4889556489394843,0.26687101982403527,0.02468948943454267,0.10366182309417402,4.6645606038869686e-12,0.11519860142739836,2.0013877856558585e-15
cosmx_bcc_xdonor_spot_0000066122,1.5438916468290674e-07,0.10576930481858282,0.2066486390415997,0.0003951490325699633,0.6871867510663084,2.067047060601389e-15,1.6517702981745702e-09,2.067047060601389e-15
cosmx_bcc_xdonor_spot_0000066123,0.00036280259955343003,0.08102238682906435,0.4491036248691014,2.035386797408837e-06,0.46950914910777014,2.0634117828842717e-15,1.2077091627834077e-09,2.0634117828842717e-15
cosmx_bcc_xdonor_spot_0000066124,4.696389338154294e-05,0.2585750679264037,0.2442677049581443,4.7678160307563e-09,0.49472080520912304,0.0023730003544362287,1.645289069317862e-05,1.9593356430509878e-15
cosmx_bcc_xdonor_spot_0000066125,1.8383795725387052e-15,0.28676746951273957,0.43999703475442825,1.8383795725387052e-15,0.2606061799399424,1.8383795725387052e-15,0.012629315792882418,1.8383795725387052e-15
cosmx_bcc_xdonor_spot_0000066126,1.8789977579261367e-15,0.09410693108860663,0.48959978733833737,1.8789977579261367e-15,0.04950361034617258,0.0002446600063730276,0.3665450112205047,1.8789977579261367e-15
cosmx_bcc_xdonor_spot_0000066127,1.8655602466346033e-15,0.006971638520312758,0.30694738458001175,0.03435039404425793,0.5549653125175531,1.8655602466346033e-15,0.09676527033785874,1.8655602466346033e-15
cosmx_bcc_xdonor_spot_0000066128,3.1332586625702736e-12,0.005755082785538441,0.8527621490857464,5.942971583508894e-07,0.1157579235594485,0.00698295431864703,0.01874129595032599,1.982170909950126e-15
cosmx_bcc_xdonor_spot_0000066129,1.5499584590846746e-15,0.2741486402944806,0.6400320474478406,1.5499584590846746e-15,0.07579203141230095,2.7152052500576794e-13,0.010027280845101426,1.5499584590846746e-15
cosmx_bcc_xdonor_spot_0000066130,1.236092726026548e-15,1.236092726026548e-15,0.9999999999999911,1.236092726026548e-15,1.236092726026548e-15,1.236092726026548e-15,1.236092726026548e-15,1.236092726026548e-15
cosmx_bcc_xdonor_spot_0000066131,1.783345774991225e-15,0.0328955123046326,0.4966022288334575,1.783345774991225e-15,0.3776745318885996,0.004138727295319033,0.08868899967798585,1.783345774991225e-15
cosmx_bcc_xdonor_spot_0000066132,1.5739606839522526e-15,1.5739606839522526e-15,0.7916645751404912,1.5739606839522526e-15,0.20833542485949932,1.5739606839522526e-15,1.5739606839522526e-15,1.5739606839522526e-15
cosmx_bcc_xdonor_spot_0000066133,9.231891371999816e-12,0.18064961038137642,0.3013172169786746,3.487138235175816e-07,0.5043202369843978,0.013712583305064769,3.627429049495029e-09,2.0669120150936026e-15
cosmx_bcc_xdonor_spot_0000066134,1.4040179549304663e-15,0.006638349329766402,0.7337533290540492,1.4040179549304663e-15,0.044329200113338824,1.4040179549304663e-15,0.21527912150283976,1.4040179549304663e-15
cosmx_bcc_xdonor_spot_0000066135,1.4520683467197995e-15,6.51714584948298e-05,0.8762841914357858,1.4520683467197995e-15,0.12289412369988396,1.4520683467197995e-15,0.0007565134058295726,1.4520683467197995e-15
cosmx_bcc_xdonor_spot_0000066136,0.08758168894543016,9.633982992777363e-16,0.10769160293372276,9.633982992777363e-16,9.633982992777363e-16,0.8047267081208426,9.633982992777363e-16,9.633982992777363e-16
cosmx_bcc_xdonor_spot_0000066137,0.036542162195981574,9.336936084666798e-16,9.336936084666798e-16,9.336936084666798e-16,9.336936084666798e-16,0.963457837804013,9.336936084666798e-16,9.336936084666798e-16
cosmx_bcc_xdonor_spot_0000066138,0.5252719009903907,1.3291843176101207e-15,1.3291843176101207e-15,1.3291843176101207e-15,1.3291843176101207e-15,0.4747280990096011,1.3291843176101207e-15,1.3291843176101207e-15
cosmx_bcc_xdonor_spot_0000066139,0.9999999999999876,1.7437645306446685e-15,1.7437645306446685e-15,1.7437645306446685e-15,1.7437645306446685e-15,1.7437645306446685e-15,1.7437645306446685e-15,1.7437645306446685e-15
cosmx_bcc_xdonor_spot_0000066140,0.9999999999999876,1.7288866460801975e-15,1.7288866460801975e-15,1.7288866460801975e-15,1.7288866460801975e-15,1.7288866460801975e-15,1.7288866460801975e-15,1.7288866460801975e-15
cosmx_bcc_xdonor_spot_0000066141,0.9754955960050908,3.144837700745371e-14,1.6847834342877581e-15,1.6847834342877581e-15,0.024504375769105344,1.6847834342877581e-15,2.8225765666806814e-08,1.6847834342877581e-15
cosmx_bcc_xdonor_spot_0000066142,0.9999999998091181,1.2643328476652988e-14,1.6626062884215648e-15,1.6626062884215648e-15,1.6626062884215648e-15,1.6626062884215648e-15,1.9086075271355564e-10,1.6626062884215648e-15
cosmx_bcc_xdonor_spot_0000066201,0.02943959965342874,1.2050973824520612e-15,1.2050973824520612e-15,1.2050973824520612e-15,1.2050973824520612e-15,0.970560400346564,1.2050973824520612e-15,1.2050973824520612e-15
cosmx_bcc_xdonor_spot_0000066202,0.24384364279379198,1.2146454588802344e-15,1.2146454588802344e-15,1.2146454588802344e-15,1.2146454588802344e-15,0.7561563572062007,1.2146454588802344e-15,1.2146454588802344e-15
cosmx_bcc_xdonor_spot_0000066203,0.8270674986856044,5.958055657444014e-15,1.6458670196859058e-15,1.6458670196859058e-15,0.02302927842100248,0.10608778323497278,0.04381543965840936,1.6458670196859058e-15
cosmx_bcc_xdonor_spot_0000066204,0.9377804240251608,1.0363909415410822e-08,1.6478896058652261e-15,5.683821118520895e-12,0.03376885803217941,0.0031353418026551093,0.02531536577040832,1.6478896058652261e-15
cosmx_bcc_xdonor_spot_0000066205,0.9789191742117476,0.0031959619982330823,2.843887765681441e-15,1.8654363519520933e-11,0.009076412687762528,1.1001865181701448e-08,0.008808440081732512,1.8011936499125494e-15
cosmx_bcc_xdonor_spot_0000066206,0.9400692986638041,0.011979640527273938,1.3625540810174583e-11,0.0003756795270030748,0.021468600190085667,5.486053745923332e-12,0.026106781072719593,1.780225824516412e-15
cosmx_bcc_xdonor_spot_0000066207,0.917865965027581,0.011295038273246889,5.548613558454824e-13,0.005624757506373805,0.03995047704504717,1.5611701099634096e-13,0.02526376214703847,1.8810522737468965e-15
cosmx_bcc_xdonor_spot_0000066208,1.7467689376019713e-15,5.3344120387877784e-05,0.19169202230118104,1.7467689376019713e-15,0.2620576497277499,1.7467689376019713e-15,0.546196983850674,1.7467689376019713e-15
cosmx_bcc_xdonor_spot_0000066209,0.27399881002102594,0.17323584081375956,0.29095229835597763,6.267530183527045e-05,0.19480146243954363,1.668482524566788e-15,0.06694891306785444,1.668482524566788e-15
cosmx_bcc_xdonor_spot_0000066210,0.9594938216193729,4.713511102770223e-05,2.4601871152464322e-14,0.02401936689592858,0.00666900730467724,0.003834181745068851,0.005936487323898289,1.838237492395929e-15
cosmx_bcc_xdonor_spot_0000066211,0.9770542119029136,9.623243490694705e-07,6.803463383546884e-15,0.008060990667428162,0.014855762997645438,5.990270190729653e-12,2.8072101665128395e-05,1.6865443982856703e-15
cosmx_bcc_xdonor_spot_0000066212,0.9226403042680307,0.02607116552463254,2.8787264859506956e-08,0.024487404010629075,0.002914773648668602,1.6078476390690143e-07,0.023886162976008627,1.7881119110384228e-15
cosmx_bcc_xdonor_spot_0000066213,0.7557101247294018,3.472871520460089e-07,0.19685945468812413,0.008534613645294835,1.362571575892548e-14,2.0198888858755295e-12,0.038895459647991924,1.7345616601849394e-15
cosmx_bcc_xdonor_spot_0000066214,0.9381969904939267,7.684964617800414e-14,1.6177628811238163e-15,0.05792571525834195,1.7048000535586978e-08,1.6177628811238163e-15,0.003877277199649078,1.6177628811238163e-15
cosmx_bcc_xdonor_spot_0000066215,0.9929827887471753,1.5007411666556556e-09,1.7212784470961946e-15,2.4310017509554512e-09,0.001206131492137173,1.7212784470961946e-15,0.005754332843913002,5.674298502804983e-05
cosmx_bcc_xdonor_spot_0000066216,0.9996199494464703,9.875630385376979e-08,1.6586220245943584e-15,1.6586220245943584e-15,1.2658309920125404e-05,0.0003672934872004609,1.0003929088579539e-13,1.6586220245943584e-15
cosmx_bcc_xdonor_spot_0000066217,0.9999999998646053,1.4697659740242114e-15,1.4697659740242114e-15,1.4697659740242114e-15,1.4697659740242114e-15,1.353855755919913e-10,1.4697659740242114e-15,1.4697659740242114e-15
cosmx_bcc_xdonor_spot_0000066218,0.9775149280610728,1.320245668880929e-15,1.320245668880929e-15,1.320245668880929e-15,1.320245668880929e-15,0.02248507193891902,1.320245668880929e-15,1.320245668880929e-15
cosmx_bcc_xdonor_spot_0000066219,0.36874475829354914,0.4118610580859716,1.434880665261418e-15,1.434880665261418e-15,0.11968558210787872,0.036130452002596514,0.0635781495099996,1.434880665261418e-15
cosmx_bcc_xdonor_spot_0000066220,0.7541455324025267,0.007768928107804717,1.547835285608294e-07,0.03585860160178582,0.16916025523279674,0.0105280326402262,0.022538495231329368,1.6849617584159487e-15
cosmx_bcc_xdonor_spot_0000066221,0.9084500400336081,1.3257019014243612e-15,1.3257019014243612e-15,0.03183214150576988,0.046831584790220065,0.01288623362220698,4.819095238176873e-11,1.3257019014243612e-15
cosmx_bcc_xdonor_spot_0000066222,0.9290436023641846,2.163951348589389e-08,1.5223685053549123e-15,0.008144093762139974,0.046080447231713305,1.5478287562845682e-07,0.016731680219569695,1.5223685053549123e-15
cosmx_bcc_xdonor_spot_0000066223,0.9928395552235135,2.5897887013797937e-08,1.516753951597409e-15,0.0005907753738251216,0.0030541044420086655,1.516753951597409e-15,0.003515539062760972,1.516753951597409e-15
cosmx_bcc_xdonor_spot_0000066224,0.9990082933257518,1.4595446721022054e-15,1.4595446721022054e-15,0.0009917066742040372,1.4595446721022054e-15,3.670783497381593e-14,1.4595446721022054e-15,1.4595446721022054e-15
cosmx_bcc_xdonor_spot_0000066225,0.6127885122312327,2.68465416931428e-09,0.24093591119695892,0.0886566077122936,0.05761896614657738,1.5463230506450108e-15,2.828000433748975e-11,1.5463230506450108e-15
cosmx_bcc_xdonor_spot_0000066226,0.8453113535618495,0.014657472450657148,0.0744050129379463,0.0519682407003821,0.012806887716091628,1.6149101670448849e-15,0.0008510326330702495,1.6149101670448849e-15
cosmx_bcc_xdonor_spot_0000066227,0.97028643631408,4.9604651682482185e-09,1.5564069386568649e-15,0.017125171894014173,0.01257834916810389,2.3960708746750372e-08,1.001370262472948e-05,1.5564069386568649e-15
cosmx_bcc_xdonor_spot_0000066228,0.9168202877484622,0.02001832523342409,1.7547321395850888e-15,0.05160811529305769,0.000663992312364087,0.010633715180737531,0.00025556423195078747,1.7547321395850888e-15
cosmx_bcc_xdonor_spot_0000066229,1.627073755873505e-15,1.7599068472703813e-13,0.6157468647103023,1.627073755873505e-15,0.3842531352895135,1.627073755873505e-15,1.627073755873505e-15,1.627073755873505e-15
cosmx_bcc_xdonor_spot_0000066230,0.0210993571395318,2.091865115771442e-11,0.09138328956045179,8.243312525025162e-08,0.13743395102825307,0.7479592493836247,3.326443226055879e-07,0.002123737789772255
cosmx_bcc_xdonor_spot_0000066231,1.043312657855318e-15,1.043312657855318e-15,1.5104436368642018e-07,1.043312657855318e-15,0.05030662935393777,0.9496932196016933,1.043312657855318e-15,1.043312657855318e-15
cosmx_bcc_xdonor_spot_0000066397,0.03287240995961781,0.12689272078221497,0.16675433863880237,0.5385991956924295,2.8454491999106582e-15,0.07555685304866354,0.059324480522109466,1.3561594195587208e-09
cosmx_bcc_xdonor_spot_0000066399,0.8117987407107476,0.06087931426991957,1.3194910403650582e-13,0.07755881712897225,2.1916856979490116e-15,0.024434945936754788,0.020923938150558145,0.004404243802913554
cosmx_bcc_xdonor_spot_0000066400,0.9396096218686216,0.016228625252999587,1.1472370208615358e-08,0.03696773051548212,2.2197286277336055e-15,0.00019124218647070929,0.007002768704051079,2.2197286277336055e-15
cosmx_bcc_xdonor_spot_0000066401,0.9143639720124328,1.9106671546418258e-11,1.6125624925842394e-15,4.0800963869855754e-09,1.6125624925842394e-15,0.07970040730376289,0.005935614984231098,1.6003667780610312e-09
cosmx_bcc_xdonor_spot_0000066402,0.9061007660374126,0.018736118189760145,0.023489192958332128,3.112634633750019e-09,2.0087366133051132e-15,0.015716915720292005,0.029578729287552362,0.006378274694014096
cosmx_bcc_xdonor_spot_0000066403,0.8583708226595773,0.05110702640064955,0.028289779150490652,0.02618505903125912,0.023625403832459223,1.9379167670274387e-15,0.012421908925133535,4.288210918592367e-13
cosmx_bcc_xdonor_spot_0000066404,0.9998540899786569,1.1863032782261974e-11,1.785025983111869e-15,1.785025983111869e-15,1.785025983111869e-15,1.785025983111869e-15,0.00014591000947088034,1.785025983111869e-15
cosmx_bcc_xdonor_spot_0000066405,0.9596096022358382,1.2651979218799008e-07,1.5620101442233279e-15,1.5620101442233279e-15,0.040201650609099845,0.0001827144315674636,5.906203697455468e-06,1.5620101442233279e-15
cosmx_bcc_xdonor_spot_0000066406,0.9169245774199701,0.00021405824844786318,1.5812193709453543e-15,5.87597453282388e-10,0.03541604438730684,0.0443776392954597,0.0029688364734335067,9.884358778304984e-05
cosmx_bcc_xdonor_spot_0000066407,0.9345920565671754,0.051287689016174046,5.043898908248225e-12,0.00019476307234472467,0.0007063562709144994,1.97732974692024e-15,0.013219135068343385,1.97732974692024e-15
cosmx_bcc_xdonor_spot_0000066408,0.5910191371230623,0.3256843086799408,1.579072487502021e-05,1.5887958947407307e-10,0.013008659922825905,1.1894918811052184e-09,0.07017000050212065,0.00010210169880365153
cosmx_bcc_xdonor_spot_0000066409,0.8357434959561972,0.05311068677220436,1.8827205335561335e-15,1.3960667706589163e-11,0.018404174750163246,0.09064599368765942,3.920028048270765e-12,0.002095648815893112
cosmx_bcc_xdonor_spot_0000066410,0.8751276522693371,0.04087471321669375,0.01228472046590022,0.021897604235039565,0.02809873973323991,2.0009656644574067e-15,0.01917428050899246,0.0025422895707950164
cosmx_bcc_xdonor_spot_0000066411,0.6006326610834828,0.09255529507431412,0.1990388186625601,0.020334371455270776,0.023873354879557544,2.0484444819623994e-15,0.0635654988448104,2.0484444819623994e-15
cosmx_bcc_xdonor_spot_0000066412,0.9707279205704394,0.00011655610367422349,1.4104819231116184e-11,3.486885815463915e-07,0.0045004082740231445,0.009532402222838602,0.015122364126336364,1.8840890000911675e-15
cosmx_bcc_xdonor_spot_0000066413,0.9370386861342577,0.02385329479025227,1.01593046613785e-09,0.03773142069303387,1.425965973753617e-11,1.998963776968004e-15,0.0013765973522619542,1.998963776968004e-15
cosmx_bcc_xdonor_spot_0000066414,0.9132606366034967,0.017525297047726998,1.97247617842068e-15,0.04338466481430697,2.391942849966602e-08,0.0005092646469856874,0.014234851779108517,0.011085261188944559
cosmx_bcc_xdonor_spot_0000066415,0.9655528171886713,0.022579832096618603,1.9208374830433496e-15,0.002172870726241831,2.454498645874467e-05,1.9208374830433496e-15,0.009669935002003614,1.9208374830433496e-15
cosmx_bcc_xdonor_spot_0000066416,0.9834217817856274,0.009668551941477208,0.0002648579399952088,1.0355590785105055e-09,0.00018969845463802335,0.0021950114392786067,0.000538015799721836,0.00372208160370266
cosmx_bcc_xdonor_spot_0000066417,0.9478241276014618,0.001271101647795426,1.7605582913451192e-07,0.00020283419043494848,0.010341124599666143,2.0025037871759038e-15,0.031793299803515154,0.008567336101295356
cosmx_bcc_xdonor_spot_0000066418,0.8831925997216016,0.1045316722579874,0.009623872897060123,0.00229928866545758,0.00018623541943093514,2.189469745806367e-15,2.985073317703529e-06,0.00016334596514245382
cosmx_bcc_xdonor_spot_0000066419,0.15068240474460362,0.2759603969014244,0.07000947689497572,0.013969231176366816,0.21231977680903785,2.2118030066057217e-15,0.27705871347358707,2.2118030066057217e-15
cosmx_bcc_xdonor_spot_0000066420,0.0004513280245740331,0.6978353902612908,0.05785277234540362,6.721138944700236e-05,0.2208820850062372,0.001309412957235476,0.02160180001580965,2.2334231131140463e-15
cosmx_bcc_xdonor_spot_0000066421,1.996484575301301e-15,0.2713732442836113,0.24709236601445575,1.6367963505170999e-06,0.4813166662314263,1.996484575301301e-15,0.00021608667415001163,1.996484575301301e-15
cosmx_bcc_xdonor_spot_0000066422,1.9368914452442502e-15,0.14622025092404936,0.5965484204898772,0.00012240264675154858,0.25620868013873976,0.0009002458001415942,4.366379872724537e-13,1.9368914452442502e-15
cosmx_bcc_xdonor_spot_0000066423,0.005335257610969513,0.3123777276127654,0.15688669106685302,7.467088388727062e-08,0.1483239158184689,0.011648820446462222,0.3654275127735949,2.078189799048623e-15
cosmx_bcc_xdonor_spot_0000066424,0.029184822714025484,0.7442739877290967,0.11969151869766337,0.013216451949459394,0.07980363599760262,2.01657469438963e-15,0.01382958291214834,2.01657469438963e-15
cosmx_bcc_xdonor_spot_0000066425,1.609020437543091e-07,0.5049400675446017,0.11882116576171849,5.669704851269635e-06,0.15821865004206062,0.005111717248492843,0.21290256879622932,2.1622048351148584e-15
cosmx_bcc_xdonor_spot_0000066426,0.022145530448446152,0.24800795863593544,0.09443980249006909,0.055935733273905,0.10397124782537999,1.3355673161736689e-05,0.47548637165310065,1.9521082639335673e-15
cosmx_bcc_xdonor_spot_0000066427,7.62934845900903e-09,0.0858039792795363,0.37979782260575784,3.6774693472054605e-05,0.5071854371430564,0.015578945111941953,0.011597033536884866,2.0746890972284926e-15
cosmx_bcc_xdonor_spot_0000066428,1.5871634362262643e-15,0.34740909774709605,0.27821832857035095,1.5871634362262643e-15,0.12059355557568284,0.00014460810344009217,0.25363441000342507,1.5871634362262643e-15
cosmx_bcc_xdonor_spot_0000066429,1.5304195016215537e-15,1.8636692921233007e-06,0.7107442902529468,1.5304195016215537e-15,0.13295348347767708,1.5304195016215537e-15,0.15630036260007768,1.5304195016215537e-15
cosmx_bcc_xdonor_spot_0000066430,6.37738385850935e-05,1.3232889322682233e-06,0.564151750181103,1.8854832148699356e-15,0.37001207548273923,2.1440347776600796e-05,0.06574963686085986,1.8854832148699356e-15
cosmx_bcc_xdonor_spot_0000066431,1.6524273896591689e-15,3.0581397360002797e-13,0.8212112008195405,1.6524273896591689e-15,0.1787887991466745,1.6524273896591689e-15,3.347252282267083e-11,1.6524273896591689e-15
cosmx_bcc_xdonor_spot_0000066432,1.6163319267614483e-15,1.6163319267614483e-15,0.6078808011873639,1.6163319267614483e-15,0.3921191988126073,1.6163319267614483e-15,2.061683238847735e-14,1.6163319267614483e-15
cosmx_bcc_xdonor_spot_0000066433,2.2255960422084393e-06,0.001766289390888778,0.4494835788840503,5.894136842305254e-11,0.511679307377906,1.7358932409589733e-15,0.037068598692167644,1.7358932409589733e-15
cosmx_bcc_xdonor_spot_0000066434,1.354625245752135e-15,0.011924839703153863,0.509719570268966,1.354625245752135e-15,0.2517473580069899,1.354625245752135e-15,0.22660823202088476,1.354625245752135e-15
cosmx_bcc_xdonor_spot_0000066435,0.05124914427075763,1.0508730960386923e-15,0.41139350277682185,1.0508730960386923e-15,1.0508730960386923e-15,0.46195130258217043,0.07540605037024574,1.0508730960386923e-15
cosmx_bcc_xdonor_spot_0000066436,0.05540847789230948,9.691184657420122e-16,9.691184657420122e-16,9.691184657420122e-16,9.691184657420122e-16,0.9445915221076849,9.691184657420122e-16,9.691184657420122e-16
cosmx_bcc_xdonor_spot_0000066437,0.7105352590071146,1.5331173696452996e-15,1.5331173696452996e-15,1.5331173696452996e-15,1.5331173696452996e-15,0.289464740992876,1.5331173696452996e-15,1.5331173696452996e-15
cosmx_bcc_xdonor_spot_0000066438,0.9999999999999128,1.6925468655694556e-15,1.6925468655694556e-15,1.6925468655694556e-15,1.6925468655694556e-15,1.6925468655694556e-15,7.671689025181916e-14,1.6925468655694556e-15
cosmx_bcc_xdonor_spot_0000066439,0.9721575358872517,1.4862933593036846e-15,1.4862933593036846e-15,1.4862933593036846e-15,0.00280738109750666,0.025035083015233956,1.4862933593036846e-15,1.4862933593036846e-15
cosmx_bcc_xdonor_spot_0000066440,0.9754462925070474,1.612755514321243e-12,8.309739718077248e-05,1.7412718845019709e-15,0.024448608488572745,1.5825975685723619e-15,2.200160558104637e-05,1.5825975685723619e-15
cosmx_bcc_xdonor_spot_0000066441,0.9141623266616606,9.549534037928805e-09,1.5590622317110877e-15,1.5590622317110877e-15,0.029888593114409123,0.05594907067438998,1.5590622317110877e-15,1.5590622317110877e-15
cosmx_bcc_xdonor_spot_0000066500,0.4419952413627018,1.4301821790920145e-15,1.4301821790920145e-15,1.4301821790920145e-15,1.4301821790920145e-15,0.5580047586365702,7.207325809749582e-13,1.4301821790920145e-15
cosmx_bcc_xdonor_spot_0000066501,0.6987576857878364,7.513402016817649e-14,1.6586761331800027e-15,5.890804784429732e-09,0.02002929909408002,0.2266045893578289,0.05460841986937112,1.6586761331800027e-15
cosmx_bcc_xdonor_spot_0000066502,0.9977840270920885,1.667553493934087e-15,1.667553493934087e-15,1.667553493934087e-15,1.667553493934087e-15,4.919051340675799e-05,0.002166782394496358,1.667553493934087e-15
cosmx_bcc_xdonor_spot_0000066503,0.9958172151654288,1.7146781048732526e-08,1.64954069249775e-15,1.64954069249775e-15,0.002531325048858211,1.64954069249775e-15,0.0016514426389253561,1.64954069249775e-15
cosmx_bcc_xdonor_spot_0000066504,0.999700628954704,8.892695484221559e-12,1.5625319241242339e-15,1.5625319241242339e-15,0.000299371036395308,1.5625319241242339e-15,1.5625319241242339e-15,1.5625319241242339e-15
cosmx_bcc_xdonor_spot_0000066505,0.9963224050992131,1.6305775439733872e-07,4.621693096525567e-13,1.75678814717724e-15,0.0017002377290659763,1.6807545675508704e-11,0.0019771940966932314,1.75678814717724e-15
cosmx_bcc_xdonor_spot_0000066506,0.9787636639811251,8.200894637827325e-05,1.7525194802340645e-15,6.223226630808834e-15,0.015482642952245034,1.7525194802340645e-15,0.0056716841202400356,1.7525194802340645e-15
cosmx_bcc_xdonor_spot_0000066507,1.4935346561425658e-15,0.02403386929486969,0.47615487351051544,1.4935346561425658e-15,0.48053947414982895,1.4935346561425658e-15,0.019271783044779934,1.4935346561425658e-15
cosmx_bcc_xdonor_spot_0000066508,0.8434904413289084,0.039742282011314696,1.7912891809988814e-15,0.014903145869352563,0.10185983392918378,4.285866443258428e-06,8.77464982120057e-09,2.220145629946465e-09
cosmx_bcc_xdonor_spot_0000066509,0.9233701894022013,4.843999055865174e-07,1.791890344824168e-15,0.06133024380075183,0.014972277712771423,1.791890344824168e-15,0.0003268046843644614,1.791890344824168e-15
cosmx_bcc_xdonor_spot_0000066510,0.9995830786947338,7.100091008168306e-11,1.8061365454803962e-15,8.437092839718649e-15,5.4584058515778607e-11,1.8061365454803962e-15,0.00041692117966697786,1.8061365454803962e-15
cosmx_bcc_xdonor_spot_0000066511,0.953375926164666,4.1092844817468205e-05,1.7073726112859136e-15,0.04525072716545088,0.001316275388700481,1.7073726112859136e-15,1.5978436359762754e-05,1.7073726112859136e-15
cosmx_bcc_xdonor_spot_0000066512,0.9999908113468008,1.6871344930864367e-15,1.6871344930864367e-15,2.1145349872764876e-10,1.6871344930864367e-15,9.608186289636189e-10,9.187480920165924e-06,1.6871344930864367e-15
cosmx_bcc_xdonor_spot_0000066513,0.9999766034957839,1.5722379493140735e-15,1.5722379493140735e-15,2.339650420643966e-05,1.5722379493140735e-15,1.5722379493140735e-15,1.5722379493140735e-15,1.5722379493140735e-15
cosmx_bcc_xdonor_spot_0000066514,0.9999999999996334,1.6227847183072564e-15,1.6227847183072564e-15,1.6227847183072564e-15,1.6227847183072564e-15,1.6227847183072564e-15,3.566853648064383e-13,1.6227847183072564e-15
cosmx_bcc_xdonor_spot_0000066515,0.9975193094798933,2.341807210137831e-13,1.7350786252460688e-15,1.7350786252460688e-15,2.76778292537432e-08,1.7350786252460688e-15,0.0024806628420361017,1.7350786252460688e-15
cosmx_bcc_xdonor_spot_0000066516,0.9757155572181819,1.56926314927197e-14,1.6121569329475645e-15,0.024284442733900305,1.6121569329475645e-15,1.6121569329475645e-15,4.7895403338818303e-11,1.6121569329475645e-15
cosmx_bcc_xdonor_spot_0000066517,0.8689040703414461,1.5940963803838312e-15,1.5940963803838312e-15,1.5940963803838312e-15,1.5940963803838312e-15,0.13109592965854408,1.5940963803838312e-15,1.5940963803838312e-15
cosmx_bcc_xdonor_spot_0000066518,0.7759470998212935,2.266883660910226e-06,0.04513107234706386,1.9449560766707755e-06,0.12462789210649287,1.8218999039308212e-15,0.05428972388540836,1.8218999039308212e-15
cosmx_bcc_xdonor_spot_0000066519,0.6135227765238098,0.023970438792438986,1.749580230847071e-15,6.253036648722369e-05,0.36244425431725696,1.749580230847071e-15,1.749580230847071e-15,1.749580230847071e-15
cosmx_bcc_xdonor_spot_0000066520,0.743956797777185,1.0565461022287976e-10,1.5382035427808122e-15,0.13949250093857127,0.10770081484209858,6.229399700904015e-10,0.008849885713547544,1.5382035427808122e-15
cosmx_bcc_xdonor_spot_0000066521,0.9280757498071862,3.8945428350377897e-11,1.5858200113854105e-15,0.022888826468609645,0.022645952381271945,1.5858200113854105e-15,0.026389471303981997,1.5858200113854105e-15
cosmx_bcc_xdonor_spot_0000066522,0.9057762090254059,1.2151664395116647e-14,1.3912299633841012e-15,2.2636367904894484e-10,0.017859696583577143,0.059984961718287516,0.016379132446350777,1.3912299633841012e-15
cosmx_bcc_xdonor_spot_0000066523,0.9359464372187163,1.676713693659865e-11,1.4220737401459442e-15,0.05694289644646338,0.00644235434601843,1.4220737401459442e-15,0.0006683119720303771,1.4220737401459442e-15
cosmx_bcc_xdonor_spot_0000066524,0.6903106072470536,0.002489393704643181,0.11621419051034682,2.552956804894289e-12,0.17499151584750136,1.6659969205716323e-15,0.01599429268789866,1.6659969205716323e-15
cosmx_bcc_xdonor_spot_0000066525,0.9474431004452519,1.5865882763086367e-15,1.5865882763086367e-15,1.4405454684886073e-06,0.05255545900927152,1.5865882763086367e-15,1.5865882763086367e-15,1.5865882763086367e-15
cosmx_bcc_xdonor_spot_0000066526,0.9818319749794985,1.9647700446777725e-11,1.4434760856425722e-15,0.0003024410250081474,0.009111951738281918,1.5693920965758386e-12,0.008753632235991581,1.4434760856425722e-15
cosmx_bcc_xdonor_spot_0000066527,0.9963800963136578,0.0005635291024853401,1.5952667680145343e-15,2.1419747559184796e-12,0.0015536719326387687,1.5952667680145343e-15,0.0015027026490712758,1.5952667680145343e-15
cosmx_bcc_xdonor_spot_0000066528,0.1411925823373685,0.18788628002920213,0.36133518785350954,0.03065301114652556,0.27893293447470646,1.9115914289524192e-15,4.158683804308334e-09,1.9115914289524192e-15
cosmx_bcc_xdonor_spot_0000066529,1.7827252506551523e-15,1.797104238060107e-07,0.45930390941254007,1.9634763962173666e-15,0.540695910877027,1.7827252506551523e-15,1.7827252506551523e-15,1.7827252506551523e-15
cosmx_bcc_xdonor_spot_0000066697,0.01405708084204048,0.4016845084767374,0.34293979608437897,0.225174828441161,8.215311671108536e-12,0.016132426653693827,1.1358022256849477e-05,1.4715160822526657e-09
cosmx_bcc_xdonor_spot_0000066698,0.08719659468308395,0.15143184645937588,0.25468011004834545,0.328781552879817,2.672617559561745e-15,0.004077381668322839,0.1738325142610494,2.672617559561745e-15
cosmx_bcc_xdonor_spot_0000066699,0.9506410783280754,0.013875905313305138,2.1045666813479696e-15,0.021689283542264414,2.1045666813479696e-15,2.1045666813479696e-15,0.010482250428959618,0.003311482387388868
cosmx_bcc_xdonor_spot_0000066700,0.8627933426362017,0.030300076590527032,2.2462005729380584e-15,7.419706556748198e-05,2.2462005729380584e-15,0.014998128703288247,0.07938665986598034,0.012447595138430596
cosmx_bcc_xdonor_spot_0000066701,0.7545653954343481,1.1177019506138716e-09,0.17126388109364837,0.04075201857055754,2.0549570592506893e-15,2.0549570592506893e-15,0.03341870378373772,2.0549570592506893e-15
cosmx_bcc_xdonor_spot_0000066702,0.4309516999725446,0.20250114575563707,0.29674344080932946,0.061883152003622884,2.08276648989419e-15,2.08276648989419e-15,0.007920561458859627,2.08276648989419e-15
cosmx_bcc_xdonor_spot_0000066703,0.9435306253234687,2.8527877594187707e-12,0.040560737648460334,8.250063019984817e-06,1.9414092198543197e-15,9.539134736933834e-06,2.8939718517252223e-09,0.0158908449334873
cosmx_bcc_xdonor_spot_0000066704,0.8232495277123484,0.0003759770033625897,0.03724788791885423,0.04695574230283288,0.035979266661767956,0.04642150027502868,8.94431183461266e-08,0.009770008682687029
cosmx_bcc_xdonor_spot_0000066705,0.9473374154901222,0.022680195158992552,0.00286051057847423,3.58665197011389e-07,0.005768141636575039,2.007449274787673e-15,0.02135337847063486,2.007449274787673e-15
cosmx_bcc_xdonor_spot_0000066706,0.961989931881214,0.016671769289185595,0.0005104379004042826,0.020723188945001997,2.15949055319903e-15,2.15949055319903e-15,0.00010467198418748384,2.15949055319903e-15
cosmx_bcc_xdonor_spot_0000066707,0.5982564760671232,0.19454530614460203,0.10750729584281057,0.03706020775993964,0.0041290254515210815,2.408478314315062e-15,0.05803778080354203,0.0004639079304589592
cosmx_bcc_xdonor_spot_0000066708,0.8506092207692397,0.08046466209493625,0.019345769821664194,0.013058072491042343,6.573489350607847e-10,2.046740512786401e-15,0.03652227416576432,2.046740512786401e-15
cosmx_bcc_xdonor_spot_0000066709,0.7940591906092068,0.1326975205264379,0.02442476323209795,0.029923261794210714,2.3236614487322206e-15,2.3236614487322206e-15,0.018895263838039546,2.3236614487322206e-15
cosmx_bcc_xdonor_spot_0000066710,0.5831893595598403,0.1436274334184532,0.15080979240176134,2.3162718083047688e-05,2.1896013822093125e-08,1.937492376429625e-15,0.1223502300058442,1.937492376429625e-15
cosmx_bcc_xdonor_spot_0000066711,0.9474510018854629,1.0376675023994928e-07,0.001466135233991928,0.013331443046871453,2.1326234680302168e-08,1.942170309751106e-15,0.03662794434090919,0.0011233503997776283
cosmx_bcc_xdonor_spot_0000066712,0.8481719481483447,0.09443711210072635,2.610378363947562e-15,0.0003455646938205326,0.05703560053584251,2.0647630834603063e-15,9.774521259115173e-06,2.0647630834603063e-15
cosmx_bcc_xdonor_spot_0000066713,0.9257715624998629,0.06376952769171396,0.0004663254149439114,6.5979197033226865e-06,1.207540996325896e-08,2.0647864884002568e-15,0.0015700597926478067,0.008415914605716057
cosmx_bcc_xdonor_spot_0000066714,0.9047530053818914,0.05041759502406987,2.0847890602451388e-15,0.00231701288265528,2.50820475524179e-10,0.0006581887754431125,0.02649730541566431,0.015356892269453365
cosmx_bcc_xdonor_spot_0000066715,0.916504840614326,2.3323743095896225e-05,0.048931615580570444,0.02240147515272596,0.0009204961284135375,2.157533481389206e-15,3.6008692802467616e-13,0.011218248780505804
cosmx_bcc_xdonor_spot_0000066716,0.7505395395215093,0.07971267204495859,0.05248357116135272,0.04376907216117605,3.548287218935213e-13,2.4333339885774764e-15,0.051030107846510006,0.022465037264136085
cosmx_bcc_xdonor_spot_0000066717,0.7198642731285282,0.09993513877546972,0.04548877229483809,0.08821157627964603,1.0062719717596213e-10,2.5650751321317494e-15,0.04650023942088538,2.5650751321317494e-15
cosmx_bcc_xdonor_spot_0000066718,2.0228843074515165e-15,0.5939711480204429,0.29569638366211076,0.004208701948550028,2.2962246150208396e-08,0.011828579269473774,0.0942951641371724,2.0228843074515165e-15
cosmx_bcc_xdonor_spot_0000066719,0.00023600290497782024,0.1886560401172711,2.2121610586069137e-15,7.901505560209382e-08,0.8111078779624673,2.2121610586069137e-15,2.2142271532115333e-13,2.2121610586069137e-15
cosmx_bcc_xdonor_spot_0000066720,2.0929883577200595e-15,0.111471353703943,0.4770255592358863,0.050186428638481405,0.3508924837137713,2.0929883577200595e-15,1.6578655777269163e-13,0.010424174707748078
cosmx_bcc_xdonor_spot_0000066723,8.667223404526692e-09,0.2627815299375661,0.27225160812149213,0.1276036761052323,0.30452500795269183,0.032186995114769495,0.0006511741010222363,2.435722102478141e-15
cosmx_bcc_xdonor_spot_0000066724,0.0031712346222310082,0.44564299019140774,0.10049185977496854,0.1741932879535075,0.17404688103330698,0.10057296889362738,0.0018807775309477933,2.7321671575511913e-15
cosmx_bcc_xdonor_spot_0000066725,0.05203298005046749,0.675555494161162,0.14308261134127315,0.04488429258157336,2.4948000082118636e-15,0.0385752388826929,0.04586938298282589,2.4948000082118636e-15
cosmx_bcc_xdonor_spot_0000066726,8.775976281696458e-09,0.956413388260977,1.8809395802188973e-15,0.02650665733426459,1.6011816578841553e-06,1.8809395802188973e-15,0.01707834444711843,1.8809395802188973e-15
cosmx_bcc_xdonor_spot_0000066727,0.04659137485763262,0.7094108226060831,0.07460044130321168,0.053883412975774564,5.303137277216301e-05,0.005073157277089528,0.11038775960743412,2.0611711963399707e-15
cosmx_bcc_xdonor_spot_0000066728,1.7105345375242243e-15,9.756428385638656e-07,0.5258019607282015,1.7105345375242243e-15,0.3095157319138741,1.7105345375242243e-15,0.164681331715079,1.7105345375242243e-15
cosmx_bcc_xdonor_spot_0000066729,0.00022303015922882922,0.34080742956507337,0.5906362059381681,0.007011271769023161,0.04496971531968614,0.016153072296511136,0.00019927495230680648,2.2362733407749858e-15
cosmx_bcc_xdonor_spot_0000066730,0.016286874002886673,0.11171840820234989,0.09489778616207521,5.5729064296225734e-05,0.7769585835579984,5.123071690514172e-06,7.749593870102879e-05,2.067769055247918e-15
cosmx_bcc_xdonor_spot_0000066731,1.669147273034301e-15,1.1658183859736525e-08,0.8729244810880099,1.669147273034301e-15,0.1268121248424489,1.669147273034301e-15,0.0002633824113504353,1.669147273034301e-15
cosmx_bcc_xdonor_spot_0000066732,6.434730421944989e-14,0.006336981612848827,0.6090247865822521,2.385801954506417e-14,0.36609386915834374,1.9249358708976863e-15,0.018544362646463235,1.9249358708976863e-15
cosmx_bcc_xdonor_spot_0000066733,1.38647845641428e-15,1.38647845641428e-15,0.6822982728714563,1.38647845641428e-15,0.17462879668528133,1.38647845641428e-15,0.14307293044325545,1.38647845641428e-15
cosmx_bcc_xdonor_spot_0000066734,1.2259106569976056e-15,2.1960954682787914e-14,0.8354017242835501,1.2259106569976056e-15,0.06554091010553627,1.2259106569976056e-15,0.09905736561088682,1.2259106569976056e-15
cosmx_bcc_xdonor_spot_0000066735,0.1347473387040302,1.0309846626788535e-15,0.2052269550974552,1.0309846626788535e-15,0.017978618522288506,0.6420470798933158,7.782907284355766e-09,1.0309846626788535e-15
cosmx_bcc_xdonor_spot_0000066736,0.4708237223537587,1.3340417339487454e-15,0.019435538836211654,1.3340417339487454e-15,0.0525747075212259,0.4502480848171038,0.006917946471695828,1.3340417339487454e-15
cosmx_bcc_xdonor_spot_0000066737,0.8741125371029813,1.4386304811222225e-15,1.4386304811222225e-15,1.4386304811222225e-15,1.4386304811222225e-15,0.1258874628970099,1.4386304811222225e-15,1.4386304811222225e-15
cosmx_bcc_xdonor_spot_0000066738,0.9999999999999886,1.5921828359006873e-15,1.5921828359006873e-15,1.5921828359006873e-15,1.5921828359006873e-15,1.5921828359006873e-15,1.5921828359006873e-15,1.5921828359006873e-15
cosmx_bcc_xdonor_spot_0000066739,0.9604363731874472,1.5500420081321029e-15,1.5500420081321029e-15,1.5500420081321029e-15,1.5500420081321029e-15,0.03956362681254313,1.5500420081321029e-15,1.5500420081321029e-15
cosmx_bcc_xdonor_spot_0000066740,0.9999848438117446,1.689482519272632e-15,1.689482519272632e-15,1.689482519272632e-15,1.689482519272632e-15,1.5156187550411442e-05,6.965295128875244e-13,1.689482519272632e-15
cosmx_bcc_xdonor_spot_0000066797,6.92245122236964e-16,6.92245122236964e-16,6.92245122236964e-16,6.92245122236964e-16,6.92245122236964e-16,0.9999999999999952,6.92245122236964e-16,6.92245122236964e-16
cosmx_bcc_xdonor_spot_0000066798,8.372891265763091e-16,8.372891265763091e-16,8.372891265763091e-16,8.372891265763091e-16,8.372891265763091e-16,0.9999999999999943,8.372891265763091e-16,8.372891265763091e-16
cosmx_bcc_xdonor_spot_0000066799,0.3418083830018399,1.3248396740152727e-15,1.3248396740152727e-15,1.3248396740152727e-15,0.02641992499883417,0.631771691999319,1.3248396740152727e-15,1.3248396740152727e-15
cosmx_bcc_xdonor_spot_0000066800,0.5179810780267481,1.357538682462753e-15,1.357538682462753e-15,1.357538682462753e-15,0.04516047693376915,0.4368232675210082,3.517751846896984e-05,1.357538682462753e-15
cosmx_bcc_xdonor_spot_0000066801,0.9564505214807548,1.7304950374653382e-06,1.7098875524559032e-15,0.019579031428466297,0.013685758435569541,8.08808978779402e-11,0.010282958079287372,1.7098875524559032e-15
cosmx_bcc_xdonor_spot_0000066802,0.9938244593031036,1.58309427729976e-15,1.58309427729976e-15,0.006175533571388418,1.58309427729976e-15,7.0233269792916064e-09,1.0217453758708828e-10,1.58309427729976e-15
cosmx_bcc_xdonor_spot_0000066803,0.9605967467278574,6.368946202069238e-06,1.6873105440271762e-15,1.6873105440271762e-15,0.03900820501102893,1.6873105440271762e-15,0.0003886793149045522,1.6873105440271762e-15
cosmx_bcc_xdonor_spot_0000066804,0.9949521616562846,4.4815825060083576e-11,1.6175111019542137e-15,1.6175111019542137e-15,0.0020305643869466105,8.035690359077456e-13,0.0030172739111443804,1.6175111019542137e-15
cosmx_bcc_xdonor_spot_0000066805,0.9156034419511505,2.1660016416255913e-15,1.460365619784789e-15,1.460365619784789e-15,0.00658730967127806,0.057405888981296165,0.020403359396268618,1.460365619784789e-15
cosmx_bcc_xdonor_spot_0000066806,0.22167287650770387,1.489498083288773e-10,0.4521525343689612,1.5647213740973468e-15,0.3261745093117353,1.33217663207996e-12,7.966131439390896e-08,1.5647213740973468e-15
cosmx_bcc_xdonor_spot_0000066807,0.7407565989565816,0.0494936474577572,0.08960995278520553,0.01499096965864715,0.04206305551002835,1.9329049815672696e-15,0.06308577563177625,1.9329049815672696e-15
cosmx_bcc_xdonor_spot_0000066808,0.7986521695651627,0.001075413304290693,1.8926968818126252e-15,0.17339037819723221,0.026882038671654885,1.8926968818126252e-15,2.6165373003313395e-10,1.8926968818126252e-15
cosmx_bcc_xdonor_spot_0000066809,0.9861306506182859,7.451509529611076e-15,1.7731624938954568e-15,5.090984862219206e-12,1.7731624938954568e-15,0.0007796350699343798,0.013089714306675862,1.7731624938954568e-15
cosmx_bcc_xdonor_spot_0000066810,0.9949405720292775,1.5254319746042928e-13,1.6535346251873338e-15,0.0050594279654748294,1.7483997231430765e-15,2.0797949407092248e-14,5.069272773550993e-12,1.6535346251873338e-15
cosmx_bcc_xdonor_spot_0000066811,0.9999930695825815,1.6375120501496888e-06,1.62177734371451e-15,4.796196609299578e-06,4.966488384909496e-07,1.62177734371451e-15,5.991546052264496e-11,1.62177734371451e-15
cosmx_bcc_xdonor_spot_0000066812,0.9804618060838332,6.658307073769883e-13,1.5734460361736815e-15,0.019537188030763163,4.796085397636576e-07,1.5734460361736815e-15,5.262761934086751e-07,1.5734460361736815e-15
cosmx_bcc_xdonor_spot_0000066813,0.9644014156921908,1.1838132076432344e-14,1.636550905141926e-15,0.03498181102174921,1.636550905141926e-15,1.636550905141926e-15,0.0006167732860412526,1.636550905141926e-15
cosmx_bcc_xdonor_spot_0000066814,0.9999999999999885,1.6134326203364356e-15,1.6134326203364356e-15,1.6134326203364356e-15,1.6134326203364356e-15,1.6134326203364356e-15,1.6134326203364356e-15,1.6134326203364356e-15
cosmx_bcc_xdonor_spot_0000066815,0.9981079111437385,1.1141716888661993e-08,1.6473407374958622e-15,4.684705126175773e-05,1.3469569907592348e-06,1.6473407374958622e-15,0.0018438836936251143,1.2663591080755591e-11
cosmx_bcc_xdonor_spot_0000066816,0.5090996970849537,0.021608379150177732,0.26154539617417766,0.0266615244095027,0.17407291993894147,1.704789178580288e-15,0.007012083242243235,1.704789178580288e-15
cosmx_bcc_xdonor_spot_0000066817,1.759731125529243e-15,0.07060845535344458,0.09572598432052871,1.759731125529243e-15,0.826723573932194,1.759731125529243e-15,0.006941986393825583,1.759731125529243e-15
cosmx_bcc_xdonor_spot_0000066818,1.77071630990294e-15,0.024327284370898084,2.016952176713985e-05,4.392881936721546e-09,0.9755549916851944,1.77071630990294e-15,9.755002925311013e-05,1.77071630990294e-15
cosmx_bcc_xdonor_spot_0000066819,2.024019691054652e-15,2.5755065294199287e-07,2.024019691054652e-15,2.024019691054652e-15,0.9999997424493348,2.024019691054652e-15,2.024019691054652e-15,2.024019691054652e-15
cosmx_bcc_xdonor_spot_0000066820,0.2981610562623565,0.0035649842214908285,0.06931673080976408,1.7612531512900996e-15,0.4492284348692943,0.07168909083707191,0.10803970300001883,1.7612531512900996e-15
cosmx_bcc_xdonor_spot_0000066821,0.23203893927423758,3.0192406986704874e-06,1.5895076751302274e-15,1.5895076751302274e-15,0.32288960103768966,0.4189808805588228,0.02608755988854644,1.5895076751302274e-15
cosmx_bcc_xdonor_spot_0000066822,0.8545172431514881,1.151176283967276e-11,1.5694588410529107e-15,1.5694588410529107e-15,0.07764826828515727,0.03508641329683061,0.03274807525500739,1.5694588410529107e-15
cosmx_bcc_xdonor_spot_0000066823,0.7211563335680241,0.11201898353718462,4.277774618934696e-09,2.0690043405784213e-05,0.16671759145445128,1.6830788384114812e-15,8.639711915608395e-05,1.6830788384114812e-15
cosmx_bcc_xdonor_spot_0000066824,0.9765033473885109,1.2071096280880852e-12,1.6280373459419112e-15,1.6280373459419112e-15,0.02349665083221446,1.6280373459419112e-15,1.7780609897995512e-09,1.6280373459419112e-15
cosmx_bcc_xdonor_spot_0000066825,0.997824799757536,1.4041105376996852e-12,1.4500683459063937e-15,1.4500683459063937e-15,0.0021752002410326335,2.139955086494752e-14,1.4500683459063937e-15,1.4500683459063937e-15
cosmx_bcc_xdonor_spot_0000066826,0.9303301110175667,6.764466393414259e-10,1.5679135660938635e-15,0.05666993098042543,0.012999957310522586,1.5679135660938635e-15,1.444851386871691e-11,5.869914128669582e-13
cosmx_bcc_xdonor_spot_0000066827,1.5784360762121635e-15,0.0005100160060614713,0.9488690417635268,1.5784360762121635e-15,0.050618790884709254,1.5784360762121635e-15,2.1513456959746087e-06,1.5784360762121635e-15
cosmx_bcc_xdonor_spot_0000066998,0.9662006395089419,0.033052742625175366,5.0090790936284716e-11,0.0005470103289477883,2.358739002189975e-06,1.9122216734487266e-15,0.00019724874783811917,1.9122216734487266e-15
cosmx_bcc_xdonor_spot_0000066999,0.9820171929800907,0.0007240494098014696,1.758508978543202e-14,0.002204843108136677,1.8758625039474872e-15,1.8758625039474872e-15,0.012696323489668121,0.0023575910122816436
cosmx_bcc_xdonor_spot_0000067000,0.9866585213105176,0.003861878135050906,5.964895483913558e-14,7.162457699395068e-11,1.87164949446237e-15,6.500196336951892e-13,0.008412931952443102,0.0010666685296523571
cosmx_bcc_xdonor_spot_0000067001,0.9287814595259247,0.004142422914556877,1.9415601835327746e-15,0.025213032782338215,0.01320415319112177,0.011778628203851357,0.016880303382203015,1.9415601835327746e-15
cosmx_bcc_xdonor_spot_0000067002,0.9765407181108071,1.9692377521249487e-15,1.9692377521249487e-15,0.023459281889180797,1.9692377521249487e-15,1.9692377521249487e-15,1.9692377521249487e-15,1.9692377521249487e-15
cosmx_bcc_xdonor_spot_0000067003,0.7007154445473034,0.05035201470233172,0.14013751190039953,0.02417311706928005,2.2005230697288582e-15,0.03058531506415826,0.03790340756924282,0.01613318914728174
cosmx_bcc_xdonor_spot_0000067004,0.00022276728487141353,2.2289011454687752e-15,0.9250700491691978,0.07470718354591946,2.2289011454687752e-15,2.2289011454687752e-15,2.2289011454687752e-15,2.2289011454687752e-15
cosmx_bcc_xdonor_spot_0000067005,0.9699122201938096,1.6042985007823807e-06,3.2459623451951154e-13,0.012767361431433229,1.8716091718958728e-15,1.098629738852918e-08,0.01352202661370885,0.003796776475923663
cosmx_bcc_xdonor_spot_0000067006,0.8850462629669105,0.08061776330906922,3.150232071930125e-08,0.011129417418402735,0.02213873150155143,1.989354274585642e-15,0.001067793301741262,1.989354274585642e-15
cosmx_bcc_xdonor_spot_0000067007,0.11658159059596082,0.11761971263415451,0.5710801870828394,1.3565341822506177e-07,0.11612432086939008,2.156603420132696e-15,0.07859405316423251,2.156603420132696e-15
cosmx_bcc_xdonor_spot_0000067008,0.9525528989323997,0.011866463277659374,5.4749706820844764e-09,4.6433992529241414e-08,0.004122136121388654,1.9272815882179105e-15,0.031246801647888893,0.00021164811169846766
cosmx_bcc_xdonor_spot_0000067009,0.9502086314342407,0.0331688594530734,2.5875749002104224e-08,0.0007384668210961106,1.914902292113365e-15,0.006178616250897436,0.009705400164939242,1.914902292113365e-15
cosmx_bcc_xdonor_spot_0000067010,0.7857515408111203,0.08068213354272276,0.00020459863394562048,0.03659543300300407,0.07773944429629893,0.0109903850219358,0.0001456742394551984,0.007890790451517374
cosmx_bcc_xdonor_spot_0000067011,0.9033273248296518,0.05570905242519132,1.0718821338417144e-06,0.03779036247683141,6.444881868271847e-12,1.9397289498558373e-09,0.0023068403749889675,0.0008653460650287101
cosmx_bcc_xdonor_spot_0000067012,0.8688798596239886,0.07398426944577337,0.0015681394620765843,0.04239366984398029,1.6680135348328837e-05,3.520552830188499e-07,2.7272310603709442e-05,0.013129757122946105
cosmx_bcc_xdonor_spot_0000067013,0.9414618434319697,0.05278420784842051,1.970911362372818e-12,0.005753391092446919,2.0674989636532385e-15,2.0674989636532385e-15,1.1331315657758787e-09,5.56492056306541e-07
cosmx_bcc_xdonor_spot_0000067014,0.7161916310373853,0.22129882509544724,0.0013832734370629234,0.041998619630727665,5.439821122855279e-10,0.0006136988639558296,0.017845003427712645,0.0006689479637263218
cosmx_bcc_xdonor_spot_0000067027,1.9721096716122614e-15,0.00037647477544912165,0.6958347378189635,1.9721096716122614e-15,0.02152341438464154,1.9721096716122614e-15,0.2822653730209378,1.9721096716122614e-15
cosmx_bcc_xdonor_spot_0000067028,0.04706617876180487,0.1021742455432093,0.6964720816323231,6.088864622600508e-13,0.13654051843078352,0.017745680865136976,1.2947661313656338e-06,2.1738686794169925e-15
cosmx_bcc_xdonor_spot_0000067029,2.7926742241913612e-08,0.2529635469350331,0.49532834692122985,3.8094576216809334e-08,0.1079061585757377,0.038583922469755734,0.10521795907692298,2.105416692306305e-15
cosmx_bcc_xdonor_spot_0000067030,1.815135048875618e-15,0.3067502561917684,0.368947012164796,1.815135048875618e-15,0.2798691426036088,1.1482399573248303e-14,0.04443358903980988,1.815135048875618e-15
cosmx_bcc_xdonor_spot_0000067031,1.8522705439297582e-15,0.17849795065622776,0.44926515640284365,1.6152540821731026e-07,0.2553280365030718,1.8522705439297582e-15,0.116908694912443,1.8522705439297582e-15
cosmx_bcc_xdonor_spot_0000067032,1.83865907827297e-15,6.1276664344033305e-12,0.44491596955110696,6.15372971525934e-08,0.5278652287553706,2.93867556670534e-15,0.027218740150091097,1.83865907827297e-15
cosmx_bcc_xdonor_spot_0000067033,1.487494934566612e-15,1.487494934566612e-15,0.6062758403122077,1.487494934566612e-15,0.39372415967228497,1.487494934566612e-15,1.5499673314745112e-11,1.487494934566612e-15
cosmx_bcc_xdonor_spot_0000067034,1.2467533237442094e-15,1.2467533237442094e-15,0.7289038858412811,1.2467533237442094e-15,0.2502193922630222,1.2467533237442094e-15,0.02087672189569036,1.2467533237442094e-15
cosmx_bcc_xdonor_spot_0000067035,0.2943922658568041,1.4789493090556032e-15,0.6259470017511833,1.4789493090556032e-15,0.07952286041391977,1.4789493090556032e-15,0.00013787197808671353,1.4789493090556032e-15
cosmx_bcc_xdonor_spot_0000067036,0.9999986108710042,1.7063552478068656e-15,1.3884292642343581e-06,1.7063552478068656e-15,1.7063552478068656e-15,6.997227938345231e-10,1.7063552478068656e-15,1.7063552478068656e-15
cosmx_bcc_xdonor_spot_0000067037,0.9956676852135367,8.995608119660939e-10,1.735771282770722e-15,1.735771282770722e-15,0.004332313886893496,1.735771282770722e-15,1.735771282770722e-15,1.735771282770722e-15
cosmx_bcc_xdonor_spot_0000067038,0.9818719961766195,1.7751781358685019e-15,0.01278181092207807,1.7751781358685019e-15,1.7751781358685019e-15,0.005346192901293432,1.7751781358685019e-15,1.7751781358685019e-15
cosmx_bcc_xdonor_spot_0000067039,0.9997360401811648,1.6423427928412004e-15,0.0002634948691999304,1.6423427928412004e-15,1.6423427928412004e-15,1.6423427928412004e-15,4.6494962680169605e-07,1.6423427928412004e-15
cosmx_bcc_xdonor_spot_0000067097,0.3209847218081843,0.10966883134673945,0.021119074325255584,0.2739777389361737,2.696193135660189e-15,0.13227972278624406,0.10340118221611445,0.0385687285812855
cosmx_bcc_xdonor_spot_0000067098,0.35904762411471847,0.08252992937021127,2.3508790842572518e-15,0.19239973509723,1.3403804377339701e-05,0.26545529439840027,0.08039481445514624,0.020159198759914215
cosmx_bcc_xdonor_spot_0000067099,0.1765121113789881,0.28300644515505446,0.007264102554462595,0.1957734742070669,0.0021403085346949303,0.2725435504458445,0.03311769088959962,0.029642316834288793
cosmx_bcc_xdonor_spot_0000067100,0.5370090674486773,0.18267210648287394,2.46424676083115e-15,0.17481196141909405,0.062594503186993,0.009614203970569269,0.01572056753180186,0.01757758995998796
cosmx_bcc_xdonor_spot_0000067101,0.6077664176142701,1.7131836987955696e-10,0.03716417675958402,0.3515629954368586,2.4176904925697656e-15,0.003506410017961434,2.4176904925697656e-15,2.4176904925697656e-15
cosmx_bcc_xdonor_spot_0000067103,0.5422386293282004,0.29069546479445213,2.8571080846785924e-15,0.16706590587733286,2.8571080846785924e-15,2.8571080846785924e-15,2.8571080846785924e-15,2.8571080846785924e-15
cosmx_bcc_xdonor_spot_0000067105,1.7975238793236198e-15,0.11723469139671462,0.4248965036481691,0.006323878649632408,0.363499830275234,1.7975238793236198e-15,0.0880450960302443,1.7975238793236198e-15
cosmx_bcc_xdonor_spot_0000067106,0.5920903410080647,0.2452776805573552,0.006622786345044561,0.033043953439602154,0.05735161318270726,1.6608756609994657e-15,0.0656136254672227,1.6608756609994657e-15
cosmx_bcc_xdonor_spot_0000067107,0.8261019836740199,2.6067328395015263e-06,1.7386812278526163e-15,0.16060757498915937,0.00612411112987588,3.39001954399836e-13,0.005932802745656989,0.0012309207281073758
cosmx_bcc_xdonor_spot_0000067108,0.9806392423630756,6.4213731619567075e-12,1.830034530554421e-15,0.01908189119674283,1.830034530554421e-15,1.830034530554421e-15,0.0002788664337526763,1.830034530554421e-15
cosmx_bcc_xdonor_spot_0000067109,0.9746818154237605,1.4664257233281214e-07,7.357180123473274e-10,3.273709413943922e-12,0.015454471578775405,1.6078951873157653e-15,0.009863565615896826,1.6078951873157653e-15
cosmx_bcc_xdonor_spot_0000067110,0.9428343008607946,4.7517063434862145e-15,0.047822472354207064,1.5612873395124312e-15,0.009328621248980266,1.5612873395124312e-15,1.4605536008674623e-05,1.5612873395124312e-15
cosmx_bcc_xdonor_spot_0000067111,0.9249070635859817,5.522519268646593e-07,0.03798591885821566,1.7152184613917612e-15,0.00929833338156995,1.7152184613917612e-15,0.0278081319223007,1.7152184613917612e-15
cosmx_bcc_xdonor_spot_0000067112,0.9921786093253865,1.7427927137972886e-15,1.7427927137972886e-15,0.007821390674569032,1.7427927137972886e-15,1.7427927137972886e-15,3.573025743511466e-14,1.7427927137972886e-15
cosmx_bcc_xdonor_spot_0000067113,0.9985188389001549,3.594290458146531e-09,1.6426635931282398e-15,1.6426635931282398e-15,0.0011176312627132075,1.6426635931282398e-15,5.430115493318673e-13,0.0003635262422933055
cosmx_bcc_xdonor_spot_0000067114,0.9277381506724807,0.001830140501591033,5.8353594170164305e-05,0.033973256976295926,0.020275033809494157,1.821569066291926e-15,0.016125064445964298,1.821569066291926e-15
cosmx_bcc_xdonor_spot_0000067115,0.13270954682837668,0.048636800657694775,0.2530406147563869,1.3658253486258064e-08,0.5627729418619873,2.00693488741686e-15,0.0028400822372966574,2.00693488741686e-15
cosmx_bcc_xdonor_spot_0000067116,1.6668106084524772e-15,3.2753945379200356e-11,9.564806414129031e-12,1.6668106084524772e-15,0.9999999999576729,1.6668106084524772e-15,1.6668106084524772e-15,1.6668106084524772e-15
cosmx_bcc_xdonor_spot_0000067117,1.8648022067412872e-15,0.02316203054044446,0.06718322831664308,1.8648022067412872e-15,0.8825649289522858,1.8648022067412872e-15,0.027089812190619077,1.8648022067412872e-15
cosmx_bcc_xdonor_spot_0000067118,1.730451244155512e-15,0.0012810243641425021,1.5146464666123036e-08,1.730451244155512e-15,0.9628800331476461,1.730451244155512e-15,0.035838927341739636,1.730451244155512e-15
cosmx_bcc_xdonor_spot_0000067119,1.8066854694663938e-15,4.614529093505753e-05,1.8066854694663938e-15,1.8066854694663938e-15,0.9999538547089329,1.8066854694663938e-15,1.2279435063919606e-13,1.8066854694663938e-15
cosmx_bcc_xdonor_spot_0000067120,0.5267497064618395,9.221809263494562e-10,1.7088791800900355e-15,0.009387477918223665,0.4638628146977488,1.7088791800900355e-15,1.7088791800900355e-15,1.7088791800900355e-15
cosmx_bcc_xdonor_spot_0000067121,0.6843943729351207,5.9403129343171315e-09,1.762339306711757e-15,0.03704907747857201,0.27855654364592347,1.762339306711757e-15,6.53520415949389e-14,1.762339306711757e-15
cosmx_bcc_xdonor_spot_0000067122,0.5202331036645402,0.004390295879760064,3.1885614161217425e-14,0.00888384175587827,0.4664927408083132,1.8115755341281345e-15,1.7891472683900903e-08,1.8115755341281345e-15
cosmx_bcc_xdonor_spot_0000067123,0.9576682749350972,9.87778789079419e-10,1.5201973062738925e-15,5.440845228578812e-15,0.04231329642614842,1.6777406181640076e-05,1.6502447854796174e-06,1.5201973062738925e-15
cosmx_bcc_xdonor_spot_0000067124,0.9284915097906339,1.4402348860899408e-15,1.4402348860899408e-15,0.0011112658269470986,0.07039722438241165,1.4402348860899408e-15,1.4402348860899408e-15,1.4402348860899408e-15
cosmx_bcc_xdonor_spot_0000067125,0.6218951796760664,1.841818761434176e-09,0.0003697260057882636,6.665841872831276e-09,0.3777343908678697,1.521017217372258e-15,6.949426119146278e-07,1.521017217372258e-15
cosmx_bcc_xdonor_spot_0000067126,1.4770555246109742e-15,1.4770555246109742e-15,0.23513400928012973,1.4770555246109742e-15,0.7648659907198613,1.4770555246109742e-15,1.4770555246109742e-15,1.4770555246109742e-15
cosmx_bcc_xdonor_spot_0000067297,0.6282518282090368,0.1093196419268853,0.010496176984342345,0.14480887989871286,0.07411804790281168,2.2274037393290663e-15,0.008615072524066864,0.024390352554141813
cosmx_bcc_xdonor_spot_0000067298,0.9339430404641508,0.008610298277519765,0.010003506224392463,0.018433176956649876,2.029011803531139e-15,0.01120861135763544,0.017801366719647386,2.029011803531139e-15
cosmx_bcc_xdonor_spot_0000067299,0.9908144379120464,1.9072797950897326e-09,5.061507629347248e-08,0.002247480352384208,2.046804613716952e-15,2.046804613716952e-15,0.006938029212708664,5.00532001629857e-13
cosmx_bcc_xdonor_spot_0000067300,0.9131557548246241,0.006760629928573832,2.8019284274079054e-09,0.026445734655827207,2.050783055046869e-15,2.050783055046869e-15,0.039548683361516665,0.014089194427525605
cosmx_bcc_xdonor_spot_0000067301,0.9957515075574038,1.5937652653374502e-15,1.5937652653374502e-15,1.5937652653374502e-15,0.004248492442308303,1.5937652653374502e-15,2.7981110669482337e-13,1.5937652653374502e-15
cosmx_bcc_xdonor_spot_0000067302,0.2405291735566047,1.171532050413295e-15,0.06733880660992059,1.171532050413295e-15,1.171532050413295e-15,1.171532050413295e-15,1.171532050413295e-15,0.6921320198334688
cosmx_bcc_xdonor_spot_0000067303,0.19557346823178995,0.06633729404604587,0.37926823041215046,1.9051461979755262e-15,0.04603944447355724,1.1330882709326435e-05,0.23153637879794875,0.08123385315579648
cosmx_bcc_xdonor_spot_0000067304,0.9419348656026183,1.9130981588743263e-06,0.0007698155579308427,0.015221056475581663,7.04376538650129e-07,1.9225542690214264e-15,0.04207164488916772,1.9225542690214264e-15
cosmx_bcc_xdonor_spot_0000067305,0.9330696839719844,0.04170994655751452,0.0038392384602199702,5.8237461011754905e-09,2.6709183364686614e-08,2.0717828204479466e-15,0.010561355309693798,0.010819743167655787
cosmx_bcc_xdonor_spot_0000067307,0.8674888344949248,0.07040205781126524,2.7201614824542612e-09,0.048043983592260434,2.20613963675609e-15,0.013726042847014432,0.000339078534163446,2.0790254400060956e-13
cosmx_bcc_xdonor_spot_0000067308,0.8257337863804298,0.08906975048374752,1.1740669800157173e-11,0.04393931884657032,5.312650503623939e-12,0.02698424766823417,0.007220997515046691,0.007051899088918161
cosmx_bcc_xdonor_spot_0000067309,0.73290002436989,1.8409647813457258e-14,0.2525458810296858,0.014554094600366035,3.3100120231049587e-14,2.1056558810478017e-15,2.1056558810478017e-15,2.1056558810478017e-15
cosmx_bcc_xdonor_spot_0000067310,0.8033474882608499,0.08896217240299459,0.02671374113459776,0.07639397401026624,2.564334362056631e-12,2.2866697829624478e-15,1.3332058842938826e-09,0.004582622855519076
cosmx_bcc_xdonor_spot_0000067311,0.7214921025913813,0.10753850416444405,2.296141833004893e-15,0.0967631280156385,0.012672899872988844,0.026764882019338403,0.017200708457016066,0.017567774879190635
cosmx_bcc_xdonor_spot_0000067312,0.6279076575921277,0.17772445050006483,0.05814268278774509,0.12126983853557456,0.00718543381839116,0.0005139888247399242,0.006132989473975385,0.001122958467381209
cosmx_bcc_xdonor_spot_0000067313,0.3802643936731706,0.34465090433015666,0.06658038034819144,0.10550365571649775,4.425117704092407e-07,8.833985760119243e-11,0.10300022333187091,2.3672835810312588e-15
cosmx_bcc_xdonor_spot_0000067314,1.855959049941571e-15,0.4889219500621026,0.2553878290589683,1.855959049941571e-15,0.1098056842899366,1.855959049941571e-15,0.14588453658898487,1.855959049941571e-15
cosmx_bcc_xdonor_spot_0000067326,2.2152451127795557e-15,0.23899055647866901,0.00010343190490852014,0.08099530369614899,2.2152451127795557e-15,0.021380704149350678,0.6585300037709162,2.2152451127795557e-15
cosmx_bcc_xdonor_spot_0000067327,0.0028627825774218056,0.1798502881462686,0.4688483695624133,0.04522687781826144,0.2799745170007498,0.023237158425507866,6.469374601651646e-09,2.218745852121029e-15
cosmx_bcc_xdonor_spot_0000067328,8.945420334032513e-13,0.5172966650887428,0.16817796865841894,0.07482299943439477,0.21353723500014712,0.019259910372219774,0.0069052214415576164,3.624351410645214e-12
cosmx_bcc_xdonor_spot_0000067329,1.9718158113584623e-05,0.42715379208418947,0.1880057933715116,0.10480322863693915,0.27829631158161283,2.466916300555577e-15,0.001721156167628212,2.466916300555577e-15
cosmx_bcc_xdonor_spot_0000067330,1.4997093274522274e-11,0.19952476537036912,0.5627867993299336,0.06911603573411935,0.16857239954501263,2.1854171072637334e-15,5.563749535000215e-12,2.1854171072637334e-15
cosmx_bcc_xdonor_spot_0000067331,1.7007771079813333e-15,1.905871056411697e-12,0.36959707460628644,1.7007771079813333e-15,0.6304029252186472,1.7007771079813333e-15,1.73153525170707e-10,1.7007771079813333e-15
cosmx_bcc_xdonor_spot_0000067332,1.968924783347942e-15,0.0013659931837634322,0.3435954307049283,1.968924783347942e-15,0.6550385760677961,1.968924783347942e-15,4.350402346077313e-11,1.968924783347942e-15
cosmx_bcc_xdonor_spot_0000067333,1.5984595834721977e-15,0.00032668885415089086,0.43072230304363496,1.5984595834721977e-15,0.3789260474802739,1.5984595834721977e-15,0.1900249606219337,1.5984595834721977e-15
cosmx_bcc_xdonor_spot_0000067334,0.011758862782974196,1.3757329212848267e-15,0.7910799809397142,1.3757329212848267e-15,0.19055681436187905,0.006604341915425068,3.496143783596939e-15,1.3757329212848267e-15
cosmx_bcc_xdonor_spot_0000067335,0.9840512218572337,1.974037505369468e-15,0.004175557960897975,3.365969842232447e-14,1.974037505369468e-15,0.01177322018182665,1.974037505369468e-15,1.974037505369468e-15
cosmx_bcc_xdonor_spot_0000067336,0.9842095365961894,7.826158154213769e-12,0.013173090147314147,2.3037887232178777e-13,1.8933601979160492e-15,1.8933601979160492e-15,0.002617373248434436,1.8933601979160492e-15
cosmx_bcc_xdonor_spot_0000067337,0.9652885279912472,1.416552047011328e-09,0.0340387552099055,6.825220351633102e-15,2.3799060914796405e-06,1.993484243456863e-15,0.0006703354761928253,1.993484243456863e-15
cosmx_bcc_xdonor_spot_0000067338,0.9890155248595629,8.394579130516435e-05,2.1443285795178176e-15,5.03226600626485e-13,0.010900529348620014,2.1443285795178176e-15,2.1443285795178176e-15,2.1443285795178176e-15
cosmx_bcc_xdonor_spot_0000067396,0.27713544422351266,0.4020380602918235,0.030298293565199846,0.2756618969198897,4.425544385810787e-15,3.0046254418298734e-15,0.014866304999563774,3.0046254418298734e-15
cosmx_bcc_xdonor_spot_0000067397,0.2851667124657023,0.2801768117475818,0.09338226017777601,0.34126010818198044,2.987492509128124e-15,2.987492509128124e-15,1.4107426950172527e-05,2.987492509128124e-15
cosmx_bcc_xdonor_spot_0000067399,0.4418074558694519,0.14140365190370285,1.1544376685275006e-09,0.31219832895508587,2.6821763947115834e-15,0.0636504937191606,3.518161321579625e-08,0.040940033216544915
cosmx_bcc_xdonor_spot_0000067401,0.3774997700318922,0.18940344342592477,0.0015852468094925043,0.24683740308553775,1.344840522973754e-11,0.09050542211143323,0.07160953767537287,0.022559176846898493
cosmx_bcc_xdonor_spot_0000067402,0.4034615798124443,0.13299501987466705,2.313508573991323e-15,0.32240642220912386,2.313508573991323e-15,0.07698457211767362,0.02285739244209797,0.04129501354398855
cosmx_bcc_xdonor_spot_0000067403,0.29184016023042164,0.20234874305514158,2.5814876463901387e-15,0.12104147644322656,0.013675218015967104,0.3554631226760608,0.008363457762507047,0.0072678218166726495
cosmx_bcc_xdonor_spot_0000067416,1.744886550030917e-15,0.04426351815065762,1.744886550030917e-15,1.744886550030917e-15,0.9483165973722434,1.744886550030917e-15,0.007419884477090053,1.744886550030917e-15
cosmx_bcc_xdonor_spot_0000067417,1.6859153596322846e-15,1.6438256355407128e-14,0.05457966441213462,1.6859153596322846e-15,0.9454203355878396,1.6859153596322846e-15,2.458846029704226e-15,1.6859153596322846e-15
cosmx_bcc_xdonor_spot_0000067418,1.7083210371061753e-15,4.982692967633265e-09,0.4301627037911714,1.7083210371061753e-15,0.5698372905422847,1.7083210371061753e-15,6.838439656781812e-10,1.7083210371061753e-15
cosmx_bcc_xdonor_spot_0000067419,0.40137551848963465,0.004330785511561179,0.155732527617639,1.675597065712955e-15,0.43055390317968545,1.675597065712955e-15,0.008007265201474474,1.675597065712955e-15
cosmx_bcc_xdonor_spot_0000067420,0.46910327612578534,3.9889741606071695e-05,0.007841745133392246,1.6383972129271239e-15,0.513557874308707,1.6383972129271239e-15,0.00945721469050415,1.6383972129271239e-15
cosmx_bcc_xdonor_spot_0000067421,0.9496403962412987,1.1647585360831967e-05,1.3697686723317346e-15,0.04059213509827385,0.009755821074908258,1.3697686723317346e-15,5.317010322800002e-15,1.5043181962305482e-13
cosmx_bcc_xdonor_spot_0000067422,0.9801615140699452,1.314313304487126e-13,1.478520405549128e-15,0.004210977759693384,0.01562750170524329,1.478520405549128e-15,6.464982202787709e-09,1.478520405549128e-15
cosmx_bcc_xdonor_spot_0000067423,0.5306984554761018,1.5488316361400398e-15,1.5488316361400398e-15,0.0001722448790016279,0.46912929964488875,1.5488316361400398e-15,1.5488316361400398e-15,1.5488316361400398e-15
cosmx_bcc_xdonor_spot_0000067424,1.7445958652810182e-15,0.144229156245137,1.7445958652810182e-15,1.7445958652810182e-15,0.855770836257257,1.7445958652810182e-15,7.497597210301902e-09,1.7445958652810182e-15
cosmx_bcc_xdonor_spot_0000067425,0.03232174261423367,0.39443528167973657,0.15197557398269174,1.2171222702604024e-14,0.32950936678639886,0.01473179119818077,0.07702624373874424,1.867296754941375e-15
cosmx_bcc_xdonor_spot_0000067426,0.4936714066867781,1.6498179389762843e-07,1.6129108853105156e-15,1.6129108853105156e-15,0.05748765964332975,0.44630357180882974,0.0025371968792636105,1.6129108853105156e-15
cosmx_bcc_xdonor_spot_0000067427,0.5425928368324491,0.04667379840456155,2.025516179181642e-15,1.000800544114746e-08,0.006989016249902853,0.3863708951432985,0.01737344336177837,2.025516179181642e-15
cosmx_bcc_xdonor_spot_0000067596,0.08004460475180575,0.6262725745096565,0.24737742617472974,0.0462466514999711,3.039841739182211e-15,3.039841739182211e-15,5.874306382748179e-05,3.039841739182211e-15
cosmx_bcc_xdonor_spot_0000067598,0.6580522256224499,0.07061046250282818,0.10588039664923919,0.10079641526114495,0.015172683184225957,2.110080137986451e-15,0.04669948526538824,0.002788331514721441
cosmx_bcc_xdonor_spot_0000067599,0.7799200760285717,3.3092412955439735e-05,0.1321355672768337,0.08159739672892609,1.9041717477009726e-15,6.183763156700536e-14,0.003651844448898887,0.0026620231037501156
cosmx_bcc_xdonor_spot_0000067600,0.9026576428315624,0.055405182975700705,1.5511524696969376e-13,1.1752040246333143e-08,0.041937095479112944,1.9324288805467997e-15,6.696142469204287e-08,1.9324288805467997e-15
cosmx_bcc_xdonor_spot_0000067601,0.8907164398997337,0.00785048041173379,1.90364644571979e-15,0.04765245467431351,1.180040221808962e-08,1.90364644571979e-15,0.04064924703119943,0.013131366182613373
cosmx_bcc_xdonor_spot_0000067602,0.8699064226008153,0.07896468671853142,0.05049575162495416,7.630309309913667e-09,1.7329397351300195e-05,0.0006096492029105784,6.152825126265534e-06,1.8231916594559724e-15
cosmx_bcc_xdonor_spot_0000067603,0.32751829633180135,0.20772927255143667,0.2979001748761625,0.06966382177279803,0.08743179681772074,0.007868978718484205,0.001887658931594369,2.2890565878792595e-15
cosmx_bcc_xdonor_spot_0000067604,0.03713211266872942,0.17638059237820192,0.5446924971742528,0.07827687077947072,0.16328198753519144,2.1295413906553762e-15,0.000235939464149375,2.1295413906553762e-15
cosmx_bcc_xdonor_spot_0000067605,2.192308670961449e-05,0.253936074906766,0.4664334953981422,0.09099217050896104,0.01319270513679173,3.0453258441179514e-15,0.17537766164636806,4.596931625838903e-05
cosmx_bcc_xdonor_spot_0000067606,0.7540938941229677,0.11319935108254325,1.0509036652539487e-07,0.08500813431312251,5.01463782941197e-12,0.015600120517250037,0.027390889600689236,0.004707505268046017
cosmx_bcc_xdonor_spot_0000067607,0.7776586935860985,0.12737217379999946,0.0020730420337262425,0.07161106182281811,1.2655900010695385e-09,0.009038519481878527,0.005386776871529415,0.00685973113835967
cosmx_bcc_xdonor_spot_0000067608,0.30815564874136203,0.1824801610309718,0.26491345183424647,0.1469589134674603,0.033821052859568344,0.017971030197435137,3.735805372595887e-12,0.045699741865220134
cosmx_bcc_xdonor_spot_0000067609,1.474532856800254e-14,0.07594619492275756,0.30758579221332766,0.42062181231053286,4.224157296202924e-14,2.4371616564293355e-15,0.19584620055331994,2.4371616564293355e-15
cosmx_bcc_xdonor_spot_0000067611,0.023625338504238924,0.5705298344436669,9.727135577810831e-11,0.0447544933092234,0.2624233776367665,0.0008319937455790427,0.09378088921907742,0.004054073044176275
cosmx_bcc_xdonor_spot_0000067612,0.007551782757946473,0.5498332810716056,0.0032384010567417295,0.05540942541820409,0.18148793900752777,2.1750138818561312e-15,0.20247917068797003,2.1750138818561312e-15
cosmx_bcc_xdonor_spot_0000067613,0.11295553958180238,0.49710738727599374,0.12213637280343326,1.9893899722113326e-06,0.23276410751626092,0.007311784740513142,0.02772281869202192,2.3796332960175294e-15
cosmx_bcc_xdonor_spot_0000067624,0.06885321280315439,0.18765617171775298,0.5066308231726316,0.121559228762317,0.1111862513684619,0.004114254592740913,5.758293851760287e-08,2.6839958650483925e-15
cosmx_bcc_xdonor_spot_0000067625,0.06576353154128102,0.01448045771349514,0.052184460425405234,1.988720577581291e-10,6.837822703731802e-14,0.0408350785322289,0.826734474123653,1.9974649961967924e-06
cosmx_bcc_xdonor_spot_0000067626,0.00043795512140750044,0.3062559144810489,0.21608745516152084,0.08648371248601007,0.3338694916552398,0.056865379020975576,9.207379469952879e-08,2.5336807370278613e-15
cosmx_bcc_xdonor_spot_0000067627,4.394441657983757e-05,0.43654261641344283,0.23841415200044663,0.053153170006951404,0.16279913331816404,1.9966994786602755e-15,0.10904698384441112,1.9966994786602755e-15
cosmx_bcc_xdonor_spot_0000067628,8.023443851193154e-08,0.4476405854234972,0.30357204632763096,0.0501008514881505,0.15191978919595944,0.043890864970836975,0.0003962264082117515,0.0024795559512746134
cosmx_bcc_xdonor_spot_0000067629,0.031072343084601665,0.5211442385846666,0.15725037830629535,0.11338670563097696,0.09516691062639385,2.1616989144184204e-15,0.08197942376706112,2.1616989144184204e-15
cosmx_bcc_xdonor_spot_0000067630,0.02090940633926802,0.002453452980813961,0.30023087492297795,1.7223608905752338e-10,0.6724795292478023,0.0038125113984971925,0.00011422493840224711,2.150546154994821e-15
cosmx_bcc_xdonor_spot_0000067631,1.7374152315014668e-15,0.01461826689059238,0.31587550584659924,1.7374152315014668e-15,0.430100596728348,1.7374152315014668e-15,0.23940563053445332,1.7374152315014668e-15
cosmx_bcc_xdonor_spot_0000067632,1.632751583756695e-15,0.008720153241710066,0.7172486579347608,2.127686254920715e-14,0.2577076482714039,1.632751583756695e-15,0.01632354055209892,1.632751583756695e-15
cosmx_bcc_xdonor_spot_0000067633,1.1071870837853984e-15,1.1071870837853984e-15,0.9713137724375818,1.1071870837853984e-15,0.028686227562411373,1.1071870837853984e-15,1.1071870837853984e-15,1.1071870837853984e-15
cosmx_bcc_xdonor_spot_0000067694,0.33244067239814556,0.15469954043024314,0.052759515730668116,0.3420676866947298,2.6674864822284245e-15,0.11803252816202417,5.658408928189662e-08,9.711284466418463e-14
cosmx_bcc_xdonor_spot_0000067695,0.26623736328247016,0.24074961482500823,0.005809909645757433,0.34369421808461253,2.9120886659583076e-15,0.089448195763472,0.05406069839867388,2.9120886659583076e-15
cosmx_bcc_xdonor_spot_0000067696,0.12006198519747463,0.4277853769529484,3.1048621507794704e-15,0.35995978937505624,3.1048621507794704e-15,0.08714745706596265,2.4946664447700837e-05,0.005020444744104228
cosmx_bcc_xdonor_spot_0000067697,0.19654020661532118,0.36867101454060924,0.011411030495091382,0.38625710193408097,2.7757581927516588e-15,0.037071517971637956,4.912844325358059e-05,2.7757581927516588e-15
cosmx_bcc_xdonor_spot_0000067701,0.6743829329625667,0.22357764320189968,2.4086180037215216e-15,0.03698937782557686,1.727823057853824e-06,0.06504769095833585,6.272285581870212e-07,2.4086180037215216e-15
cosmx_bcc_xdonor_spot_0000067702,0.3534067704534066,0.036622076462618815,2.431807993024999e-15,0.25875641561904744,2.431807993024999e-15,0.2026519580222635,0.1224779389934884,0.02608484044917045
cosmx_bcc_xdonor_spot_0000067703,0.48226870587982484,1.8565782066913295e-13,2.4940116508716698e-15,0.5171110230151973,2.4940116508716698e-15,2.4940116508716698e-15,0.0006161824404669375,4.088664317586489e-06
cosmx_bcc_xdonor_spot_0000067706,0.9884551884945298,1.5482204148616451e-15,1.5482204148616451e-15,0.0069716358369520766,0.004573175668510091,1.5482204148616451e-15,1.5482204148616451e-15,1.5482204148616451e-15
cosmx_bcc_xdonor_spot_0000067707,0.9581011704003896,1.7288435300016896e-15,1.7288435300016896e-15,0.04189882959959974,1.7288435300016896e-15,1.7288435300016896e-15,1.7288435300016896e-15,1.7288435300016896e-15
cosmx_bcc_xdonor_spot_0000067708,0.7214695158062058,3.294770850094146e-07,0.27069766779452076,1.0824873078644367e-09,0.0036585883867820313,1.8327658444760405e-15,0.004173897452915603,1.8327658444760405e-15
cosmx_bcc_xdonor_spot_0000067709,0.11775701804578369,1.332362318755431e-05,0.38868815016093694,1.6586257832658939e-15,0.4935414596460306,1.6586257832658939e-15,4.852405627716858e-08,1.6586257832658939e-15
cosmx_bcc_xdonor_spot_0000067710,1.6739273384250935e-15,1.2021163708341556e-07,0.5661347334741724,1.6739273384250935e-15,0.43386514625367906,1.6739273384250935e-15,6.050479859337893e-11,1.6739273384250935e-15
cosmx_bcc_xdonor_spot_0000067711,1.878751726560452e-15,8.831341395156942e-13,1.878751726560452e-15,1.878751726560452e-15,0.9999999999991055,1.878751726560452e-15,1.878751726560452e-15,1.878751726560452e-15
cosmx_bcc_xdonor_spot_0000067712,1.7341173721410887e-15,1.3163045541645196e-13,1.7341173721410887e-15,1.7341173721410887e-15,0.9999999999998579,1.7341173721410887e-15,1.7341173721410887e-15,1.7341173721410887e-15
cosmx_bcc_xdonor_spot_0000067713,2.0750179466150913e-15,0.00019756806679266479,2.0750179466150913e-15,0.0013298874460320172,0.9984725444871648,2.0750179466150913e-15,2.0750179466150913e-15,2.0750179466150913e-15
cosmx_bcc_xdonor_spot_0000067714,0.014769738621056605,0.22333801237674333,0.08225630507878617,0.020967928190481076,0.6321560401158376,1.9528093798633614e-15,0.02651197561709105,1.9528093798633614e-15
cosmx_bcc_xdonor_spot_0000067715,0.32520625758730315,9.774095337763497e-05,0.20027202659880114,0.006303407697970603,0.4348554876981954,1.7381236004309786e-15,0.03326507946434854,1.7381236004309786e-15
cosmx_bcc_xdonor_spot_0000067716,0.7081957344647358,1.7601970363019828e-09,0.1059785476191416,1.5239626068643169e-15,0.11649674229726684,0.06916458503104103,0.00016438882761475614,1.5239626068643169e-15
cosmx_bcc_xdonor_spot_0000067717,0.8828613403706997,1.7349101991088824e-08,1.5375368854851375e-15,1.5375368854851375e-15,0.008094336954460591,0.1086030771887047,0.00044122813702820345,1.5375368854851375e-15
cosmx_bcc_xdonor_spot_0000067718,0.9344542786632528,2.293584433901441e-11,1.6372723438014324e-15,0.025398043997479212,0.013465217365208932,1.6372723438014324e-15,0.026682459951118044,1.6372723438014324e-15
cosmx_bcc_xdonor_spot_0000067900,0.8401663625884759,5.358985589199991e-12,1.8954771111992586e-15,0.018741802524566996,1.8954771111992586e-15,0.07917342026330908,0.04896854368060436,0.012949870937680874
cosmx_bcc_xdonor_spot_0000067901,0.7924073457379972,0.018728349998194345,0.10850490677500958,2.4386607933049696e-06,0.028181469020929602,1.9072654167198946e-15,0.05217548978871448,1.8359557721850262e-11
cosmx_bcc_xdonor_spot_0000067902,1.7369704931732106e-07,0.4516334052130746,0.28461980920378166,1.532323574553694e-05,0.22874269970713623,1.889750124459555e-15,0.03498858894320881,1.889750124459555e-15
cosmx_bcc_xdonor_spot_0000067903,0.02665486890805778,0.45328588971803074,0.2902602191422025,0.06387213764827886,0.1288576002595117,0.00279994085315694,0.03426934347075933,2.0527398744311953e-15
cosmx_bcc_xdonor_spot_0000067905,0.5178774381867185,0.1532217414721005,0.25809955622618913,0.002426799189792235,2.4626969270493184e-15,0.011490458706282486,0.05688400621891208,2.4626969270493184e-15
cosmx_bcc_xdonor_spot_0000067906,0.6330505666789058,0.17010421082684718,0.023313711737259005,0.16382949467731364,6.5971496881384056e-12,2.501694681321595e-15,0.0009669474149553356,0.008735068658119193
cosmx_bcc_xdonor_spot_0000067908,1.6082625882877768e-05,0.4276089166383555,0.0021075840605110554,2.6451412070038343e-07,0.21728062100213555,2.1762815525909975e-15,0.35298653115899,2.1762815525909975e-15
cosmx_bcc_xdonor_spot_0000067910,0.09433743648883496,0.6118868743294852,0.056153675651928775,1.4920474519400871e-12,0.23762200576673445,2.3766026695123135e-15,7.7615198901105e-09,2.3766026695123135e-15
cosmx_bcc_xdonor_spot_0000067912,0.09065679203519163,0.46123949453138025,0.008301263677580346,0.253403130601129,0.16837522036822744,0.018023609913656865,4.888728315547751e-07,2.8595121440291376e-15
cosmx_bcc_xdonor_spot_0000067923,0.06201368348853028,0.5706893530354031,0.21938548558014986,0.06129999208047085,0.08204245094292914,0.004568940329533687,9.454298055861656e-08,2.460461204536688e-15
cosmx_bcc_xdonor_spot_0000067924,0.019273038853589296,0.3755831599328505,0.3743408469712741,0.0001491412641126626,0.07548295404123799,0.020749895629055375,0.13442096330578343,2.096607917430025e-12
cosmx_bcc_xdonor_spot_0000067925,2.329796554450595e-09,0.2957945359712693,0.20293254420248766,0.018783395306056105,0.4423248359841748,0.03963871111680498,2.1146517543950754e-10,0.0005259748779454177
cosmx_bcc_xdonor_spot_0000067926,0.0004723964403858172,0.34346279030914395,0.3573681961301705,0.003429988878390438,0.22895410587198303,0.06631252236278054,7.143155365530494e-12,2.3723238021268467e-15
cosmx_bcc_xdonor_spot_0000067927,0.005091281193955995,0.4448307163427588,0.1654608416214981,0.13432007768590387,0.22879708623657719,0.021434421071352544,6.55758479511953e-05,2.3526224012562684e-15
cosmx_bcc_xdonor_spot_0000067928,0.006965899826976383,0.617749808753638,0.12120087841625152,0.07260968678260445,0.14327237592541456,0.018633683635653337,0.019567666659459415,2.2161206822882532e-15
cosmx_bcc_xdonor_spot_0000067929,0.00029815731105286154,0.26220936688709867,0.398715189298947,7.341097887156688e-05,0.31781149468209835,0.020892380662176878,1.7975232058313216e-10,2.2551093192428925e-15
cosmx_bcc_xdonor_spot_0000067930,1.893932968734779e-15,0.3421275667113543,0.37836261306689056,1.893932968734779e-15,0.11630119424330926,0.00866605887621821,0.154542567102222,1.893932968734779e-15
cosmx_bcc_xdonor_spot_0000067931,1.8147505189777696e-15,0.0003966499552735397,0.4545691829971212,1.8147505189777696e-15,0.5450304345355518,1.8147505189777696e-15,3.732512045989912e-06,1.8147505189777696e-15
cosmx_bcc_xdonor_spot_0000067932,1.5142511567573088e-15,1.5142511567573088e-15,0.7669829975454812,1.5142511567573088e-15,0.23301700245450965,1.5142511567573088e-15,1.5142511567573088e-15,1.5142511567573088e-15
cosmx_bcc_xdonor_spot_0000067933,1.026017272779535e-15,1.026017272779535e-15,0.9999999999999927,1.026017272779535e-15,1.026017272779535e-15,1.026017272779535e-15,1.026017272779535e-15,1.026017272779535e-15
cosmx_bcc_xdonor_spot_0000067992,0.27297188004752054,1.682239845301797e-10,2.347651870757855e-15,0.6199590235543483,0.04735250417745722,0.04459733674255804,2.347651870757855e-15,0.015119255309887161
cosmx_bcc_xdonor_spot_0000067993,0.2859505862163125,0.17991762633104263,0.04109644780983965,0.21973829580799786,4.771273007685728e-14,0.19666966350883247,0.049612345646834526,0.027015034679092612
cosmx_bcc_xdonor_spot_0000067994,0.26268605033073367,0.3390732337753833,4.0256952094657424e-07,0.31987064289882106,4.415781530468817e-05,0.03323438159614156,0.045091131014092276,2.5088644954679376e-15
cosmx_bcc_xdonor_spot_0000067995,0.2575154935532348,0.48064204878663275,0.020332326208967823,0.18675283653267338,2.882404004838116e-15,0.020527660333565335,0.019070346232418357,0.015159288352504727
cosmx_bcc_xdonor_spot_0000067996,0.20242041125317334,0.29723634065716364,3.345865184454703e-10,0.2879411841326509,0.044751663662013774,0.10968792764228742,0.0036162161132110406,0.05434625620491349
cosmx_bcc_xdonor_spot_0000068000,0.2421115286100433,0.25821966025545096,0.019986492306201555,0.06805095706558087,0.10343904836110385,0.2788517990554368,1.5093358231986877e-07,0.029340363412600483
cosmx_bcc_xdonor_spot_0000068001,0.2526996844084452,0.18893787606263868,0.05065426332767683,0.3182447184049082,0.04916996218191675,0.12810452260053815,0.0001377090746468349,0.012051263939229135
cosmx_bcc_xdonor_spot_0000068005,0.9315063120490371,1.7011784798399522e-15,0.0646613949984235,0.0038322929505271914,1.7011784798399522e-15,1.7011784798399522e-15,2.00523107144676e-12,1.7011784798399522e-15
cosmx_bcc_xdonor_spot_0000068006,0.6959435092814841,0.10740497478970742,0.16725549107980675,1.092458023584112e-09,0.015649225039971792,1.7484885668621068e-15,0.013746798716568507,1.7484885668621068e-15
cosmx_bcc_xdonor_spot_0000068007,1.5117357452740256e-15,0.0002598936134391541,0.496938816283186,1.5117357452740256e-15,0.44866976946440107,1.5117357452740256e-15,0.05413152063896762,1.5117357452740256e-15
cosmx_bcc_xdonor_spot_0000068008,1.4725470548197792e-15,1.4725470548197792e-15,0.5740297117688359,1.4725470548197792e-15,0.4259702882311551,1.4725470548197792e-15,1.4725470548197792e-15,1.4725470548197792e-15
cosmx_bcc_xdonor_spot_0000068009,2.0516698639184004e-15,0.047927741839702526,0.1344680251194227,1.1487645158949568e-06,0.8176030842698784,2.0516698639184004e-15,6.474237086106582e-12,2.0516698639184004e-15
cosmx_bcc_xdonor_spot_0000068010,2.1572160412590653e-15,9.009681038777961e-10,2.1572160412590653e-15,0.0023161698453540553,0.9976838292536669,2.1572160412590653e-15,2.1572160412590653e-15,2.1572160412590653e-15
cosmx_bcc_xdonor_spot_0000068012,2.067986194048803e-15,0.06620593223292441,0.08981309667880802,0.006667876167716859,0.836815429774801,2.067986194048803e-15,0.0004976651457433878,2.067986194048803e-15
cosmx_bcc_xdonor_spot_0000068013,2.045069780212356e-15,0.07474951656796826,0.042512577628342686,0.007063787229913017,0.8448239142378491,2.045069780212356e-15,0.030850204335920787,2.045069780212356e-15
cosmx_bcc_xdonor_spot_0000068014,1.6463657583344113e-15,0.02127330321085822,0.11677957607977603,1.6463657583344113e-15,0.7810444286879957,1.6463657583344113e-15,0.0809026920213634,1.6463657583344113e-15
cosmx_bcc_xdonor_spot_0000068015,0.8440593439343527,8.82021755678079e-05,1.65110512538443e-15,0.0004296890450460167,0.13492974656631768,6.212140878991818e-06,0.020486806137833605,1.65110512538443e-15
cosmx_bcc_xdonor_spot_0000068016,0.7359609726469549,7.45514661539294e-09,1.5273965436677275e-15,5.733879690356417e-12,0.07574946521845313,0.18238616984416905,0.005903384829539404,1.5273965436677275e-15
cosmx_bcc_xdonor_spot_0000068017,0.45513902087250296,3.031073939281962e-12,0.42520508295073584,1.382779591641852e-15,0.03304699173003845,0.0566398259539665,0.029969078489722432,1.382779591641852e-15
cosmx_bcc_xdonor_spot_0000068200,0.05460109746199829,0.027093537337181887,0.3663052141088086,0.25669795006495444,2.4963777063618234e-15,0.06670648433358793,0.2285957166934638,2.4963777063618234e-15
cosmx_bcc_xdonor_spot_0000068201,1.942232750817874e-15,0.3043176556671299,1.5903698366349573e-08,1.942232750817874e-15,0.591468849857627,1.942232750817874e-15,0.10421347857153665,1.942232750817874e-15
cosmx_bcc_xdonor_spot_0000068202,2.0336004992434856e-15,0.20087648577721542,3.2383206056859392e-06,0.013354323056120132,0.681786750410433,2.0336004992434856e-15,0.10397920243561957,2.0336004992434856e-15
cosmx_bcc_xdonor_spot_0000068203,0.02059660672789452,0.7590527464266361,0.055680058580385605,2.8641999358999985e-08,0.08010730335277116,1.942275476457229e-15,0.08456053022846637,2.7260418450228185e-06
cosmx_bcc_xdonor_spot_0000068204,0.012084631452377837,0.6450173972223275,0.21142434102839008,0.10386866747423382,0.0009596671165893973,0.0030076401747828447,0.002043669111387475,0.021593986419910977
cosmx_bcc_xdonor_spot_0000068205,0.18894325679334079,0.4350199739846544,0.19996338769514396,0.03868925281146583,0.09884961819984286,0.036598788246154215,0.0019357222693953376,2.4645972543385117e-15
cosmx_bcc_xdonor_spot_0000068206,0.13431077253793525,0.5053376038530057,5.25586411060213e-12,0.07083493506021493,0.19237724239358178,2.3086811747329576e-15,0.07361036863376681,0.023529077516237108
cosmx_bcc_xdonor_spot_0000068207,1.2845098558020825e-15,2.2778338184714709e-07,1.2845098558020825e-15,1.2845098558020825e-15,0.0006483565100206597,1.2845098558020825e-15,0.12159355425371873,0.8777578614528737
cosmx_bcc_xdonor_spot_0000068222,6.109376149065203e-07,0.43768056642728415,0.13696788066255897,0.04936575455031294,0.09396787977517826,2.147816781774014e-15,0.039050136825164644,0.24296717082188396
cosmx_bcc_xdonor_spot_0000068223,0.031211943883264766,0.3174373436378178,0.37816092989198935,0.0876495076345735,0.1854132174879235,2.1566507050697376e-15,0.00012705746442671546,2.1566507050697376e-15
cosmx_bcc_xdonor_spot_0000068224,0.03459466457993011,0.559309670953715,2.2540958710237096e-15,0.0909894418125896,0.31510621634289404,2.2540958710237096e-15,6.310864156643632e-09,2.2540958710237096e-15
cosmx_bcc_xdonor_spot_0000068225,0.06137307738791629,0.5940594745770255,0.11228940853914249,0.04327110140919129,0.18256279253703547,0.0036337054782484613,0.002810440071402251,3.837964997687701e-14
cosmx_bcc_xdonor_spot_0000068226,0.04357866708819472,0.43141140413953666,0.04121436878658311,0.12428822723106764,0.35950705979368675,7.314434336424558e-14,2.7296085545664426e-07,2.4497431864783065e-15
cosmx_bcc_xdonor_spot_0000068227,0.026691437316386818,0.5257441945970562,0.1927220763896204,0.11119434064372284,0.12448372644321776,0.014601665880108486,1.1409911026910365e-05,0.0045511488188604305
cosmx_bcc_xdonor_spot_0000068228,0.0019092081036263201,0.6707795165667599,0.1441602966051854,0.01896742033591862,0.06191156771483815,0.02260364801177358,0.07966834266189612,1.9920537192878367e-15
cosmx_bcc_xdonor_spot_0000068229,1.4131878796974713e-07,0.26643819982606504,0.2631855899962128,0.01469072371280634,0.4556550977519636,2.259755292012417e-15,3.0247394159677052e-05,2.259755292012417e-15
cosmx_bcc_xdonor_spot_0000068230,2.1701117043941854e-15,0.16415884626871854,0.3907684385404012,0.1056876473178761,0.3393797403398842,2.1701117043941854e-15,5.327533113348608e-06,2.1701117043941854e-15
cosmx_bcc_xdonor_spot_0000068231,1.827065497620098e-15,1.827065497620098e-15,0.8760496217215437,1.827065497620098e-15,0.12395037827844523,1.827065497620098e-15,1.827065497620098e-15,1.827065497620098e-15
cosmx_bcc_xdonor_spot_0000068232,1.5375367815288427e-15,1.5375367815288427e-15,0.8408067267859994,1.5375367815288427e-15,0.15919327321399104,1.5375367815288427e-15,1.5375367815288427e-15,1.5375367815288427e-15
cosmx_bcc_xdonor_spot_0000068292,0.32478126299622595,0.26257977446424874,0.0035230688848433404,0.19179227536887383,2.782736936166705e-15,0.2173236182857996,2.782736936166705e-15,2.782736936166705e-15
cosmx_bcc_xdonor_spot_0000068293,0.13933480355636982,0.22694114997166925,1.469192684696903e-14,0.3352045114301423,0.0006751368768825953,0.2844752722897546,0.01336912587516414,2.573239120757123e-15
cosmx_bcc_xdonor_spot_0000068294,0.20054284878344847,0.15660035737323272,3.609742236118508e-13,0.2935402862887251,0.006193446529267186,0.2841805902109271,0.05894247081403574,2.5894208628002393e-15
cosmx_bcc_xdonor_spot_0000068295,0.3332307961086048,0.29940773884997424,0.014625987318910492,0.22580250129104223,2.800906699096847e-15,0.11519493835475565,0.0002010773938908331,0.011536960682818868
cosmx_bcc_xdonor_spot_0000068296,0.3095511653547885,0.43865445693250005,9.521324549862911e-10,0.13852510019779665,0.040016634134246144,0.015258789879812438,1.2964027300182593e-11,0.057993852535759643
cosmx_bcc_xdonor_spot_0000068300,0.3391580380287475,0.05636198647860623,0.09721621138786916,0.21598333638979347,0.08301148638705019,0.20826894132792764,2.829698151103516e-15,2.829698151103516e-15
cosmx_bcc_xdonor_spot_0000068304,0.999999999999989,1.5297565931084938e-15,1.5297565931084938e-15,1.5297565931084938e-15,1.5297565931084938e-15,1.5297565931084938e-15,1.5297565931084938e-15,1.5297565931084938e-15
cosmx_bcc_xdonor_spot_0000068305,0.780155955068672,3.6088205732404596e-13,0.16399133693811954,4.2078730790824894e-12,0.05585270798863458,1.6768517970787257e-15,1.6768517970787257e-15,1.6768517970787257e-15
cosmx_bcc_xdonor_spot_0000068306,1.6167416884423206e-15,0.09948457321090019,0.17698824350614906,1.6167416884423206e-15,0.5982494445560755,1.6167416884423206e-15,0.12527773872686873,1.6167416884423206e-15
cosmx_bcc_xdonor_spot_0000068307,1.6186377405167112e-15,1.2388716314689194e-10,0.32859446851324325,1.6186377405167112e-15,0.6714055312696806,1.6186377405167112e-15,9.318251416093612e-11,1.6186377405167112e-15
cosmx_bcc_xdonor_spot_0000068308,2.0684823188005413e-15,2.0684823188005413e-15,2.0684823188005413e-15,1.1546900631692342e-07,0.9999998845309811,2.0684823188005413e-15,2.0684823188005413e-15,2.0684823188005413e-15
cosmx_bcc_xdonor_spot_0000068311,2.3034037752552462e-15,0.11840621113697679,2.3034037752552462e-15,0.058388004497865215,0.8232057843651464,2.3034037752552462e-15,2.3034037752552462e-15,2.3034037752552462e-15
cosmx_bcc_xdonor_spot_0000068312,1.837785035308739e-15,0.0006317665187340806,0.14048014931854297,1.837785035308739e-15,0.8451191304558375,1.837785035308739e-15,0.013768953706877933,1.837785035308739e-15
cosmx_bcc_xdonor_spot_0000068313,1.7085678714170703e-15,0.20216566570082367,0.11808214339553195,4.4625597977138835e-08,0.6619540409169364,1.7085678714170703e-15,0.017798105361104703,1.7085678714170703e-15
cosmx_bcc_xdonor_spot_0000068314,0.6419304057966596,0.0008574704230219164,0.1149130424009393,3.7433013706368444e-10,0.21483931357829858,1.7890928457263614e-15,0.027459767426746794,1.7890928457263614e-15
cosmx_bcc_xdonor_spot_0000068315,0.7668342231026011,1.6562834901424113e-10,3.6666233439249875e-05,1.5867354865392404e-15,0.07553460322809617,0.10093648742760199,0.05665801984263017,1.5867354865392404e-15
cosmx_bcc_xdonor_spot_0000068316,0.4439240936590225,9.28615466688262e-09,0.14868471678438155,1.4583037797902959e-15,0.22537849357671824,0.16788264877693396,0.014130037916786058,1.4583037797902959e-15
cosmx_bcc_xdonor_spot_0000068500,2.4655706903520645e-15,0.4797096326355605,0.18513437174098737,0.11491143323561813,0.04374120510947067,0.08750159208739919,0.05475610260566529,0.03424566258529654
cosmx_bcc_xdonor_spot_0000068501,2.2014481257530264e-15,0.4327249964298898,0.364243343658162,0.11865583576259447,0.01331961229259308,2.2014481257530264e-15,0.07105621185675393,2.2014481257530264e-15
cosmx_bcc_xdonor_spot_0000068502,0.027216157691158767,0.12059866166721184,0.2342521514263981,0.5351883431521731,2.485281849538578e-15,2.485281849538578e-15,0.0827446860630506,2.485281849538578e-15
cosmx_bcc_xdonor_spot_0000068503,0.02008998302318904,0.7597452116289356,0.07586119631197373,0.00033947370913688357,0.06687768415022126,2.0645581222804297e-15,0.07286272031898246,0.00422373085755879
cosmx_bcc_xdonor_spot_0000068504,1.0158666750272349e-12,0.38446679811593054,1.949358873984203e-15,0.031177118845615116,0.34747690125407515,1.949358873984203e-15,0.007297057741395651,0.22958212404196357
cosmx_bcc_xdonor_spot_0000068505,0.039819734778283676,0.5344561021619958,3.724435357645371e-12,0.1297759377027644,0.2959482253227234,2.2473702158187966e-15,3.050358945696914e-11,2.2473702158187966e-15
cosmx_bcc_xdonor_spot_0000068506,2.0778248021717493e-15,0.9057886760192374,2.0778248021717493e-15,0.02700059469838846,0.056560940559057256,0.010649788723308382,2.0778248021717493e-15,2.0778248021717493e-15
cosmx_bcc_xdonor_spot_0000068507,0.0072127251587821494,0.49045078142281595,2.3035962097720934e-15,1.3990604652962815e-14,0.5023364934180669,2.597324365078744e-14,2.9044024601787803e-13,2.3035962097720934e-15
cosmx_bcc_xdonor_spot_0000068508,0.07342870966325937,0.1783867053813063,1.9865223030917243e-15,1.9865223030917243e-15,1.9865223030917243e-15,1.9865223030917243e-15,0.25465888642229495,0.4935256985331314
cosmx_bcc_xdonor_spot_0000068509,0.000476396715802074,0.7389062168222712,2.2805867380557348e-15,2.2805867380557348e-15,0.2606173864614156,2.2805867380557348e-15,5.017829316373695e-13,2.2805867380557348e-15
cosmx_bcc_xdonor_spot_0000068521,0.040406426418179264,0.2906480098893795,0.32596723710151,0.08312409922848982,0.2596755473802803,6.400521971161065e-08,0.00017861597693904165,2.374767883850409e-15
cosmx_bcc_xdonor_spot_0000068522,0.010528382079545491,0.37768322641631846,0.047545321519934604,0.11958400408563513,0.42785072466662766,0.005139952891444397,5.206803823696305e-11,0.011668388288426111
cosmx_bcc_xdonor_spot_0000068523,1.2866165025283135e-09,0.6012551249429732,0.11388456705369923,0.18253839163450605,0.07272523504055803,0.00904214543311383,2.148528463651022e-15,0.020554534608531003
cosmx_bcc_xdonor_spot_0000068524,7.618918208894846e-05,0.5694079097332364,0.003645819629656137,0.22462419984938617,0.1611451101715285,0.04110077054395025,8.901507764012718e-10,2.615977353843873e-15
cosmx_bcc_xdonor_spot_0000068525,1.0714890500634007e-14,0.38591573360461534,0.02941019423158286,0.06579046743210233,0.5188834773581951,2.2862642579409526e-15,1.2737348883534927e-07,2.2862642579409526e-15
cosmx_bcc_xdonor_spot_0000068526,0.025438281572329368,0.5690361595356603,0.08779102243481371,0.14657262413152336,0.1711619114741247,2.955775618341557e-15,8.515431950415542e-10,2.44105269429714e-15
cosmx_bcc_xdonor_spot_0000068527,8.663556808853167e-13,0.5177508625947144,5.2127370278367375e-11,2.04016233470154e-14,0.3860298393807244,3.3926528180237625e-06,0.09621590531872697,2.1482652192505918e-15
cosmx_bcc_xdonor_spot_0000068528,0.01696965003533439,0.362236488775876,0.13567521641918157,0.022899014629659393,0.45244916687857273,0.0008820910761662361,0.008888372185207395,2.1983755329720095e-15
cosmx_bcc_xdonor_spot_0000068529,0.010564109198839686,0.14465174550602658,0.7269542401169042,0.00025131970983911973,0.11739694732890121,2.2983270305201013e-15,0.00018163813948448936,2.2983270305201013e-15
cosmx_bcc_xdonor_spot_0000068530,1.7915449076665753e-15,1.7915449076665753e-15,0.4527373107546798,1.7915449076665753e-15,0.5472626892453093,1.7915449076665753e-15,1.7915449076665753e-15,1.7915449076665753e-15
cosmx_bcc_xdonor_spot_0000068590,0.06442639793414127,0.31689220481274816,0.06482912392686122,0.0551068907875156,7.726947884739462e-12,0.4581295020760958,0.0002196446011981666,0.0403962358537128
cosmx_bcc_xdonor_spot_0000068591,0.08557943756849556,0.24125025314966891,2.573492215239997e-15,0.22525752822816128,2.573492215239997e-15,0.3999252268603406,0.0377907058346122,0.010196848358716431
cosmx_bcc_xdonor_spot_0000068597,0.2985496884836123,0.08305677340729528,2.7486738954306505e-15,0.278681694282547,2.3880458321209193e-12,0.17211886863348516,0.15503120300262008,0.012561772188049438
cosmx_bcc_xdonor_spot_0000068598,0.42574765780784,0.30196090253005453,5.8874706635762563e-08,0.017517476224245904,3.5211549866675274e-12,0.22719605873578075,0.00014515110769490903,0.027432694716156024
cosmx_bcc_xdonor_spot_0000068599,0.3205885373315635,0.42460790953589506,2.7775388853908226e-15,0.05234903766050055,0.0020655116913952786,0.18084461797024562,2.7775388853908226e-15,0.019544385810394197
cosmx_bcc_xdonor_spot_0000068603,0.9999999999999892,1.507761347893542e-15,1.507761347893542e-15,1.507761347893542e-15,1.507761347893542e-15,1.507761347893542e-15,1.507761347893542e-15,1.507761347893542e-15
cosmx_bcc_xdonor_spot_0000068604,0.9683532819686957,1.5406186425941709e-15,1.5406186425941709e-15,0.03164671803129474,1.5406186425941709e-15,1.5406186425941709e-15,1.5406186425941709e-15,1.5406186425941709e-15
cosmx_bcc_xdonor_spot_0000068605,1.822804969470141e-15,0.41971991393100844,1.822804969470141e-15,1.822804969470141e-15,0.5802800860689804,1.822804969470141e-15,1.822804969470141e-15,1.822804969470141e-15
cosmx_bcc_xdonor_spot_0000068606,1.9774896365775054e-15,0.08165920283024981,0.010926905547263752,4.523739943502728e-15,0.8881147700480154,1.9774896365775054e-15,0.019299121574460513,1.9774896365775054e-15
cosmx_bcc_xdonor_spot_0000068607,1.7784293282513452e-10,0.05228528534025445,0.044476418749933785,0.14013373897894874,0.7630939029312674,2.195502733414332e-15,1.06538217481829e-05,2.195502733414332e-15
cosmx_bcc_xdonor_spot_0000068609,2.216108732843742e-15,0.01047871058846529,2.216108732843742e-15,0.055586060627943655,0.93393522878325,2.216108732843742e-15,3.3213997235236164e-13,2.216108732843742e-15
cosmx_bcc_xdonor_spot_0000068610,2.0494917376857876e-15,1.020433179432569e-06,2.0494917376857876e-15,2.741352928076338e-09,0.9999989227643397,2.0494917376857876e-15,5.406111977186682e-08,2.0494917376857876e-15
cosmx_bcc_xdonor_spot_0000068611,1.7315149287064355e-15,5.7599765948920014e-05,0.03791208386457813,1.7315149287064355e-15,0.9600710652736446,1.7315149287064355e-15,0.001959251095821224,1.7315149287064355e-15
cosmx_bcc_xdonor_spot_0000068612,1.7868840576292178e-15,0.03316361759095958,0.1925377314720731,1.7868840576292178e-15,0.7590089890006754,1.7868840576292178e-15,0.015289661936284811,1.7868840576292178e-15
cosmx_bcc_xdonor_spot_0000068613,1.5992545331939401e-15,0.42038221498155887,0.18003256486685235,1.5992545331939401e-15,0.3538472355789421,1.5992545331939401e-15,0.04573798457264033,1.5992545331939401e-15
cosmx_bcc_xdonor_spot_0000068614,1.5351805452372414e-15,0.10660998899152377,0.3283140199994285,1.5351805452372414e-15,0.48157575921003737,1.5351805452372414e-15,0.08350023179900416,1.5351805452372414e-15
cosmx_bcc_xdonor_spot_0000068615,1.4902272637283831e-15,0.12799872985545663,0.03911743040768429,1.4902272637283831e-15,0.6836436484518973,1.4902272637283831e-15,0.1492401912849557,1.4902272637283831e-15
cosmx_bcc_xdonor_spot_0000068800,0.02963408876245042,0.34579770887283856,0.11456568846730612,0.3809079885287427,0.08010828107984033,2.2808638417072585e-15,0.04896241794269459,2.3826346124967255e-05
cosmx_bcc_xdonor_spot_0000068801,0.06406692305176356,0.742616346666318,0.010930854155573575,8.308325462412679e-10,0.10024422635756443,0.003924826481321248,0.07821682245662451,2.1159789230441858e-15
cosmx_bcc_xdonor_spot_0000068802,3.860855287422036e-07,0.6485956936148958,2.006225719694758e-15,0.004413993202026203,0.12350315149713459,2.006225719694758e-15,0.16216329983309088,0.061323475767319696
cosmx_bcc_xdonor_spot_0000068803,2.219288535495867e-10,1.7607090813313565e-06,1.6875542360705038e-15,1.6875542360705038e-15,0.24043262879780347,1.6875542360705038e-15,0.047660949873510286,0.711904660397671
cosmx_bcc_xdonor_spot_0000068804,0.006587261723163856,0.8144596235320223,2.3596884681004184e-15,2.9248436385931666e-06,0.16491564424145227,0.014034545659715642,2.3596884681004184e-15,2.3596884681004184e-15
cosmx_bcc_xdonor_spot_0000068805,2.0860353977416225e-15,0.9681491662693417,2.0860353977416225e-15,3.592460256752339e-10,0.026593089273389253,0.0052577440980145045,2.0860353977416225e-15,2.0860353977416225e-15
cosmx_bcc_xdonor_spot_0000068806,0.12930275720346449,0.5474747429510853,3.2600590579221264e-12,0.2933382025115069,2.98653914498927e-15,5.645466018181595e-09,0.0028108850415183885,0.027073406643695685
cosmx_bcc_xdonor_spot_0000068820,0.0003196011307712846,0.35088704739679927,0.16394791688371518,0.293962190664719,0.078980223231927,0.0704121689754618,0.04149085171660398,2.4657478779535515e-15
cosmx_bcc_xdonor_spot_0000068821,0.06982431657903049,0.6523664432071961,0.02386848015846574,0.07270668060250292,0.16046475611565839,0.014939073074650028,0.005830250262494104,2.286485709759843e-15
cosmx_bcc_xdonor_spot_0000068822,2.1205638745343496e-15,0.7411359180190695,0.06963871941136814,0.16137119902221062,0.027156979930037167,0.0006733682623355149,1.2340365891615976e-06,2.2581318387626867e-05
cosmx_bcc_xdonor_spot_0000068823,0.03076281171574335,0.672306514148779,4.388255942477289e-11,0.08596466649015216,0.19196860521698145,0.018997402324296683,6.016210367847826e-11,2.654757280988805e-15
cosmx_bcc_xdonor_spot_0000068824,6.409384380781844e-05,0.46346382463499397,0.15192862479628258,0.06851115141162856,0.2836678139963037,0.032364450890921714,4.04260591324403e-08,2.355578764799498e-15
cosmx_bcc_xdonor_spot_0000068825,1.0158454801037841e-12,0.3593681927133266,0.12264616295400627,0.024325609085119076,0.2957286929709393,0.001816704120695597,0.19611463815489513,2.188803832342786e-15
cosmx_bcc_xdonor_spot_0000068826,2.177362791338894e-15,0.529603321555178,0.06695982584227263,0.008772828089673187,0.3933642460192094,2.177362791338894e-15,0.0012997784936601433,2.177362791338894e-15
cosmx_bcc_xdonor_spot_0000068827,6.206501894979323e-07,0.23200597529808345,0.4721102731321996,0.06743541536028488,0.22615245912139206,1.9721075711843084e-10,0.0022952562406374035,2.259879343890376e-15
cosmx_bcc_xdonor_spot_0000068828,1.78185160363175e-07,0.08681614128263915,0.6006466505418876,0.02235650661805398,0.29018051450152976,8.870720471234754e-09,6.535259597264095e-15,2.1358904656794226e-15
cosmx_bcc_xdonor_spot_0000068829,1.6506141222160742e-15,1.6506141222160742e-15,0.5589880546294876,1.6506141222160742e-15,0.44101194537049376,1.6506141222160742e-15,1.035623885257914e-14,1.6506141222160742e-15
cosmx_bcc_xdonor_spot_0000068830,1.4770501357905295e-15,1.4770501357905295e-15,0.7516410346572847,1.4770501357905295e-15,0.24835896534270624,1.4770501357905295e-15,1.4770501357905295e-15,1.4770501357905295e-15
cosmx_bcc_xdonor_spot_0000068831,0.24996769930963994,5.233057611604142e-12,0.09525093559889339,1.6539814745206722e-15,0.22677056828522718,0.4254519922102654,0.002558804590737659,1.6539814745206722e-15
cosmx_bcc_xdonor_spot_0000068902,0.8265824869058873,1.2989796176923127e-14,0.0003923143812166175,0.000255648637884454,1.7237395108653545e-15,0.045764899821696875,0.12700465025329813,1.7237395108653545e-15
cosmx_bcc_xdonor_spot_0000068903,0.8254260781828678,1.6869512831116482e-06,4.734355557378369e-10,1.5010414651581175e-15,0.12933769246264576,2.801953063653814e-09,0.045234539127811606,1.5010414651581175e-15
cosmx_bcc_xdonor_spot_0000068904,0.5636181811721944,1.7524861128583262e-15,1.7524861128583262e-15,1.7524861128583262e-15,0.41196879225312555,1.7524861128583262e-15,0.024413026574671128,1.7524861128583262e-15
cosmx_bcc_xdonor_spot_0000068905,0.1347689456241157,1.9160843167162684e-15,1.9160843167162684e-15,1.9160843167162684e-15,0.8652310543758727,1.9160843167162684e-15,1.9160843167162684e-15,1.9160843167162684e-15
cosmx_bcc_xdonor_spot_0000068906,0.4179896194142748,5.4599490530704655e-09,1.7518772128115337e-15,7.500970919468948e-14,0.5593297331806318,1.2458650697251632e-08,0.022680629486414836,1.7518772128115337e-15
cosmx_bcc_xdonor_spot_0000068907,0.7074708742030059,0.11656651774898055,1.6590419762447565e-15,1.6568272093833676e-12,0.13792926718255272,6.806621799450276e-11,0.03803334079573443,1.6590419762447565e-15
cosmx_bcc_xdonor_spot_0000068908,0.5407774114650046,3.5842021216631994e-05,0.08397463155114987,0.022264065650057906,0.30257564506362034,2.1918036271376425e-10,0.05037240402976836,1.7664237759104444e-15
cosmx_bcc_xdonor_spot_0000068909,0.7005628365937033,1.095134322690947e-05,0.03509858184464502,0.016555939086772133,0.23759013412161475,1.734777190555095e-15,0.01018155701003449,1.734777190555095e-15
cosmx_bcc_xdonor_spot_0000068910,0.5581267721089559,2.0195529572803347e-12,0.039738227834381266,1.550329776032262e-15,0.11703297463927223,1.550329776032262e-15,0.2851020254153663,1.550329776032262e-15
cosmx_bcc_xdonor_spot_0000068911,0.010288433927200384,0.266247333169738,0.10370028236107318,1.5303334861121727e-15,0.2906766745154224,1.5303334861121727e-15,0.32908727602656135,1.5303334861121727e-15
cosmx_bcc_xdonor_spot_0000068912,1.6019179611542354e-15,0.3613192725944099,2.5932222600375156e-07,1.6019179611542354e-15,0.483022652812815,1.6019179611542354e-15,0.15565779386570475,2.1404839694751488e-08
cosmx_bcc_xdonor_spot_0000068913,1.662795300435478e-15,0.0006855060487273773,0.0876165727830887,1.662795300435478e-15,0.7331119181375131,1.662795300435478e-15,0.11732641137105,0.06125959165961582
cosmx_bcc_xdonor_spot_0000068914,0.24943855636219323,0.41329079415716724,1.4848625429717485e-15,0.005577392764892315,0.33169325671519706,1.4848625429717485e-15,5.456842027193815e-13,1.4848625429717485e-15
cosmx_bcc_xdonor_spot_0000069101,0.056341267901843545,8.122476438265196e-06,1.9068571295118427e-15,1.876944329058133e-09,0.589025838848163,1.9068571295118427e-15,1.584526786017359e-10,0.35462476873815435
cosmx_bcc_xdonor_spot_0000069102,1.36573663913791e-06,0.5470103817027896,0.02071756820837063,2.1598823318936254e-15,0.3839855025094827,2.1598823318936254e-15,0.048285181842711446,2.1598823318936254e-15
cosmx_bcc_xdonor_spot_0000069119,0.03464659163591549,0.3109595681105099,0.354265428542693,0.2636129348790669,0.0240052880671845,2.467711355840596e-14,1.4506336182134405e-07,0.012510043701243636
cosmx_bcc_xdonor_spot_0000069120,0.1119172887244726,0.3163835439902679,0.013708285517965465,0.36435904807742187,0.022663106717538663,0.04135582023722224,0.11170483110634033,0.01790807562877079
cosmx_bcc_xdonor_spot_0000069121,0.014435279787683298,0.620622023308042,2.4770975383868848e-15,0.14920649931067867,0.21568160775760634,2.4770975383868848e-15,5.4589835982249654e-05,2.4770975383868848e-15
cosmx_bcc_xdonor_spot_0000069122,0.016427110177325163,0.6496581835142764,0.01838921882878111,0.11195296012854825,0.18058772191286562,0.02298468656599448,1.1887220646804673e-07,2.4713155663043264e-15
cosmx_bcc_xdonor_spot_0000069123,0.009734559228156739,0.578968433036866,0.10830309877353658,0.08491171657205107,0.1853698029451193,0.0033541846496523476,0.029358204794615827,2.160050904455937e-15
cosmx_bcc_xdonor_spot_0000069124,2.0715667596512024e-15,0.2738766390088496,0.012812281314802228,7.536523341406632e-07,0.49559597371742625,2.0715667596512024e-15,0.2177143523065814,2.0715667596512024e-15
cosmx_bcc_xdonor_spot_0000069125,2.2087584474334137e-15,0.12931300057160428,0.0867802720312943,0.0038787221212525,0.6478235698102858,2.2087584474334137e-15,0.13220443546555646,2.2087584474334137e-15
cosmx_bcc_xdonor_spot_0000069126,4.3312329035243255e-15,0.4745750994820438,0.21027207932910733,0.031319092186315234,0.270067337306133,1.9669714939176424e-15,0.01376639169639222,1.9669714939176424e-15
cosmx_bcc_xdonor_spot_0000069127,3.2872673578662675e-05,0.18998835309421067,0.499913330977581,0.06841498024557083,0.15310283047906517,5.280778752210459e-08,0.08854757972220359,2.456162272743778e-15
cosmx_bcc_xdonor_spot_0000069128,1.5592688802866979e-15,1.5592688802866979e-15,0.9412295861735496,1.5592688802866979e-15,0.05877041382644089,1.5592688802866979e-15,1.5592688802866979e-15,1.5592688802866979e-15
cosmx_bcc_xdonor_spot_0000069129,1.3090931181053044e-15,1.3090931181053044e-15,0.7877621956679863,1.3090931181053044e-15,0.21223780433200568,1.3090931181053044e-15,1.3090931181053044e-15,1.3090931181053044e-15
cosmx_bcc_xdonor_spot_0000069130,1.8282253720775336e-15,1.8282253720775336e-15,0.7839367319886064,4.079601667936794e-12,0.21606326800443176,1.8282253720775336e-15,2.8750057855966367e-12,1.8282253720775336e-15
cosmx_bcc_xdonor_spot_0000069196,0.4268033650768126,0.18187535658240922,1.9574227754209264e-14,0.018198983076682242,0.025465185359036933,0.3476571099050343,2.504945857098941e-15,2.504945857098941e-15
cosmx_bcc_xdonor_spot_0000069201,0.8812173672851579,2.4365246066239474e-15,1.5908795803840656e-15,9.405883646978554e-11,1.5908795803840656e-15,0.11457577076641114,1.5908795803840656e-15,0.004206861854364897
cosmx_bcc_xdonor_spot_0000069202,0.7682978541825518,6.263583489129151e-09,0.1091373953176485,0.010753034871728788,0.09233239971923729,0.0011237268231749085,0.018355582822073602,1.6105511836273965e-15
cosmx_bcc_xdonor_spot_0000069203,0.3505173406453005,0.24887497218466326,0.10797893072273358,1.5442573546636888e-13,0.162031864980905,1.7622176092499015e-15,0.1305968914662396,1.7622176092499015e-15
cosmx_bcc_xdonor_spot_0000069204,0.6210609429471261,2.1476830846958106e-13,0.1985952698032759,0.0013993005364322587,0.1789440042125113,1.789308528324436e-15,4.825004359275293e-07,1.789308528324436e-15
cosmx_bcc_xdonor_spot_0000069205,0.33494104802223895,0.0015401946003040737,0.4272290822972986,0.02963243109163469,0.20665723089227223,1.8868867636617625e-15,1.3096247629896792e-08,1.8868867636617625e-15
cosmx_bcc_xdonor_spot_0000069206,0.591363869863681,2.312202090279157e-13,0.3932171606133315,1.6471665366155987e-15,1.6471665366155987e-15,0.004604530104546999,0.010814439418204305,1.6471665366155987e-15
cosmx_bcc_xdonor_spot_0000069207,0.9430677120551562,1.5448985176445438e-15,1.5448985176445438e-15,1.5448985176445438e-15,0.05693228794483437,1.5448985176445438e-15,1.5448985176445438e-15,1.5448985176445438e-15
cosmx_bcc_xdonor_spot_0000069208,0.9999999999999892,1.4960896350351423e-15,1.4960896350351423e-15,1.4960896350351423e-15,1.4960896350351423e-15,1.4960896350351423e-15,1.4960896350351423e-15,1.4960896350351423e-15
cosmx_bcc_xdonor_spot_0000069209,0.9242385389056861,0.009155842450976585,0.0664427043949584,1.707513547021951e-15,2.417006480311298e-05,1.707513547021951e-15,0.00013874418357067542,1.707513547021951e-15
cosmx_bcc_xdonor_spot_0000069210,0.7997542707025215,0.041799483258061376,0.0012274219098852384,2.038011272034384e-15,0.0059536307344270675,1.6139675459119975e-15,0.15126519339509953,1.6139675459119975e-15
cosmx_bcc_xdonor_spot_0000069211,1.600735302066501e-15,0.1702675220068514,4.905148036864969e-12,1.600735302066501e-15,0.22697601428085687,1.600735302066501e-15,0.6027564637073802,1.600735302066501e-15
cosmx_bcc_xdonor_spot_0000069212,0.2235541997840685,0.02738748346370725,2.8666875162365578e-11,1.6700861718291418e-15,0.7375040110802151,1.6700861718291418e-15,0.011554305643337094,1.6700861718291418e-15
cosmx_bcc_xdonor_spot_0000069213,0.9659045292556258,1.4211928095312555e-15,1.4211928095312555e-15,0.03409547074436562,1.4211928095312555e-15,1.4211928095312555e-15,1.4211928095312555e-15,1.4211928095312555e-15
cosmx_bcc_xdonor_spot_0000069418,0.025450031703020484,0.7620201280247961,0.09716672548690479,0.003452821377571853,0.07201981819585171,1.4783956383730694e-08,0.03988776187833318,2.6985495655832895e-06
cosmx_bcc_xdonor_spot_0000069419,4.382226931125016e-09,0.29332765139593414,0.11327031315460127,0.3329911626436148,0.2309763304136579,2.595440218424117e-15,1.889340099283982e-10,0.02943453782102814
cosmx_bcc_xdonor_spot_0000069420,8.875820577426879e-11,0.593049001875775,2.3700536070160205e-15,0.003585172523232956,0.357270728899905,0.04609509661230682,1.7196743554782652e-14,2.3700536070160205e-15
cosmx_bcc_xdonor_spot_0000069421,0.02966757415170192,0.5560540695948384,0.03399099661667211,5.589743235398283e-06,0.16983743944266608,0.03592102637319022,1.75108076447205e-05,0.17450579327005106
cosmx_bcc_xdonor_spot_0000069422,0.026751292544595517,0.5040944091741596,0.07630790210931611,0.05467979869868911,0.2801410181915107,0.004012747286925038,0.013104852671170878,0.04090797932363313
cosmx_bcc_xdonor_spot_0000069423,8.609085205492546e-11,0.5626732907396443,0.0560857423145894,0.04479915836918805,0.321815838661397,1.4948419252870424e-12,0.0146259698275934,2.204243324894985e-15
cosmx_bcc_xdonor_spot_0000069424,0.0005201682620329238,0.2661906088580637,0.2680018320380514,0.00968157212406411,0.44305322105008643,2.15987585902706e-15,0.012552597667697068,2.15987585902706e-15
cosmx_bcc_xdonor_spot_0000069425,0.0010744961761259496,0.35670683267935016,0.14704958903880766,0.0021771664050818903,0.29253992413622787,6.389953228324322e-08,0.20045192766487208,2.00912442289115e-15
cosmx_bcc_xdonor_spot_0000069426,1.805432581522789e-15,0.35027150196907075,0.48246752937611065,0.026417566862854035,6.655922389206921e-06,3.4580602114275176e-12,0.14083674586611372,1.805432581522789e-15
cosmx_bcc_xdonor_spot_0000069427,1.6395726228779475e-15,1.6395726228779475e-15,0.8040173846659444,1.6395726228779475e-15,0.19598261533398345,1.6395726228779475e-15,6.37754784053067e-14,1.6395726228779475e-15
cosmx_bcc_xdonor_spot_0000069428,1.8755825902945965e-15,1.8755825902945965e-15,0.1498247722278982,4.8917672604765784e-14,0.7318255554754783,0.1183496722965606,8.35532407620172e-15,1.8755825902945965e-15
cosmx_bcc_xdonor_spot_0000069500,0.6148175400850233,1.585125959869506e-15,0.3586387587816953,1.585125959869506e-15,1.585125959869506e-15,1.585125959869506e-15,0.0265437011332734,1.585125959869506e-15
cosmx_bcc_xdonor_spot_0000069501,0.9202379812801073,1.562462787233911e-10,0.07910780450682613,2.8261057430083476e-06,1.7161748196329824e-15,1.7161748196329824e-15,0.0006513879510719819,1.7161748196329824e-15
cosmx_bcc_xdonor_spot_0000069502,0.5289989983953838,0.10485590883669971,0.20780803982424417,1.6844882402984016e-15,1.6844882402984016e-15,1.6844882402984016e-15,0.15833705294366557,1.6844882402984016e-15
cosmx_bcc_xdonor_spot_0000069503,2.0764039821178182e-14,0.03314005458134443,0.5864135006516569,1.6515240025239488e-15,1.6515240025239488e-15,1.6515240025239488e-15,0.3804464447669713,1.6515240025239488e-15
cosmx_bcc_xdonor_spot_0000069504,0.9245644664974322,0.06720258384967669,0.007451287913094627,0.0007799849689828032,7.915871262024386e-08,1.8799103200348994e-15,6.644254033485203e-11,1.5975456564648796e-06
cosmx_bcc_xdonor_spot_0000069505,0.916180317808057,1.6857005429175134e-15,0.08381968194829331,1.6857005429175134e-15,1.6857005429175134e-15,1.6857005429175134e-15,2.436411968273613e-10,1.6857005429175134e-15
cosmx_bcc_xdonor_spot_0000069506,0.9997774719075315,1.9512046666446478e-15,1.6208310575179296e-15,1.6208310575179296e-15,0.00021943264718374427,3.0954452761387037e-06,1.6208310575179296e-15,1.6208310575179296e-15
cosmx_bcc_xdonor_spot_0000069507,0.8933150380020222,4.9337206987755703e-05,0.03235316795294275,1.6580506918633866e-15,0.01908679078465605,1.6580506918633866e-15,0.05519566605338616,1.6580506918633866e-15
cosmx_bcc_xdonor_spot_0000069508,0.9692698992173925,1.4834573465693515e-15,1.4834573465693515e-15,1.4834573465693515e-15,1.4834573465693515e-15,1.4834573465693515e-15,0.03073010078259838,1.4834573465693515e-15
cosmx_bcc_xdonor_spot_0000069509,0.9999780986182194,1.152969333385324e-15,1.152969333385324e-15,1.152969333385324e-15,1.152969333385324e-15,7.965032920918032e-07,2.1104878482615597e-05,1.152969333385324e-15
cosmx_bcc_xdonor_spot_0000069717,4.730093823581042e-05,0.6117494025428772,0.10533863699819569,0.0266289300662897,0.2350902179897191,0.021145511132533087,3.321469031289596e-10,2.3610169945953077e-15
cosmx_bcc_xdonor_spot_0000069718,2.861679722211672e-15,0.41713287652485703,0.15843262619397308,0.2000892503285935,0.21791614380699115,0.005821368404752152,0.0006077347408277376,2.47932563197112e-15
cosmx_bcc_xdonor_spot_0000069719,0.01860271831284978,0.7663515834685263,0.10966628047874889,1.479409614945182e-13,0.08406028489792312,8.195658996562426e-05,0.02123717625183603,2.2917157156553167e-15
cosmx_bcc_xdonor_spot_0000069720,0.002784357847249789,0.7516639376645563,0.075679752414815,0.07611334138537813,0.08277545089705717,0.010983159332190937,4.5875020052738436e-10,2.398082928980841e-15
cosmx_bcc_xdonor_spot_0000069721,4.339133765764819e-09,0.46375887081296036,0.0437532710737773,0.00012820521615929844,0.49235964799278126,2.4327717409607375e-15,5.65183039998926e-10,2.4327717409607375e-15
cosmx_bcc_xdonor_spot_0000069722,1.0214177889022859e-05,0.4586363567965806,0.20705746326035832,0.01901135607676596,0.22558569162530728,0.014233891239714727,0.07546502682338176,2.1836225907934545e-15
cosmx_bcc_xdonor_spot_0000069723,2.204475732210712e-15,0.21946933038126415,0.30451765008498316,0.09487616989606755,0.3811319970034405,4.43922049009975e-11,4.852589847935736e-06,2.204475732210712e-15
cosmx_bcc_xdonor_spot_0000069724,9.793019520816531e-14,0.06976854644020426,0.5702679725194463,0.1569369568257129,0.2030265235409765,2.3725541443622295e-15,6.73557158537025e-10,2.3725541443622295e-15
cosmx_bcc_xdonor_spot_0000069725,1.9042523813577433e-15,0.35991364451936175,0.40156468395769507,1.9042523813577433e-15,0.15519293020396654,1.9042523813577433e-15,0.08332874131896878,1.9042523813577433e-15
cosmx_bcc_xdonor_spot_0000069726,0.09241354623791759,1.3064633705113768e-15,0.5850166850928658,1.3064633705113768e-15,0.1713958454836042,0.15117392318560696,1.3064633705113768e-15,1.3064633705113768e-15
cosmx_bcc_xdonor_spot_0000069727,0.143430305545457,1.4608385686723445e-15,0.1493830025078903,1.2759809330028011e-11,0.11678089978441221,0.5904057482660667,4.388341096823624e-08,1.4608385686723445e-15
cosmx_bcc_xdonor_spot_0000069785,0.35636710843825103,0.16776359634309101,1.8371084224712045e-14,0.12302925865938003,2.584972400855503e-15,0.24309827804896234,0.10802233048204736,0.0017194280282473572
cosmx_bcc_xdonor_spot_0000069799,0.8730095330578802,0.0001691605054550486,0.1073403044757732,1.687751358711587e-15,0.003494105530685385,0.015540504370668373,0.0004463920595342679,1.687751358711587e-15
cosmx_bcc_xdonor_spot_0000069800,0.9847834700485744,5.863195313914104e-06,0.007951336943273888,1.708955891225388e-15,0.007259329811420457,1.708955891225388e-15,1.412276387139748e-12,1.708955891225388e-15
cosmx_bcc_xdonor_spot_0000069801,0.9921253952021074,3.5848449582035815e-14,0.0034323367634422294,1.6537614585611625e-15,0.004442267850834935,1.6537614585611625e-15,1.8357433421925691e-10,1.6537614585611625e-15
cosmx_bcc_xdonor_spot_0000069802,0.8589735358668176,2.7973512721368317e-08,0.09519869958227643,1.7633304917860467e-15,1.7633304917860467e-15,1.7633304917860467e-15,0.04582772665298906,9.924398688400415e-09
cosmx_bcc_xdonor_spot_0000069803,0.9642174908438146,0.01878555767566379,0.0029169066993785,3.591787804917431e-15,0.0016932971982229579,1.785346631724223e-15,0.0123867475829129,1.785346631724223e-15
cosmx_bcc_xdonor_spot_0000069804,0.9513889080516862,0.00029195460091913333,0.017195587058935577,0.004006433773298779,0.016553204987006066,3.131412689598617e-15,0.0105639115281494,1.699145170480356e-15
cosmx_bcc_xdonor_spot_0000069805,0.9385172191734966,0.023784622979278545,1.7303574209255356e-15,1.7303574209255356e-15,0.03650240865897824,0.001194940235393403,8.089528480356484e-07,1.7303574209255356e-15
cosmx_bcc_xdonor_spot_0000069806,0.8807955392779885,7.317522639235765e-12,0.10649405322301382,1.939003967611908e-05,0.012690717873037233,1.5941272424639536e-15,2.9957896336518114e-07,1.5941272424639536e-15
cosmx_bcc_xdonor_spot_0000069807,0.8993923548233752,4.824786847909863e-09,0.033163211029727906,3.946548235228396e-12,1.7710325499874844e-15,1.7710325499874844e-15,0.06744442931815817,1.7710325499874844e-15
cosmx_bcc_xdonor_spot_0000069808,0.9660762775433396,4.432532769070993e-09,1.4570474415140899e-15,1.4570474415140899e-15,0.010830832434788995,0.004145718345809547,0.018947167243524573,1.4570474415140899e-15
cosmx_bcc_xdonor_spot_0000069809,0.9700101872425243,1.3261319888809826e-15,1.3261319888809826e-15,1.3261319888809826e-15,0.0011987970835721058,0.004143999423711386,0.024647016250186796,1.3261319888809826e-15
cosmx_bcc_xdonor_spot_0000069810,0.7170311562909633,1.4172912082419323e-15,0.2790056308060413,3.3504472638455354e-05,0.003929708424243465,6.109200678820071e-12,1.4172912082419323e-15,1.4172912082419323e-15
cosmx_bcc_xdonor_spot_0000069811,0.09826425894235946,1.4361653035508148e-09,0.42651747906053455,0.015236588583301338,0.45998167197763334,1.930719702347437e-15,1.930719702347437e-15,1.930719702347437e-15
cosmx_bcc_xdonor_spot_0000070016,0.06401738366758915,0.36862277627002743,8.111658832761686e-06,0.2726931252836038,0.17695514167894558,0.08783067530390642,0.029872786137092485,2.315453321706879e-15
cosmx_bcc_xdonor_spot_0000070017,0.00028135938695161253,0.789864122148984,0.009386389351573583,0.10316644019767289,2.5489705494322425e-06,0.01784378538764033,0.07945535455662603,1.9634445200909353e-15
cosmx_bcc_xdonor_spot_0000070018,2.3115105300539987e-05,0.5717346177310464,0.21751172006573727,0.006143336966628662,0.1950000788380222,0.009587131292897207,3.6519772726876255e-13,2.474991215142851e-15
cosmx_bcc_xdonor_spot_0000070019,0.002298254822426058,0.4575017335371532,0.19920282965538474,0.25313994028723086,2.6590438586808382e-06,0.01588514078021356,0.07196944187373032,2.5212938918919398e-15
cosmx_bcc_xdonor_spot_0000070020,0.03565974647498895,0.5801742507512814,0.12172879285633248,0.058285588804021876,0.1853305141000019,0.018692585432703482,1.6482370255080856e-05,0.0001120392104147422
cosmx_bcc_xdonor_spot_0000070021,2.2027635369631867e-08,0.5493907486549459,0.19426147940037308,0.09760340040329221,6.656555109405688e-15,2.449316582259747e-15,0.15874434951374178,2.449316582259747e-15
cosmx_bcc_xdonor_spot_0000070022,0.04559551704272972,0.37317027462073177,0.4133107107973003,7.062448218934765e-06,0.02545253452161887,2.1700241359255178e-15,0.14246390056939598,2.1700241359255178e-15
cosmx_bcc_xdonor_spot_0000070023,0.0003861741152765953,2.0069580462330737e-15,0.9380845306454947,2.0069580462330737e-15,0.06152929523921842,2.0069580462330737e-15,2.0069580462330737e-15,2.0069580462330737e-15
cosmx_bcc_xdonor_spot_0000070024,1.389502094518016e-15,1.389502094518016e-15,0.8741961131688271,1.389502094518016e-15,0.12580388683116447,1.389502094518016e-15,1.389502094518016e-15,1.389502094518016e-15
cosmx_bcc_xdonor_spot_0000070025,5.574999923782549e-07,1.0637077066802074e-15,0.9092521836558077,1.0637077066802074e-15,0.016231881007715946,0.0745153778364797,1.0637077066802074e-15,1.0637077066802074e-15
cosmx_bcc_xdonor_spot_0000070026,1.140435642251754e-15,1.140435642251754e-15,0.9999999999999918,1.140435642251754e-15,1.140435642251754e-15,1.140435642251754e-15,1.140435642251754e-15,1.140435642251754e-15
cosmx_bcc_xdonor_spot_0000070084,0.45356929920745925,0.26676215072488835,2.2931806073186663e-15,0.11441348150727232,0.0670813820854731,0.019969484064166706,0.07017298829182494,0.008031214118913003
cosmx_bcc_xdonor_spot_0000070098,0.9711630836473988,2.298987330171232e-13,0.0002983752591222471,6.1387838264688555e-12,0.028538541087104827,1.8245786817245363e-15,1.8245786817245363e-15,1.8245786817245363e-15
cosmx_bcc_xdonor_spot_0000070099,0.9889708666803649,0.0006871375959024129,5.512469559106344e-12,1.7320767231655145e-15,0.0016930942621950986,1.7320767231655145e-15,0.008648901456019925,1.7320767231655145e-15
cosmx_bcc_xdonor_spot_0000070100,0.9985506032584738,1.7230855849328367e-15,1.7230855849328367e-15,1.7230855849328367e-15,0.0014493967415156624,1.7230855849328367e-15,1.7230855849328367e-15,1.7230855849328367e-15
cosmx_bcc_xdonor_spot_0000070101,0.987316929956641,0.005772286737587165,1.857261480697798e-08,1.7551638899617692e-15,5.589725845404783e-07,1.7551638899617692e-15,0.006910205757349682,3.2192623314782353e-12
cosmx_bcc_xdonor_spot_0000070102,0.9552633423476877,0.0038046312925826835,0.040630170899711944,1.6932225220604616e-15,1.414347088065751e-12,1.6932225220604616e-15,0.00030185545859805495,1.6932225220604616e-15
cosmx_bcc_xdonor_spot_0000070103,0.829037982269069,0.006639013345618752,0.10520574010418371,1.7939619205145776e-15,1.7939619205145776e-15,1.7939619205145776e-15,0.05911726428112122,1.7939619205145776e-15
cosmx_bcc_xdonor_spot_0000070104,0.9303084163902817,6.825588750890764e-14,1.6232583995048383e-15,2.2080687911736613e-11,0.0029552824029577944,0.06673630118455863,4.936749922938076e-14,1.6232583995048383e-15
cosmx_bcc_xdonor_spot_0000070105,0.8906617919652408,3.693419801487578e-07,1.7367157566065059e-15,1.7367157566065059e-15,0.06501729871541577,0.04242000881170531,1.3390721231633562e-09,0.001900529826582603
cosmx_bcc_xdonor_spot_0000070106,0.9879633035476292,3.901739831363111e-15,1.4144349986135883e-15,1.4144349986135883e-15,8.349298208249632e-13,1.4144349986135883e-15,0.01203669645152628,1.4144349986135883e-15
cosmx_bcc_xdonor_spot_0000070107,0.9857433133290816,1.1769811800068148e-15,1.1769811800068148e-15,1.1769811800068148e-15,1.1769811800068148e-15,0.0002714243091447749,0.013985262361767602,1.1769811800068148e-15
cosmx_bcc_xdonor_spot_0000070108,0.8315505483294812,1.2087294723282406e-15,1.2087294723282406e-15,1.2087294723282406e-15,0.08534295355849514,0.07580110623459355,0.007305391877425128,1.2087294723282406e-15
cosmx_bcc_xdonor_spot_0000070109,0.5978997602779242,1.389193441610628e-15,1.389193441610628e-15,1.389193441610628e-15,0.15985891347424194,0.24224132624782668,1.389193441610628e-15,1.389193441610628e-15
cosmx_bcc_xdonor_spot_0000070110,0.817157360455328,1.356585570497309e-15,9.187498343862934e-14,1.356585570497309e-15,0.03872030406219967,0.12562981298010722,0.01849252250226901,1.356585570497309e-15
cosmx_bcc_xdonor_spot_0000070315,0.35309433579097227,0.45337178654077187,0.03637560481915534,3.953995825958274e-08,0.04863955247373669,0.0193668030797165,0.08915187775568661,2.3484598591259673e-15
cosmx_bcc_xdonor_spot_0000070316,0.01166083089518338,0.3388035615027516,0.06816900699533682,0.01924526076608753,0.09390532203183403,1.980614439452807e-15,0.3284526599954828,0.13976335781332175
cosmx_bcc_xdonor_spot_0000070317,0.012762170394742707,0.5791218722563335,0.028489080452503934,0.09479179839015141,2.3642336967193514e-15,0.012555791098638398,0.2722792874076252,2.3642336967193514e-15
cosmx_bcc_xdonor_spot_0000070318,1.805372661758748e-13,0.17751796237731607,0.37649156570330705,0.13351595073583225,0.007815885674550126,0.00021035570312070927,0.30444827980569095,2.260894358181054e-15
cosmx_bcc_xdonor_spot_0000070319,1.7140500107798232e-11,0.35999011765076394,0.2439124763771824,0.1598652930230188,0.16937193473575865,0.010468328324737796,0.056391849871395575,2.3495677162113816e-15
cosmx_bcc_xdonor_spot_0000070320,0.031643401392375835,0.5176461850510741,0.17310131727280328,0.2000027101181846,0.03971461552994401,0.01556956401814566,1.6397558235338445e-09,0.022322204977716864
cosmx_bcc_xdonor_spot_0000070321,0.050651644713493045,0.524716547315823,0.2458072083695364,0.06333922195359598,0.10452160131039044,8.206647565199978e-10,0.010963775516493985,2.2976386335863236e-15
cosmx_bcc_xdonor_spot_0000070322,1.7282313030119891e-15,0.10897965024823791,0.5191547003711352,1.7282313030119891e-15,0.22265520022266003,1.7282313030119891e-15,0.14921044915795978,1.7282313030119891e-15
cosmx_bcc_xdonor_spot_0000070323,1.1816555195434897e-15,1.1816555195434897e-15,0.941662209002067,1.1816555195434897e-15,0.05833779099792345,1.1816555195434897e-15,3.4470352733732763e-15,1.1816555195434897e-15
cosmx_bcc_xdonor_spot_0000070324,1.3278570635160471e-15,7.365481347417671e-14,0.8120930547891008,1.3278570635160471e-15,0.12730393508812776,1.3278570635160471e-15,0.06060301012269241,1.3278570635160471e-15
cosmx_bcc_xdonor_spot_0000070325,0.13971757770776255,1.2494088256450235e-15,0.5058046987074385,1.2494088256450235e-15,0.0220361308594537,0.33244159272534024,1.2494088256450235e-15,1.2494088256450235e-15
cosmx_bcc_xdonor_spot_0000070397,0.6691496278553678,5.359436061573216e-12,1.3509262405436638e-12,1.6425104896316497e-15,1.1910648018160562e-10,0.3046502470466748,0.02178543545902358,0.0044146895131151375
cosmx_bcc_xdonor_spot_0000070398,0.7086185913622517,0.018907874130547397,1.8524158868275712e-15,8.788447873573169e-10,0.002725888839003393,0.23464287120808672,0.03510477358126225,1.8524158868275712e-15
cosmx_bcc_xdonor_spot_0000070399,0.9611353290435858,1.5159426431254293e-15,1.5159426431254293e-15,1.5159426431254293e-15,1.5159426431254293e-15,0.038293694275043005,1.5159426431254293e-15,0.0005709766813635236
cosmx_bcc_xdonor_spot_0000070400,0.9900361265732458,1.7581709406558726e-10,1.593949978656699e-15,2.4943777617378113e-12,0.009195416379646978,1.593949978656699e-15,0.0007684568687910167,1.593949978656699e-15
cosmx_bcc_xdonor_spot_0000070401,0.9948846311180503,1.819075069801242e-09,2.587547147377607e-15,6.352461019534599e-14,3.4839686682392154e-08,0.00511533222222206,8.980505412028404e-13,1.7478947424028262e-15
cosmx_bcc_xdonor_spot_0000070402,0.8570965609224243,0.0358925562414037,0.046318772447973985,0.009371714989046341,1.844385942916991e-15,1.844385942916991e-15,0.051320395399146235,1.844385942916991e-15
cosmx_bcc_xdonor_spot_0000070403,0.7652440445673349,0.10300220823517195,0.0151969461431356,2.4384450547905298e-05,0.0039140159558379,7.353769991313445e-15,0.11261840064796257,1.7536338587992554e-15
cosmx_bcc_xdonor_spot_0000070404,0.9999998924434403,5.785401700696875e-12,1.4818651276616712e-15,1.4818651276616712e-15,1.0753749363384065e-07,1.4818651276616712e-15,1.3274678610095857e-11,1.4818651276616712e-15
cosmx_bcc_xdonor_spot_0000070405,0.6848830790806496,0.004189412256773499,0.18219174798084656,6.808396252841978e-15,0.0007304407809313506,2.7424855607087306e-07,0.1280050456522342,1.7726262112768689e-15
cosmx_bcc_xdonor_spot_0000070406,0.9999999999999721,1.3486140453942097e-15,1.3486140453942097e-15,1.3486140453942097e-15,1.3486140453942097e-15,1.9651798729307563e-14,1.3486140453942097e-15,1.3486140453942097e-15
cosmx_bcc_xdonor_spot_0000070407,0.9833223336566056,1.3824733595094782e-15,1.3824733595094782e-15,1.3824733595094782e-15,0.016677664297790936,1.972676793038036e-09,7.29208611248314e-11,1.3824733595094782e-15
cosmx_bcc_xdonor_spot_0000070408,0.7747007333444648,1.3558992082519378e-15,1.3558992082519378e-15,1.3558992082519378e-15,0.0653411980145148,0.15995806864095785,5.706952166282091e-14,1.3558992082519378e-15
cosmx_bcc_xdonor_spot_0000070409,0.7907416322978466,1.2669857332635973e-15,1.2669857332635973e-15,1.2669857332635973e-15,0.06910400620693341,0.12373721525064689,0.01641714624456808,1.2669857332635973e-15
cosmx_bcc_xdonor_spot_0000070614,0.00024051708902487326,0.5772695894976273,0.0789571779046513,0.26454159092801777,7.626426742093994e-12,1.974645962959568e-15,0.05819014119293061,0.02080098338011975
cosmx_bcc_xdonor_spot_0000070615,0.05610674800993462,0.1537958206596713,1.2656227125608466e-06,0.026528793262831477,2.5413512146226215e-15,2.5413512146226215e-15,0.7635673724448425,2.5413512146226215e-15
cosmx_bcc_xdonor_spot_0000070616,2.2220873273905975e-15,0.7228066687073283,2.2220873273905975e-15,0.0363463974685349,2.2220873273905975e-15,0.025790111143581443,0.21505682268054624,2.2220873273905975e-15
cosmx_bcc_xdonor_spot_0000070617,2.1349402013960012e-13,0.3941073983135116,0.23389015948024489,1.1841856638076732e-10,0.11624643761675542,0.018041607719543832,2.143249933234893e-15,0.2377143967513099
cosmx_bcc_xdonor_spot_0000070618,1.9884307073158563e-15,0.5031144279417643,0.2953812549577372,0.20145906014848738,3.4872016979332065e-05,1.0382360499057734e-05,2.5745286750648652e-09,1.9884307073158563e-15
cosmx_bcc_xdonor_spot_0000070619,2.2126769520201218e-15,0.5938770904943459,0.1234917406959563,3.5125168730034673e-09,0.012553651108876351,0.029953489354905584,0.23689568611767198,0.0032283387157249154
cosmx_bcc_xdonor_spot_0000070620,4.488127456245116e-11,0.48277473597109727,0.2708349499647743,0.04213362551527652,5.562681558107628e-15,0.0004744827229681742,0.20378220578099474,2.0874944501696377e-15
cosmx_bcc_xdonor_spot_0000070621,1.878294641806185e-15,0.1796343490799403,0.18522220035865117,1.878294641806185e-15,0.599376257998259,1.878294641806185e-15,0.035767192563141904,1.878294641806185e-15
cosmx_bcc_xdonor_spot_0000070622,1.2258005786023191e-15,1.2258005786023191e-15,0.9515209147481853,1.2258005786023191e-15,0.04847908525180718,1.2258005786023191e-15,1.2258005786023191e-15,1.2258005786023191e-15
cosmx_bcc_xdonor_spot_0000070623,1.368517114973167e-15,1.368517114973167e-15,0.9188624639200519,1.368517114973167e-15,0.08113753532805026,1.368517114973167e-15,7.518907487049288e-10,1.368517114973167e-15
cosmx_bcc_xdonor_spot_0000070624,1.3728754238720663e-15,1.3728754238720663e-15,0.9545570988068588,1.3728754238720663e-15,0.045442901193132795,1.3728754238720663e-15,1.3728754238720663e-15,1.3728754238720663e-15
cosmx_bcc_xdonor_spot_0000070625,0.007814741067548462,0.09870043163042143,0.41866533651898435,0.20823476386803083,0.22659200921465106,0.02645546541875225,3.6586035485394666e-14,0.013537252281575029
cosmx_bcc_xdonor_spot_0000070697,0.39297037966422066,0.01777311342571472,1.7581128588347652e-15,2.987440511244008e-08,6.189931016166338e-10,0.5872006489754958,2.8948762824927315e-15,0.0020558274411659576
cosmx_bcc_xdonor_spot_0000070698,0.6207782390817526,4.084188868113135e-06,1.4809480885930383e-15,1.4809480885930383e-15,0.07877664842584219,0.3004410280849024,2.1863021828317547e-10,1.4809480885930383e-15
cosmx_bcc_xdonor_spot_0000070699,0.9675631118407793,1.448257841471138e-10,1.6269173677561495e-15,1.6269173677561495e-15,0.032436888004253324,9.751409705629148e-12,3.8517798440322716e-13,1.6269173677561495e-15
cosmx_bcc_xdonor_spot_0000070700,0.9999999999982511,1.6800021786637403e-15,1.061685761158866e-12,1.6800021786637403e-15,1.6800021786637403e-15,1.6800021786637403e-15,6.786498950032683e-13,1.6800021786637403e-15
cosmx_bcc_xdonor_spot_0000070701,0.9989930302735824,2.232795854404609e-14,1.708038503848848e-15,1.708038503848848e-15,1.708038503848848e-15,4.651208699198369e-14,0.0010069697263416855,1.708038503848848e-15
cosmx_bcc_xdonor_spot_0000070702,0.9577787624546109,0.012452479477056147,0.028739746540805307,2.8373063546187356e-10,0.000821668646335732,1.8128273367945406e-15,0.00015656757520541586,5.0775022253990406e-05
cosmx_bcc_xdonor_spot_0000070703,0.8667014031745854,0.01938510014044089,1.7763699797039237e-15,0.045056034400646476,0.06818462654340335,4.6312419860365684e-11,0.0006722508368248775,5.848577848192856e-07
cosmx_bcc_xdonor_spot_0000070704,0.9176942948876701,3.4823514924612696e-10,0.01141475950201788,1.4451043011843137e-15,0.057461858356286324,0.0006268455254986692,0.012802241380288995,1.4451043011843137e-15
cosmx_bcc_xdonor_spot_0000070705,0.9359961954616468,1.4331561596859045e-07,0.03558161650751783,1.6432705926596115e-15,0.013638585563562265,0.0006163564810880846,0.014167102670565672,1.6432705926596115e-15
cosmx_bcc_xdonor_spot_0000070706,0.9999936323181781,1.7289362752628316e-15,1.3961286793467607e-10,1.7289362752628316e-15,1.7289362752628316e-15,1.7289362752628316e-15,6.36754220007723e-06,1.7289362752628316e-15
cosmx_bcc_xdonor_spot_0000070707,0.9861861639387085,1.5523701461768103e-15,1.5523701461768103e-15,1.5523701461768103e-15,1.5523701461768103e-15,1.5523701461768103e-15,0.01381383606128196,1.5523701461768103e-15
cosmx_bcc_xdonor_spot_0000070708,0.9922804936574954,1.6215202985345243e-15,1.6215202985345243e-15,1.6215202985345243e-15,1.6215202985345243e-15,1.6215202985345243e-15,0.007719506342494599,1.6215202985345243e-15
cosmx_bcc_xdonor_spot_0000070913,5.627932799987292e-13,0.3556872191655599,2.5931749829434828e-15,0.09926300831975611,2.5931749829434828e-15,0.02104945774912258,0.5240003147649908,2.5931749829434828e-15
cosmx_bcc_xdonor_spot_0000070914,0.024377175631745983,0.04173187757333224,0.09321896392365066,0.0068964538047181535,0.01743085136284775,0.0012321251876395434,0.8151125525160635,2.0726365849994386e-15
cosmx_bcc_xdonor_spot_0000070915,0.1297403741704853,0.5572447955663564,0.0634967589887757,0.21354322672771095,2.2665703873805057e-15,3.0871619769949287e-06,0.011609596592707863,0.02436216079198451
cosmx_bcc_xdonor_spot_0000070916,1.5306969157937255e-06,0.5451383138097267,0.10882706197324662,0.3026497221901775,0.0030046530910179817,0.0403501400757616,2.8578163014249956e-05,1.3952530620795382e-13
cosmx_bcc_xdonor_spot_0000070917,2.287751149578502e-15,0.544608073883424,0.06827033570272585,0.05016003957085126,7.143563075105801e-14,2.287751149578502e-15,0.3369615508429205,2.287751149578502e-15
cosmx_bcc_xdonor_spot_0000070918,0.012144621901108288,0.729777777718762,0.1672362936888478,3.198736868634681e-05,0.08076561348289261,0.010043696551021719,9.28867920987875e-09,2.0199713894987496e-15
cosmx_bcc_xdonor_spot_0000070922,1.852933508578961e-15,0.14187461112790278,0.7992891573566602,0.004153445887804824,0.000738497785741922,1.852933508578961e-15,0.053944287841884674,1.852933508578961e-15
cosmx_bcc_xdonor_spot_0000070923,1.2853143276033747e-15,1.2853143276033747e-15,0.9999999999999908,1.2853143276033747e-15,1.2853143276033747e-15,1.2853143276033747e-15,1.2853143276033747e-15,1.2853143276033747e-15
cosmx_bcc_xdonor_spot_0000070924,0.007913601488438114,0.29512232363626323,0.003915160312462001,0.25171777764756764,0.42876032462270586,0.01257081229255797,2.5628094923876824e-15,2.5628094923876824e-15
cosmx_bcc_xdonor_spot_0000070995,0.4103735856743408,0.0050172643513489035,1.5448056686051747e-15,1.5448056686051747e-15,1.5448056686051747e-15,0.5846091499743024,1.5448056686051747e-15,1.5448056686051747e-15
cosmx_bcc_xdonor_spot_0000070996,0.5314328890633286,0.0027978379030669585,1.7724873435844106e-15,4.0381082120961184e-08,0.014508398053200066,0.44450221947906876,0.0067580870043328755,5.281159187585435e-07
cosmx_bcc_xdonor_spot_0000070997,0.8276399314121144,0.0022961931730763573,5.502101295759983e-12,7.942974930587874e-09,0.007261898296100934,0.15193111144522675,0.010870857725002759,1.7658315675801053e-15
cosmx_bcc_xdonor_spot_0000070998,0.9856548370330078,3.5939612873632604e-05,0.013026497280649843,1.682851164950707e-15,2.4941310931488925e-11,1.682851164950707e-15,0.0012827260485221395,1.682851164950707e-15
cosmx_bcc_xdonor_spot_0000070999,0.999999999999988,1.6812017412937442e-15,1.6812017412937442e-15,1.6812017412937442e-15,1.6812017412937442e-15,1.6812017412937442e-15,1.6812017412937442e-15,1.6812017412937442e-15
cosmx_bcc_xdonor_spot_0000071000,0.9997242795311048,1.6118707032261579e-15,1.6118707032261579e-15,1.6118707032261579e-15,0.0002757204686441652,1.6118707032261579e-15,2.428527975770687e-13,1.6118707032261579e-15
cosmx_bcc_xdonor_spot_0000071001,0.9973307687892006,5.201968733513615e-11,1.6235682019763328e-15,1.6235682019763328e-15,0.0026692311587590144,1.6235682019763328e-15,1.4016000778999095e-14,1.6235682019763328e-15
cosmx_bcc_xdonor_spot_0000071002,0.9677841115269115,0.0007747780059572982,0.024528526538481154,1.8665957591988324e-15,2.0785029944195127e-08,1.8665957591988324e-15,0.006912563101688374,4.1927839389996295e-11
cosmx_bcc_xdonor_spot_0000071003,0.9924616483220996,1.5340377457152683e-15,0.0007413865365341488,1.7258998237653263e-15,1.5340377457152683e-15,0.006670641075550769,0.00012632406580893204,1.5340377457152683e-15
cosmx_bcc_xdonor_spot_0000071004,0.6946656092901071,6.982554069914923e-10,0.20628645212043425,0.03220891467185161,0.04379534188895729,1.7333783870541134e-15,0.023043681330390763,1.7333783870541134e-15
cosmx_bcc_xdonor_spot_0000071005,0.7705573888242762,1.468703894770478e-14,0.09624219174971851,1.5277914187176662e-15,1.401928532911008e-12,0.08567073290892217,0.04752968651566359,1.5277914187176662e-15
cosmx_bcc_xdonor_spot_0000071006,0.9633573926940046,1.4760178820560145e-15,0.0003021732261588065,1.4760178820560145e-15,1.4760178820560145e-15,0.010470602548020328,0.025869831531810366,1.4760178820560145e-15
cosmx_bcc_xdonor_spot_0000071007,0.642359010066889,1.5214415225087752e-12,0.29970984436051334,6.88220865894925e-13,0.05547075352033811,6.398603882459582e-14,0.0024603920499840625,1.683052552600824e-15
cosmx_bcc_xdonor_spot_0000071294,0.8741498728707229,3.1284562459372233e-14,1.7255799667777088e-15,1.541010564234357e-14,9.880474639101739e-05,0.12575132237342765,9.408471370370975e-12,1.7255799667777088e-15
cosmx_bcc_xdonor_spot_0000071295,0.861701399881976,7.497103150125417e-15,1.6064974283024858e-15,1.9723118438710404e-08,1.6064974283024858e-15,0.13829771389137094,8.665035222054618e-07,1.6064974283024858e-15
cosmx_bcc_xdonor_spot_0000071296,0.9096156148764895,7.752574747966125e-12,1.443297213549507e-08,1.6021050506393144e-15,2.911463686108934e-13,0.04840300501726011,0.04197365578049173,7.709884741391855e-06
cosmx_bcc_xdonor_spot_0000071297,0.9630374619135879,4.264686980281187e-06,0.01080287129305689,7.40406410929277e-14,0.0052528375611160805,1.6915300523044996e-15,0.020902564545181447,1.6915300523044996e-15
cosmx_bcc_xdonor_spot_0000071298,0.9992431175106293,7.492061522184445e-10,1.6721544726780455e-15,1.6721544726780455e-15,0.0007561321148057248,2.347134920535521e-11,7.496018823758157e-07,1.6721544726780455e-15
cosmx_bcc_xdonor_spot_0000071299,0.9999999999999887,1.5760304056550084e-15,1.5760304056550084e-15,1.5760304056550084e-15,1.5760304056550084e-15,1.5760304056550084e-15,1.5760304056550084e-15,1.5760304056550084e-15
cosmx_bcc_xdonor_spot_0000071300,0.9998573391148845,1.6055320555660609e-15,1.6055320555660609e-15,1.6055320555660609e-15,1.6055320555660609e-15,4.882336439889205e-05,9.383752070836448e-05,1.6055320555660609e-15
cosmx_bcc_xdonor_spot_0000071301,0.9999999999999797,1.6391478790253839e-15,1.6391478790253839e-15,1.6391478790253839e-15,1.6391478790253839e-15,1.0316986753923512e-14,1.6391478790253839e-15,1.6391478790253839e-15
cosmx_bcc_xdonor_spot_0000071302,0.7853526276007823,6.398077141013832e-14,0.1576877720061215,4.2723691535804915e-05,1.852723381322783e-15,1.852723381322783e-15,0.05691687670149078,1.852723381322783e-15
cosmx_bcc_xdonor_spot_0000071303,0.021328979421119228,4.881704539489731e-05,0.8447009825363057,0.06711613070746289,0.007496316192595167,1.9368956934109836e-15,0.059308774097118225,1.9368956934109836e-15
cosmx_bcc_xdonor_spot_0000071305,0.049334093823842504,0.13409183477743403,0.70770698726636,0.016465793670995908,2.022171945096429e-15,2.022171945096429e-15,0.09240129046136138,2.022171945096429e-15
cosmx_bcc_xdonor_spot_0000071306,2.02905933767094e-15,4.74763295142797e-06,0.7468623911515551,2.02905933767094e-15,0.2531328612154832,2.02905933767094e-15,2.02905933767094e-15,2.02905933767094e-15
