substrate,rmse
cosmx_bcc,0.1435788052663574
cosmx_bcc,0.15706625168418045
cosmx_bcc,0.15903242985627894
cosmx_bcc,0.15769617545643919
cosmx_bcc,0.1435788052663574
cosmx_bcc,0.14940308159368376
cosmx_bcc,0.15163257368226915
cosmx_bcc,0.13373931210222229
cosmx_bcc,0.1508998430919104
cosmx_bcc,0.1518176107871939
cosmx_bcc,0.1590324298562789
cosmx_bcc,0.15769617545643919
cosmx_bcc,0.1435788052663574
cosmx_bcc,0.1508998430919104
cosmx_bcc,0.14103526231869964
cosmx_bcc,0.1639979888049548
cosmx_bcc,0.14445140307744614
cosmx_bcc,0.1618833798540152
cosmx_bcc,0.13816488146756933
cosmx_bcc,0.1508998430919104
cosmx_bcc,0.15769617545643919
cosmx_bcc,0.15769617545643919
cosmx_bcc,0.15769617545643919
cosmx_bcc,0.1678116429039551
cosmx_bcc,0.14552960984662916
cosmx_bcc,0.15037100099698608
cosmx_bcc,0.1639979888049548
cosmx_bcc,0.1508998430919104
cosmx_bcc,0.15824025788864235
cosmx_bcc,0.15163257368226918
cosmx_bcc,0.16467244787278681
cosmx_bcc,0.14445140307744614
cosmx_bcc,0.14552960984662916
cosmx_bcc,0.14445140307744614
cosmx_bcc,0.13816488146756936
cosmx_bcc,0.1513327297446995
cosmx_bcc,0.1508998430919104
cosmx_bcc,0.14270087172959506
cosmx_bcc,0.1389647769303182
cosmx_bcc,0.15706625168418045
cosmx_bcc,0.14552960984662916
cosmx_bcc,0.15744410019856508
cosmx_bcc,0.15163257368226915
cosmx_bcc,0.1639979888049548
cosmx_bcc,0.1435788052663574
cosmx_bcc,0.14531876128143625
cosmx_bcc,0.14552960984662916
cosmx_bcc,0.1618833798540152
cosmx_bcc,0.1618833798540152
cosmx_bcc,0.16840137716062262
cosmx_bcc,0.14620924621097614
cosmx_bcc,0.1389647769303182
cosmx_bcc,0.1389647769303182
cosmx_bcc,0.13299596710466782
cosmx_bcc,0.15744410019856508
cosmx_bcc,0.14103526231869964
cosmx_bcc,0.15706625168418045
cosmx_bcc,0.13816488146756933
cosmx_bcc,0.15706625168418045
cosmx_bcc,0.14531876128143625
cosmx_bcc,0.15769617545643919
cosmx_bcc,0.1513327297446995
cosmx_bcc,0.15163257368226915
cosmx_bcc,0.1513327297446995
cosmx_bcc,0.1513327297446995
cosmx_bcc,0.15228838512220463
cosmx_bcc,0.14531876128143625
cosmx_bcc,0.1389647769303182
cosmx_bcc,0.14445140307744614
cosmx_bcc,0.15769617545643919
cosmx_bcc,0.1508998430919104
cosmx_bcc,0.15163257368226915
cosmx_bcc,0.15037100099698608
cosmx_bcc,0.13816488146756933
cosmx_bcc,0.16467244787278681
cosmx_bcc,0.1639979888049548
cosmx_bcc,0.15228838512220466
cosmx_bcc,0.1518176107871939
cosmx_bcc,0.15163257368226915
cosmx_bcc,0.16332074447455985
cosmx_bcc,0.13816488146756936
cosmx_bcc,0.1618833798540152
cosmx_bcc,0.1435788052663574
cosmx_bcc,0.15236178050237661
cosmx_bcc,0.13816488146756933
cosmx_bcc,0.1678116429039551
cosmx_bcc,0.15824025788864235
cosmx_bcc,0.15769617545643919
cosmx_bcc,0.13736032802305725
cosmx_bcc,0.13816488146756936
cosmx_bcc,0.1618833798540152
cosmx_bcc,0.15824025788864235
cosmx_bcc,0.1590324298562789
cosmx_bcc,0.1513327297446995
cosmx_bcc,0.14445140307744614
cosmx_bcc,0.15163257368226915
cosmx_bcc,0.1435788052663574
cosmx_bcc,0.14552960984662916
cosmx_bcc,0.14445140307744614
cosmx_bcc,0.13816488146756933
cosmx_bcc,0.14445140307744614
cosmx_bcc,0.12935727072521644
cosmx_bcc,0.1508998430919104
cosmx_bcc,0.14531876128143625
cosmx_bcc,0.16399798880495478
cosmx_bcc,0.16840137716062262
cosmx_bcc,0.17135889355614684
cosmx_bcc,0.14620924621097614
cosmx_bcc,0.13299596710466782
cosmx_bcc,0.15037100099698608
cosmx_bcc,0.13816488146756936
cosmx_bcc,0.15769617545643919
cosmx_bcc,0.1508998430919104
cosmx_bcc,0.16399798880495478
cosmx_bcc,0.13816488146756933
cosmx_bcc,0.13736032802305725
cosmx_bcc,0.1389647769303182
cosmx_bcc,0.15824025788864235
cosmx_bcc,0.13373931210222229
cosmx_bcc,0.13299596710466782
cosmx_bcc,0.1435788052663574
cosmx_bcc,0.15163257368226915
cosmx_bcc,0.13736032802305723
cosmx_bcc,0.1678116429039551
cosmx_bcc,0.14552960984662916
cosmx_bcc,0.1508998430919104
cosmx_bcc,0.1508998430919104
cosmx_bcc,0.1639979888049548
cosmx_bcc,0.1639979888049548
cosmx_bcc,0.14620924621097614
cosmx_bcc,0.15824025788864235
cosmx_bcc,0.15744410019856508
cosmx_bcc,0.15706625168418045
cosmx_bcc,0.14620924621097614
cosmx_bcc,0.1678116429039551
cosmx_bcc,0.1508998430919104
cosmx_bcc,0.16840137716062262
cosmx_bcc,0.14445140307744614
cosmx_bcc,0.1518176107871939
cosmx_bcc,0.14552960984662916
cosmx_bcc,0.14445140307744614
cosmx_bcc,0.14552960984662916
cosmx_bcc,0.15744410019856508
cosmx_bcc,0.15769617545643919
cosmx_bcc,0.14620924621097614
cosmx_bcc,0.15236178050237661
cosmx_bcc,0.15163257368226915
cosmx_bcc,0.15706625168418045
cosmx_bcc,0.1590324298562789
cosmx_bcc,0.15824025788864235
cosmx_bcc,0.14620924621097614
cosmx_bcc,0.1518176107871939
cosmx_bcc,0.15744410019856508
cosmx_bcc,0.15236178050237661
cosmx_bcc,0.14552960984662916
cosmx_bcc,0.15163257368226915
cosmx_bcc,0.13816488146756936
cosmx_bcc,0.1590324298562789
cosmx_bcc,0.13816488146756933
cosmx_bcc,0.14270087172959506
cosmx_bcc,0.15824025788864235
cosmx_bcc,0.15769617545643919
cosmx_bcc,0.15228838512220463
cosmx_bcc,0.14103526231869964
cosmx_bcc,0.15163257368226915
cosmx_bcc,0.1518176107871939
cosmx_bcc,0.16332074447455985
cosmx_bcc,0.1435788052663574
cosmx_bcc,0.15163257368226915
cosmx_bcc,0.15163257368226915
cosmx_bcc,0.15163257368226915
cosmx_bcc,0.15769617545643919
cosmx_bcc,0.1590324298562789
cosmx_bcc,0.14445140307744614
cosmx_bcc,0.1639979888049548
cosmx_bcc,0.1639979888049548
cosmx_bcc,0.14552960984662916
cosmx_bcc,0.15163257368226915
cosmx_bcc,0.1508998430919104
cosmx_bcc,0.14620924621097614
cosmx_bcc,0.15769617545643919
cosmx_bcc,0.14445140307744614
cosmx_bcc,0.15163257368226915
cosmx_bcc,0.1618833798540152
cosmx_bcc,0.1618833798540152
cosmx_bcc,0.14270087172959506
cosmx_bcc,0.14270087172959506
cosmx_bcc,0.14552960984662916
cosmx_bcc,0.15236178050237661
cosmx_bcc,0.15236178050237661
cosmx_bcc,0.15824025788864235
cosmx_bcc,0.14445140307744614
cosmx_bcc,0.1513327297446995
cosmx_bcc,0.1508998430919104
cosmx_bcc,0.16332074447455985
cosmx_bcc,0.16467244787278681
cosmx_bcc,0.15824025788864235
cosmx_bcc,0.16332074447455985
cosmx_bcc,0.15769617545643919
cosmx_bcc,0.1508998430919104
cosmx_bcc,0.14620924621097614
cosmx_bcc,0.1508998430919104
cosmx_bcc,0.1508998430919104
cosmx_bcc,0.1518176107871939
cosmx_bcc,0.13373931210222229
cosmx_bcc,0.1435788052663574
cosmx_bcc,0.16399798880495478
cosmx_bcc,0.15824025788864235
cosmx_bcc,0.15982067536874106
cosmx_bcc,0.14552960984662916
cosmx_bcc,0.15163257368226915
cosmx_bcc,0.14620924621097614
cosmx_bcc,0.14445140307744614
cosmx_bcc,0.16840137716062262
cosmx_bcc,0.14552960984662916
cosmx_bcc,0.15903242985627894
cosmx_bcc,0.1590324298562789
cosmx_bcc,0.15769617545643919
cosmx_bcc,0.1508998430919104
cosmx_bcc,0.16332074447455985
cosmx_bcc,0.1513327297446995
cosmx_bcc,0.15037100099698608
cosmx_bcc,0.13816488146756933
cosmx_bcc,0.14103526231869964
cosmx_bcc,0.14270087172959506
cosmx_bcc,0.14270087172959506
cosmx_bcc,0.15163257368226915
cosmx_bcc,0.15769617545643919
cosmx_bcc,0.15769617545643919
cosmx_bcc,0.13816488146756933
cosmx_bcc,0.13299596710466782
cosmx_bcc,0.15236178050237661
cosmx_bcc,0.1435788052663574
cosmx_bcc,0.1590324298562789
cosmx_bcc,0.14445140307744614
cosmx_bcc,0.15769617545643919
cosmx_bcc,0.13816488146756933
cosmx_bcc,0.14103526231869964
cosmx_bcc,0.1508998430919104
cosmx_bcc,0.1389647769303182
cosmx_bcc,0.14445140307744614
cosmx_bcc,0.15706625168418045
cosmx_bcc,0.13373931210222229
cosmx_bcc,0.15163257368226915
cosmx_bcc,0.16332074447455985
cosmx_bcc,0.1590324298562789
cosmx_bcc,0.15706625168418045
cosmx_bcc,0.15323808075760928
cosmx_bcc,0.16332074447455985
cosmx_bcc,0.15706625168418045
cosmx_bcc,0.16467244787278681
cosmx_bcc,0.15769617545643919
cosmx_bcc,0.15163257368226915
cosmx_bcc,0.15163257368226915
cosmx_bcc,0.15163257368226915
cosmx_bcc,0.14552960984662916
cosmx_bcc,0.15236178050237661
cosmx_bcc,0.15163257368226918
cosmx_bcc,0.1435788052663574
cosmx_bcc,0.15706625168418045
cosmx_bcc,0.16467244787278681
cosmx_bcc,0.15163257368226915
cosmx_bcc,0.1678116429039551
cosmx_bcc,0.13816488146756933
cosmx_bcc,0.13373931210222229
cosmx_bcc,0.1618833798540152
cosmx_bcc,0.15744410019856508
cosmx_bcc,0.1508998430919104
cosmx_bcc,0.15236178050237661
cosmx_bcc,0.14531876128143625
cosmx_bcc,0.13736032802305725
cosmx_bcc,0.14445140307744614
cosmx_bcc,0.14445140307744614
cosmx_bcc,0.15163257368226915
cosmx_bcc,0.15824025788864235
cosmx_bcc,0.1590324298562789
cosmx_bcc,0.13816488146756933
cosmx_bcc,0.14445140307744614
cosmx_bcc,0.15163257368226915
cosmx_bcc,0.15824025788864235
cosmx_bcc,0.1389647769303182
cosmx_bcc,0.1518176107871939
cosmx_bcc,0.13736032802305725
cosmx_bcc,0.1435788052663574
cosmx_bcc,0.14620924621097614
cosmx_bcc,0.15706625168418045
cosmx_bcc,0.1618833798540152
cosmx_bcc,0.15163257368226915
cosmx_bcc,0.13373931210222229
cosmx_bcc,0.1518176107871939
cosmx_bcc,0.1618833798540152
cosmx_bcc,0.1639979888049548
cosmx_bcc,0.1389647769303182
cosmx_bcc,0.13816488146756936
cosmx_bcc,0.15706625168418045
cosmx_bcc,0.1678116429039551
cosmx_bcc,0.15824025788864235
cosmx_bcc,0.15769617545643919
cosmx_bcc,0.15163257368226915
cosmx_bcc,0.15037100099698608
cosmx_bcc,0.1678116429039551
cosmx_bcc,0.16399798880495478
cosmx_bcc,0.14552960984662916
cosmx_bcc,0.13373931210222229
cosmx_bcc,0.1518176107871939
cosmx_bcc,0.14270087172959506
cosmx_bcc,0.15163257368226915
cosmx_bcc,0.1508998430919104
cosmx_bcc,0.15824025788864235
cosmx_bcc,0.15824025788864235
cosmx_bcc,0.14445140307744614
cosmx_bcc,0.14445140307744614
cosmx_bcc,0.13373931210222229
cosmx_bcc,0.15706625168418045
cosmx_bcc,0.14552960984662916
cosmx_bcc,0.14445140307744614
cosmx_bcc,0.13816488146756933
cosmx_bcc,0.14552960984662916
cosmx_bcc,0.1678116429039551
cosmx_bcc,0.1639979888049548
cosmx_bcc,0.14445140307744614
cosmx_bcc,0.1513327297446995
cosmx_bcc,0.15228838512220463
cosmx_bcc,0.1508998430919104
cosmx_bcc,0.15824025788864235
cosmx_bcc,0.15706625168418045
cosmx_bcc,0.1513327297446995
cosmx_bcc,0.15769617545643919
cosmx_bcc,0.14620924621097614
cosmx_bcc,0.13373931210222229
cosmx_bcc,0.13816488146756933
cosmx_bcc,0.16467244787278681
cosmx_bcc,0.14620924621097614
cosmx_bcc,0.1513327297446995
cosmx_bcc,0.14445140307744614
cosmx_bcc,0.14552960984662916
cosmx_bcc,0.15769617545643919
cosmx_bcc,0.15769617545643919
cosmx_bcc,0.14531876128143625
cosmx_bcc,0.16467244787278681
cosmx_bcc,0.14445140307744614
cosmx_bcc,0.14620924621097614
cosmx_bcc,0.15163257368226915
cosmx_bcc,0.15706625168418045
cosmx_bcc,0.15769617545643919
cosmx_bcc,0.15163257368226915
cosmx_bcc,0.1435788052663574
cosmx_bcc,0.1513327297446995
cosmx_bcc,0.13736032802305725
cosmx_bcc,0.1590324298562789
cosmx_bcc,0.1518176107871939
cosmx_bcc,0.1513327297446995
cosmx_bcc,0.15163257368226915
cosmx_bcc,0.14445140307744614
cosmx_bcc,0.1590324298562789
cosmx_bcc,0.15824025788864235
cosmx_bcc,0.15706625168418045
cosmx_bcc,0.16840137716062262
cosmx_bcc,0.1435788052663574
cosmx_bcc,0.1389647769303182
cosmx_bcc,0.15824025788864235
cosmx_bcc,0.15163257368226915
cosmx_bcc,0.15163257368226915
cosmx_bcc,0.15163257368226915
cosmx_bcc,0.1508998430919104
cosmx_bcc,0.14620924621097614
cosmx_bcc,0.1639979888049548
cosmx_bcc,0.14103526231869964
cosmx_bcc,0.14620924621097614
cosmx_bcc,0.13816488146756936
cosmx_bcc,0.1508998430919104
cosmx_bcc,0.1508998430919104
cosmx_bcc,0.14531876128143625
cosmx_bcc,0.13816488146756933
cosmx_bcc,0.1389647769303182
cosmx_bcc,0.14552960984662916
cosmx_bcc,0.13373931210222229
cosmx_bcc,0.15982067536874106
cosmx_bcc,0.15236178050237661
cosmx_bcc,0.1389647769303182
cosmx_bcc,0.14552960984662916
cosmx_bcc,0.15323808075760928
cosmx_bcc,0.15903242985627894
cosmx_bcc,0.1435788052663574
cosmx_bcc,0.1435788052663574
cosmx_bcc,0.16467244787278681
cosmx_bcc,0.15706625168418045
cosmx_bcc,0.15163257368226918
cosmx_bcc,0.1639979888049548
cosmx_bcc,0.16467244787278681
cosmx_bcc,0.14552960984662916
cosmx_bcc,0.15037100099698608
cosmx_bcc,0.14445140307744614
cosmx_bcc,0.14552960984662916
cosmx_bcc,0.15769617545643919
cosmx_bcc,0.15228838512220466
cosmx_bcc,0.1508998430919104
cosmx_bcc,0.14531876128143625
cosmx_bcc,0.15824025788864235
cosmx_bcc,0.14531876128143625
cosmx_bcc,0.1513327297446995
cosmx_bcc,0.1590324298562789
cosmx_bcc,0.15236178050237661
cosmx_bcc,0.14620924621097614
cosmx_bcc,0.15769617545643919
cosmx_bcc,0.1389647769303182
cosmx_bcc,0.14445140307744614
cosmx_bcc,0.15163257368226915
cosmx_bcc,0.16467244787278681
cosmx_bcc,0.15769617545643919
cosmx_bcc,0.1508998430919104
cosmx_bcc,0.15163257368226915
cosmx_bcc,0.13736032802305725
cosmx_bcc,0.14445140307744614
cosmx_bcc,0.14552960984662916
cosmx_bcc,0.15903242985627894
cosmx_bcc,0.14270087172959506
cosmx_bcc,0.1435788052663574
cosmx_bcc,0.14620924621097614
cosmx_bcc,0.15982067536874106
cosmx_bcc,0.15706625168418045
cosmx_bcc,0.1435788052663574
cosmx_bcc,0.1618833798540152
cosmx_bcc,0.15744410019856508
cosmx_bcc,0.1389647769303182
cosmx_bcc,0.15163257368226915
cosmx_bcc,0.1639979888049548
cosmx_bcc,0.15706625168418045
cosmx_bcc,0.15037100099698608
cosmx_bcc,0.1590324298562789
cosmx_bcc,0.16332074447455985
cosmx_bcc,0.14552960984662916
cosmx_bcc,0.1435788052663574
cosmx_bcc,0.13373931210222229
cosmx_bcc,0.13816488146756933
cosmx_bcc,0.14552960984662916
cosmx_bcc,0.1435788052663574
cosmx_bcc,0.1389647769303182
cosmx_bcc,0.14620924621097614
cosmx_bcc,0.15037100099698608
cosmx_bcc,0.1508998430919104
cosmx_bcc,0.15769617545643919
cosmx_bcc,0.15824025788864235
cosmx_bcc,0.14620924621097614
cosmx_bcc,0.14620924621097614
cosmx_bcc,0.14445140307744614
cosmx_bcc,0.1513327297446995
cosmx_bcc,0.16332074447455985
cosmx_bcc,0.14620924621097614
cosmx_bcc,0.13816488146756936
cosmx_bcc,0.14620924621097614
cosmx_bcc,0.16332074447455985
cosmx_bcc,0.15163257368226918
cosmx_bcc,0.1508998430919104
cosmx_bcc,0.1518176107871939
cosmx_bcc,0.15706625168418045
cosmx_bcc,0.15163257368226915
cosmx_bcc,0.16467244787278681
cosmx_bcc,0.13816488146756933
cosmx_bcc,0.15236178050237661
cosmx_bcc,0.15982067536874103
cosmx_bcc,0.15163257368226915
cosmx_bcc,0.15706625168418045
cosmx_bcc,0.15163257368226915
cosmx_bcc,0.1590324298562789
cosmx_bcc,0.1435788052663574
cosmx_bcc,0.14445140307744614
cosmx_bcc,0.1508998430919104
cosmx_bcc,0.15769617545643919
cosmx_bcc,0.13816488146756933
cosmx_bcc,0.1639979888049548
cosmx_bcc,0.14445140307744614
cosmx_bcc,0.15982067536874106
cosmx_bcc,0.1508998430919104
cosmx_bcc,0.14552960984662916
cosmx_bcc,0.14445140307744614
cosmx_bcc,0.1389647769303182
cosmx_bcc,0.1639979888049548
cosmx_bcc,0.15744410019856508
cosmx_bcc,0.1435788052663574
cosmx_bcc,0.15824025788864235
cosmx_bcc,0.16467244787278681
cosmx_bcc,0.1508998430919104
cosmx_bcc,0.15903242985627894
cosmx_bcc,0.1639979888049548
cosmx_bcc,0.15769617545643919
cosmx_bcc,0.15706625168418045
cosmx_bcc,0.15706625168418045
cosmx_bcc,0.13816488146756936
cosmx_bcc,0.1513327297446995
cosmx_bcc,0.13816488146756933
cosmx_bcc,0.14445140307744614
cosmx_bcc,0.1639979888049548
cosmx_bcc,0.1590324298562789
cosmx_bcc,0.15769617545643919
cosmx_bcc,0.14270087172959506
cosmx_bcc,0.15236178050237661
cosmx_bcc,0.13373931210222229
cosmx_bcc,0.15769617545643919
cosmx_bcc,0.15163257368226915
cosmx_bcc,0.14620924621097614
cosmx_bcc,0.15323808075760928
cosmx_bcc,0.1590324298562789
cosmx_bcc,0.15706625168418045
cosmx_bcc,0.13816488146756933
cosmx_bcc,0.15982067536874106
cosmx_bcc,0.13816488146756933
cosmx_bcc,0.15706625168418045
cosmx_bcc,0.1639979888049548
cosmx_bcc,0.13816488146756933
cosmx_bcc,0.14940308159368376
cosmx_bcc,0.13736032802305725
cosmx_bcc,0.14445140307744614
cosmx_bcc,0.15769617545643919
cosmx_bcc,0.1518176107871939
cosmx_bcc,0.15323808075760928
cosmx_bcc,0.15824025788864235
cosmx_bcc,0.14620924621097614
cosmx_bcc,0.15769617545643919
cosmx_bcc,0.15163257368226915
cosmx_bcc,0.1508998430919104
cosmx_bcc,0.1508998430919104
cosmx_bcc,0.15236178050237661
cosmx_bcc,0.14620924621097614
cosmx_bcc,0.14620924621097614
cosmx_bcc,0.1508998430919104
cosmx_bcc,0.16332074447455985
cosmx_bcc,0.13299596710466782
cosmx_bcc,0.13736032802305725
cosmx_bcc,0.15163257368226915
cosmx_bcc,0.1435788052663574
cosmx_bcc,0.15163257368226918
cosmx_bcc,0.15163257368226915
cosmx_bcc,0.1389647769303182
cosmx_bcc,0.1639979888049548
cosmx_bcc,0.1639979888049548
cosmx_bcc,0.15236178050237661
cosmx_bcc,0.13816488146756933
cosmx_bcc,0.15236178050237661
cosmx_bcc,0.14445140307744614
cosmx_bcc,0.15163257368226915
cosmx_bcc,0.15163257368226915
cosmx_bcc,0.1590324298562789
cosmx_bcc,0.1508998430919104
cosmx_bcc,0.16467244787278681
cosmx_bcc,0.15163257368226918
cosmx_bcc,0.13736032802305725
cosmx_bcc,0.16840137716062262
cosmx_bcc,0.15769617545643919
cosmx_bcc,0.14620924621097614
cosmx_bcc,0.1435788052663574
cosmx_bcc,0.14552960984662916
cosmx_bcc,0.14552960984662916
cosmx_bcc,0.1389647769303182
cosmx_bcc,0.1435788052663574
cosmx_bcc,0.13816488146756936
cosmx_bcc,0.14940308159368376
cosmx_bcc,0.1513327297446995
cosmx_bcc,0.15706625168418045
cosmx_bcc,0.15037100099698608
cosmx_bcc,0.13816488146756936
cosmx_bcc,0.15037100099698608
cosmx_bcc,0.1435788052663574
cosmx_bcc,0.16399798880495478
cosmx_bcc,0.15236178050237661
cosmx_bcc,0.16467244787278681
cosmx_bcc,0.15903242985627894
cosmx_bcc,0.14552960984662916
cosmx_bcc,0.14620924621097614
cosmx_bcc,0.14552960984662916
cosmx_bcc,0.15236178050237661
cosmx_bcc,0.15706625168418045
cosmx_bcc,0.15769617545643919
cosmx_bcc,0.15903242985627894
cosmx_bcc,0.15228838512220466
cosmx_bcc,0.15228838512220466
cosmx_bcc,0.13299596710466782
cosmx_bcc,0.15769617545643919
cosmx_bcc,0.14620924621097614
cosmx_bcc,0.14552960984662916
cosmx_bcc,0.14445140307744614
cosmx_bcc,0.13816488146756933
cosmx_bcc,0.1518176107871939
cosmx_bcc,0.15163257368226915
cosmx_bcc,0.1639979888049548
cosmx_bcc,0.16332074447455985
cosmx_bcc,0.16332074447455985
cosmx_bcc,0.14620924621097614
cosmx_bcc,0.1508998430919104
cosmx_bcc,0.15163257368226915
cosmx_bcc,0.1513327297446995
cosmx_bcc,0.13816488146756933
cosmx_bcc,0.1389647769303182
cosmx_bcc,0.1513327297446995
cosmx_bcc,0.15982067536874103
cosmx_bcc,0.16840137716062262
cosmx_bcc,0.14620924621097614
cosmx_bcc,0.14620924621097614
cosmx_bcc,0.16399798880495478
cosmx_bcc,0.1518176107871939
cosmx_bcc,0.1639979888049548
cosmx_bcc,0.1639979888049548
cosmx_bcc,0.15769617545643919
cosmx_bcc,0.15824025788864235
cosmx_bcc,0.15163257368226918
cosmx_bcc,0.13816488146756933
cosmx_bcc,0.1590324298562789
cosmx_bcc,0.14445140307744614
cosmx_bcc,0.13736032802305725
cosmx_bcc,0.13299596710466782
cosmx_bcc,0.1435788052663574
cosmx_bcc,0.1590324298562789
cosmx_bcc,0.15903242985627894
cosmx_bcc,0.16332074447455985
cosmx_bcc,0.15706625168418045
cosmx_bcc,0.15744410019856508
cosmx_bcc,0.15706625168418045
cosmx_bcc,0.15037100099698608
cosmx_bcc,0.16332074447455985
cosmx_bcc,0.15163257368226915
cosmx_bcc,0.14552960984662916
cosmx_bcc,0.15163257368226915
cosmx_bcc,0.14552960984662916
cosmx_bcc,0.15769617545643919
cosmx_bcc,0.14620924621097614
cosmx_bcc,0.15706625168418045
cosmx_bcc,0.15769617545643919
cosmx_bcc,0.14620924621097614
cosmx_bcc,0.1639979888049548
cosmx_bcc,0.1389647769303182
cosmx_bcc,0.15163257368226915
cosmx_bcc,0.15163257368226915
cosmx_bcc,0.14552960984662916
cosmx_bcc,0.1590324298562789
cosmx_bcc,0.15824025788864235
cosmx_bcc,0.15744410019856508
cosmx_bcc,0.13816488146756936
cosmx_bcc,0.1508998430919104
cosmx_bcc,0.13816488146756933
cosmx_bcc,0.14445140307744614
cosmx_bcc,0.13816488146756933
cosmx_bcc,0.14552960984662916
cosmx_bcc,0.14445140307744614
cosmx_bcc,0.14620924621097614
cosmx_bcc,0.14445140307744614
cosmx_bcc,0.15236178050237661
cosmx_bcc,0.13816488146756936
cosmx_bcc,0.15037100099698608
cosmx_bcc,0.1639979888049548
cosmx_bcc,0.13816488146756933
cosmx_bcc,0.14103526231869964
cosmx_bcc,0.15824025788864235
cosmx_bcc,0.15824025788864235
cosmx_bcc,0.14552960984662916
cosmx_bcc,0.1508998430919104
cosmx_bcc,0.1508998430919104
cosmx_bcc,0.16467244787278681
cosmx_bcc,0.14620924621097614
cosmx_bcc,0.1389647769303182
cosmx_bcc,0.1389647769303182
cosmx_bcc,0.15706625168418045
cosmx_bcc,0.13816488146756936
cosmx_bcc,0.16467244787278681
cosmx_bcc,0.16332074447455985
cosmx_bcc,0.14552960984662916
cosmx_bcc,0.15163257368226915
cosmx_bcc,0.1513327297446995
cosmx_bcc,0.15236178050237661
cosmx_bcc,0.14552960984662916
cosmx_bcc,0.15163257368226915
cosmx_bcc,0.16840137716062262
cosmx_bcc,0.13373931210222229
cosmx_bcc,0.15982067536874103
cosmx_bcc,0.1389647769303182
cosmx_bcc,0.1639979888049548
cosmx_bcc,0.14445140307744614
cosmx_bcc,0.16467244787278681
cosmx_bcc,0.15163257368226915
cosmx_bcc,0.13373931210222229
cosmx_bcc,0.13736032802305723
cosmx_bcc,0.1618833798540152
cosmx_bcc,0.14445140307744614
cosmx_bcc,0.15037100099698608
cosmx_bcc,0.13299596710466782
cosmx_bcc,0.1435788052663574
cosmx_bcc,0.1513327297446995
cosmx_bcc,0.15037100099698608
cosmx_bcc,0.13736032802305723
cosmx_bcc,0.15769617545643919
cosmx_bcc,0.1435788052663574
cosmx_bcc,0.15824025788864235
cosmx_bcc,0.14445140307744614
cosmx_bcc,0.14445140307744614
cosmx_bcc,0.1639979888049548
cosmx_bcc,0.14445140307744614
cosmx_bcc,0.16467244787278681
cosmx_bcc,0.14620924621097614
cosmx_bcc,0.17135889355614684
cosmx_bcc,0.16467244787278681
cosmx_bcc,0.16332074447455985
cosmx_bcc,0.15236178050237661
cosmx_bcc,0.14552960984662916
cosmx_bcc,0.1508998430919104
cosmx_bcc,0.1513327297446995
cosmx_bcc,0.15706625168418045
cosmx_bcc,0.13736032802305725
cosmx_bcc,0.1508998430919104
cosmx_bcc,0.1435788052663574
cosmx_bcc,0.14531876128143625
cosmx_bcc,0.1389647769303182
cosmx_bcc,0.15824025788864235
cosmx_bcc,0.1590324298562789
cosmx_bcc,0.15769617545643919
cosmx_bcc,0.15824025788864235
cosmx_bcc,0.15037100099698608
cosmx_bcc,0.13816488146756933
cosmx_bcc,0.15236178050237661
cosmx_bcc,0.15228838512220466
cosmx_bcc,0.13816488146756933
cosmx_bcc,0.1389647769303182
cosmx_bcc,0.13736032802305725
cosmx_bcc,0.14103526231869964
cosmx_bcc,0.16399798880495478
cosmx_bcc,0.12935727072521644
cosmx_bcc,0.15706625168418045
cosmx_bcc,0.14531876128143625
cosmx_bcc,0.1518176107871939
cosmx_bcc,0.14103526231869964
cosmx_bcc,0.1590324298562789
cosmx_bcc,0.1618833798540152
cosmx_bcc,0.15769617545643919
cosmx_bcc,0.16840137716062262
cosmx_bcc,0.15236178050237661
cosmx_bcc,0.13816488146756933
cosmx_bcc,0.15824025788864235
cosmx_bcc,0.1590324298562789
cosmx_bcc,0.15706625168418045
cosmx_bcc,0.14270087172959506
cosmx_bcc,0.15236178050237661
cosmx_bcc,0.1389647769303182
cosmx_bcc,0.1435788052663574
cosmx_bcc,0.14552960984662916
cosmx_bcc,0.1435788052663574
cosmx_bcc,0.1513327297446995
cosmx_bcc,0.15769617545643919
cosmx_bcc,0.15706625168418045
cosmx_bcc,0.14552960984662916
cosmx_bcc,0.13373931210222229
cosmx_bcc,0.14445140307744614
cosmx_bcc,0.16467244787278681
cosmx_bcc,0.15769617545643919
cosmx_bcc,0.16332074447455985
cosmx_bcc,0.15706625168418045
cosmx_bcc,0.14103526231869964
cosmx_bcc,0.15037100099698608
cosmx_bcc,0.14552960984662916
cosmx_bcc,0.1435788052663574
cosmx_bcc,0.1435788052663574
cosmx_bcc,0.15037100099698608
cosmx_bcc,0.15903242985627894
cosmx_bcc,0.15228838512220463
cosmx_bcc,0.15163257368226918
cosmx_bcc,0.1508998430919104
cosmx_bcc,0.1518176107871939
cosmx_bcc,0.13816488146756933
cosmx_bcc,0.13373931210222229
cosmx_bcc,0.15236178050237661
cosmx_bcc,0.15769617545643919
cosmx_bcc,0.1508998430919104
cosmx_bcc,0.15163257368226918
cosmx_bcc,0.15163257368226918
cosmx_bcc,0.13736032802305725
cosmx_bcc,0.13299596710466782
cosmx_bcc,0.1590324298562789
cosmx_bcc,0.13816488146756933
cosmx_bcc,0.15163257368226915
cosmx_bcc,0.15163257368226918
cosmx_bcc,0.15769617545643919
cosmx_bcc,0.13736032802305725
cosmx_bcc,0.1590324298562789
cosmx_bcc,0.15163257368226915
cosmx_bcc,0.13816488146756933
cosmx_bcc,0.14552960984662916
cosmx_bcc,0.15236178050237661
cosmx_bcc,0.14620924621097614
cosmx_bcc,0.1618833798540152
cosmx_bcc,0.13736032802305725
cosmx_bcc,0.1435788052663574
cosmx_bcc,0.14552960984662916
cosmx_bcc,0.1518176107871939
cosmx_bcc,0.15706625168418045
cosmx_bcc,0.15824025788864235
cosmx_bcc,0.14103526231869964
cosmx_bcc,0.1678116429039551
cosmx_bcc,0.15037100099698608
cosmx_bcc,0.15163257368226915
cosmx_bcc,0.13816488146756933
cosmx_bcc,0.15163257368226915
cosmx_bcc,0.15744410019856508
cosmx_bcc,0.1435788052663574
cosmx_bcc,0.15236178050237661
cosmx_bcc,0.1435788052663574
cosmx_bcc,0.15163257368226915
cosmx_bcc,0.14552960984662916
cosmx_bcc,0.1590324298562789
cosmx_bcc,0.13299596710466782
cosmx_bcc,0.15236178050237661
cosmx_bcc,0.1435788052663574
cosmx_bcc,0.1518176107871939
cosmx_bcc,0.1639979888049548
cosmx_bcc,0.13816488146756933
cosmx_bcc,0.13816488146756933
cosmx_bcc,0.1435788052663574
cosmx_bcc,0.14620924621097614
cosmx_bcc,0.15769617545643919
cosmx_bcc,0.13299596710466782
cosmx_bcc,0.15236178050237661
cosmx_bcc,0.1590324298562789
cosmx_bcc,0.1508998430919104
cosmx_bcc,0.1508998430919104
cosmx_bcc,0.15236178050237661
cosmx_bcc,0.1389647769303182
cosmx_bcc,0.14531876128143625
cosmx_bcc,0.14103526231869964
cosmx_bcc,0.15706625168418045
cosmx_bcc,0.15236178050237661
cosmx_bcc,0.15982067536874106
cosmx_bcc,0.14445140307744614
cosmx_bcc,0.1518176107871939
cosmx_bcc,0.1618833798540152
cosmx_bcc,0.15769617545643919
cosmx_bcc,0.15706625168418045
cosmx_bcc,0.14270087172959506
cosmx_bcc,0.14531876128143625
cosmx_bcc,0.15706625168418045
cosmx_bcc,0.14552960984662916
cosmx_bcc,0.14445140307744614
cosmx_bcc,0.1639979888049548
cosmx_bcc,0.13736032802305725
cosmx_bcc,0.1435788052663574
cosmx_bcc,0.1508998430919104
cosmx_bcc,0.14445140307744614
cosmx_bcc,0.1590324298562789
cosmx_bcc,0.13736032802305723
cosmx_bcc,0.13299596710466782
cosmx_bcc,0.15163257368226915
cosmx_bcc,0.15769617545643919
cosmx_bcc,0.16467244787278681
cosmx_bcc,0.1618833798540152
cosmx_bcc,0.15037100099698608
cosmx_bcc,0.15824025788864235
cosmx_bcc,0.13373931210222229
cosmx_bcc,0.15769617545643919
cosmx_bcc,0.14620924621097614
cosmx_bcc,0.1508998430919104
cosmx_bcc,0.14270087172959506
cosmx_bcc,0.13816488146756933
cosmx_bcc,0.15769617545643919
cosmx_bcc,0.14552960984662916
cosmx_bcc,0.15769617545643919
cosmx_bcc,0.14620924621097614
cosmx_bcc,0.14620924621097614
cosmx_bcc,0.1513327297446995
cosmx_bcc,0.15706625168418045
cosmx_bcc,0.13816488146756933
cosmx_bcc,0.15163257368226918
cosmx_bcc,0.15163257368226915
cosmx_bcc,0.15163257368226915
cosmx_bcc,0.16399798880495478
cosmx_bcc,0.13736032802305725
cosmx_bcc,0.14552960984662916
cosmx_bcc,0.15744410019856508
cosmx_bcc,0.1639979888049548
cosmx_bcc,0.14531876128143625
cosmx_bcc,0.15323808075760928
cosmx_bcc,0.15824025788864235
cosmx_bcc,0.15769617545643919
cosmx_bcc,0.15769617545643919
cosmx_bcc,0.14531876128143625
cosmx_bcc,0.14445140307744614
cosmx_bcc,0.15236178050237661
cosmx_bcc,0.14620924621097614
cosmx_bcc,0.1518176107871939
cosmx_bcc,0.15769617545643919
cosmx_bcc,0.15163257368226918
cosmx_bcc,0.15163257368226915
cosmx_bcc,0.14445140307744614
cosmx_bcc,0.15228838512220466
cosmx_bcc,0.1639979888049548
cosmx_bcc,0.1678116429039551
cosmx_bcc,0.13816488146756933
cosmx_bcc,0.1508998430919104
cosmx_bcc,0.1508998430919104
cosmx_bcc,0.15236178050237661
cosmx_bcc,0.1435788052663574
cosmx_bcc,0.14552960984662916
cosmx_bcc,0.1639979888049548
cosmx_bcc,0.16332074447455985
cosmx_bcc,0.1618833798540152
cosmx_bcc,0.14445140307744614
cosmx_bcc,0.15163257368226918
cosmx_bcc,0.15824025788864235
cosmx_bcc,0.1508998430919104
cosmx_bcc,0.13816488146756933
cosmx_bcc,0.1508998430919104
cosmx_bcc,0.1590324298562789
cosmx_bcc,0.15706625168418045
cosmx_bcc,0.1639979888049548
cosmx_bcc,0.15706625168418045
cosmx_bcc,0.14552960984662916
cosmx_bcc,0.14552960984662916
cosmx_bcc,0.13816488146756933
cosmx_bcc,0.14552960984662916
cosmx_bcc,0.15824025788864235
cosmx_bcc,0.14270087172959506
cosmx_bcc,0.1618833798540152
cosmx_bcc,0.15706625168418045
cosmx_bcc,0.14103526231869964
cosmx_bcc,0.13736032802305725
cosmx_bcc,0.14531876128143625
cosmx_bcc,0.13816488146756936
cosmx_bcc,0.1435788052663574
cosmx_bcc,0.1618833798540152
cosmx_bcc,0.16467244787278681
cosmx_bcc,0.13299596710466782
cosmx_bcc,0.1389647769303182
cosmx_bcc,0.16332074447455985
cosmx_bcc,0.1518176107871939
cosmx_bcc,0.17135889355614684
cosmx_bcc,0.16467244787278681
cosmx_bcc,0.13816488146756933
cosmx_bcc,0.16467244787278681
cosmx_bcc,0.1639979888049548
cosmx_bcc,0.14620924621097614
cosmx_bcc,0.13373931210222229
cosmx_bcc,0.1513327297446995
cosmx_bcc,0.15236178050237661
cosmx_bcc,0.13736032802305723
cosmx_bcc,0.14445140307744614
cosmx_bcc,0.14445140307744614
cosmx_bcc,0.15163257368226915
cosmx_bcc,0.1508998430919104
cosmx_bcc,0.14620924621097614
cosmx_bcc,0.14620924621097614
cosmx_bcc,0.14620924621097614
cosmx_bcc,0.1590324298562789
cosmx_bcc,0.15228838512220466
cosmx_bcc,0.15824025788864235
cosmx_bcc,0.15769617545643919
cosmx_bcc,0.15769617545643919
cosmx_bcc,0.15163257368226915
cosmx_bcc,0.1508998430919104
cosmx_bcc,0.16332074447455985
cosmx_bcc,0.15228838512220466
cosmx_bcc,0.1508998430919104
cosmx_bcc,0.15903242985627894
cosmx_bcc,0.15163257368226915
cosmx_bcc,0.14103526231869964
cosmx_bcc,0.15824025788864235
cosmx_bcc,0.15163257368226915
cosmx_bcc,0.15903242985627894
cosmx_bcc,0.1639979888049548
cosmx_bcc,0.13816488146756933
cosmx_bcc,0.1518176107871939
cosmx_bcc,0.15706625168418045
cosmx_bcc,0.14620924621097614
cosmx_bcc,0.1435788052663574
cosmx_bcc,0.14620924621097614
cosmx_bcc,0.15163257368226915
cosmx_bcc,0.1618833798540152
cosmx_bcc,0.1508998430919104
cosmx_bcc,0.14620924621097614
cosmx_bcc,0.14270087172959506
cosmx_bcc,0.16332074447455985
cosmx_bcc,0.15037100099698608
cosmx_bcc,0.15706625168418045
cosmx_bcc,0.1508998430919104
cosmx_bcc,0.1590324298562789
cosmx_bcc,0.14445140307744614
cosmx_bcc,0.14270087172959506
cosmx_bcc,0.15163257368226915
cosmx_bcc,0.15706625168418045
cosmx_bcc,0.13816488146756936
cosmx_bcc,0.14620924621097614
cosmx_bcc,0.15903242985627894
cosmx_bcc,0.1639979888049548
cosmx_bcc,0.1518176107871939
cosmx_bcc,0.1590324298562789
cosmx_bcc,0.15824025788864235
cosmx_bcc,0.15706625168418045
cosmx_bcc,0.15824025788864235
cosmx_bcc,0.14552960984662916
cosmx_bcc,0.1435788052663574
cosmx_bcc,0.1389647769303182
cosmx_bcc,0.13816488146756936
cosmx_bcc,0.14270087172959506
cosmx_bcc,0.1389647769303182
cosmx_bcc,0.13299596710466782
cosmx_bcc,0.16467244787278681
cosmx_bcc,0.1590324298562789
cosmx_bcc,0.1678116429039551
cosmx_bcc,0.15323808075760928
cosmx_bcc,0.1518176107871939
cosmx_bcc,0.15769617545643919
cosmx_bcc,0.14552960984662916
cosmx_bcc,0.15824025788864235
cosmx_bcc,0.16467244787278681
cosmx_bcc,0.14620924621097614
cosmx_bcc,0.1639979888049548
cosmx_bcc,0.15037100099698608
cosmx_bcc,0.15236178050237661
cosmx_bcc,0.1518176107871939
cosmx_bcc,0.14531876128143625
cosmx_bcc,0.15769617545643919
cosmx_bcc,0.14620924621097614
cosmx_bcc,0.14940308159368376
cosmx_bcc,0.1518176107871939
cosmx_bcc,0.16467244787278681
cosmx_bcc,0.14940308159368376
cosmx_bcc,0.13373931210222229
cosmx_bcc,0.15769617545643919
cosmx_bcc,0.15163257368226915
cosmx_bcc,0.1518176107871939
cosmx_bcc,0.1389647769303182
cosmx_bcc,0.14620924621097614
cosmx_bcc,0.15236178050237661
cosmx_bcc,0.1508998430919104
cosmx_bcc,0.15236178050237661
cosmx_bcc,0.14445140307744614
cosmx_bcc,0.15744410019856508
cosmx_bcc,0.15163257368226915
cosmx_bcc,0.15706625168418045
cosmx_bcc,0.13373931210222229
cosmx_bcc,0.1618833798540152
cosmx_bcc,0.14620924621097614
cosmx_bcc,0.15982067536874106
cosmx_bcc,0.15037100099698608
cosmx_bcc,0.15163257368226915
cosmx_bcc,0.14552960984662916
cosmx_bcc,0.14552960984662916
cosmx_bcc,0.14620924621097614
cosmx_bcc,0.14445140307744614
cosmx_bcc,0.15163257368226915
cosmx_bcc,0.15236178050237661
cosmx_bcc,0.15706625168418045
cosmx_bcc,0.15037100099698608
cosmx_bcc,0.14445140307744614
cosmx_bcc,0.1435788052663574
cosmx_bcc,0.14531876128143625
cosmx_bcc,0.14552960984662916
cosmx_bcc,0.14552960984662916
cosmx_bcc,0.14445140307744614
cosmx_bcc,0.1435788052663574
cosmx_bcc,0.15769617545643919
cosmx_bcc,0.1508998430919104
cosmx_bcc,0.15236178050237661
cosmx_bcc,0.15706625168418045
cosmx_bcc,0.14552960984662916
cosmx_bcc,0.15824025788864235
cosmx_bcc,0.15163257368226918
cosmx_bcc,0.15982067536874106
cosmx_bcc,0.1639979888049548
cosmx_bcc,0.13373931210222229
cosmx_bcc,0.13736032802305723
cosmx_bcc,0.14620924621097614
cosmx_bcc,0.15236178050237661
cosmx_bcc,0.15706625168418045
cosmx_bcc,0.15706625168418045
cosmx_bcc,0.15163257368226915
cosmx_bcc,0.13816488146756933
cosmx_bcc,0.13373931210222229
cosmx_bcc,0.15236178050237661
cosmx_bcc,0.15163257368226915
cosmx_bcc,0.15228838512220466
cosmx_bcc,0.14445140307744614
cosmx_bcc,0.15163257368226915
cosmx_bcc,0.1639979888049548
cosmx_bcc,0.15706625168418045
cosmx_bcc,0.1639979888049548
cosmx_bcc,0.15706625168418045
cosmx_bcc,0.1389647769303182
cosmx_bcc,0.14552960984662916
cosmx_bcc,0.14445140307744614
cosmx_bcc,0.1618833798540152
cosmx_bcc,0.15824025788864235
cosmx_bcc,0.14620924621097614
cosmx_bcc,0.1435788052663574
cosmx_bcc,0.1518176107871939
cosmx_bcc,0.15769617545643919
cosmx_bcc,0.15769617545643919
cosmx_bcc,0.1389647769303182
cosmx_bcc,0.1518176107871939
cosmx_bcc,0.13373931210222229
cosmx_bcc,0.1508998430919104
cosmx_bcc,0.15769617545643919
cosmx_bcc,0.12935727072521644
cosmx_bcc,0.16467244787278681
cosmx_bcc,0.13816488146756933
cosmx_bcc,0.14445140307744614
cosmx_bcc,0.1389647769303182
cosmx_bcc,0.1678116429039551
cosmx_bcc,0.1590324298562789
cosmx_bcc,0.16332074447455985
cosmx_bcc,0.14620924621097614
cosmx_bcc,0.13816488146756933
cosmx_bcc,0.13816488146756933
cosmx_bcc,0.1639979888049548
cosmx_bcc,0.1389647769303182
cosmx_bcc,0.1518176107871939
cosmx_bcc,0.1508998430919104
cosmx_bcc,0.15163257368226915
cosmx_bcc,0.15037100099698608
cosmx_bcc,0.15824025788864235
cosmx_bcc,0.15982067536874103
cosmx_bcc,0.14103526231869964
cosmx_bcc,0.15824025788864235
cosmx_bcc,0.14552960984662916
cosmx_bcc,0.14620924621097614
cosmx_bcc,0.14552960984662916
cosmx_bcc,0.1518176107871939
cosmx_bcc,0.16840137716062262
cosmx_bcc,0.14620924621097614
cosmx_bcc,0.1678116429039551
cosmx_bcc,0.14270087172959506
cosmx_bcc,0.15163257368226915
cosmx_bcc,0.14552960984662916
cosmx_bcc,0.15236178050237661
cosmx_bcc,0.13736032802305725
cosmx_bcc,0.15236178050237661
cosmx_bcc,0.14445140307744614
cosmx_bcc,0.15163257368226915
cosmx_bcc,0.15163257368226915
cosmx_bcc,0.15824025788864235
cosmx_bcc,0.14445140307744614
cosmx_bcc,0.16840137716062262
cosmx_bcc,0.16467244787278681
cosmx_bcc,0.15163257368226918
cosmx_bcc,0.15163257368226915
cosmx_bcc,0.15706625168418045
cosmx_bcc,0.15824025788864235
cosmx_bcc,0.15706625168418045
cosmx_bcc,0.1389647769303182
cosmx_bcc,0.1678116429039551
cosmx_bcc,0.1518176107871939
cosmx_bcc,0.1513327297446995
cosmx_bcc,0.1435788052663574
cosmx_bcc,0.1508998430919104
cosmx_bcc,0.15903242985627894
cosmx_bcc,0.15744410019856508
cosmx_bcc,0.13816488146756933
cosmx_bcc,0.1435788052663574
cosmx_bcc,0.16332074447455985
cosmx_bcc,0.13373931210222229
cosmx_bcc,0.1389647769303182
cosmx_bcc,0.16467244787278681
cosmx_bcc,0.1508998430919104
cosmx_bcc,0.15769617545643919
cosmx_bcc,0.16332074447455985
cosmx_bcc,0.13373931210222229
cosmx_bcc,0.15824025788864235
cosmx_bcc,0.13299596710466782
cosmx_bcc,0.15163257368226915
cosmx_bcc,0.14445140307744614
cosmx_bcc,0.1618833798540152
cosmx_bcc,0.15769617545643919
cosmx_bcc,0.14620924621097614
cosmx_bcc,0.1389647769303182
cosmx_bcc,0.14552960984662916
cosmx_bcc,0.15706625168418045
cosmx_bcc,0.14552960984662916
cosmx_bcc,0.14620924621097614
cosmx_bcc,0.14445140307744614
cosmx_bcc,0.15824025788864235
cosmx_bcc,0.14103526231869964
cosmx_bcc,0.15163257368226915
cosmx_bcc,0.14270087172959506
cosmx_bcc,0.15163257368226915
cosmx_bcc,0.15824025788864235
cosmx_bcc,0.15037100099698608
cosmx_bcc,0.1618833798540152
cosmx_bcc,0.13816488146756936
cosmx_bcc,0.15236178050237661
cosmx_bcc,0.1508998430919104
cosmx_bcc,0.13816488146756936
cosmx_bcc,0.15769617545643919
cosmx_bcc,0.13299596710466782
cosmx_bcc,0.1508998430919104
cosmx_bcc,0.1513327297446995
cosmx_bcc,0.13736032802305725
cosmx_bcc,0.15769617545643919
cosmx_bcc,0.16840137716062262
cosmx_bcc,0.15769617545643919
cosmx_bcc,0.15982067536874106
cosmx_bcc,0.15769617545643919
cosmx_bcc,0.1678116429039551
cosmx_bcc,0.14103526231869964
cosmx_bcc,0.14552960984662916
cosmx_bcc,0.15037100099698608
cosmx_bcc,0.1389647769303182
cosmx_bcc,0.14552960984662916
cosmx_bcc,0.15982067536874106
cosmx_bcc,0.16332074447455985
cosmx_bcc,0.16332074447455985
cosmx_bcc,0.14445140307744614
cosmx_bcc,0.1618833798540152
cosmx_bcc,0.13299596710466782
cosmx_bcc,0.15769617545643919
cosmx_bcc,0.13299596710466782
cosmx_bcc,0.14445140307744614
cosmx_bcc,0.1513327297446995
cosmx_bcc,0.15163257368226915
cosmx_bcc,0.1590324298562789
cosmx_bcc,0.13816488146756936
cosmx_bcc,0.15769617545643919
cosmx_bcc,0.15228838512220463
cosmx_bcc,0.15228838512220463
cosmx_bcc,0.13299596710466782
cosmx_bcc,0.1639979888049548
cosmx_bcc,0.14620924621097614
cosmx_bcc,0.1508998430919104
cosmx_bcc,0.14620924621097614
cosmx_bcc,0.14445140307744614
cosmx_bcc,0.1508998430919104
cosmx_bcc,0.13816488146756936
cosmx_bcc,0.15236178050237661
cosmx_bcc,0.15163257368226915
cosmx_bcc,0.15769617545643919
cosmx_bcc,0.15706625168418045
cosmx_bcc,0.15744410019856508
cosmx_bcc,0.14552960984662916
cosmx_bcc,0.15769617545643919
cosmx_bcc,0.14445140307744614
cosmx_bcc,0.15163257368226915
cosmx_bcc,0.1435788052663574
cosmx_bcc,0.1518176107871939
cosmx_bcc,0.14531876128143625
cosmx_bcc,0.14270087172959506
cosmx_bcc,0.1678116429039551
cosmx_bcc,0.1590324298562789
cosmx_bcc,0.14620924621097614
cosmx_bcc,0.14552960984662916
cosmx_bcc,0.1639979888049548
cosmx_bcc,0.1389647769303182
cosmx_bcc,0.14552960984662916
cosmx_bcc,0.1508998430919104
cosmx_bcc,0.14445140307744614
cosmx_bcc,0.14445140307744614
cosmx_bcc,0.14103526231869964
cosmx_bcc,0.1389647769303182
cosmx_bcc,0.16332074447455985
cosmx_bcc,0.15163257368226915
cosmx_bcc,0.13816488146756933
cosmx_bcc,0.15163257368226915
cosmx_bcc,0.1435788052663574
cosmx_bcc,0.1590324298562789
cosmx_bcc,0.15228838512220466
cosmx_bcc,0.15706625168418045
cosmx_bcc,0.1590324298562789
cosmx_bcc,0.14445140307744614
cosmx_bcc,0.14620924621097614
cosmx_bcc,0.1389647769303182
cosmx_bcc,0.15228838512220466
cosmx_bcc,0.1513327297446995
cosmx_bcc,0.15163257368226915
cosmx_bcc,0.1435788052663574
cosmx_bcc,0.1590324298562789
cosmx_bcc,0.16467244787278681
cosmx_bcc,0.1678116429039551
cosmx_bcc,0.14552960984662916
cosmx_bcc,0.14620924621097614
cosmx_bcc,0.16332074447455985
cosmx_bcc,0.14445140307744614
cosmx_bcc,0.1513327297446995
cosmx_bcc,0.15163257368226915
cosmx_bcc,0.1518176107871939
cosmx_bcc,0.1389647769303182
cosmx_bcc,0.15744410019856508
cosmx_bcc,0.1678116429039551
cosmx_bcc,0.13373931210222229
cosmx_bcc,0.1435788052663574
cosmx_bcc,0.15163257368226918
cosmx_bcc,0.16332074447455985
cosmx_bcc,0.15163257368226915
cosmx_bcc,0.15706625168418045
cosmx_bcc,0.15706625168418045
cosmx_bcc,0.1590324298562789
cosmx_bcc,0.16467244787278681
cosmx_bcc,0.1389647769303182
cosmx_bcc,0.14445140307744614
cosmx_bcc,0.1518176107871939
cosmx_bcc,0.12935727072521644
cosmx_bcc,0.15824025788864235
cosmx_bcc,0.15163257368226915
cosmx_bcc,0.15163257368226915
cosmx_bcc,0.15824025788864235
cosmx_bcc,0.14270087172959506
cosmx_bcc,0.14445140307744614
cosmx_bcc,0.13736032802305725
cosmx_bcc,0.15824025788864235
cosmx_bcc,0.15706625168418045
cosmx_bcc,0.16467244787278681
cosmx_bcc,0.1678116429039551
cosmx_bcc,0.15163257368226918
cosmx_bcc,0.1678116429039551
cosmx_bcc,0.15163257368226915
cosmx_bcc,0.14445140307744614
cosmx_bcc,0.15769617545643919
cosmx_bcc,0.14552960984662916
cosmx_bcc,0.14552960984662916
cosmx_bcc,0.15163257368226915
cosmx_bcc,0.15769617545643919
cosmx_bcc,0.13736032802305725
cosmx_bcc,0.16467244787278681
cosmx_bcc,0.13816488146756933
cosmx_bcc,0.15824025788864235
cosmx_bcc,0.14620924621097614
cosmx_bcc,0.15744410019856508
cosmx_bcc,0.14531876128143625
cosmx_bcc,0.15236178050237661
cosmx_bcc,0.15744410019856508
cosmx_bcc,0.15769617545643919
cosmx_bcc,0.13373931210222229
cosmx_bcc,0.15982067536874103
cosmx_bcc,0.1518176107871939
cosmx_bcc,0.17135889355614684
cosmx_bcc,0.13816488146756933
cosmx_bcc,0.1618833798540152
cosmx_bcc,0.14620924621097614
cosmx_bcc,0.15744410019856508
cosmx_bcc,0.13736032802305723
cosmx_bcc,0.1508998430919104
cosmx_bcc,0.14552960984662916
cosmx_bcc,0.1518176107871939
cosmx_bcc,0.13736032802305723
cosmx_bcc,0.15037100099698608
cosmx_bcc,0.1389647769303182
cosmx_bcc,0.15903242985627894
cosmx_bcc,0.13816488146756933
cosmx_bcc,0.14620924621097614
cosmx_bcc,0.13816488146756936
cosmx_bcc,0.1678116429039551
cosmx_bcc,0.15769617545643919
cosmx_bcc,0.14620924621097614
cosmx_bcc,0.13736032802305725
cosmx_bcc,0.15706625168418045
cosmx_bcc,0.1508998430919104
cosmx_bcc,0.13736032802305723
cosmx_bcc,0.13736032802305725
cosmx_bcc,0.1508998430919104
cosmx_bcc,0.15163257368226915
cosmx_bcc,0.1435788052663574
cosmx_bcc,0.14531876128143625
cosmx_bcc,0.1435788052663574
cosmx_bcc,0.15744410019856508
cosmx_bcc,0.15824025788864235
cosmx_bcc,0.1389647769303182
cosmx_bcc,0.15236178050237661
cosmx_bcc,0.15824025788864235
cosmx_bcc,0.14445140307744614
cosmx_bcc,0.1518176107871939
cosmx_bcc,0.14445140307744614
cosmx_bcc,0.14552960984662916
cosmx_bcc,0.16332074447455985
cosmx_bcc,0.12935727072521644
cosmx_bcc,0.1435788052663574
cosmx_bcc,0.15163257368226915
cosmx_bcc,0.15228838512220463
cosmx_bcc,0.1518176107871939
cosmx_bcc,0.15163257368226918
cosmx_bcc,0.15769617545643919
cosmx_bcc,0.15236178050237661
cosmx_bcc,0.16399798880495478
cosmx_bcc,0.15824025788864235
cosmx_bcc,0.14552960984662916
cosmx_bcc,0.13736032802305725
cosmx_bcc,0.1639979888049548
cosmx_bcc,0.16467244787278681
cosmx_bcc,0.15163257368226915
cosmx_bcc,0.14620924621097614
cosmx_bcc,0.16840137716062262
cosmx_bcc,0.15236178050237661
cosmx_bcc,0.15903242985627894
cosmx_bcc,0.15706625168418045
cosmx_bcc,0.15903242985627894
cosmx_bcc,0.15236178050237661
cosmx_bcc,0.14270087172959506
cosmx_bcc,0.13816488146756933
cosmx_bcc,0.14620924621097614
cosmx_bcc,0.15236178050237661
cosmx_bcc,0.14552960984662916
cosmx_bcc,0.16467244787278681
cosmx_bcc,0.1639979888049548
cosmx_bcc,0.14552960984662916
cosmx_bcc,0.14552960984662916
cosmx_bcc,0.1508998430919104
cosmx_bcc,0.15982067536874106
cosmx_bcc,0.15236178050237661
cosmx_bcc,0.15163257368226915
cosmx_bcc,0.15037100099698608
cosmx_bcc,0.13736032802305723
cosmx_bcc,0.15706625168418045
cosmx_bcc,0.1618833798540152
cosmx_bcc,0.14620924621097614
cosmx_bcc,0.15706625168418045
cosmx_bcc,0.1618833798540152
cosmx_bcc,0.15236178050237661
cosmx_bcc,0.15824025788864235
cosmx_bcc,0.15706625168418045
cosmx_bcc,0.15824025788864235
cosmx_bcc,0.1518176107871939
cosmx_bcc,0.15706625168418045
cosmx_bcc,0.15982067536874106
cosmx_bcc,0.15163257368226915
cosmx_bcc,0.15744410019856508
cosmx_bcc,0.16332074447455985
cosmx_bcc,0.15236178050237661
cosmx_bcc,0.14445140307744614
cosmx_bcc,0.1590324298562789
cosmx_bcc,0.15903242985627894
cosmx_bcc,0.13736032802305725
cosmx_bcc,0.14445140307744614
cosmx_bcc,0.14552960984662916
cosmx_bcc,0.15163257368226915
cosmx_bcc,0.13816488146756933
cosmx_bcc,0.15824025788864235
cosmx_bcc,0.1590324298562789
cosmx_bcc,0.14531876128143625
cosmx_bcc,0.15163257368226915
cosmx_bcc,0.1389647769303182
cosmx_bcc,0.1590324298562789
cosmx_bcc,0.1435788052663574
cosmx_bcc,0.15163257368226915
cosmx_bcc,0.1639979888049548
cosmx_bcc,0.13373931210222229
cosmx_bcc,0.15903242985627894
cosmx_bcc,0.13816488146756936
cosmx_bcc,0.15163257368226915
cosmx_bcc,0.14445140307744614
cosmx_bcc,0.13816488146756933
cosmx_bcc,0.1435788052663574
cosmx_bcc,0.15163257368226918
cosmx_bcc,0.13299596710466782
cosmx_bcc,0.1389647769303182
cosmx_bcc,0.14103526231869964
cosmx_bcc,0.13299596710466782
cosmx_bcc,0.15163257368226915
cosmx_bcc,0.14552960984662916
cosmx_bcc,0.13299596710466782
cosmx_bcc,0.15706625168418045
cosmx_bcc,0.14552960984662916
cosmx_bcc,0.15228838512220463
cosmx_bcc,0.13816488146756933
cosmx_bcc,0.15236178050237661
cosmx_bcc,0.1639979888049548
cosmx_bcc,0.14620924621097614
cosmx_bcc,0.15769617545643919
cosmx_bcc,0.15706625168418045
cosmx_bcc,0.16332074447455985
cosmx_bcc,0.15903242985627894
cosmx_bcc,0.16467244787278681
cosmx_bcc,0.1508998430919104
cosmx_bcc,0.15236178050237661
cosmx_bcc,0.14620924621097614
cosmx_bcc,0.1508998430919104
cosmx_bcc,0.16467244787278681
cosmx_bcc,0.15236178050237661
cosmx_bcc,0.15228838512220466
cosmx_bcc,0.14103526231869964
cosmx_bcc,0.13816488146756933
cosmx_bcc,0.1389647769303182
cosmx_bcc,0.15706625168418045
cosmx_bcc,0.15706625168418045
cosmx_bcc,0.16332074447455985
cosmx_bcc,0.13299596710466782
cosmx_bcc,0.15236178050237661
cosmx_bcc,0.14552960984662916
cosmx_bcc,0.1590324298562789
cosmx_bcc,0.15163257368226915
cosmx_bcc,0.15163257368226915
cosmx_bcc,0.1518176107871939
cosmx_bcc,0.14270087172959506
cosmx_bcc,0.15706625168418045
cosmx_bcc,0.16332074447455985
cosmx_bcc,0.13299596710466782
cosmx_bcc,0.14552960984662916
cosmx_bcc,0.14445140307744614
cosmx_bcc,0.14620924621097614
cosmx_bcc,0.15236178050237661
cosmx_bcc,0.15163257368226915
cosmx_bcc,0.15706625168418045
cosmx_bcc,0.1435788052663574
cosmx_bcc,0.15744410019856508
cosmx_bcc,0.15769617545643919
cosmx_bcc,0.15037100099698608
cosmx_bcc,0.15903242985627894
cosmx_bcc,0.1678116429039551
cosmx_bcc,0.15824025788864235
cosmx_bcc,0.15163257368226915
cosmx_bcc,0.15769617545643919
cosmx_bcc,0.15706625168418045
cosmx_bcc,0.15706625168418045
cosmx_bcc,0.15744410019856508
cosmx_bcc,0.1590324298562789
cosmx_bcc,0.14445140307744614
cosmx_bcc,0.1639979888049548
cosmx_bcc,0.1435788052663574
cosmx_bcc,0.1639979888049548
cosmx_bcc,0.1639979888049548
cosmx_bcc,0.17135889355614684
cosmx_bcc,0.13736032802305725
cosmx_bcc,0.14445140307744614
cosmx_bcc,0.14103526231869964
cosmx_bcc,0.1435788052663574
cosmx_bcc,0.15163257368226915
cosmx_bcc,0.1508998430919104
cosmx_bcc,0.15163257368226915
cosmx_bcc,0.15163257368226915
cosmx_bcc,0.15769617545643919
cosmx_bcc,0.13736032802305725
cosmx_bcc,0.16399798880495478
cosmx_bcc,0.13736032802305725
cosmx_bcc,0.15163257368226915
cosmx_bcc,0.15236178050237661
cosmx_bcc,0.14103526231869964
cosmx_bcc,0.1435788052663574
cosmx_bcc,0.15903242985627894
cosmx_bcc,0.1389647769303182
cosmx_bcc,0.1435788052663574
cosmx_bcc,0.15706625168418045
cosmx_bcc,0.15163257368226918
cosmx_bcc,0.15982067536874106
cosmx_bcc,0.13373931210222229
cosmx_bcc,0.1513327297446995
cosmx_bcc,0.14103526231869964
cosmx_bcc,0.1639979888049548
cosmx_bcc,0.14552960984662916
cosmx_bcc,0.15769617545643919
cosmx_bcc,0.14552960984662916
cosmx_bcc,0.15824025788864235
cosmx_bcc,0.1590324298562789
cosmx_bcc,0.1678116429039551
cosmx_bcc,0.15769617545643919
cosmx_bcc,0.14103526231869964
cosmx_bcc,0.14445140307744614
cosmx_bcc,0.1435788052663574
cosmx_bcc,0.1435788052663574
cosmx_bcc,0.1508998430919104
cosmx_bcc,0.16332074447455985
cosmx_bcc,0.14445140307744614
cosmx_bcc,0.15037100099698608
cosmx_bcc,0.1508998430919104
cosmx_bcc,0.1435788052663574
cosmx_bcc,0.13736032802305725
cosmx_bcc,0.13816488146756936
cosmx_bcc,0.14552960984662916
cosmx_bcc,0.16332074447455985
cosmx_bcc,0.13816488146756933
cosmx_bcc,0.15706625168418045
cosmx_bcc,0.14270087172959506
cosmx_bcc,0.14620924621097614
cosmx_bcc,0.15769617545643919
cosmx_bcc,0.1639979888049548
cosmx_bcc,0.14620924621097614
cosmx_bcc,0.15769617545643919
cosmx_bcc,0.14552960984662916
cosmx_bcc,0.15706625168418045
cosmx_bcc,0.1435788052663574
cosmx_bcc,0.14552960984662916
cosmx_bcc,0.14103526231869964
cosmx_bcc,0.1508998430919104
cosmx_bcc,0.14552960984662916
cosmx_bcc,0.16467244787278681
cosmx_bcc,0.16840137716062262
cosmx_bcc,0.1389647769303182
cosmx_bcc,0.15769617545643919
cosmx_bcc,0.1508998430919104
cosmx_bcc,0.13816488146756936
cosmx_bcc,0.1508998430919104
cosmx_bcc,0.1508998430919104
cosmx_bcc,0.15706625168418045
cosmx_bcc,0.16332074447455985
cosmx_bcc,0.15744410019856508
cosmx_bcc,0.14552960984662916
cosmx_bcc,0.15769617545643919
cosmx_bcc,0.15163257368226915
cosmx_bcc,0.1513327297446995
cosmx_bcc,0.14103526231869964
cosmx_bcc,0.1590324298562789
cosmx_bcc,0.14531876128143625
cosmx_bcc,0.15163257368226915
cosmx_bcc,0.15824025788864235
cosmx_bcc,0.13816488146756933
cosmx_bcc,0.14620924621097614
cosmx_bcc,0.15982067536874106
cosmx_bcc,0.16467244787278681
cosmx_bcc,0.13816488146756933
cosmx_bcc,0.15236178050237661
cosmx_bcc,0.14445140307744614
cosmx_bcc,0.15163257368226915
cosmx_bcc,0.1590324298562789
cosmx_bcc,0.15706625168418045
cosmx_bcc,0.13816488146756936
cosmx_bcc,0.14620924621097614
cosmx_bcc,0.14270087172959506
cosmx_bcc,0.15744410019856508
cosmx_bcc,0.16467244787278681
cosmx_bcc,0.14552960984662916
cosmx_bcc,0.15706625168418045
cosmx_bcc,0.14445140307744614
cosmx_bcc,0.14103526231869964
cosmx_bcc,0.1435788052663574
cosmx_bcc,0.1590324298562789
cosmx_bcc,0.17135889355614684
cosmx_bcc,0.13816488146756933
cosmx_bcc,0.1618833798540152
cosmx_bcc,0.15163257368226915
cosmx_bcc,0.14270087172959506
cosmx_bcc,0.1508998430919104
cosmx_bcc,0.1678116429039551
cosmx_bcc,0.1618833798540152
cosmx_bcc,0.13299596710466782
cosmx_bcc,0.15744410019856508
cosmx_bcc,0.16467244787278681
cosmx_bcc,0.1389647769303182
cosmx_bcc,0.1435788052663574
cosmx_bcc,0.1508998430919104
cosmx_bcc,0.15706625168418045
cosmx_bcc,0.15228838512220466
cosmx_bcc,0.15228838512220466
cosmx_bcc,0.15236178050237661
cosmx_bcc,0.15982067536874106
cosmx_bcc,0.1508998430919104
cosmx_bcc,0.15236178050237661
cosmx_bcc,0.13816488146756933
cosmx_bcc,0.1518176107871939
cosmx_bcc,0.13816488146756933
cosmx_bcc,0.1518176107871939
cosmx_bcc,0.15903242985627894
cosmx_bcc,0.15163257368226915
cosmx_bcc,0.14552960984662916
cosmx_bcc,0.14445140307744614
cosmx_bcc,0.14445140307744614
cosmx_bcc,0.1435788052663574
cosmx_bcc,0.15163257368226915
cosmx_bcc,0.15824025788864235
cosmx_bcc,0.14620924621097614
cosmx_bcc,0.1639979888049548
cosmx_bcc,0.1389647769303182
cosmx_bcc,0.1435788052663574
cosmx_bcc,0.13816488146756936
cosmx_bcc,0.1639979888049548
cosmx_bcc,0.13373931210222229
cosmx_bcc,0.15769617545643919
cosmx_bcc,0.1435788052663574
cosmx_bcc,0.14445140307744614
cosmx_bcc,0.1389647769303182
cosmx_bcc,0.14620924621097614
cosmx_bcc,0.15163257368226915
cosmx_bcc,0.15236178050237661
cosmx_bcc,0.16467244787278681
cosmx_bcc,0.12935727072521644
cosmx_bcc,0.15706625168418045
cosmx_bcc,0.1508998430919104
cosmx_bcc,0.15163257368226915
cosmx_bcc,0.15706625168418045
cosmx_bcc,0.14445140307744614
cosmx_bcc,0.16467244787278681
cosmx_bcc,0.16467244787278681
cosmx_bcc,0.14552960984662916
cosmx_bcc,0.14552960984662916
cosmx_bcc,0.15163257368226915
cosmx_bcc,0.15824025788864235
cosmx_bcc,0.1508998430919104
cosmx_bcc,0.13816488146756936
cosmx_bcc,0.14620924621097614
cosmx_bcc,0.16467244787278681
cosmx_bcc,0.1678116429039551
cosmx_bcc,0.17135889355614684
cosmx_bcc,0.1435788052663574
cosmx_bcc,0.14270087172959506
cosmx_bcc,0.14445140307744614
cosmx_bcc,0.1639979888049548
cosmx_bcc,0.14445140307744614
cosmx_bcc,0.15824025788864235
cosmx_bcc,0.1590324298562789
cosmx_bcc,0.15903242985627894
cosmx_bcc,0.1518176107871939
cosmx_bcc,0.1590324298562789
cosmx_bcc,0.13373931210222229
cosmx_bcc,0.1639979888049548
cosmx_bcc,0.14445140307744614
cosmx_bcc,0.1508998430919104
cosmx_bcc,0.1590324298562789
cosmx_bcc,0.16840137716062262
cosmx_bcc,0.13816488146756936
cosmx_bcc,0.15769617545643919
cosmx_bcc,0.14620924621097614
cosmx_bcc,0.14103526231869964
cosmx_bcc,0.15037100099698608
cosmx_bcc,0.15236178050237661
cosmx_bcc,0.1590324298562789
cosmx_bcc,0.1678116429039551
cosmx_bcc,0.1513327297446995
cosmx_bcc,0.14270087172959506
cosmx_bcc,0.1389647769303182
cosmx_bcc,0.1518176107871939
cosmx_bcc,0.16332074447455985
cosmx_bcc,0.1435788052663574
cosmx_bcc,0.1618833798540152
cosmx_bcc,0.16332074447455985
cosmx_bcc,0.13816488146756933
cosmx_bcc,0.15163257368226918
cosmx_bcc,0.15769617545643919
cosmx_bcc,0.1639979888049548
cosmx_bcc,0.15163257368226915
cosmx_bcc,0.1618833798540152
cosmx_bcc,0.15706625168418045
cosmx_bcc,0.15706625168418045
cosmx_bcc,0.15744410019856508
cosmx_bcc,0.14620924621097614
cosmx_bcc,0.15769617545643919
cosmx_bcc,0.15163257368226915
cosmx_bcc,0.14620924621097614
cosmx_bcc,0.1639979888049548
cosmx_bcc,0.14620924621097614
cosmx_bcc,0.15163257368226915
cosmx_bcc,0.1389647769303182
cosmx_bcc,0.15706625168418045
cosmx_bcc,0.15824025788864235
cosmx_bcc,0.1513327297446995
cosmx_bcc,0.14445140307744614
cosmx_bcc,0.15824025788864235
cosmx_bcc,0.1435788052663574
cosmx_bcc,0.15037100099698608
cosmx_bcc,0.15163257368226915
cosmx_bcc,0.16332074447455985
cosmx_bcc,0.16840137716062262
cosmx_bcc,0.1513327297446995
cosmx_bcc,0.14552960984662916
cosmx_bcc,0.15236178050237661
cosmx_bcc,0.17135889355614684
cosmx_bcc,0.15163257368226918
cosmx_bcc,0.15236178050237661
cosmx_bcc,0.15769617545643919
cosmx_bcc,0.1513327297446995
cosmx_bcc,0.15706625168418045
cosmx_bcc,0.15824025788864235
cosmx_bcc,0.1513327297446995
cosmx_bcc,0.1639979888049548
cosmx_bcc,0.13816488146756933
cosmx_bcc,0.16332074447455985
cosmx_bcc,0.15903242985627894
cosmx_bcc,0.14552960984662916
cosmx_bcc,0.13816488146756933
cosmx_bcc,0.15236178050237661
cosmx_bcc,0.15769617545643919
cosmx_bcc,0.15824025788864235
cosmx_bcc,0.16332074447455985
cosmx_bcc,0.15824025788864235
cosmx_bcc,0.1518176107871939
cosmx_bcc,0.16332074447455985
cosmx_bcc,0.13736032802305725
cosmx_bcc,0.1639979888049548
cosmx_bcc,0.16467244787278681
cosmx_bcc,0.15744410019856508
cosmx_bcc,0.16467244787278681
cosmx_bcc,0.16840137716062262
cosmx_bcc,0.15706625168418045
cosmx_bcc,0.14552960984662916
cosmx_bcc,0.15982067536874106
cosmx_bcc,0.15769617545643919
cosmx_bcc,0.12935727072521644
cosmx_bcc,0.1389647769303182
cosmx_bcc,0.1590324298562789
cosmx_bcc,0.14445140307744614
cosmx_bcc,0.15163257368226915
cosmx_bcc,0.15769617545643919
cosmx_bcc,0.15163257368226915
cosmx_bcc,0.15236178050237661
cosmx_bcc,0.15982067536874106
cosmx_bcc,0.13816488146756933
cosmx_bcc,0.13299596710466782
cosmx_bcc,0.15744410019856508
cosmx_bcc,0.14445140307744614
cosmx_bcc,0.1639979888049548
cosmx_bcc,0.1435788052663574
cosmx_bcc,0.1639979888049548
cosmx_bcc,0.16840137716062262
cosmx_bcc,0.15769617545643919
cosmx_bcc,0.15824025788864235
cosmx_bcc,0.1508998430919104
cosmx_bcc,0.14445140307744614
cosmx_bcc,0.13736032802305725
cosmx_bcc,0.15769617545643919
cosmx_bcc,0.14620924621097614
cosmx_bcc,0.16467244787278681
cosmx_bcc,0.13299596710466782
cosmx_bcc,0.16332074447455985
cosmx_bcc,0.15163257368226915
cosmx_bcc,0.13736032802305725
cosmx_bcc,0.1513327297446995
cosmx_bcc,0.1678116429039551
cosmx_bcc,0.15163257368226915
cosmx_bcc,0.16467244787278681
cosmx_bcc,0.16332074447455985
cosmx_bcc,0.1435788052663574
cosmx_bcc,0.1618833798540152
cosmx_bcc,0.14531876128143625
cosmx_bcc,0.14445140307744614
cosmx_bcc,0.1508998430919104
cosmx_bcc,0.14445140307744614
cosmx_bcc,0.14531876128143625
cosmx_bcc,0.14531876128143625
cosmx_bcc,0.1590324298562789
cosmx_bcc,0.15163257368226915
cosmx_bcc,0.14620924621097614
cosmx_bcc,0.13736032802305723
cosmx_bcc,0.15824025788864235
cosmx_bcc,0.15236178050237661
cosmx_bcc,0.16332074447455985
cosmx_bcc,0.16840137716062262
cosmx_bcc,0.16332074447455985
cosmx_bcc,0.14552960984662916
cosmx_bcc,0.15163257368226915
cosmx_bcc,0.15163257368226915
cosmx_bcc,0.14103526231869964
cosmx_bcc,0.13816488146756936
cosmx_bcc,0.1435788052663574
cosmx_bcc,0.15744410019856508
cosmx_bcc,0.13373931210222229
cosmx_bcc,0.1590324298562789
cosmx_bcc,0.1513327297446995
cosmx_bcc,0.1435788052663574
cosmx_bcc,0.15236178050237661
cosmx_bcc,0.15744410019856508
cosmx_bcc,0.1618833798540152
cosmx_bcc,0.1435788052663574
cosmx_bcc,0.16840137716062262
cosmx_bcc,0.13816488146756936
cosmx_bcc,0.1518176107871939
cosmx_bcc,0.1513327297446995
cosmx_bcc,0.1508998430919104
cosmx_bcc,0.14552960984662916
cosmx_bcc,0.1639979888049548
cosmx_bcc,0.15903242985627894
cosmx_bcc,0.14445140307744614
cosmx_bcc,0.15163257368226915
cosmx_bcc,0.17135889355614684
cosmx_bcc,0.1618833798540152
cosmx_bcc,0.16840137716062262
cosmx_bcc,0.15163257368226915
cosmx_bcc,0.14531876128143625
cosmx_bcc,0.15903242985627894
cosmx_bcc,0.16332074447455985
cosmx_bcc,0.1618833798540152
cosmx_bcc,0.14103526231869964
cosmx_bcc,0.1435788052663574
cosmx_bcc,0.15706625168418045
cosmx_bcc,0.1389647769303182
cosmx_bcc,0.15163257368226915
cosmx_bcc,0.15236178050237661
cosmx_bcc,0.1518176107871939
cosmx_bcc,0.15163257368226915
cosmx_bcc,0.1518176107871939
cosmx_bcc,0.16332074447455985
cosmx_bcc,0.14531876128143625
cosmx_bcc,0.13816488146756933
cosmx_bcc,0.14445140307744614
cosmx_bcc,0.1389647769303182
cosmx_bcc,0.1508998430919104
cosmx_bcc,0.14445140307744614
cosmx_bcc,0.1508998430919104
cosmx_bcc,0.1590324298562789
cosmx_bcc,0.15706625168418045
cosmx_bcc,0.15744410019856508
cosmx_bcc,0.1508998430919104
cosmx_bcc,0.13736032802305725
cosmx_bcc,0.14445140307744614
cosmx_bcc,0.14620924621097614
cosmx_bcc,0.13299596710466782
cosmx_bcc,0.17135889355614684
cosmx_bcc,0.15163257368226915
cosmx_bcc,0.1590324298562789
cosmx_bcc,0.1508998430919104
cosmx_bcc,0.1508998430919104
cosmx_bcc,0.15228838512220466
cosmx_bcc,0.15037100099698608
cosmx_bcc,0.13816488146756936
cosmx_bcc,0.1639979888049548
cosmx_bcc,0.15037100099698608
cosmx_bcc,0.15706625168418045
cosmx_bcc,0.1435788052663574
cosmx_bcc,0.16840137716062262
cosmx_bcc,0.15236178050237661
cosmx_bcc,0.1639979888049548
cosmx_bcc,0.14103526231869964
cosmx_bcc,0.14445140307744614
cosmx_bcc,0.14531876128143625
cosmx_bcc,0.15769617545643919
cosmx_bcc,0.1508998430919104
cosmx_bcc,0.16332074447455985
cosmx_bcc,0.1618833798540152
cosmx_bcc,0.1435788052663574
cosmx_bcc,0.14445140307744614
cosmx_bcc,0.13299596710466782
cosmx_bcc,0.13816488146756933
cosmx_bcc,0.15769617545643919
cosmx_bcc,0.15163257368226915
cosmx_bcc,0.16467244787278681
cosmx_bcc,0.1435788052663574
cosmx_bcc,0.1639979888049548
cosmx_bcc,0.14620924621097614
cosmx_bcc,0.15236178050237661
cosmx_bcc,0.15163257368226915
cosmx_bcc,0.1389647769303182
cosmx_bcc,0.16840137716062262
cosmx_bcc,0.1590324298562789
cosmx_bcc,0.1590324298562789
cosmx_bcc,0.1678116429039551
cosmx_bcc,0.15163257368226915
cosmx_bcc,0.15824025788864235
cosmx_bcc,0.16332074447455985
cosmx_bcc,0.15824025788864235
cosmx_bcc,0.1389647769303182
cosmx_bcc,0.14620924621097614
cosmx_bcc,0.15163257368226915
cosmx_bcc,0.15163257368226915
cosmx_bcc,0.15769617545643919
cosmx_bcc,0.1639979888049548
cosmx_bcc,0.14445140307744614
cosmx_bcc,0.15824025788864235
cosmx_bcc,0.15236178050237661
cosmx_bcc,0.16840137716062262
cosmx_bcc,0.14103526231869964
cosmx_bcc,0.14552960984662916
cosmx_bcc,0.1508998430919104
cosmx_bcc,0.15163257368226915
cosmx_bcc,0.15706625168418045
cosmx_bcc,0.15706625168418045
cosmx_bcc,0.1389647769303182
cosmx_bcc,0.14445140307744614
cosmx_bcc,0.15236178050237661
cosmx_bcc,0.14620924621097614
cosmx_bcc,0.15769617545643919
cosmx_bcc,0.15163257368226915
cosmx_bcc,0.1639979888049548
cosmx_bcc,0.1590324298562789
cosmx_bcc,0.16467244787278681
cosmx_bcc,0.16467244787278681
cosmx_bcc,0.1639979888049548
cosmx_bcc,0.13299596710466782
cosmx_bcc,0.14445140307744614
cosmx_bcc,0.14620924621097614
cosmx_bcc,0.15706625168418045
cosmx_bcc,0.14620924621097614
cosmx_bcc,0.14445140307744614
cosmx_bcc,0.1508998430919104
cosmx_bcc,0.15706625168418045
cosmx_bcc,0.15228838512220466
cosmx_bcc,0.14531876128143625
cosmx_bcc,0.16332074447455985
cosmx_bcc,0.16467244787278681
cosmx_bcc,0.15982067536874103
cosmx_bcc,0.16467244787278681
cosmx_bcc,0.17135889355614684
cosmx_bcc,0.15824025788864235
cosmx_bcc,0.13816488146756936
cosmx_bcc,0.15163257368226915
cosmx_bcc,0.15037100099698608
cosmx_bcc,0.15824025788864235
cosmx_bcc,0.15163257368226915
cosmx_bcc,0.15163257368226915
cosmx_bcc,0.14531876128143625
cosmx_bcc,0.15236178050237661
cosmx_bcc,0.15163257368226915
cosmx_bcc,0.14531876128143625
cosmx_bcc,0.15236178050237661
cosmx_bcc,0.15163257368226915
cosmx_bcc,0.14620924621097614
cosmx_bcc,0.14620924621097614
cosmx_bcc,0.1508998430919104
cosmx_bcc,0.1435788052663574
cosmx_bcc,0.14552960984662916
cosmx_bcc,0.1508998430919104
cosmx_bcc,0.15163257368226915
cosmx_bcc,0.1518176107871939
cosmx_bcc,0.1508998430919104
cosmx_bcc,0.13816488146756933
cosmx_bcc,0.15706625168418045
cosmx_bcc,0.14552960984662916
cosmx_bcc,0.15903242985627894
cosmx_bcc,0.1435788052663574
cosmx_bcc,0.16467244787278681
cosmx_bcc,0.1389647769303182
cosmx_bcc,0.13816488146756933
cosmx_bcc,0.15769617545643919
cosmx_bcc,0.14940308159368376
cosmx_bcc,0.15903242985627894
cosmx_bcc,0.15903242985627894
cosmx_bcc,0.1518176107871939
openst,0.07766947854128271
openst,0.07434870010849118
openst,0.07720056052668621
openst,0.073598507664384
openst,0.07766947854128273
openst,0.08055934510443631
openst,0.07566137795235812
openst,0.07307533973994872
openst,0.0763913148927779
openst,0.07198234435220507
openst,0.07720056052668622
openst,0.073598507664384
openst,0.07766947854128271
openst,0.0763913148927779
openst,0.07171534265609904
openst,0.0759145021705821
openst,0.07695166677517007
openst,0.07224835932114418
openst,0.07540740406280973
openst,0.07639131489277788
openst,0.073598507664384
openst,0.073598507664384
openst,0.073598507664384
openst,0.07460627811370894
openst,0.07409022662716469
openst,0.07986751032965596
openst,0.0759145021705821
openst,0.07639131489277788
openst,0.07791607936127502
openst,0.07566137795235811
openst,0.07517993590320059
openst,0.07695166677517007
openst,0.07409022662716469
openst,0.07695166677517007
openst,0.07540740406280971
openst,0.07916963009171973
openst,0.0763913148927779
openst,0.078380716852251
openst,0.0746678492397758
openst,0.07434870010849118
openst,0.07409022662716469
openst,0.07862508696612344
openst,0.07566137795235812
openst,0.0759145021705821
openst,0.07766947854128271
openst,0.07622709585232043
openst,0.07409022662716469
openst,0.07224835932114418
openst,0.07224835932114418
openst,0.07385870196924747
openst,0.07333739021990528
openst,0.0746678492397758
openst,0.0746678492397758
openst,0.07383084826484722
openst,0.07862508696612344
openst,0.07171534265609904
openst,0.07434870010849118
openst,0.07540740406280971
openst,0.07434870010849118
openst,0.07622709585232043
openst,0.073598507664384
openst,0.07916963009171973
openst,0.07566137795235812
openst,0.07916963009171973
openst,0.07916963009171973
openst,0.07846554308396629
openst,0.07622709585232043
openst,0.0746678492397758
openst,0.07695166677517007
openst,0.073598507664384
openst,0.07639131489277788
openst,0.07566137795235812
openst,0.07986751032965596
openst,0.07540740406280973
openst,0.07517993590320059
openst,0.0759145021705821
openst,0.07846554308396629
openst,0.07198234435220507
openst,0.07566137795235812
openst,0.07664202839960123
openst,0.07540740406280971
openst,0.07224835932114418
openst,0.07766947854128271
openst,0.07492433006875415
openst,0.07540740406280971
openst,0.07460627811370894
openst,0.07791607936127502
openst,0.073598507664384
openst,0.07613977583950335
openst,0.07540740406280971
openst,0.07224835932114418
openst,0.07791607936127502
openst,0.07720056052668622
openst,0.07916963009171973
openst,0.07695166677517007
openst,0.07566137795235812
openst,0.07766947854128271
openst,0.07409022662716469
openst,0.07695166677517007
openst,0.07540740406280971
openst,0.07695166677517007
openst,0.07144734317050543
openst,0.0763913148927779
openst,0.07622709585232043
openst,0.0759145021705821
openst,0.07385870196924747
openst,0.07251339842232532
openst,0.07333739021990528
openst,0.07383084826484722
openst,0.07986751032965596
openst,0.07540740406280971
openst,0.073598507664384
openst,0.0763913148927779
openst,0.0759145021705821
openst,0.07540740406280971
openst,0.07613977583950335
openst,0.0746678492397758
openst,0.07791607936127502
openst,0.07307533973994872
openst,0.07383084826484722
openst,0.07766947854128271
openst,0.07566137795235812
openst,0.07613977583950335
openst,0.07460627811370894
openst,0.07409022662716469
openst,0.07639131489277788
openst,0.07639131489277788
openst,0.0759145021705821
openst,0.0759145021705821
openst,0.07333739021990528
openst,0.07791607936127502
openst,0.07862508696612344
openst,0.07434870010849118
openst,0.07333739021990528
openst,0.07460627811370894
openst,0.0763913148927779
openst,0.07385870196924747
openst,0.07695166677517007
openst,0.07198234435220507
openst,0.07409022662716469
openst,0.07695166677517007
openst,0.07409022662716469
openst,0.07862508696612344
openst,0.073598507664384
openst,0.07333739021990528
openst,0.07492433006875415
openst,0.07566137795235811
openst,0.07434870010849118
openst,0.07720056052668622
openst,0.07791607936127502
openst,0.07333739021990528
openst,0.07198234435220507
openst,0.07862508696612344
openst,0.07492433006875415
openst,0.07409022662716469
openst,0.07566137795235811
openst,0.07540740406280971
openst,0.07720056052668621
openst,0.07540740406280971
openst,0.078380716852251
openst,0.07791607936127502
openst,0.073598507664384
openst,0.07846554308396629
openst,0.07171534265609904
openst,0.07566137795235812
openst,0.07198234435220507
openst,0.07664202839960123
openst,0.07766947854128271
openst,0.07566137795235812
openst,0.07566137795235812
openst,0.07566137795235812
openst,0.073598507664384
openst,0.07720056052668621
openst,0.07695166677517007
openst,0.0759145021705821
openst,0.0759145021705821
openst,0.07409022662716469
openst,0.07566137795235812
openst,0.0763913148927779
openst,0.07333739021990528
openst,0.073598507664384
openst,0.07695166677517007
openst,0.07566137795235812
openst,0.07224835932114418
openst,0.07224835932114418
openst,0.078380716852251
openst,0.078380716852251
openst,0.07409022662716469
openst,0.07492433006875415
openst,0.07492433006875415
openst,0.07791607936127502
openst,0.07695166677517007
openst,0.07916963009171973
openst,0.07639131489277788
openst,0.07664202839960123
openst,0.07517993590320059
openst,0.07791607936127502
openst,0.07664202839960123
openst,0.073598507664384
openst,0.0763913148927779
openst,0.07333739021990528
openst,0.07639131489277788
openst,0.0763913148927779
openst,0.07198234435220507
openst,0.07307533973994872
openst,0.07766947854128271
openst,0.0759145021705821
openst,0.07791607936127502
openst,0.07647834770859382
openst,0.07409022662716469
openst,0.07566137795235812
openst,0.07333739021990528
openst,0.07695166677517007
openst,0.07385870196924747
openst,0.07409022662716469
openst,0.07720056052668622
openst,0.07720056052668621
openst,0.073598507664384
openst,0.0763913148927779
openst,0.07664202839960123
openst,0.07916963009171973
openst,0.07986751032965596
openst,0.07540740406280973
openst,0.07171534265609904
openst,0.078380716852251
openst,0.078380716852251
openst,0.07566137795235812
openst,0.073598507664384
openst,0.073598507664384
openst,0.07540740406280971
openst,0.07383084826484722
openst,0.07492433006875415
openst,0.07766947854128271
openst,0.07720056052668621
openst,0.07695166677517007
openst,0.073598507664384
openst,0.07540740406280971
openst,0.07171534265609904
openst,0.07639131489277788
openst,0.0746678492397758
openst,0.07695166677517007
openst,0.07434870010849118
openst,0.07307533973994872
openst,0.07566137795235812
openst,0.07664202839960123
openst,0.07720056052668621
openst,0.07434870010849118
openst,0.07775508069614362
openst,0.07664202839960123
openst,0.07434870010849118
openst,0.07517993590320059
openst,0.073598507664384
openst,0.07566137795235812
openst,0.07566137795235812
openst,0.07566137795235812
openst,0.07409022662716469
openst,0.07492433006875415
openst,0.07566137795235811
openst,0.07766947854128273
openst,0.07434870010849118
openst,0.07517993590320059
openst,0.07566137795235812
openst,0.07460627811370894
openst,0.07540740406280971
openst,0.07307533973994872
openst,0.07224835932114418
openst,0.07862508696612344
openst,0.0763913148927779
openst,0.07492433006875415
openst,0.07622709585232043
openst,0.07613977583950335
openst,0.07695166677517007
openst,0.07695166677517007
openst,0.07566137795235812
openst,0.07791607936127502
openst,0.07720056052668622
openst,0.07540740406280973
openst,0.07695166677517007
openst,0.07566137795235812
openst,0.07791607936127502
openst,0.0746678492397758
openst,0.07198234435220507
openst,0.07613977583950335
openst,0.07766947854128271
openst,0.07333739021990528
openst,0.07434870010849118
openst,0.07224835932114418
openst,0.07566137795235812
openst,0.07307533973994872
openst,0.07198234435220507
openst,0.07224835932114418
openst,0.0759145021705821
openst,0.0746678492397758
openst,0.07540740406280971
openst,0.07434870010849118
openst,0.07460627811370894
openst,0.07791607936127502
openst,0.073598507664384
openst,0.07566137795235812
openst,0.07986751032965596
openst,0.07460627811370894
openst,0.0759145021705821
openst,0.07409022662716469
openst,0.07307533973994872
openst,0.07198234435220507
openst,0.078380716852251
openst,0.07566137795235811
openst,0.07639131489277788
openst,0.07791607936127502
openst,0.07791607936127502
openst,0.07695166677517007
openst,0.07695166677517007
openst,0.07307533973994872
openst,0.07434870010849118
openst,0.07409022662716469
openst,0.07695166677517007
openst,0.07540740406280971
openst,0.07409022662716469
openst,0.07460627811370894
openst,0.0759145021705821
openst,0.07695166677517007
openst,0.07916963009171973
openst,0.07846554308396629
openst,0.07639131489277788
openst,0.07791607936127502
openst,0.07434870010849118
openst,0.07916963009171973
openst,0.073598507664384
openst,0.07333739021990528
openst,0.07307533973994872
openst,0.07540740406280973
openst,0.07517993590320059
openst,0.07333739021990528
openst,0.07916963009171973
openst,0.07695166677517007
openst,0.07409022662716469
openst,0.073598507664384
openst,0.073598507664384
openst,0.07622709585232043
openst,0.07517993590320059
openst,0.07695166677517007
openst,0.07333739021990528
openst,0.07566137795235812
openst,0.07434870010849118
openst,0.073598507664384
openst,0.07566137795235812
openst,0.07766947854128273
openst,0.07916963009171973
openst,0.07613977583950335
openst,0.07720056052668621
openst,0.07198234435220507
openst,0.07916963009171973
openst,0.07566137795235811
openst,0.07695166677517007
openst,0.07720056052668621
openst,0.07791607936127502
openst,0.07434870010849118
openst,0.07385870196924747
openst,0.07766947854128271
openst,0.0746678492397758
openst,0.07791607936127502
openst,0.07566137795235811
openst,0.07566137795235812
openst,0.07566137795235812
openst,0.07639131489277788
openst,0.07333739021990528
openst,0.0759145021705821
openst,0.07171534265609904
openst,0.07333739021990528
openst,0.07540740406280971
openst,0.07639131489277788
openst,0.07639131489277788
openst,0.07622709585232043
openst,0.07540740406280971
openst,0.0746678492397758
openst,0.07409022662716469
openst,0.07307533973994872
openst,0.07647834770859382
openst,0.07492433006875415
openst,0.0746678492397758
openst,0.07409022662716469
openst,0.07775508069614362
openst,0.07720056052668622
openst,0.07766947854128271
openst,0.07766947854128271
openst,0.07517993590320059
openst,0.07434870010849118
openst,0.07566137795235812
openst,0.0759145021705821
openst,0.07517993590320059
openst,0.07409022662716469
openst,0.07986751032965596
openst,0.07695166677517007
openst,0.07409022662716469
openst,0.073598507664384
openst,0.07846554308396629
openst,0.0763913148927779
openst,0.07622709585232043
openst,0.07791607936127502
openst,0.07622709585232043
openst,0.07916963009171973
openst,0.07720056052668621
openst,0.07492433006875415
openst,0.07333739021990528
openst,0.073598507664384
openst,0.0746678492397758
openst,0.07695166677517007
openst,0.07566137795235812
openst,0.07517993590320059
openst,0.073598507664384
openst,0.0763913148927779
openst,0.07566137795235811
openst,0.07613977583950335
openst,0.07695166677517007
openst,0.07409022662716469
openst,0.07720056052668622
openst,0.078380716852251
openst,0.07766947854128271
openst,0.07333739021990528
openst,0.07647834770859382
openst,0.07434870010849118
openst,0.07766947854128271
openst,0.07224835932114418
openst,0.07862508696612344
openst,0.0746678492397758
openst,0.07566137795235812
openst,0.0759145021705821
openst,0.07434870010849118
openst,0.07986751032965596
openst,0.07720056052668621
openst,0.07664202839960123
openst,0.07409022662716469
openst,0.07766947854128271
openst,0.07307533973994872
openst,0.07540740406280973
openst,0.07409022662716469
openst,0.07766947854128271
openst,0.0746678492397758
openst,0.07333739021990528
openst,0.07986751032965596
openst,0.0763913148927779
openst,0.073598507664384
openst,0.07791607936127502
openst,0.07333739021990528
openst,0.07333739021990528
openst,0.07695166677517007
openst,0.07916963009171973
openst,0.07664202839960123
openst,0.07333739021990528
openst,0.07540740406280971
openst,0.07333739021990528
openst,0.07664202839960123
openst,0.07566137795235811
openst,0.0763913148927779
openst,0.07198234435220507
openst,0.07434870010849118
openst,0.07566137795235812
openst,0.07517993590320059
openst,0.07540740406280971
openst,0.07492433006875415
openst,0.07647834770859382
openst,0.07566137795235812
openst,0.07434870010849118
openst,0.07566137795235812
openst,0.07720056052668621
openst,0.07766947854128271
openst,0.07695166677517007
openst,0.0763913148927779
openst,0.073598507664384
openst,0.07540740406280973
openst,0.0759145021705821
openst,0.07695166677517007
openst,0.07647834770859382
openst,0.0763913148927779
openst,0.07409022662716469
openst,0.07695166677517007
openst,0.0746678492397758
openst,0.0759145021705821
openst,0.07862508696612344
openst,0.07766947854128271
openst,0.07791607936127502
openst,0.07517993590320059
openst,0.07639131489277788
openst,0.07720056052668622
openst,0.0759145021705821
openst,0.073598507664384
openst,0.07434870010849118
openst,0.07434870010849118
openst,0.07540740406280971
openst,0.07916963009171973
openst,0.07540740406280971
openst,0.07695166677517007
openst,0.0759145021705821
openst,0.07720056052668621
openst,0.073598507664384
openst,0.078380716852251
openst,0.07492433006875415
openst,0.07307533973994872
openst,0.073598507664384
openst,0.07566137795235812
openst,0.07333739021990528
openst,0.07775508069614362
openst,0.07720056052668621
openst,0.07434870010849118
openst,0.07540740406280971
openst,0.07647834770859382
openst,0.07540740406280971
openst,0.07434870010849118
openst,0.0759145021705821
openst,0.07540740406280973
openst,0.08055934510443631
openst,0.07613977583950335
openst,0.07695166677517007
openst,0.073598507664384
openst,0.07198234435220507
openst,0.07775508069614362
openst,0.07791607936127502
openst,0.07333739021990528
openst,0.073598507664384
openst,0.07566137795235812
openst,0.0763913148927779
openst,0.0763913148927779
openst,0.07492433006875415
openst,0.07333739021990528
openst,0.07333739021990528
openst,0.0763913148927779
openst,0.07664202839960123
openst,0.07383084826484722
openst,0.07613977583950335
openst,0.07566137795235812
openst,0.07766947854128271
openst,0.07566137795235811
openst,0.07566137795235812
openst,0.0746678492397758
openst,0.0759145021705821
openst,0.0759145021705821
openst,0.07492433006875415
openst,0.07540740406280971
openst,0.07492433006875415
openst,0.07695166677517007
openst,0.07566137795235812
openst,0.07566137795235811
openst,0.07720056052668621
openst,0.07639131489277788
openst,0.07517993590320059
openst,0.07566137795235811
openst,0.07613977583950335
openst,0.07385870196924747
openst,0.073598507664384
openst,0.07333739021990528
openst,0.07766947854128271
openst,0.07409022662716469
openst,0.07409022662716469
openst,0.0746678492397758
openst,0.07766947854128271
openst,0.07540740406280971
openst,0.08055934510443631
openst,0.07916963009171973
openst,0.07434870010849118
openst,0.07986751032965596
openst,0.07540740406280971
openst,0.07986751032965596
openst,0.07766947854128271
openst,0.0759145021705821
openst,0.07492433006875415
openst,0.07517993590320059
openst,0.07720056052668622
openst,0.07409022662716469
openst,0.07333739021990528
openst,0.07409022662716469
openst,0.07492433006875415
openst,0.07434870010849118
openst,0.073598507664384
openst,0.07720056052668622
openst,0.07846554308396629
openst,0.07846554308396629
openst,0.07383084826484722
openst,0.073598507664384
openst,0.07333739021990528
openst,0.07409022662716469
openst,0.07695166677517007
openst,0.07540740406280971
openst,0.07198234435220507
openst,0.07566137795235811
openst,0.0759145021705821
openst,0.07664202839960123
openst,0.07664202839960123
openst,0.07333739021990528
openst,0.07639131489277788
openst,0.07566137795235811
openst,0.07916963009171973
openst,0.07540740406280973
openst,0.0746678492397758
openst,0.07916963009171973
openst,0.07647834770859382
openst,0.07385870196924747
openst,0.07333739021990528
openst,0.07333739021990528
openst,0.0759145021705821
openst,0.07198234435220507
openst,0.0759145021705821
openst,0.0759145021705821
openst,0.073598507664384
openst,0.07791607936127502
openst,0.07566137795235812
openst,0.07540740406280973
openst,0.07720056052668621
openst,0.07695166677517007
openst,0.07613977583950335
openst,0.07383084826484722
openst,0.07766947854128273
openst,0.07720056052668622
openst,0.07720056052668621
openst,0.07664202839960123
openst,0.07434870010849118
openst,0.07862508696612344
openst,0.07434870010849118
openst,0.07986751032965596
openst,0.07664202839960123
openst,0.07566137795235811
openst,0.07409022662716469
openst,0.07566137795235812
openst,0.07409022662716469
openst,0.073598507664384
openst,0.07333739021990528
openst,0.07434870010849118
openst,0.073598507664384
openst,0.07333739021990528
openst,0.0759145021705821
openst,0.0746678492397758
openst,0.07566137795235812
openst,0.07566137795235812
openst,0.07409022662716469
openst,0.07720056052668621
openst,0.07791607936127502
openst,0.07862508696612344
openst,0.07540740406280971
openst,0.0763913148927779
openst,0.07540740406280971
openst,0.07695166677517007
openst,0.07540740406280971
openst,0.07409022662716469
openst,0.07695166677517007
openst,0.07333739021990528
openst,0.07695166677517007
openst,0.07492433006875415
openst,0.07540740406280971
openst,0.07986751032965596
openst,0.0759145021705821
openst,0.07540740406280973
openst,0.07171534265609904
openst,0.07791607936127502
openst,0.07791607936127502
openst,0.07409022662716469
openst,0.0763913148927779
openst,0.0763913148927779
openst,0.07517993590320059
openst,0.07333739021990528
openst,0.0746678492397758
openst,0.0746678492397758
openst,0.07434870010849118
openst,0.07540740406280971
openst,0.07517993590320059
openst,0.07664202839960123
openst,0.07409022662716469
openst,0.07566137795235812
openst,0.07916963009171973
openst,0.07492433006875415
openst,0.07409022662716469
openst,0.07566137795235812
openst,0.07385870196924747
openst,0.07307533973994872
openst,0.07647834770859382
openst,0.0746678492397758
openst,0.0759145021705821
openst,0.07695166677517007
openst,0.07517993590320059
openst,0.07566137795235812
openst,0.07307533973994872
openst,0.07613977583950335
openst,0.07224835932114418
openst,0.07695166677517007
openst,0.07986751032965596
openst,0.07383084826484722
openst,0.07766947854128271
openst,0.07916963009171973
openst,0.07986751032965596
openst,0.07613977583950335
openst,0.073598507664384
openst,0.07766947854128273
openst,0.07791607936127502
openst,0.07695166677517007
openst,0.07695166677517007
openst,0.0759145021705821
openst,0.07695166677517007
openst,0.07517993590320059
openst,0.07333739021990528
openst,0.07251339842232532
openst,0.07517993590320059
openst,0.07664202839960123
openst,0.07492433006875415
openst,0.07409022662716469
openst,0.07639131489277788
openst,0.07916963009171973
openst,0.07434870010849118
openst,0.07613977583950335
openst,0.07639131489277788
openst,0.07766947854128271
openst,0.07622709585232043
openst,0.0746678492397758
openst,0.07791607936127502
openst,0.07720056052668621
openst,0.073598507664384
openst,0.07791607936127502
openst,0.07986751032965596
openst,0.07540740406280973
openst,0.07492433006875415
openst,0.07846554308396629
openst,0.07540740406280973
openst,0.0746678492397758
openst,0.07613977583950335
openst,0.07171534265609904
openst,0.0759145021705821
openst,0.07144734317050543
openst,0.07434870010849118
openst,0.07622709585232043
openst,0.07198234435220507
openst,0.07171534265609904
openst,0.07720056052668621
openst,0.07224835932114418
openst,0.073598507664384
openst,0.07385870196924747
openst,0.07492433006875415
openst,0.07540740406280971
openst,0.07791607936127502
openst,0.07720056052668621
openst,0.07434870010849118
openst,0.078380716852251
openst,0.07492433006875415
openst,0.0746678492397758
openst,0.07766947854128271
openst,0.07409022662716469
openst,0.07766947854128271
openst,0.07916963009171973
openst,0.073598507664384
openst,0.07434870010849118
openst,0.07409022662716469
openst,0.07307533973994872
openst,0.07695166677517007
openst,0.07517993590320059
openst,0.073598507664384
openst,0.07664202839960123
openst,0.07434870010849118
openst,0.07171534265609904
openst,0.07986751032965596
openst,0.07409022662716469
openst,0.07766947854128271
openst,0.07766947854128271
openst,0.07986751032965596
openst,0.07720056052668622
openst,0.07846554308396629
openst,0.07566137795235811
openst,0.0763913148927779
openst,0.07198234435220507
openst,0.07540740406280973
openst,0.07307533973994872
openst,0.07492433006875415
openst,0.073598507664384
openst,0.07639131489277788
openst,0.07566137795235811
openst,0.07566137795235812
openst,0.07613977583950335
openst,0.07383084826484722
openst,0.07720056052668621
openst,0.07540740406280973
openst,0.07566137795235812
openst,0.07566137795235811
openst,0.073598507664384
openst,0.07613977583950335
openst,0.07720056052668622
openst,0.07566137795235812
openst,0.07540740406280971
openst,0.07409022662716469
openst,0.07492433006875415
openst,0.07333739021990528
openst,0.07224835932114418
openst,0.07613977583950335
openst,0.07766947854128271
openst,0.07409022662716469
openst,0.07198234435220507
openst,0.07434870010849118
openst,0.07791607936127502
openst,0.07171534265609904
openst,0.07460627811370894
openst,0.07986751032965596
openst,0.07566137795235812
openst,0.07540740406280973
openst,0.07566137795235812
openst,0.07862508696612344
openst,0.07766947854128271
openst,0.07492433006875415
openst,0.07766947854128273
openst,0.07566137795235812
openst,0.07409022662716469
openst,0.07720056052668621
openst,0.07383084826484722
openst,0.07492433006875415
openst,0.07766947854128271
openst,0.07198234435220507
openst,0.0759145021705821
openst,0.07540740406280973
openst,0.07540740406280973
openst,0.07766947854128271
openst,0.07333739021990528
openst,0.073598507664384
openst,0.07383084826484722
openst,0.07492433006875415
openst,0.07720056052668621
openst,0.07639131489277788
openst,0.07639131489277788
openst,0.07492433006875415
openst,0.0746678492397758
openst,0.07622709585232043
openst,0.07171534265609904
openst,0.07434870010849118
openst,0.07492433006875415
openst,0.07647834770859382
openst,0.07695166677517007
openst,0.07198234435220507
openst,0.07224835932114418
openst,0.073598507664384
openst,0.07434870010849118
openst,0.078380716852251
openst,0.07622709585232043
openst,0.07434870010849118
openst,0.07409022662716469
openst,0.07695166677517007
openst,0.0759145021705821
openst,0.07613977583950335
openst,0.07766947854128271
openst,0.07639131489277788
openst,0.07695166677517007
openst,0.07720056052668621
openst,0.07613977583950335
openst,0.07383084826484722
openst,0.07566137795235812
openst,0.073598507664384
openst,0.07517993590320059
openst,0.07224835932114418
openst,0.07986751032965596
openst,0.07791607936127502
openst,0.07307533973994872
openst,0.073598507664384
openst,0.07333739021990528
openst,0.0763913148927779
openst,0.078380716852251
openst,0.07540740406280973
openst,0.073598507664384
openst,0.07409022662716469
openst,0.073598507664384
openst,0.07333739021990528
openst,0.07333739021990528
openst,0.07916963009171973
openst,0.07434870010849118
openst,0.07540740406280973
openst,0.07566137795235811
openst,0.07566137795235812
openst,0.07566137795235812
openst,0.0759145021705821
openst,0.07613977583950335
openst,0.07409022662716469
openst,0.07862508696612344
openst,0.0759145021705821
openst,0.07622709585232043
openst,0.07775508069614362
openst,0.07791607936127502
openst,0.073598507664384
openst,0.073598507664384
openst,0.07622709585232043
openst,0.07695166677517007
openst,0.07492433006875415
openst,0.07333739021990528
openst,0.07198234435220507
openst,0.073598507664384
openst,0.07566137795235812
openst,0.07566137795235812
openst,0.07695166677517007
openst,0.07846554308396629
openst,0.0759145021705821
openst,0.07460627811370894
openst,0.07540740406280973
openst,0.0763913148927779
openst,0.0763913148927779
openst,0.07492433006875415
openst,0.07766947854128271
openst,0.07409022662716469
openst,0.0759145021705821
openst,0.07664202839960123
openst,0.07224835932114418
openst,0.07695166677517007
openst,0.07566137795235811
openst,0.07791607936127502
openst,0.0763913148927779
openst,0.07540740406280973
openst,0.0763913148927779
openst,0.07720056052668621
openst,0.07434870010849118
openst,0.0759145021705821
openst,0.07434870010849118
openst,0.07409022662716469
openst,0.07409022662716469
openst,0.07540740406280973
openst,0.07409022662716469
openst,0.07791607936127502
openst,0.078380716852251
openst,0.07224835932114418
openst,0.07434870010849118
openst,0.07171534265609904
openst,0.07613977583950335
openst,0.07622709585232043
openst,0.07540740406280971
openst,0.07766947854128271
openst,0.07224835932114418
openst,0.07517993590320059
openst,0.07383084826484722
openst,0.0746678492397758
openst,0.07664202839960123
openst,0.07198234435220507
openst,0.07251339842232532
openst,0.07517993590320059
openst,0.07540740406280971
openst,0.07517993590320059
openst,0.0759145021705821
openst,0.07333739021990528
openst,0.07307533973994872
openst,0.07916963009171973
openst,0.07492433006875415
openst,0.07613977583950335
openst,0.07695166677517007
openst,0.07695166677517007
openst,0.07566137795235811
openst,0.07639131489277788
openst,0.07333739021990528
openst,0.07333739021990528
openst,0.07333739021990528
openst,0.07720056052668621
openst,0.07846554308396629
openst,0.07791607936127502
openst,0.073598507664384
openst,0.073598507664384
openst,0.07566137795235812
openst,0.0763913148927779
openst,0.07664202839960123
openst,0.07846554308396629
openst,0.07639131489277788
openst,0.07720056052668621
openst,0.07566137795235811
openst,0.07171534265609904
openst,0.07791607936127502
openst,0.07566137795235811
openst,0.07720056052668622
openst,0.0759145021705821
openst,0.07540740406280973
openst,0.07198234435220507
openst,0.07434870010849118
openst,0.07333739021990528
openst,0.07766947854128271
openst,0.07333739021990528
openst,0.07566137795235812
openst,0.07224835932114418
openst,0.0763913148927779
openst,0.07333739021990528
openst,0.078380716852251
openst,0.07664202839960123
openst,0.07986751032965596
openst,0.07434870010849118
openst,0.07639131489277788
openst,0.07720056052668621
openst,0.07695166677517007
openst,0.078380716852251
openst,0.07566137795235812
openst,0.07434870010849118
openst,0.07540740406280971
openst,0.07333739021990528
openst,0.07720056052668622
openst,0.0759145021705821
openst,0.07198234435220507
openst,0.07720056052668621
openst,0.07791607936127502
openst,0.07434870010849118
openst,0.07791607936127502
openst,0.07409022662716469
openst,0.07766947854128271
openst,0.0746678492397758
openst,0.07540740406280971
openst,0.078380716852251
openst,0.0746678492397758
openst,0.07383084826484722
openst,0.07517993590320059
openst,0.07720056052668621
openst,0.07460627811370894
openst,0.07775508069614362
openst,0.07198234435220507
openst,0.073598507664384
openst,0.07409022662716469
openst,0.07791607936127502
openst,0.07517993590320059
openst,0.07333739021990528
openst,0.0759145021705821
openst,0.07986751032965596
openst,0.07492433006875415
openst,0.07198234435220507
openst,0.07622709585232043
openst,0.073598507664384
openst,0.07333739021990528
openst,0.08055934510443631
openst,0.07198234435220507
openst,0.07517993590320059
openst,0.08055934510443631
openst,0.07307533973994872
openst,0.073598507664384
openst,0.07566137795235811
openst,0.07198234435220507
openst,0.0746678492397758
openst,0.07333739021990528
openst,0.07492433006875415
openst,0.0763913148927779
openst,0.07492433006875415
openst,0.07695166677517007
openst,0.07862508696612344
openst,0.07566137795235812
openst,0.07434870010849118
openst,0.07307533973994872
openst,0.07224835932114418
openst,0.07333739021990528
openst,0.07647834770859382
openst,0.07986751032965596
openst,0.07566137795235812
openst,0.07409022662716469
openst,0.07409022662716469
openst,0.07333739021990528
openst,0.07695166677517007
openst,0.07566137795235811
openst,0.07492433006875415
openst,0.07434870010849118
openst,0.07986751032965596
openst,0.07695166677517007
openst,0.07766947854128273
openst,0.07622709585232043
openst,0.07409022662716469
openst,0.07409022662716469
openst,0.07695166677517007
openst,0.07766947854128271
openst,0.073598507664384
openst,0.0763913148927779
openst,0.07492433006875415
openst,0.07434870010849118
openst,0.07409022662716469
openst,0.07791607936127502
openst,0.07566137795235811
openst,0.07647834770859382
openst,0.0759145021705821
openst,0.07307533973994872
openst,0.07613977583950335
openst,0.07333739021990528
openst,0.07492433006875415
openst,0.07434870010849118
openst,0.07434870010849118
openst,0.07566137795235812
openst,0.07540740406280973
openst,0.07307533973994872
openst,0.07492433006875415
openst,0.07566137795235811
openst,0.07846554308396629
openst,0.07695166677517007
openst,0.07566137795235812
openst,0.0759145021705821
openst,0.07434870010849118
openst,0.0759145021705821
openst,0.07434870010849118
openst,0.0746678492397758
openst,0.07409022662716469
openst,0.07695166677517007
openst,0.07224835932114418
openst,0.07791607936127502
openst,0.07333739021990528
openst,0.07766947854128271
openst,0.07198234435220507
openst,0.073598507664384
openst,0.073598507664384
openst,0.0746678492397758
openst,0.07198234435220507
openst,0.07307533973994872
openst,0.0763913148927779
openst,0.073598507664384
openst,0.07144734317050543
openst,0.07517993590320059
openst,0.07540740406280971
openst,0.07695166677517007
openst,0.0746678492397758
openst,0.07460627811370894
openst,0.07720056052668621
openst,0.07664202839960123
openst,0.07333739021990528
openst,0.07540740406280973
openst,0.07540740406280971
openst,0.0759145021705821
openst,0.0746678492397758
openst,0.07198234435220507
openst,0.0763913148927779
openst,0.07566137795235812
openst,0.07986751032965596
openst,0.07791607936127502
openst,0.07647834770859382
openst,0.07171534265609904
openst,0.07791607936127502
openst,0.07409022662716469
openst,0.07333739021990528
openst,0.07409022662716469
openst,0.07198234435220507
openst,0.07385870196924747
openst,0.07333739021990528
openst,0.07460627811370894
openst,0.078380716852251
openst,0.07566137795235812
openst,0.07409022662716469
openst,0.07492433006875415
openst,0.07613977583950335
openst,0.07492433006875415
openst,0.07695166677517007
openst,0.07566137795235812
openst,0.07566137795235812
openst,0.07791607936127502
openst,0.07695166677517007
openst,0.07385870196924747
openst,0.07517993590320059
openst,0.07566137795235811
openst,0.07566137795235812
openst,0.07434870010849118
openst,0.07791607936127502
openst,0.07434870010849118
openst,0.0746678492397758
openst,0.07460627811370894
openst,0.07198234435220507
openst,0.07916963009171973
openst,0.07766947854128273
openst,0.07639131489277788
openst,0.07720056052668621
openst,0.07862508696612344
openst,0.07540740406280971
openst,0.07766947854128271
openst,0.07664202839960123
openst,0.07307533973994872
openst,0.0746678492397758
openst,0.07517993590320059
openst,0.0763913148927779
openst,0.073598507664384
openst,0.07664202839960123
openst,0.07307533973994872
openst,0.07791607936127502
openst,0.07383084826484722
openst,0.07566137795235812
openst,0.07695166677517007
openst,0.07224835932114418
openst,0.073598507664384
openst,0.07333739021990528
openst,0.0746678492397758
openst,0.07409022662716469
openst,0.07434870010849118
openst,0.07409022662716469
openst,0.07333739021990528
openst,0.07695166677517007
openst,0.07791607936127502
openst,0.07171534265609904
openst,0.07566137795235812
openst,0.078380716852251
openst,0.07566137795235812
openst,0.07791607936127502
openst,0.07986751032965596
openst,0.07224835932114418
openst,0.07540740406280971
openst,0.07492433006875415
openst,0.07639131489277788
openst,0.07540740406280971
openst,0.073598507664384
openst,0.07383084826484722
openst,0.07639131489277788
openst,0.07916963009171973
openst,0.07613977583950335
openst,0.073598507664384
openst,0.07385870196924747
openst,0.073598507664384
openst,0.07647834770859382
openst,0.073598507664384
openst,0.07460627811370894
openst,0.07171534265609904
openst,0.07409022662716469
openst,0.07986751032965596
openst,0.0746678492397758
openst,0.07409022662716469
openst,0.07647834770859382
openst,0.07664202839960123
openst,0.07664202839960123
openst,0.07695166677517007
openst,0.07224835932114418
openst,0.07383084826484722
openst,0.073598507664384
openst,0.07383084826484722
openst,0.07695166677517007
openst,0.07916963009171973
openst,0.07566137795235812
openst,0.07720056052668621
openst,0.07540740406280971
openst,0.073598507664384
openst,0.07846554308396629
openst,0.07846554308396629
openst,0.07383084826484722
openst,0.0759145021705821
openst,0.07333739021990528
openst,0.0763913148927779
openst,0.07333739021990528
openst,0.07695166677517007
openst,0.0763913148927779
openst,0.07540740406280971
openst,0.07492433006875415
openst,0.07566137795235812
openst,0.073598507664384
openst,0.07434870010849118
openst,0.07862508696612344
openst,0.07409022662716469
openst,0.073598507664384
openst,0.07695166677517007
openst,0.07566137795235812
openst,0.07766947854128271
openst,0.07198234435220507
openst,0.07622709585232043
openst,0.078380716852251
openst,0.07460627811370894
openst,0.07720056052668621
openst,0.07333739021990528
openst,0.07409022662716469
openst,0.0759145021705821
openst,0.0746678492397758
openst,0.07409022662716469
openst,0.0763913148927779
openst,0.07695166677517007
openst,0.07695166677517007
openst,0.07171534265609904
openst,0.0746678492397758
openst,0.07664202839960123
openst,0.07566137795235812
openst,0.07540740406280973
openst,0.07566137795235811
openst,0.07766947854128271
openst,0.07720056052668621
openst,0.07846554308396629
openst,0.07434870010849118
openst,0.07720056052668622
openst,0.07695166677517007
openst,0.07333739021990528
openst,0.0746678492397758
openst,0.07846554308396629
openst,0.07916963009171973
openst,0.07566137795235812
openst,0.07766947854128271
openst,0.07720056052668621
openst,0.07517993590320059
openst,0.07460627811370894
openst,0.07409022662716469
openst,0.07333739021990528
openst,0.07664202839960123
openst,0.07695166677517007
openst,0.07916963009171973
openst,0.07566137795235812
openst,0.07198234435220507
openst,0.0746678492397758
openst,0.07862508696612344
openst,0.07460627811370894
openst,0.07307533973994872
openst,0.07766947854128271
openst,0.07566137795235812
openst,0.07664202839960123
openst,0.07566137795235811
openst,0.07434870010849118
openst,0.07434870010849118
openst,0.07720056052668621
openst,0.07517993590320059
openst,0.0746678492397758
openst,0.07695166677517007
openst,0.07198234435220507
openst,0.07144734317050543
openst,0.07791607936127502
openst,0.07566137795235812
openst,0.07566137795235812
openst,0.07791607936127502
openst,0.078380716852251
openst,0.07695166677517007
openst,0.07613977583950335
openst,0.07791607936127502
openst,0.07434870010849118
openst,0.07517993590320059
openst,0.07460627811370894
openst,0.07566137795235812
openst,0.07460627811370894
openst,0.07566137795235812
openst,0.07695166677517007
openst,0.073598507664384
openst,0.07409022662716469
openst,0.07409022662716469
openst,0.07566137795235812
openst,0.073598507664384
openst,0.07613977583950335
openst,0.07517993590320059
openst,0.07540740406280971
openst,0.07791607936127502
openst,0.07333739021990528
openst,0.07862508696612344
openst,0.07622709585232043
openst,0.07492433006875415
openst,0.07862508696612344
openst,0.073598507664384
openst,0.07307533973994872
openst,0.07647834770859382
openst,0.07198234435220507
openst,0.07251339842232532
openst,0.07540740406280971
openst,0.07224835932114418
openst,0.07333739021990528
openst,0.07862508696612344
openst,0.07613977583950335
openst,0.0763913148927779
openst,0.07409022662716469
openst,0.07198234435220507
openst,0.07613977583950335
openst,0.07986751032965596
openst,0.0746678492397758
openst,0.07720056052668622
openst,0.07540740406280973
openst,0.07333739021990528
openst,0.07540740406280971
openst,0.07460627811370894
openst,0.073598507664384
openst,0.07333739021990528
openst,0.07613977583950335
openst,0.07434870010849118
openst,0.0763913148927779
openst,0.07613977583950335
openst,0.07613977583950335
openst,0.07639131489277788
openst,0.07566137795235811
openst,0.07766947854128271
openst,0.07622709585232043
openst,0.07766947854128271
openst,0.07862508696612344
openst,0.07791607936127502
openst,0.0746678492397758
openst,0.07492433006875415
openst,0.07791607936127502
openst,0.07695166677517007
openst,0.07198234435220507
openst,0.07695166677517007
openst,0.07409022662716469
openst,0.07664202839960123
openst,0.07144734317050543
openst,0.07766947854128271
openst,0.07566137795235811
openst,0.07846554308396629
openst,0.07198234435220507
openst,0.07566137795235812
openst,0.073598507664384
openst,0.07492433006875415
openst,0.0759145021705821
openst,0.07791607936127502
openst,0.07409022662716469
openst,0.07613977583950335
openst,0.0759145021705821
openst,0.07517993590320059
openst,0.07566137795235811
openst,0.07333739021990528
openst,0.07385870196924747
openst,0.07492433006875415
openst,0.07720056052668622
openst,0.07434870010849118
openst,0.07720056052668621
openst,0.07492433006875415
openst,0.078380716852251
openst,0.07540740406280973
openst,0.07333739021990528
openst,0.07492433006875415
openst,0.07409022662716469
openst,0.07517993590320059
openst,0.0759145021705821
openst,0.07409022662716469
openst,0.07409022662716469
openst,0.07639131489277788
openst,0.07647834770859382
openst,0.07492433006875415
openst,0.07566137795235812
openst,0.07986751032965596
openst,0.07613977583950335
openst,0.07434870010849118
openst,0.07224835932114418
openst,0.07333739021990528
openst,0.07434870010849118
openst,0.07224835932114418
openst,0.07492433006875415
openst,0.07791607936127502
openst,0.07434870010849118
openst,0.07791607936127502
openst,0.07198234435220507
openst,0.07434870010849118
openst,0.07647834770859382
openst,0.07566137795235812
openst,0.07862508696612344
openst,0.07664202839960123
openst,0.07492433006875415
openst,0.07695166677517007
openst,0.07720056052668621
openst,0.07720056052668622
openst,0.07613977583950335
openst,0.07695166677517007
openst,0.07409022662716469
openst,0.07566137795235812
openst,0.07540740406280971
openst,0.07791607936127502
openst,0.07720056052668621
openst,0.07622709585232043
openst,0.07566137795235811
openst,0.0746678492397758
openst,0.07720056052668621
openst,0.07766947854128273
openst,0.07566137795235812
openst,0.0759145021705821
openst,0.07307533973994872
openst,0.07720056052668622
openst,0.07540740406280971
openst,0.07566137795235811
openst,0.07695166677517007
openst,0.07540740406280971
openst,0.07766947854128271
openst,0.07566137795235812
openst,0.07383084826484722
openst,0.0746678492397758
openst,0.07171534265609904
openst,0.07383084826484722
openst,0.07566137795235812
openst,0.07409022662716469
openst,0.07383084826484722
openst,0.07434870010849118
openst,0.07409022662716469
openst,0.07846554308396629
openst,0.07540740406280973
openst,0.07492433006875415
openst,0.0759145021705821
openst,0.07333739021990528
openst,0.073598507664384
openst,0.07434870010849118
openst,0.07664202839960123
openst,0.07720056052668622
openst,0.07517993590320059
openst,0.0763913148927779
openst,0.07492433006875415
openst,0.07333739021990528
openst,0.07639131489277788
openst,0.07517993590320059
openst,0.07492433006875415
openst,0.07846554308396629
openst,0.07171534265609904
openst,0.07540740406280971
openst,0.0746678492397758
openst,0.07434870010849118
openst,0.07434870010849118
openst,0.07664202839960123
openst,0.07383084826484722
openst,0.07492433006875415
openst,0.07409022662716469
openst,0.07720056052668621
openst,0.07566137795235812
openst,0.07566137795235811
openst,0.07198234435220507
openst,0.078380716852251
openst,0.07434870010849118
openst,0.07664202839960123
openst,0.07383084826484722
openst,0.07409022662716469
openst,0.07695166677517007
openst,0.07333739021990528
openst,0.07492433006875415
openst,0.07566137795235812
openst,0.07434870010849118
openst,0.07766947854128273
openst,0.07862508696612344
openst,0.073598507664384
openst,0.07986751032965596
openst,0.07720056052668622
openst,0.07460627811370894
openst,0.07791607936127502
openst,0.07566137795235811
openst,0.073598507664384
openst,0.07434870010849118
openst,0.07434870010849118
openst,0.07862508696612344
openst,0.07720056052668621
openst,0.07695166677517007
openst,0.0759145021705821
openst,0.07766947854128271
openst,0.0759145021705821
openst,0.0759145021705821
openst,0.07251339842232532
openst,0.07613977583950335
openst,0.07695166677517007
openst,0.07171534265609904
openst,0.07766947854128271
openst,0.07566137795235812
openst,0.0763913148927779
openst,0.07566137795235811
openst,0.07566137795235812
openst,0.073598507664384
openst,0.07613977583950335
openst,0.0759145021705821
openst,0.07613977583950335
openst,0.07566137795235811
openst,0.07492433006875415
openst,0.07171534265609904
openst,0.07766947854128273
openst,0.07720056052668622
openst,0.0746678492397758
openst,0.07766947854128271
openst,0.07434870010849118
openst,0.07566137795235812
openst,0.07647834770859382
openst,0.07307533973994872
openst,0.07916963009171973
openst,0.07171534265609904
openst,0.0759145021705821
openst,0.07409022662716469
openst,0.073598507664384
openst,0.07409022662716469
openst,0.07791607936127502
openst,0.07720056052668622
openst,0.07460627811370894
openst,0.073598507664384
openst,0.07171534265609904
openst,0.07695166677517007
openst,0.07766947854128271
openst,0.07766947854128271
openst,0.0763913148927779
openst,0.07664202839960123
openst,0.07695166677517007
openst,0.07986751032965596
openst,0.07639131489277788
openst,0.07766947854128271
openst,0.07613977583950335
openst,0.07540740406280971
openst,0.07409022662716469
openst,0.07664202839960123
openst,0.07540740406280971
openst,0.07434870010849118
openst,0.078380716852251
openst,0.07333739021990528
openst,0.073598507664384
openst,0.0759145021705821
openst,0.07333739021990528
openst,0.073598507664384
openst,0.07409022662716469
openst,0.07434870010849118
openst,0.07766947854128273
openst,0.07409022662716469
openst,0.07171534265609904
openst,0.07639131489277788
openst,0.07409022662716469
openst,0.07517993590320059
openst,0.07385870196924747
openst,0.0746678492397758
openst,0.073598507664384
openst,0.0763913148927779
openst,0.07540740406280971
openst,0.0763913148927779
openst,0.0763913148927779
openst,0.07434870010849118
openst,0.07664202839960123
openst,0.07862508696612344
openst,0.07409022662716469
openst,0.073598507664384
openst,0.07566137795235812
openst,0.07916963009171973
openst,0.07171534265609904
openst,0.07720056052668622
openst,0.07622709585232043
openst,0.07566137795235812
openst,0.07791607936127502
openst,0.07540740406280973
openst,0.07333739021990528
openst,0.07647834770859382
openst,0.07517993590320059
openst,0.07540740406280973
openst,0.07492433006875415
openst,0.07695166677517007
openst,0.07566137795235812
openst,0.07720056052668621
openst,0.07434870010849118
openst,0.07540740406280971
openst,0.07333739021990528
openst,0.078380716852251
openst,0.07862508696612344
openst,0.07517993590320059
openst,0.07409022662716469
openst,0.07434870010849118
openst,0.07695166677517007
openst,0.07171534265609904
openst,0.07766947854128271
openst,0.07720056052668621
openst,0.07251339842232532
openst,0.07540740406280971
openst,0.07224835932114418
openst,0.07566137795235812
openst,0.078380716852251
openst,0.0763913148927779
openst,0.07460627811370894
openst,0.07224835932114418
openst,0.07383084826484722
openst,0.07862508696612344
openst,0.07517993590320059
openst,0.0746678492397758
openst,0.07766947854128271
openst,0.0763913148927779
openst,0.07434870010849118
openst,0.07846554308396629
openst,0.07846554308396629
openst,0.07492433006875415
openst,0.07647834770859382
openst,0.07639131489277788
openst,0.07492433006875415
openst,0.07540740406280971
openst,0.07198234435220507
openst,0.07540740406280973
openst,0.07198234435220507
openst,0.07720056052668622
openst,0.07566137795235811
openst,0.07409022662716469
openst,0.07695166677517007
openst,0.07695166677517007
openst,0.07766947854128271
openst,0.07566137795235812
openst,0.07791607936127502
openst,0.07333739021990528
openst,0.0759145021705821
openst,0.0746678492397758
openst,0.07766947854128271
openst,0.07540740406280971
openst,0.0759145021705821
openst,0.07307533973994872
openst,0.073598507664384
openst,0.07766947854128273
openst,0.07695166677517007
openst,0.0746678492397758
openst,0.07333739021990528
openst,0.07566137795235812
openst,0.07492433006875415
openst,0.07517993590320059
openst,0.07144734317050543
openst,0.07434870010849118
openst,0.0763913148927779
openst,0.07566137795235811
openst,0.07434870010849118
openst,0.07695166677517007
openst,0.07517993590320059
openst,0.07517993590320059
openst,0.07409022662716469
openst,0.07409022662716469
openst,0.07566137795235812
openst,0.07791607936127502
openst,0.0763913148927779
openst,0.07540740406280971
openst,0.07333739021990528
openst,0.07517993590320059
openst,0.07460627811370894
openst,0.07251339842232532
openst,0.07766947854128271
openst,0.078380716852251
openst,0.07695166677517007
openst,0.0759145021705821
openst,0.07695166677517007
openst,0.07791607936127502
openst,0.07720056052668621
openst,0.07720056052668621
openst,0.07198234435220507
openst,0.07720056052668622
openst,0.07307533973994872
openst,0.0759145021705821
openst,0.07695166677517007
openst,0.0763913148927779
openst,0.07720056052668621
openst,0.07385870196924747
openst,0.07540740406280971
openst,0.073598507664384
openst,0.07333739021990528
openst,0.07171534265609904
openst,0.07986751032965596
openst,0.07492433006875415
openst,0.07720056052668622
openst,0.07460627811370894
openst,0.07916963009171973
openst,0.078380716852251
openst,0.0746678492397758
openst,0.07198234435220507
openst,0.07664202839960123
openst,0.07766947854128271
openst,0.07224835932114418
openst,0.07664202839960123
openst,0.07540740406280973
openst,0.07566137795235811
openst,0.073598507664384
openst,0.0759145021705821
openst,0.07566137795235812
openst,0.07224835932114418
openst,0.07434870010849118
openst,0.07434870010849118
openst,0.07862508696612344
openst,0.07333739021990528
openst,0.073598507664384
openst,0.07566137795235812
openst,0.07333739021990528
openst,0.0759145021705821
openst,0.07333739021990528
openst,0.07566137795235812
openst,0.0746678492397758
openst,0.07434870010849118
openst,0.07791607936127502
openst,0.07916963009171973
openst,0.07695166677517007
openst,0.07791607936127502
openst,0.07766947854128271
openst,0.07986751032965596
openst,0.07566137795235812
openst,0.07664202839960123
openst,0.07385870196924747
openst,0.07916963009171973
openst,0.07409022662716469
openst,0.07492433006875415
openst,0.07251339842232532
openst,0.07566137795235811
openst,0.07492433006875415
openst,0.073598507664384
openst,0.07916963009171973
openst,0.07434870010849118
openst,0.07791607936127502
openst,0.07916963009171973
openst,0.0759145021705821
openst,0.07540740406280971
openst,0.07664202839960123
openst,0.07720056052668621
openst,0.07409022662716469
openst,0.07540740406280971
openst,0.07492433006875415
openst,0.073598507664384
openst,0.07791607936127502
openst,0.07664202839960123
openst,0.07791607936127502
openst,0.07198234435220507
openst,0.07664202839960123
openst,0.07613977583950335
openst,0.0759145021705821
openst,0.07517993590320059
openst,0.07862508696612344
openst,0.07517993590320059
openst,0.07385870196924747
openst,0.07434870010849118
openst,0.07409022662716469
openst,0.07647834770859382
openst,0.073598507664384
openst,0.07144734317050543
openst,0.0746678492397758
openst,0.07720056052668622
openst,0.07695166677517007
openst,0.07566137795235811
openst,0.073598507664384
openst,0.07566137795235812
openst,0.07492433006875415
openst,0.07647834770859382
openst,0.07540740406280971
openst,0.07383084826484722
openst,0.07862508696612344
openst,0.07695166677517007
openst,0.0759145021705821
openst,0.07766947854128271
openst,0.0759145021705821
openst,0.07385870196924747
openst,0.073598507664384
openst,0.07791607936127502
openst,0.0763913148927779
openst,0.07695166677517007
openst,0.07613977583950335
openst,0.073598507664384
openst,0.07333739021990528
openst,0.07517993590320059
openst,0.07383084826484722
openst,0.07664202839960123
openst,0.07566137795235812
openst,0.07613977583950335
openst,0.07916963009171973
openst,0.07460627811370894
openst,0.07566137795235812
openst,0.07517993590320059
openst,0.07664202839960123
openst,0.07766947854128271
openst,0.07224835932114418
openst,0.07622709585232043
openst,0.07695166677517007
openst,0.0763913148927779
openst,0.07695166677517007
openst,0.07622709585232043
openst,0.07622709585232043
openst,0.07720056052668621
openst,0.07566137795235811
openst,0.07333739021990528
openst,0.07613977583950335
openst,0.07791607936127502
openst,0.07492433006875415
openst,0.07664202839960123
openst,0.07385870196924747
openst,0.07664202839960123
openst,0.07409022662716469
openst,0.07566137795235812
openst,0.07566137795235812
openst,0.07171534265609904
openst,0.07540740406280971
openst,0.07766947854128271
openst,0.07862508696612344
openst,0.07307533973994872
openst,0.07720056052668622
openst,0.07916963009171973
openst,0.07766947854128271
openst,0.07492433006875415
openst,0.07862508696612344
openst,0.07224835932114418
openst,0.07766947854128271
openst,0.07385870196924747
openst,0.07540740406280971
openst,0.07198234435220507
openst,0.07916963009171973
openst,0.0763913148927779
openst,0.07409022662716469
openst,0.0759145021705821
openst,0.07720056052668622
openst,0.07695166677517007
openst,0.07566137795235812
openst,0.07251339842232532
openst,0.07224835932114418
openst,0.07385870196924747
openst,0.07566137795235812
openst,0.07622709585232043
openst,0.07720056052668622
openst,0.07664202839960123
openst,0.07224835932114418
openst,0.07171534265609904
openst,0.07766947854128271
openst,0.07434870010849118
openst,0.0746678492397758
openst,0.07566137795235812
openst,0.07492433006875415
openst,0.07198234435220507
openst,0.07566137795235812
openst,0.07198234435220507
openst,0.07664202839960123
openst,0.07622709585232043
openst,0.07540740406280971
openst,0.07695166677517007
openst,0.0746678492397758
openst,0.07639131489277788
openst,0.07695166677517007
openst,0.0763913148927779
openst,0.07720056052668621
openst,0.07434870010849118
openst,0.07862508696612344
openst,0.0763913148927779
openst,0.07613977583950335
openst,0.07695166677517007
openst,0.07333739021990528
openst,0.07383084826484722
openst,0.07251339842232532
openst,0.07566137795235812
openst,0.07720056052668621
openst,0.0763913148927779
openst,0.0763913148927779
openst,0.07846554308396629
openst,0.07986751032965596
openst,0.07540740406280971
openst,0.0759145021705821
openst,0.07986751032965596
openst,0.07434870010849118
openst,0.07766947854128271
openst,0.07385870196924747
openst,0.07492433006875415
openst,0.0759145021705821
openst,0.07171534265609904
openst,0.07695166677517007
openst,0.07622709585232043
openst,0.073598507664384
openst,0.0763913148927779
openst,0.07664202839960123
openst,0.07224835932114418
openst,0.07766947854128271
openst,0.07695166677517007
openst,0.07383084826484722
openst,0.07540740406280971
openst,0.073598507664384
openst,0.07566137795235811
openst,0.07517993590320059
openst,0.07766947854128273
openst,0.0759145021705821
openst,0.07333739021990528
openst,0.07492433006875415
openst,0.07566137795235812
openst,0.0746678492397758
openst,0.07385870196924747
openst,0.07720056052668621
openst,0.07720056052668621
openst,0.07460627811370894
openst,0.07566137795235811
openst,0.07791607936127502
openst,0.07664202839960123
openst,0.07791607936127502
openst,0.0746678492397758
openst,0.07333739021990528
openst,0.07566137795235812
openst,0.07566137795235812
openst,0.073598507664384
openst,0.0759145021705821
openst,0.07695166677517007
openst,0.07791607936127502
openst,0.07492433006875415
openst,0.07385870196924747
openst,0.07171534265609904
openst,0.07409022662716469
openst,0.0763913148927779
openst,0.07566137795235812
openst,0.07434870010849118
openst,0.07434870010849118
openst,0.0746678492397758
openst,0.07695166677517007
openst,0.07492433006875415
openst,0.07333739021990528
openst,0.073598507664384
openst,0.07566137795235812
openst,0.0759145021705821
openst,0.07720056052668621
openst,0.07517993590320059
openst,0.07517993590320059
openst,0.0759145021705821
openst,0.07383084826484722
openst,0.07695166677517007
openst,0.07333739021990528
openst,0.07434870010849118
openst,0.07333739021990528
openst,0.07695166677517007
openst,0.0763913148927779
openst,0.07434870010849118
openst,0.07846554308396629
openst,0.07622709585232043
openst,0.07664202839960123
openst,0.07517993590320059
openst,0.07647834770859382
openst,0.07517993590320059
openst,0.07251339842232532
openst,0.07791607936127502
openst,0.07540740406280971
openst,0.07566137795235812
openst,0.07986751032965596
openst,0.07791607936127502
openst,0.07566137795235812
openst,0.07566137795235812
openst,0.07622709585232043
openst,0.07492433006875415
openst,0.07566137795235811
openst,0.07622709585232043
openst,0.07492433006875415
openst,0.07566137795235812
openst,0.07333739021990528
openst,0.07333739021990528
openst,0.0763913148927779
openst,0.07766947854128271
openst,0.07409022662716469
openst,0.0763913148927779
openst,0.07566137795235811
openst,0.07198234435220507
openst,0.0763913148927779
openst,0.07540740406280971
openst,0.07434870010849118
openst,0.07409022662716469
openst,0.07720056052668622
openst,0.07766947854128271
openst,0.07517993590320059
openst,0.0746678492397758
openst,0.07540740406280973
openst,0.073598507664384
openst,0.08055934510443631
openst,0.07720056052668621
openst,0.07720056052668622
openst,0.07198234435220507
realgt,0.1626150215911872
realgt,0.1497792676596563
realgt,0.1585555187527511
realgt,0.1485761942469597
realgt,0.1626150215911872
realgt,0.16745781393997514
realgt,0.15575386149950277
realgt,0.15480498664352363
realgt,0.15690190851534902
realgt,0.14558261689488405
realgt,0.1585555187527511
realgt,0.14857619424695967
realgt,0.1626150215911872
realgt,0.15690190851534902
realgt,0.1487922966364798
realgt,0.1526905896760199
realgt,0.16150759029639947
realgt,0.14230055918922793
realgt,0.15875803780723013
realgt,0.15690190851534902
realgt,0.14857619424695967
realgt,0.14857619424695967
realgt,0.1485761942469597
realgt,0.1465911996822024
realgt,0.15290087709708725
realgt,0.16638261906161553
realgt,0.1526905896760199
realgt,0.15690190851534902
realgt,0.15968342447075298
realgt,0.15575386149950277
realgt,0.15151063544140395
realgt,0.16150759029639947
realgt,0.15290087709708725
realgt,0.16150759029639947
realgt,0.15875803780723013
realgt,0.16530043073764206
realgt,0.15690190851534902
realgt,0.16371496196394192
realgt,0.15762351044387143
realgt,0.1497792676596563
realgt,0.15290087709708725
realgt,0.1608034190384624
realgt,0.15575386149950277
realgt,0.1526905896760199
realgt,0.1626150215911872
realgt,0.1603925129162735
realgt,0.15290087709708725
realgt,0.14230055918922793
realgt,0.14230055918922793
realgt,0.1453617429054656
realgt,0.15172255828750686
realgt,0.15762351044387143
realgt,0.15762351044387143
realgt,0.15596001863764378
realgt,0.1608034190384624
realgt,0.1487922966364798
realgt,0.1497792676596563
realgt,0.15875803780723013
realgt,0.1497792676596563
realgt,0.1603925129162735
realgt,0.14857619424695967
realgt,0.16530043073764206
realgt,0.15575386149950277
realgt,0.16530043073764206
realgt,0.16530043073764206
realgt,0.16421111070295255
realgt,0.1603925129162735
realgt,0.15762351044387143
realgt,0.16150759029639947
realgt,0.1485761942469597
realgt,0.15690190851534902
realgt,0.15575386149950277
realgt,0.16638261906161553
realgt,0.15875803780723013
realgt,0.15151063544140395
realgt,0.1526905896760199
realgt,0.16421111070295255
realgt,0.14558261689488405
realgt,0.15575386149950277
realgt,0.15386149518109896
realgt,0.15875803780723013
realgt,0.14230055918922793
realgt,0.1626150215911872
realgt,0.15459728926554187
realgt,0.15875803780723013
realgt,0.1465911996822024
realgt,0.15968342447075298
realgt,0.14857619424695967
realgt,0.15988451486042848
realgt,0.15875803780723013
realgt,0.14230055918922793
realgt,0.15968342447075298
realgt,0.1585555187527511
realgt,0.16530043073764206
realgt,0.16150759029639947
realgt,0.15575386149950277
realgt,0.1626150215911872
realgt,0.15290087709708725
realgt,0.16150759029639947
realgt,0.15875803780723013
realgt,0.16150759029639947
realgt,0.15193418553687588
realgt,0.15690190851534902
realgt,0.1603925129162735
realgt,0.1526905896760199
realgt,0.1453617429054656
realgt,0.13894099448748504
realgt,0.15172255828750686
realgt,0.15596001863764378
realgt,0.16638261906161553
realgt,0.15875803780723013
realgt,0.14857619424695967
realgt,0.15690190851534902
realgt,0.1526905896760199
realgt,0.15875803780723013
realgt,0.15988451486042848
realgt,0.15762351044387143
realgt,0.15968342447075298
realgt,0.15480498664352363
realgt,0.15596001863764378
realgt,0.1626150215911872
realgt,0.15575386149950277
realgt,0.15988451486042848
realgt,0.1465911996822024
realgt,0.15290087709708725
realgt,0.15690190851534902
realgt,0.15690190851534902
realgt,0.1526905896760199
realgt,0.1526905896760199
realgt,0.15172255828750686
realgt,0.15968342447075298
realgt,0.1608034190384624
realgt,0.1497792676596563
realgt,0.15172255828750686
realgt,0.1465911996822024
realgt,0.15690190851534902
realgt,0.1453617429054656
realgt,0.16150759029639947
realgt,0.14558261689488405
realgt,0.15290087709708725
realgt,0.16150759029639947
realgt,0.15290087709708725
realgt,0.1608034190384624
realgt,0.14857619424695967
realgt,0.15172255828750686
realgt,0.15459728926554187
realgt,0.15575386149950277
realgt,0.1497792676596563
realgt,0.1585555187527511
realgt,0.15968342447075298
realgt,0.15172255828750686
realgt,0.14558261689488405
realgt,0.1608034190384624
realgt,0.15459728926554187
realgt,0.15290087709708725
realgt,0.15575386149950277
realgt,0.15875803780723013
realgt,0.1585555187527511
realgt,0.15875803780723013
realgt,0.16371496196394192
realgt,0.15968342447075298
realgt,0.1485761942469597
realgt,0.16421111070295255
realgt,0.1487922966364798
realgt,0.15575386149950277
realgt,0.14558261689488405
realgt,0.15386149518109896
realgt,0.16261502159118724
realgt,0.15575386149950277
realgt,0.15575386149950277
realgt,0.15575386149950277
realgt,0.14857619424695967
realgt,0.1585555187527511
realgt,0.16150759029639947
realgt,0.1526905896760199
realgt,0.1526905896760199
realgt,0.15290087709708725
realgt,0.15575386149950277
realgt,0.15690190851534902
realgt,0.15172255828750686
realgt,0.1485761942469597
realgt,0.16150759029639947
realgt,0.15575386149950277
realgt,0.14230055918922793
realgt,0.14230055918922793
realgt,0.16371496196394192
realgt,0.16371496196394192
realgt,0.15290087709708725
realgt,0.15459728926554187
realgt,0.15459728926554187
realgt,0.15968342447075298
realgt,0.16150759029639947
realgt,0.16530043073764206
realgt,0.15690190851534902
realgt,0.15386149518109896
realgt,0.15151063544140395
realgt,0.15968342447075298
realgt,0.15386149518109896
realgt,0.14857619424695967
realgt,0.15690190851534902
realgt,0.15172255828750686
realgt,0.15690190851534902
realgt,0.15690190851534902
realgt,0.14558261689488405
realgt,0.15480498664352363
realgt,0.1626150215911872
realgt,0.1526905896760199
realgt,0.15968342447075298
realgt,0.15741953183516122
realgt,0.15290087709708725
realgt,0.15575386149950277
realgt,0.15172255828750686
realgt,0.16150759029639947
realgt,0.1453617429054656
realgt,0.15290087709708725
realgt,0.1585555187527511
realgt,0.1585555187527511
realgt,0.1485761942469597
realgt,0.15690190851534902
realgt,0.15386149518109896
realgt,0.16530043073764206
realgt,0.16638261906161553
realgt,0.15875803780723013
realgt,0.1487922966364798
realgt,0.16371496196394192
realgt,0.16371496196394192
realgt,0.15575386149950277
realgt,0.14857619424695967
realgt,0.1485761942469597
realgt,0.15875803780723013
realgt,0.15596001863764378
realgt,0.15459728926554187
realgt,0.1626150215911872
realgt,0.1585555187527511
realgt,0.16150759029639947
realgt,0.14857619424695967
realgt,0.15875803780723013
realgt,0.1487922966364798
realgt,0.15690190851534902
realgt,0.15762351044387143
realgt,0.16150759029639947
realgt,0.1497792676596563
realgt,0.15480498664352363
realgt,0.15575386149950277
realgt,0.15386149518109896
realgt,0.1585555187527511
realgt,0.1497792676596563
realgt,0.1631145160755004
realgt,0.15386149518109896
realgt,0.1497792676596563
realgt,0.15151063544140395
realgt,0.14857619424695967
realgt,0.15575386149950277
realgt,0.15575386149950277
realgt,0.15575386149950277
realgt,0.15290087709708725
realgt,0.15459728926554187
realgt,0.15575386149950277
realgt,0.1626150215911872
realgt,0.1497792676596563
realgt,0.15151063544140395
realgt,0.15575386149950277
realgt,0.1465911996822024
realgt,0.15875803780723013
realgt,0.15480498664352363
realgt,0.14230055918922793
realgt,0.1608034190384624
realgt,0.15690190851534902
realgt,0.15459728926554187
realgt,0.1603925129162735
realgt,0.15988451486042848
realgt,0.16150759029639947
realgt,0.16150759029639947
realgt,0.15575386149950277
realgt,0.15968342447075298
realgt,0.1585555187527511
realgt,0.15875803780723013
realgt,0.16150759029639947
realgt,0.15575386149950277
realgt,0.15968342447075298
realgt,0.15762351044387143
realgt,0.14558261689488405
realgt,0.15988451486042848
realgt,0.1626150215911872
realgt,0.15172255828750686
realgt,0.1497792676596563
realgt,0.14230055918922793
realgt,0.15575386149950277
realgt,0.15480498664352363
realgt,0.14558261689488405
realgt,0.14230055918922793
realgt,0.1526905896760199
realgt,0.15762351044387143
realgt,0.15875803780723013
realgt,0.1497792676596563
realgt,0.1465911996822024
realgt,0.15968342447075298
realgt,0.14857619424695967
realgt,0.15575386149950277
realgt,0.16638261906161553
realgt,0.1465911996822024
realgt,0.1526905896760199
realgt,0.15290087709708725
realgt,0.15480498664352363
realgt,0.14558261689488405
realgt,0.16371496196394192
realgt,0.15575386149950277
realgt,0.15690190851534902
realgt,0.15968342447075298
realgt,0.15968342447075298
realgt,0.16150759029639947
realgt,0.16150759029639947
realgt,0.15480498664352363
realgt,0.1497792676596563
realgt,0.15290087709708725
realgt,0.16150759029639947
realgt,0.15875803780723013
realgt,0.15290087709708725
realgt,0.1465911996822024
realgt,0.1526905896760199
realgt,0.16150759029639947
realgt,0.16530043073764206
realgt,0.16421111070295255
realgt,0.15690190851534902
realgt,0.15968342447075298
realgt,0.1497792676596563
realgt,0.16530043073764206
realgt,0.14857619424695967
realgt,0.15172255828750686
realgt,0.15480498664352363
realgt,0.15875803780723013
realgt,0.15151063544140395
realgt,0.15172255828750686
realgt,0.16530043073764206
realgt,0.16150759029639947
realgt,0.15290087709708725
realgt,0.14857619424695967
realgt,0.14857619424695967
realgt,0.1603925129162735
realgt,0.15151063544140395
realgt,0.16150759029639947
realgt,0.15172255828750686
realgt,0.15575386149950277
realgt,0.1497792676596563
realgt,0.14857619424695967
realgt,0.15575386149950277
realgt,0.1626150215911872
realgt,0.16530043073764206
realgt,0.15988451486042848
realgt,0.1585555187527511
realgt,0.14558261689488405
realgt,0.16530043073764206
realgt,0.15575386149950277
realgt,0.16150759029639947
realgt,0.1585555187527511
realgt,0.15968342447075298
realgt,0.1497792676596563
realgt,0.1453617429054656
realgt,0.1626150215911872
realgt,0.15762351044387143
realgt,0.15968342447075298
realgt,0.15575386149950277
realgt,0.15575386149950277
realgt,0.15575386149950277
realgt,0.15690190851534902
realgt,0.15172255828750686
realgt,0.1526905896760199
realgt,0.1487922966364798
realgt,0.15172255828750686
realgt,0.15875803780723013
realgt,0.15690190851534902
realgt,0.15690190851534902
realgt,0.1603925129162735
realgt,0.15875803780723013
realgt,0.15762351044387143
realgt,0.15290087709708725
realgt,0.15480498664352363
realgt,0.15741953183516122
realgt,0.15459728926554187
realgt,0.15762351044387143
realgt,0.15290087709708725
realgt,0.1631145160755004
realgt,0.1585555187527511
realgt,0.1626150215911872
realgt,0.1626150215911872
realgt,0.15151063544140395
realgt,0.1497792676596563
realgt,0.15575386149950277
realgt,0.1526905896760199
realgt,0.15151063544140395
realgt,0.15290087709708725
realgt,0.16638261906161553
realgt,0.16150759029639947
realgt,0.15290087709708725
realgt,0.14857619424695967
realgt,0.16421111070295255
realgt,0.15690190851534902
realgt,0.1603925129162735
realgt,0.15968342447075298
realgt,0.1603925129162735
realgt,0.16530043073764206
realgt,0.1585555187527511
realgt,0.15459728926554187
realgt,0.15172255828750686
realgt,0.14857619424695967
realgt,0.15762351044387143
realgt,0.16150759029639947
realgt,0.15575386149950277
realgt,0.15151063544140395
realgt,0.14857619424695967
realgt,0.15690190851534902
realgt,0.15575386149950277
realgt,0.15988451486042848
realgt,0.16150759029639947
realgt,0.15290087709708725
realgt,0.1585555187527511
realgt,0.16371496196394192
realgt,0.1626150215911872
realgt,0.15172255828750686
realgt,0.15741953183516122
realgt,0.1497792676596563
realgt,0.1626150215911872
realgt,0.14230055918922793
realgt,0.1608034190384624
realgt,0.15762351044387143
realgt,0.15575386149950277
realgt,0.1526905896760199
realgt,0.1497792676596563
realgt,0.16638261906161553
realgt,0.1585555187527511
realgt,0.15386149518109896
realgt,0.15290087709708725
realgt,0.1626150215911872
realgt,0.15480498664352363
realgt,0.15875803780723013
realgt,0.15290087709708725
realgt,0.1626150215911872
realgt,0.15762351044387143
realgt,0.15172255828750686
realgt,0.16638261906161553
realgt,0.15690190851534902
realgt,0.14857619424695967
realgt,0.15968342447075298
realgt,0.15172255828750686
realgt,0.15172255828750686
realgt,0.16150759029639947
realgt,0.16530043073764206
realgt,0.15386149518109896
realgt,0.15172255828750686
realgt,0.15875803780723013
realgt,0.15172255828750686
realgt,0.15386149518109896
realgt,0.15575386149950277
realgt,0.15690190851534902
realgt,0.14558261689488405
realgt,0.1497792676596563
realgt,0.15575386149950277
realgt,0.15151063544140395
realgt,0.15875803780723013
realgt,0.15459728926554187
realgt,0.15741953183516122
realgt,0.15575386149950277
realgt,0.1497792676596563
realgt,0.15575386149950277
realgt,0.1585555187527511
realgt,0.1626150215911872
realgt,0.16150759029639947
realgt,0.15690190851534902
realgt,0.14857619424695967
realgt,0.15875803780723013
realgt,0.1526905896760199
realgt,0.16150759029639947
realgt,0.15741953183516122
realgt,0.15690190851534902
realgt,0.15290087709708725
realgt,0.16150759029639947
realgt,0.15762351044387143
realgt,0.1526905896760199
realgt,0.1608034190384624
realgt,0.1626150215911872
realgt,0.15968342447075298
realgt,0.15151063544140395
realgt,0.15690190851534902
realgt,0.1585555187527511
realgt,0.1526905896760199
realgt,0.1485761942469597
realgt,0.1497792676596563
realgt,0.1497792676596563
realgt,0.15875803780723013
realgt,0.16530043073764206
realgt,0.15875803780723013
realgt,0.16150759029639947
realgt,0.1526905896760199
realgt,0.1585555187527511
realgt,0.1485761942469597
realgt,0.16371496196394192
realgt,0.15459728926554187
realgt,0.15480498664352363
realgt,0.14857619424695967
realgt,0.15575386149950277
realgt,0.15172255828750686
realgt,0.1631145160755004
realgt,0.1585555187527511
realgt,0.1497792676596563
realgt,0.15875803780723013
realgt,0.15741953183516122
realgt,0.15875803780723013
realgt,0.1497792676596563
realgt,0.1526905896760199
realgt,0.15875803780723013
realgt,0.16745781393997514
realgt,0.15988451486042848
realgt,0.16150759029639947
realgt,0.14857619424695967
realgt,0.14558261689488405
realgt,0.1631145160755004
realgt,0.15968342447075298
realgt,0.15172255828750686
realgt,0.14857619424695967
realgt,0.15575386149950277
realgt,0.15690190851534902
realgt,0.15690190851534902
realgt,0.15459728926554187
realgt,0.15172255828750686
realgt,0.15172255828750686
realgt,0.15690190851534902
realgt,0.15386149518109896
realgt,0.15596001863764378
realgt,0.15988451486042848
realgt,0.15575386149950277
realgt,0.1626150215911872
realgt,0.15575386149950277
realgt,0.15575386149950277
realgt,0.15762351044387143
realgt,0.1526905896760199
realgt,0.1526905896760199
realgt,0.15459728926554187
realgt,0.15875803780723013
realgt,0.15459728926554187
realgt,0.16150759029639947
realgt,0.15575386149950277
realgt,0.15575386149950277
realgt,0.1585555187527511
realgt,0.15690190851534902
realgt,0.15151063544140395
realgt,0.15575386149950277
realgt,0.15988451486042848
realgt,0.1453617429054656
realgt,0.14857619424695967
realgt,0.15172255828750686
realgt,0.1626150215911872
realgt,0.15290087709708725
realgt,0.15290087709708725
realgt,0.15762351044387143
realgt,0.16261502159118724
realgt,0.15875803780723013
realgt,0.16745781393997514
realgt,0.16530043073764206
realgt,0.1497792676596563
realgt,0.16638261906161553
realgt,0.15875803780723013
realgt,0.16638261906161553
realgt,0.1626150215911872
realgt,0.1526905896760199
realgt,0.15459728926554187
realgt,0.15151063544140395
realgt,0.1585555187527511
realgt,0.15290087709708725
realgt,0.15172255828750686
realgt,0.15290087709708725
realgt,0.15459728926554187
realgt,0.1497792676596563
realgt,0.1485761942469597
realgt,0.1585555187527511
realgt,0.16421111070295255
realgt,0.16421111070295255
realgt,0.15596001863764378
realgt,0.14857619424695967
realgt,0.15172255828750686
realgt,0.15290087709708725
realgt,0.16150759029639947
realgt,0.15875803780723013
realgt,0.14558261689488405
realgt,0.15575386149950277
realgt,0.1526905896760199
realgt,0.15386149518109896
realgt,0.15386149518109896
realgt,0.15172255828750686
realgt,0.15690190851534902
realgt,0.15575386149950277
realgt,0.16530043073764206
realgt,0.15875803780723013
realgt,0.15762351044387143
realgt,0.16530043073764206
realgt,0.15741953183516122
realgt,0.1453617429054656
realgt,0.15172255828750686
realgt,0.15172255828750686
realgt,0.1526905896760199
realgt,0.14558261689488405
realgt,0.1526905896760199
realgt,0.1526905896760199
realgt,0.14857619424695967
realgt,0.15968342447075298
realgt,0.15575386149950277
realgt,0.15875803780723013
realgt,0.1585555187527511
realgt,0.16150759029639947
realgt,0.15988451486042848
realgt,0.15596001863764378
realgt,0.1626150215911872
realgt,0.1585555187527511
realgt,0.1585555187527511
realgt,0.15386149518109896
realgt,0.1497792676596563
realgt,0.1608034190384624
realgt,0.1497792676596563
realgt,0.16638261906161553
realgt,0.15386149518109896
realgt,0.15575386149950277
realgt,0.15290087709708725
realgt,0.15575386149950277
realgt,0.15290087709708725
realgt,0.14857619424695967
realgt,0.15172255828750686
realgt,0.1497792676596563
realgt,0.14857619424695967
realgt,0.15172255828750686
realgt,0.1526905896760199
realgt,0.15762351044387143
realgt,0.15575386149950277
realgt,0.15575386149950277
realgt,0.15290087709708725
realgt,0.1585555187527511
realgt,0.15968342447075298
realgt,0.1608034190384624
realgt,0.15875803780723013
realgt,0.15690190851534902
realgt,0.15875803780723013
realgt,0.16150759029639947
realgt,0.15875803780723013
realgt,0.15290087709708725
realgt,0.16150759029639947
realgt,0.15172255828750686
realgt,0.16150759029639947
realgt,0.15459728926554187
realgt,0.15875803780723013
realgt,0.16638261906161553
realgt,0.1526905896760199
realgt,0.15875803780723013
realgt,0.1487922966364798
realgt,0.15968342447075298
realgt,0.15968342447075298
realgt,0.15290087709708725
realgt,0.15690190851534902
realgt,0.15690190851534902
realgt,0.15151063544140395
realgt,0.15172255828750686
realgt,0.15762351044387143
realgt,0.15762351044387143
realgt,0.1497792676596563
realgt,0.15875803780723013
realgt,0.15151063544140395
realgt,0.15386149518109896
realgt,0.15290087709708725
realgt,0.15575386149950277
realgt,0.16530043073764206
realgt,0.15459728926554187
realgt,0.15290087709708725
realgt,0.15575386149950277
realgt,0.1453617429054656
realgt,0.15480498664352363
realgt,0.15741953183516122
realgt,0.15762351044387143
realgt,0.1526905896760199
realgt,0.16150759029639947
realgt,0.15151063544140395
realgt,0.15575386149950277
realgt,0.15480498664352363
realgt,0.15988451486042848
realgt,0.14230055918922793
realgt,0.16150759029639947
realgt,0.16638261906161553
realgt,0.15596001863764378
realgt,0.1626150215911872
realgt,0.16530043073764206
realgt,0.16638261906161553
realgt,0.15988451486042848
realgt,0.14857619424695967
realgt,0.1626150215911872
realgt,0.15968342447075298
realgt,0.16150759029639947
realgt,0.16150759029639947
realgt,0.1526905896760199
realgt,0.16150759029639947
realgt,0.15151063544140395
realgt,0.15172255828750686
realgt,0.13894099448748504
realgt,0.15151063544140395
realgt,0.15386149518109896
realgt,0.15459728926554187
realgt,0.15290087709708725
realgt,0.15690190851534902
realgt,0.16530043073764206
realgt,0.1497792676596563
realgt,0.15988451486042848
realgt,0.15690190851534902
realgt,0.1626150215911872
realgt,0.1603925129162735
realgt,0.15762351044387143
realgt,0.15968342447075298
realgt,0.1585555187527511
realgt,0.14857619424695967
realgt,0.15968342447075298
realgt,0.16638261906161553
realgt,0.15875803780723013
realgt,0.15459728926554187
realgt,0.16421111070295255
realgt,0.15875803780723013
realgt,0.15762351044387143
realgt,0.15988451486042848
realgt,0.1487922966364798
realgt,0.1526905896760199
realgt,0.15193418553687588
realgt,0.1497792676596563
realgt,0.1603925129162735
realgt,0.14558261689488405
realgt,0.1487922966364798
realgt,0.1585555187527511
realgt,0.14230055918922793
realgt,0.14857619424695967
realgt,0.1453617429054656
realgt,0.15459728926554187
realgt,0.15875803780723013
realgt,0.15968342447075298
realgt,0.1585555187527511
realgt,0.1497792676596563
realgt,0.16371496196394192
realgt,0.15459728926554187
realgt,0.15762351044387143
realgt,0.1626150215911872
realgt,0.15290087709708725
realgt,0.1626150215911872
realgt,0.16530043073764206
realgt,0.14857619424695967
realgt,0.1497792676596563
realgt,0.15290087709708725
realgt,0.15480498664352363
realgt,0.16150759029639947
realgt,0.15151063544140395
realgt,0.14857619424695967
realgt,0.15386149518109896
realgt,0.1497792676596563
realgt,0.1487922966364798
realgt,0.16638261906161553
realgt,0.15290087709708725
realgt,0.1626150215911872
realgt,0.16261502159118724
realgt,0.16638261906161553
realgt,0.1585555187527511
realgt,0.16421111070295255
realgt,0.15575386149950277
realgt,0.15690190851534902
realgt,0.14558261689488405
realgt,0.15875803780723013
realgt,0.15480498664352363
realgt,0.15459728926554187
realgt,0.14857619424695967
realgt,0.15690190851534902
realgt,0.15575386149950277
realgt,0.15575386149950277
realgt,0.15988451486042848
realgt,0.15596001863764378
realgt,0.1585555187527511
realgt,0.15875803780723013
realgt,0.15575386149950277
realgt,0.15575386149950277
realgt,0.1485761942469597
realgt,0.15988451486042848
realgt,0.1585555187527511
realgt,0.15575386149950277
realgt,0.15875803780723013
realgt,0.15290087709708725
realgt,0.15459728926554187
realgt,0.15172255828750686
realgt,0.14230055918922793
realgt,0.15988451486042848
realgt,0.1626150215911872
realgt,0.15290087709708725
realgt,0.14558261689488405
realgt,0.1497792676596563
realgt,0.15968342447075298
realgt,0.1487922966364798
realgt,0.1465911996822024
realgt,0.16638261906161553
realgt,0.15575386149950277
realgt,0.15875803780723013
realgt,0.15575386149950277
realgt,0.1608034190384624
realgt,0.1626150215911872
realgt,0.15459728926554187
realgt,0.1626150215911872
realgt,0.15575386149950277
realgt,0.15290087709708725
realgt,0.1585555187527511
realgt,0.15596001863764378
realgt,0.15459728926554187
realgt,0.1626150215911872
realgt,0.14558261689488405
realgt,0.1526905896760199
realgt,0.15875803780723013
realgt,0.15875803780723013
realgt,0.1626150215911872
realgt,0.15172255828750686
realgt,0.14857619424695967
realgt,0.15596001863764378
realgt,0.15459728926554187
realgt,0.1585555187527511
realgt,0.15690190851534902
realgt,0.15690190851534902
realgt,0.15459728926554187
realgt,0.15762351044387143
realgt,0.1603925129162735
realgt,0.1487922966364798
realgt,0.1497792676596563
realgt,0.15459728926554187
realgt,0.15741953183516122
realgt,0.16150759029639947
realgt,0.14558261689488405
realgt,0.14230055918922793
realgt,0.14857619424695967
realgt,0.1497792676596563
realgt,0.16371496196394192
realgt,0.1603925129162735
realgt,0.1497792676596563
realgt,0.15290087709708725
realgt,0.16150759029639947
realgt,0.1526905896760199
realgt,0.15988451486042848
realgt,0.1626150215911872
realgt,0.15690190851534902
realgt,0.16150759029639947
realgt,0.1585555187527511
realgt,0.15988451486042848
realgt,0.15596001863764378
realgt,0.15575386149950277
realgt,0.1485761942469597
realgt,0.15151063544140395
realgt,0.14230055918922793
realgt,0.16638261906161553
realgt,0.15968342447075298
realgt,0.15480498664352363
realgt,0.14857619424695967
realgt,0.15172255828750686
realgt,0.15690190851534902
realgt,0.16371496196394192
realgt,0.15875803780723013
realgt,0.14857619424695967
realgt,0.15290087709708725
realgt,0.1485761942469597
realgt,0.15172255828750686
realgt,0.15172255828750686
realgt,0.16530043073764206
realgt,0.1497792676596563
realgt,0.15875803780723013
realgt,0.15575386149950277
realgt,0.15575386149950277
realgt,0.15575386149950277
realgt,0.1526905896760199
realgt,0.15988451486042848
realgt,0.15290087709708725
realgt,0.1608034190384624
realgt,0.1526905896760199
realgt,0.1603925129162735
realgt,0.1631145160755004
realgt,0.15968342447075298
realgt,0.1485761942469597
realgt,0.14857619424695967
realgt,0.1603925129162735
realgt,0.16150759029639947
realgt,0.15459728926554187
realgt,0.15172255828750686
realgt,0.14558261689488405
realgt,0.14857619424695967
realgt,0.15575386149950277
realgt,0.15575386149950277
realgt,0.16150759029639947
realgt,0.16421111070295255
realgt,0.1526905896760199
realgt,0.1465911996822024
realgt,0.15875803780723013
realgt,0.15690190851534902
realgt,0.15690190851534902
realgt,0.15459728926554187
realgt,0.1626150215911872
realgt,0.15290087709708725
realgt,0.1526905896760199
realgt,0.15386149518109896
realgt,0.14230055918922793
realgt,0.16150759029639947
realgt,0.15575386149950277
realgt,0.15968342447075298
realgt,0.15690190851534902
realgt,0.15875803780723013
realgt,0.15690190851534902
realgt,0.1585555187527511
realgt,0.1497792676596563
realgt,0.1526905896760199
realgt,0.1497792676596563
realgt,0.15290087709708725
realgt,0.15290087709708725
realgt,0.15875803780723013
realgt,0.15290087709708725
realgt,0.15968342447075298
realgt,0.16371496196394192
realgt,0.14230055918922793
realgt,0.1497792676596563
realgt,0.1487922966364798
realgt,0.15988451486042848
realgt,0.1603925129162735
realgt,0.15875803780723013
realgt,0.1626150215911872
realgt,0.14230055918922793
realgt,0.15151063544140395
realgt,0.15596001863764378
realgt,0.15762351044387143
realgt,0.15386149518109896
realgt,0.14558261689488405
realgt,0.13894099448748504
realgt,0.15151063544140395
realgt,0.15875803780723013
realgt,0.15151063544140395
realgt,0.1526905896760199
realgt,0.15172255828750686
realgt,0.15480498664352363
realgt,0.16530043073764206
realgt,0.15459728926554187
realgt,0.15988451486042848
realgt,0.16150759029639947
realgt,0.16150759029639947
realgt,0.15575386149950277
realgt,0.15690190851534902
realgt,0.15172255828750686
realgt,0.15172255828750686
realgt,0.15172255828750686
realgt,0.1585555187527511
realgt,0.16421111070295255
realgt,0.15968342447075298
realgt,0.14857619424695967
realgt,0.14857619424695967
realgt,0.15575386149950277
realgt,0.15690190851534902
realgt,0.15386149518109896
realgt,0.16421111070295255
realgt,0.15690190851534902
realgt,0.1585555187527511
realgt,0.15575386149950277
realgt,0.1487922966364798
realgt,0.15968342447075298
realgt,0.15575386149950277
realgt,0.1585555187527511
realgt,0.1526905896760199
realgt,0.15875803780723013
realgt,0.14558261689488405
realgt,0.1497792676596563
realgt,0.15172255828750686
realgt,0.1626150215911872
realgt,0.15172255828750686
realgt,0.15575386149950277
realgt,0.14230055918922793
realgt,0.15690190851534902
realgt,0.15172255828750686
realgt,0.16371496196394192
realgt,0.15386149518109896
realgt,0.16638261906161553
realgt,0.1497792676596563
realgt,0.15690190851534902
realgt,0.1585555187527511
realgt,0.16150759029639947
realgt,0.16371496196394192
realgt,0.15575386149950277
realgt,0.1497792676596563
realgt,0.15875803780723013
realgt,0.15172255828750686
realgt,0.1585555187527511
realgt,0.1526905896760199
realgt,0.14558261689488405
realgt,0.1585555187527511
realgt,0.15968342447075298
realgt,0.1497792676596563
realgt,0.15968342447075298
realgt,0.15290087709708725
realgt,0.16261502159118724
realgt,0.15762351044387143
realgt,0.15875803780723013
realgt,0.16371496196394192
realgt,0.15762351044387143
realgt,0.15596001863764378
realgt,0.15151063544140395
realgt,0.1585555187527511
realgt,0.1465911996822024
realgt,0.1631145160755004
realgt,0.14558261689488405
realgt,0.14857619424695967
realgt,0.15290087709708725
realgt,0.15968342447075298
realgt,0.15151063544140395
realgt,0.15172255828750686
realgt,0.1526905896760199
realgt,0.16638261906161553
realgt,0.15459728926554187
realgt,0.14558261689488405
realgt,0.1603925129162735
realgt,0.14857619424695967
realgt,0.15172255828750686
realgt,0.16745781393997514
realgt,0.14558261689488405
realgt,0.15151063544140395
realgt,0.16745781393997514
realgt,0.15480498664352363
realgt,0.1485761942469597
realgt,0.15575386149950277
realgt,0.14558261689488405
realgt,0.15762351044387143
realgt,0.15172255828750686
realgt,0.15459728926554187
realgt,0.15690190851534902
realgt,0.15459728926554187
realgt,0.16150759029639947
realgt,0.1608034190384624
realgt,0.15575386149950277
realgt,0.1497792676596563
realgt,0.15480498664352363
realgt,0.14230055918922793
realgt,0.15172255828750686
realgt,0.15741953183516122
realgt,0.16638261906161553
realgt,0.15575386149950277
realgt,0.15290087709708725
realgt,0.15290087709708725
realgt,0.15172255828750686
realgt,0.16150759029639947
realgt,0.15575386149950277
realgt,0.15459728926554187
realgt,0.1497792676596563
realgt,0.16638261906161553
realgt,0.16150759029639947
realgt,0.1626150215911872
realgt,0.1603925129162735
realgt,0.15290087709708725
realgt,0.15290087709708725
realgt,0.16150759029639947
realgt,0.1626150215911872
realgt,0.14857619424695967
realgt,0.15690190851534902
realgt,0.15459728926554187
realgt,0.1497792676596563
realgt,0.15290087709708725
realgt,0.15968342447075298
realgt,0.15575386149950277
realgt,0.15741953183516122
realgt,0.1526905896760199
realgt,0.15480498664352363
realgt,0.15988451486042848
realgt,0.15172255828750686
realgt,0.15459728926554187
realgt,0.1497792676596563
realgt,0.1497792676596563
realgt,0.15575386149950277
realgt,0.15875803780723013
realgt,0.15480498664352363
realgt,0.15459728926554187
realgt,0.15575386149950277
realgt,0.16421111070295255
realgt,0.16150759029639947
realgt,0.15575386149950277
realgt,0.1526905896760199
realgt,0.1497792676596563
realgt,0.1526905896760199
realgt,0.1497792676596563
realgt,0.15762351044387143
realgt,0.15290087709708725
realgt,0.16150759029639947
realgt,0.14230055918922793
realgt,0.15968342447075298
realgt,0.15172255828750686
realgt,0.1626150215911872
realgt,0.14558261689488405
realgt,0.14857619424695967
realgt,0.14857619424695967
realgt,0.15762351044387143
realgt,0.14558261689488405
realgt,0.15480498664352363
realgt,0.15690190851534902
realgt,0.1485761942469597
realgt,0.15193418553687588
realgt,0.15151063544140395
realgt,0.15875803780723013
realgt,0.16150759029639947
realgt,0.15762351044387143
realgt,0.1465911996822024
realgt,0.1585555187527511
realgt,0.15386149518109896
realgt,0.15172255828750686
realgt,0.15875803780723013
realgt,0.15875803780723013
realgt,0.1526905896760199
realgt,0.15762351044387143
realgt,0.14558261689488405
realgt,0.15690190851534902
realgt,0.15575386149950277
realgt,0.16638261906161553
realgt,0.15968342447075298
realgt,0.15741953183516122
realgt,0.1487922966364798
realgt,0.15968342447075298
realgt,0.15290087709708725
realgt,0.15172255828750686
realgt,0.15290087709708725
realgt,0.14558261689488405
realgt,0.1453617429054656
realgt,0.15172255828750686
realgt,0.1465911996822024
realgt,0.16371496196394192
realgt,0.15575386149950277
realgt,0.15290087709708725
realgt,0.15459728926554187
realgt,0.15988451486042848
realgt,0.15459728926554187
realgt,0.16150759029639947
realgt,0.15575386149950277
realgt,0.15575386149950277
realgt,0.15968342447075298
realgt,0.16150759029639947
realgt,0.1453617429054656
realgt,0.15151063544140395
realgt,0.15575386149950277
realgt,0.15575386149950277
realgt,0.1497792676596563
realgt,0.15968342447075298
realgt,0.1497792676596563
realgt,0.15762351044387143
realgt,0.1465911996822024
realgt,0.14558261689488405
realgt,0.16530043073764206
realgt,0.1626150215911872
realgt,0.15690190851534902
realgt,0.1585555187527511
realgt,0.1608034190384624
realgt,0.15875803780723013
realgt,0.1626150215911872
realgt,0.15386149518109896
realgt,0.15480498664352363
realgt,0.15762351044387143
realgt,0.15151063544140395
realgt,0.15690190851534902
realgt,0.14857619424695967
realgt,0.15386149518109896
realgt,0.15480498664352363
realgt,0.15968342447075298
realgt,0.15596001863764378
realgt,0.15575386149950277
realgt,0.16150759029639947
realgt,0.14230055918922793
realgt,0.14857619424695967
realgt,0.15172255828750686
realgt,0.15762351044387143
realgt,0.15290087709708725
realgt,0.1497792676596563
realgt,0.15290087709708725
realgt,0.15172255828750686
realgt,0.16150759029639947
realgt,0.15968342447075298
realgt,0.1487922966364798
realgt,0.15575386149950277
realgt,0.16371496196394192
realgt,0.15575386149950277
realgt,0.15968342447075298
realgt,0.16638261906161553
realgt,0.14230055918922793
realgt,0.15875803780723013
realgt,0.15459728926554187
realgt,0.15690190851534902
realgt,0.15875803780723013
realgt,0.14857619424695967
realgt,0.15596001863764378
realgt,0.15690190851534902
realgt,0.16530043073764206
realgt,0.15988451486042848
realgt,0.14857619424695967
realgt,0.1453617429054656
realgt,0.14857619424695967
realgt,0.15741953183516122
realgt,0.14857619424695967
realgt,0.1465911996822024
realgt,0.1487922966364798
realgt,0.15290087709708725
realgt,0.16638261906161553
realgt,0.15762351044387143
realgt,0.15290087709708725
realgt,0.15741953183516122
realgt,0.15386149518109896
realgt,0.15386149518109896
realgt,0.16150759029639947
realgt,0.14230055918922793
realgt,0.15596001863764378
realgt,0.1485761942469597
realgt,0.15596001863764378
realgt,0.16150759029639947
realgt,0.16530043073764206
realgt,0.15575386149950277
realgt,0.1585555187527511
realgt,0.15875803780723013
realgt,0.14857619424695967
realgt,0.16421111070295255
realgt,0.16421111070295255
realgt,0.15596001863764378
realgt,0.1526905896760199
realgt,0.15172255828750686
realgt,0.15690190851534902
realgt,0.15172255828750686
realgt,0.16150759029639947
realgt,0.15690190851534902
realgt,0.15875803780723013
realgt,0.15459728926554187
realgt,0.15575386149950277
realgt,0.14857619424695967
realgt,0.1497792676596563
realgt,0.1608034190384624
realgt,0.15290087709708725
realgt,0.14857619424695967
realgt,0.16150759029639947
realgt,0.15575386149950277
realgt,0.1626150215911872
realgt,0.14558261689488405
realgt,0.1603925129162735
realgt,0.16371496196394192
realgt,0.1465911996822024
realgt,0.1585555187527511
realgt,0.15172255828750686
realgt,0.15290087709708725
realgt,0.1526905896760199
realgt,0.15762351044387143
realgt,0.15290087709708725
realgt,0.15690190851534902
realgt,0.16150759029639947
realgt,0.16150759029639947
realgt,0.1487922966364798
realgt,0.15762351044387143
realgt,0.15386149518109896
realgt,0.15575386149950277
realgt,0.15875803780723013
realgt,0.15575386149950277
realgt,0.16261502159118724
realgt,0.1585555187527511
realgt,0.16421111070295255
realgt,0.1497792676596563
realgt,0.1585555187527511
realgt,0.16150759029639947
realgt,0.15172255828750686
realgt,0.15762351044387143
realgt,0.16421111070295255
realgt,0.16530043073764206
realgt,0.15575386149950277
realgt,0.1626150215911872
realgt,0.1585555187527511
realgt,0.15151063544140395
realgt,0.1465911996822024
realgt,0.15290087709708725
realgt,0.15172255828750686
realgt,0.15386149518109896
realgt,0.16150759029639947
realgt,0.16530043073764206
realgt,0.15575386149950277
realgt,0.14558261689488405
realgt,0.15762351044387143
realgt,0.1608034190384624
realgt,0.1465911996822024
realgt,0.15480498664352363
realgt,0.1626150215911872
realgt,0.15575386149950277
realgt,0.15386149518109896
realgt,0.15575386149950277
realgt,0.1497792676596563
realgt,0.1497792676596563
realgt,0.1585555187527511
realgt,0.15151063544140395
realgt,0.15762351044387143
realgt,0.16150759029639947
realgt,0.14558261689488405
realgt,0.15193418553687588
realgt,0.15968342447075298
realgt,0.15575386149950277
realgt,0.15575386149950277
realgt,0.15968342447075298
realgt,0.16371496196394192
realgt,0.16150759029639947
realgt,0.15988451486042848
realgt,0.15968342447075298
realgt,0.1497792676596563
realgt,0.15151063544140395
realgt,0.1465911996822024
realgt,0.15575386149950277
realgt,0.1465911996822024
realgt,0.15575386149950277
realgt,0.16150759029639947
realgt,0.14857619424695967
realgt,0.15290087709708725
realgt,0.15290087709708725
realgt,0.15575386149950277
realgt,0.1485761942469597
realgt,0.15988451486042848
realgt,0.15151063544140395
realgt,0.15875803780723013
realgt,0.15968342447075298
realgt,0.15172255828750686
realgt,0.1608034190384624
realgt,0.1603925129162735
realgt,0.15459728926554187
realgt,0.1608034190384624
realgt,0.14857619424695967
realgt,0.15480498664352363
realgt,0.15741953183516122
realgt,0.14558261689488405
realgt,0.13894099448748504
realgt,0.15875803780723013
realgt,0.14230055918922793
realgt,0.15172255828750686
realgt,0.1608034190384624
realgt,0.15988451486042848
realgt,0.15690190851534902
realgt,0.15290087709708725
realgt,0.14558261689488405
realgt,0.15988451486042848
realgt,0.16638261906161553
realgt,0.15762351044387143
realgt,0.1585555187527511
realgt,0.15875803780723013
realgt,0.15172255828750686
realgt,0.15875803780723013
realgt,0.1465911996822024
realgt,0.14857619424695967
realgt,0.15172255828750686
realgt,0.15988451486042848
realgt,0.1497792676596563
realgt,0.15690190851534902
realgt,0.15988451486042848
realgt,0.15988451486042848
realgt,0.15690190851534902
realgt,0.15575386149950277
realgt,0.1626150215911872
realgt,0.1603925129162735
realgt,0.1626150215911872
realgt,0.1608034190384624
realgt,0.15968342447075298
realgt,0.15762351044387143
realgt,0.15459728926554187
realgt,0.15968342447075298
realgt,0.16150759029639947
realgt,0.14558261689488405
realgt,0.16150759029639947
realgt,0.15290087709708725
realgt,0.15386149518109896
realgt,0.15193418553687588
realgt,0.1626150215911872
realgt,0.15575386149950277
realgt,0.16421111070295255
realgt,0.14558261689488405
realgt,0.15575386149950277
realgt,0.14857619424695967
realgt,0.15459728926554187
realgt,0.1526905896760199
realgt,0.15968342447075298
realgt,0.15290087709708725
realgt,0.15988451486042848
realgt,0.1526905896760199
realgt,0.15151063544140395
realgt,0.15575386149950277
realgt,0.15172255828750686
realgt,0.1453617429054656
realgt,0.15459728926554187
realgt,0.1585555187527511
realgt,0.1497792676596563
realgt,0.1585555187527511
realgt,0.15459728926554187
realgt,0.16371496196394192
realgt,0.15875803780723013
realgt,0.15172255828750686
realgt,0.15459728926554187
realgt,0.15290087709708725
realgt,0.15151063544140395
realgt,0.1526905896760199
realgt,0.15290087709708725
realgt,0.15290087709708725
realgt,0.15690190851534902
realgt,0.15741953183516122
realgt,0.15459728926554187
realgt,0.15575386149950277
realgt,0.16638261906161553
realgt,0.15988451486042848
realgt,0.1497792676596563
realgt,0.14230055918922793
realgt,0.15172255828750686
realgt,0.1497792676596563
realgt,0.14230055918922793
realgt,0.15459728926554187
realgt,0.15968342447075298
realgt,0.1497792676596563
realgt,0.15968342447075298
realgt,0.14558261689488405
realgt,0.1497792676596563
realgt,0.15741953183516122
realgt,0.15575386149950277
realgt,0.1608034190384624
realgt,0.15386149518109896
realgt,0.15459728926554187
realgt,0.16150759029639947
realgt,0.1585555187527511
realgt,0.1585555187527511
realgt,0.15988451486042848
realgt,0.16150759029639947
realgt,0.15290087709708725
realgt,0.15575386149950277
realgt,0.15875803780723013
realgt,0.15968342447075298
realgt,0.1585555187527511
realgt,0.1603925129162735
realgt,0.15575386149950277
realgt,0.15762351044387143
realgt,0.1585555187527511
realgt,0.1626150215911872
realgt,0.15575386149950277
realgt,0.1526905896760199
realgt,0.15480498664352363
realgt,0.1585555187527511
realgt,0.15875803780723013
realgt,0.15575386149950277
realgt,0.16150759029639947
realgt,0.15875803780723013
realgt,0.1626150215911872
realgt,0.15575386149950277
realgt,0.15596001863764378
realgt,0.15762351044387143
realgt,0.1487922966364798
realgt,0.15596001863764378
realgt,0.15575386149950277
realgt,0.15290087709708725
realgt,0.15596001863764378
realgt,0.1497792676596563
realgt,0.15290087709708725
realgt,0.16421111070295255
realgt,0.15875803780723013
realgt,0.15459728926554187
realgt,0.1526905896760199
realgt,0.15172255828750686
realgt,0.1485761942469597
realgt,0.1497792676596563
realgt,0.15386149518109896
realgt,0.1585555187527511
realgt,0.15151063544140395
realgt,0.15690190851534902
realgt,0.15459728926554187
realgt,0.15172255828750686
realgt,0.15690190851534902
realgt,0.15151063544140395
realgt,0.15459728926554187
realgt,0.16421111070295255
realgt,0.1487922966364798
realgt,0.15875803780723013
realgt,0.15762351044387143
realgt,0.1497792676596563
realgt,0.1497792676596563
realgt,0.15386149518109896
realgt,0.15596001863764378
realgt,0.15459728926554187
realgt,0.15290087709708725
realgt,0.1585555187527511
realgt,0.15575386149950277
realgt,0.15575386149950277
realgt,0.14558261689488405
realgt,0.16371496196394192
realgt,0.1497792676596563
realgt,0.15386149518109896
realgt,0.15596001863764378
realgt,0.15290087709708725
realgt,0.16150759029639947
realgt,0.15172255828750686
realgt,0.15459728926554187
realgt,0.15575386149950277
realgt,0.1497792676596563
realgt,0.1626150215911872
realgt,0.1608034190384624
realgt,0.14857619424695967
realgt,0.16638261906161553
realgt,0.1585555187527511
realgt,0.1465911996822024
realgt,0.15968342447075298
realgt,0.15575386149950277
realgt,0.14857619424695967
realgt,0.1497792676596563
realgt,0.1497792676596563
realgt,0.1608034190384624
realgt,0.1585555187527511
realgt,0.16150759029639947
realgt,0.1526905896760199
realgt,0.1626150215911872
realgt,0.1526905896760199
realgt,0.1526905896760199
realgt,0.13894099448748504
realgt,0.15988451486042848
realgt,0.16150759029639947
realgt,0.1487922966364798
realgt,0.16261502159118724
realgt,0.15575386149950277
realgt,0.15690190851534902
realgt,0.15575386149950277
realgt,0.15575386149950277
realgt,0.1485761942469597
realgt,0.15988451486042848
realgt,0.1526905896760199
realgt,0.15988451486042848
realgt,0.15575386149950277
realgt,0.15459728926554187
realgt,0.1487922966364798
realgt,0.1626150215911872
realgt,0.1585555187527511
realgt,0.15762351044387143
realgt,0.16261502159118724
realgt,0.1497792676596563
realgt,0.15575386149950277
realgt,0.15741953183516122
realgt,0.15480498664352363
realgt,0.16530043073764206
realgt,0.1487922966364798
realgt,0.1526905896760199
realgt,0.15290087709708725
realgt,0.14857619424695967
realgt,0.15290087709708725
realgt,0.15968342447075298
realgt,0.1585555187527511
realgt,0.1465911996822024
realgt,0.14857619424695967
realgt,0.1487922966364798
realgt,0.16150759029639947
realgt,0.1626150215911872
realgt,0.1626150215911872
realgt,0.15690190851534902
realgt,0.15386149518109896
realgt,0.16150759029639947
realgt,0.16638261906161553
realgt,0.15690190851534902
realgt,0.1626150215911872
realgt,0.15988451486042848
realgt,0.15875803780723013
realgt,0.15290087709708725
realgt,0.15386149518109896
realgt,0.15875803780723013
realgt,0.1497792676596563
realgt,0.16371496196394192
realgt,0.15172255828750686
realgt,0.14857619424695967
realgt,0.1526905896760199
realgt,0.15172255828750686
realgt,0.14857619424695967
realgt,0.15290087709708725
realgt,0.1497792676596563
realgt,0.1626150215911872
realgt,0.15290087709708725
realgt,0.1487922966364798
realgt,0.15690190851534902
realgt,0.15290087709708725
realgt,0.15151063544140395
realgt,0.1453617429054656
realgt,0.15762351044387143
realgt,0.1485761942469597
realgt,0.15690190851534902
realgt,0.15875803780723013
realgt,0.15690190851534902
realgt,0.15690190851534902
realgt,0.1497792676596563
realgt,0.15386149518109896
realgt,0.1608034190384624
realgt,0.15290087709708725
realgt,0.14857619424695967
realgt,0.15575386149950277
realgt,0.16530043073764206
realgt,0.1487922966364798
realgt,0.1585555187527511
realgt,0.1603925129162735
realgt,0.15575386149950277
realgt,0.15968342447075298
realgt,0.15875803780723013
realgt,0.15172255828750686
realgt,0.15741953183516122
realgt,0.15151063544140395
realgt,0.15875803780723013
realgt,0.15459728926554187
realgt,0.16150759029639947
realgt,0.15575386149950277
realgt,0.1585555187527511
realgt,0.1497792676596563
realgt,0.15875803780723013
realgt,0.15172255828750686
realgt,0.16371496196394192
realgt,0.1608034190384624
realgt,0.15151063544140395
realgt,0.15290087709708725
realgt,0.1497792676596563
realgt,0.16150759029639947
realgt,0.1487922966364798
realgt,0.1626150215911872
realgt,0.1585555187527511
realgt,0.13894099448748504
realgt,0.15875803780723013
realgt,0.14230055918922793
realgt,0.15575386149950277
realgt,0.16371496196394192
realgt,0.15690190851534902
realgt,0.1465911996822024
realgt,0.14230055918922793
realgt,0.15596001863764378
realgt,0.1608034190384624
realgt,0.15151063544140395
realgt,0.15762351044387143
realgt,0.1626150215911872
realgt,0.15690190851534902
realgt,0.1497792676596563
realgt,0.16421111070295255
realgt,0.16421111070295255
realgt,0.15459728926554187
realgt,0.15741953183516122
realgt,0.15690190851534902
realgt,0.15459728926554187
realgt,0.15875803780723013
realgt,0.14558261689488405
realgt,0.15875803780723013
realgt,0.14558261689488405
realgt,0.1585555187527511
realgt,0.15575386149950277
realgt,0.15290087709708725
realgt,0.16150759029639947
realgt,0.16150759029639947
realgt,0.1626150215911872
realgt,0.15575386149950277
realgt,0.15968342447075298
realgt,0.15172255828750686
realgt,0.1526905896760199
realgt,0.15762351044387143
realgt,0.1626150215911872
realgt,0.15875803780723013
realgt,0.1526905896760199
realgt,0.15480498664352363
realgt,0.14857619424695967
realgt,0.1626150215911872
realgt,0.16150759029639947
realgt,0.15762351044387143
realgt,0.15172255828750686
realgt,0.15575386149950277
realgt,0.15459728926554187
realgt,0.15151063544140395
realgt,0.15193418553687588
realgt,0.1497792676596563
realgt,0.15690190851534902
realgt,0.15575386149950277
realgt,0.1497792676596563
realgt,0.16150759029639947
realgt,0.15151063544140395
realgt,0.15151063544140395
realgt,0.15290087709708725
realgt,0.15290087709708725
realgt,0.15575386149950277
realgt,0.15968342447075298
realgt,0.15690190851534902
realgt,0.15875803780723013
realgt,0.15172255828750686
realgt,0.15151063544140395
realgt,0.1465911996822024
realgt,0.13894099448748504
realgt,0.1626150215911872
realgt,0.16371496196394192
realgt,0.16150759029639947
realgt,0.1526905896760199
realgt,0.16150759029639947
realgt,0.15968342447075298
realgt,0.1585555187527511
realgt,0.1585555187527511
realgt,0.14558261689488405
realgt,0.1585555187527511
realgt,0.15480498664352363
realgt,0.1526905896760199
realgt,0.16150759029639947
realgt,0.15690190851534902
realgt,0.1585555187527511
realgt,0.1453617429054656
realgt,0.15875803780723013
realgt,0.1485761942469597
realgt,0.15172255828750686
realgt,0.1487922966364798
realgt,0.16638261906161553
realgt,0.15459728926554187
realgt,0.1585555187527511
realgt,0.1465911996822024
realgt,0.16530043073764206
realgt,0.16371496196394192
realgt,0.15762351044387143
realgt,0.14558261689488405
realgt,0.15386149518109896
realgt,0.1626150215911872
realgt,0.14230055918922793
realgt,0.15386149518109896
realgt,0.15875803780723013
realgt,0.15575386149950277
realgt,0.14857619424695967
realgt,0.1526905896760199
realgt,0.15575386149950277
realgt,0.14230055918922793
realgt,0.1497792676596563
realgt,0.1497792676596563
realgt,0.1608034190384624
realgt,0.15172255828750686
realgt,0.14857619424695967
realgt,0.15575386149950277
realgt,0.15172255828750686
realgt,0.1526905896760199
realgt,0.15172255828750686
realgt,0.15575386149950277
realgt,0.15762351044387143
realgt,0.1497792676596563
realgt,0.15968342447075298
realgt,0.16530043073764206
realgt,0.16150759029639947
realgt,0.15968342447075298
realgt,0.1626150215911872
realgt,0.16638261906161553
realgt,0.15575386149950277
realgt,0.15386149518109896
realgt,0.1453617429054656
realgt,0.16530043073764206
realgt,0.15290087709708725
realgt,0.15459728926554187
realgt,0.13894099448748504
realgt,0.15575386149950277
realgt,0.15459728926554187
realgt,0.14857619424695967
realgt,0.16530043073764206
realgt,0.1497792676596563
realgt,0.15968342447075298
realgt,0.16530043073764206
realgt,0.1526905896760199
realgt,0.15875803780723013
realgt,0.15386149518109896
realgt,0.1585555187527511
realgt,0.15290087709708725
realgt,0.15875803780723013
realgt,0.15459728926554187
realgt,0.14857619424695967
realgt,0.15968342447075298
realgt,0.15386149518109896
realgt,0.15968342447075298
realgt,0.14558261689488405
realgt,0.15386149518109896
realgt,0.15988451486042848
realgt,0.1526905896760199
realgt,0.15151063544140395
realgt,0.1608034190384624
realgt,0.15151063544140395
realgt,0.1453617429054656
realgt,0.1497792676596563
realgt,0.15290087709708725
realgt,0.15741953183516122
realgt,0.14857619424695967
realgt,0.15193418553687588
realgt,0.15762351044387143
realgt,0.1585555187527511
realgt,0.16150759029639947
realgt,0.15575386149950277
realgt,0.14857619424695967
realgt,0.15575386149950277
realgt,0.15459728926554187
realgt,0.15741953183516122
realgt,0.15875803780723013
realgt,0.15596001863764378
realgt,0.1608034190384624
realgt,0.16150759029639947
realgt,0.1526905896760199
realgt,0.1626150215911872
realgt,0.1526905896760199
realgt,0.1453617429054656
realgt,0.14857619424695967
realgt,0.15968342447075298
realgt,0.15690190851534902
realgt,0.16150759029639947
realgt,0.15988451486042848
realgt,0.14857619424695967
realgt,0.15172255828750686
realgt,0.15151063544140395
realgt,0.15596001863764378
realgt,0.15386149518109896
realgt,0.15575386149950277
realgt,0.15988451486042848
realgt,0.16530043073764206
realgt,0.1465911996822024
realgt,0.15575386149950277
realgt,0.15151063544140395
realgt,0.15386149518109896
realgt,0.1626150215911872
realgt,0.14230055918922793
realgt,0.1603925129162735
realgt,0.16150759029639947
realgt,0.15690190851534902
realgt,0.16150759029639947
realgt,0.1603925129162735
realgt,0.1603925129162735
realgt,0.1585555187527511
realgt,0.15575386149950277
realgt,0.15172255828750686
realgt,0.15988451486042848
realgt,0.15968342447075298
realgt,0.15459728926554187
realgt,0.15386149518109896
realgt,0.1453617429054656
realgt,0.15386149518109896
realgt,0.15290087709708725
realgt,0.15575386149950277
realgt,0.15575386149950277
realgt,0.1487922966364798
realgt,0.15875803780723013
realgt,0.1626150215911872
realgt,0.1608034190384624
realgt,0.15480498664352363
realgt,0.1585555187527511
realgt,0.16530043073764206
realgt,0.1626150215911872
realgt,0.15459728926554187
realgt,0.1608034190384624
realgt,0.14230055918922793
realgt,0.1626150215911872
realgt,0.1453617429054656
realgt,0.15875803780723013
realgt,0.14558261689488405
realgt,0.16530043073764206
realgt,0.15690190851534902
realgt,0.15290087709708725
realgt,0.1526905896760199
realgt,0.1585555187527511
realgt,0.16150759029639947
realgt,0.15575386149950277
realgt,0.13894099448748504
realgt,0.14230055918922793
realgt,0.1453617429054656
realgt,0.15575386149950277
realgt,0.1603925129162735
realgt,0.1585555187527511
realgt,0.15386149518109896
realgt,0.14230055918922793
realgt,0.1487922966364798
realgt,0.1626150215911872
realgt,0.1497792676596563
realgt,0.15762351044387143
realgt,0.15575386149950277
realgt,0.15459728926554187
realgt,0.14558261689488405
realgt,0.15575386149950277
realgt,0.14558261689488405
realgt,0.15386149518109896
realgt,0.1603925129162735
realgt,0.15875803780723013
realgt,0.16150759029639947
realgt,0.15762351044387143
realgt,0.15690190851534902
realgt,0.16150759029639947
realgt,0.15690190851534902
realgt,0.1585555187527511
realgt,0.1497792676596563
realgt,0.1608034190384624
realgt,0.15690190851534902
realgt,0.15988451486042848
realgt,0.16150759029639947
realgt,0.15172255828750686
realgt,0.15596001863764378
realgt,0.13894099448748504
realgt,0.15575386149950277
realgt,0.1585555187527511
realgt,0.15690190851534902
realgt,0.15690190851534902
realgt,0.16421111070295255
realgt,0.16638261906161553
realgt,0.15875803780723013
realgt,0.1526905896760199
realgt,0.16638261906161553
realgt,0.1497792676596563
realgt,0.16261502159118724
realgt,0.1453617429054656
realgt,0.15459728926554187
realgt,0.1526905896760199
realgt,0.1487922966364798
realgt,0.16150759029639947
realgt,0.1603925129162735
realgt,0.14857619424695967
realgt,0.15690190851534902
realgt,0.15386149518109896
realgt,0.14230055918922793
realgt,0.1626150215911872
realgt,0.16150759029639947
realgt,0.15596001863764378
realgt,0.15875803780723013
realgt,0.1485761942469597
realgt,0.15575386149950277
realgt,0.15151063544140395
realgt,0.1626150215911872
realgt,0.1526905896760199
realgt,0.15172255828750686
realgt,0.15459728926554187
realgt,0.15575386149950277
realgt,0.15762351044387143
realgt,0.1453617429054656
realgt,0.1585555187527511
realgt,0.1585555187527511
realgt,0.1465911996822024
realgt,0.15575386149950277
realgt,0.15968342447075298
realgt,0.15386149518109896
realgt,0.15968342447075298
realgt,0.15762351044387143
realgt,0.15172255828750686
realgt,0.15575386149950277
realgt,0.15575386149950277
realgt,0.1485761942469597
realgt,0.1526905896760199
realgt,0.16150759029639947
realgt,0.15968342447075298
realgt,0.15459728926554187
realgt,0.1453617429054656
realgt,0.1487922966364798
realgt,0.15290087709708725
realgt,0.15690190851534902
realgt,0.15575386149950277
realgt,0.1497792676596563
realgt,0.1497792676596563
realgt,0.15762351044387143
realgt,0.16150759029639947
realgt,0.15459728926554187
realgt,0.15172255828750686
realgt,0.14857619424695967
realgt,0.15575386149950277
realgt,0.1526905896760199
realgt,0.1585555187527511
realgt,0.15151063544140395
realgt,0.15151063544140395
realgt,0.1526905896760199
realgt,0.15596001863764378
realgt,0.16150759029639947
realgt,0.15172255828750686
realgt,0.1497792676596563
realgt,0.15172255828750686
realgt,0.16150759029639947
realgt,0.15690190851534902
realgt,0.1497792676596563
realgt,0.16421111070295255
realgt,0.1603925129162735
realgt,0.15386149518109896
realgt,0.15151063544140395
realgt,0.15741953183516122
realgt,0.15151063544140395
realgt,0.13894099448748504
realgt,0.15968342447075298
realgt,0.15875803780723013
realgt,0.15575386149950277
realgt,0.16638261906161553
realgt,0.15968342447075298
realgt,0.15575386149950277
realgt,0.15575386149950277
realgt,0.1603925129162735
realgt,0.15459728926554187
realgt,0.15575386149950277
realgt,0.1603925129162735
realgt,0.15459728926554187
realgt,0.15575386149950277
realgt,0.15172255828750686
realgt,0.15172255828750686
realgt,0.15690190851534902
realgt,0.1626150215911872
realgt,0.15290087709708725
realgt,0.15690190851534902
realgt,0.15575386149950277
realgt,0.14558261689488405
realgt,0.15690190851534902
realgt,0.15875803780723013
realgt,0.1497792676596563
realgt,0.15290087709708725
realgt,0.1585555187527511
realgt,0.1626150215911872
realgt,0.15151063544140395
realgt,0.15762351044387143
realgt,0.15875803780723013
realgt,0.14857619424695967
realgt,0.16745781393997514
realgt,0.1585555187527511
realgt,0.1585555187527511
realgt,0.14558261689488405
realgt3,0.14956613983173644
realgt3,0.1641309399687696
realgt3,0.1521620670921108
realgt3,0.1587824313500395
realgt3,0.14956613983173644
realgt3,0.15870283362409124
realgt3,0.15424313710761417
realgt3,0.1420954666802264
realgt3,0.15974370189275103
realgt3,0.16077783176944588
realgt3,0.1521620670921108
realgt3,0.1587824313500395
realgt3,0.14956613983173644
realgt3,0.15974370189275103
realgt3,0.1527715345255945
realgt3,0.1621768009672703
realgt3,0.14367646026599032
realgt3,0.16840392102223622
realgt3,0.14587863420535216
realgt3,0.15974370189275106
realgt3,0.1587824313500395
realgt3,0.1587824313500395
realgt3,0.1587824313500395
realgt3,0.17160808513065803
realgt3,0.156296500369818
realgt3,0.1531648930098348
realgt3,0.1621768009672703
realgt3,0.15974370189275106
realgt3,0.15773521994578724
realgt3,0.15424313710761417
realgt3,0.15676163377043426
realgt3,0.14367646026599032
realgt3,0.156296500369818
realgt3,0.14367646026599032
realgt3,0.14587863420535216
realgt3,0.14741906084734194
realgt3,0.15974370189275103
realgt3,0.15523251957553347
realgt3,0.1398337261465098
realgt3,0.1641309399687696
realgt3,0.156296500369818
realgt3,0.1631180693882432
realgt3,0.15424313710761417
realgt3,0.1621768009672703
realgt3,0.14956613983173644
realgt3,0.13753479663329876
realgt3,0.156296500369818
realgt3,0.16840392102223622
realgt3,0.16840392102223622
realgt3,0.16649993973755464
realgt3,0.15067013996890913
realgt3,0.1398337261465098
realgt3,0.1398337261465098
realgt3,0.14804805503846774
realgt3,0.1631180693882432
realgt3,0.1527715345255945
realgt3,0.1641309399687696
realgt3,0.14587863420535216
realgt3,0.1641309399687696
realgt3,0.13753479663329876
realgt3,0.1587824313500395
realgt3,0.14741906084734194
realgt3,0.15424313710761417
realgt3,0.14741906084734194
realgt3,0.14741906084734194
realgt3,0.141440003363654
realgt3,0.13753479663329876
realgt3,0.1398337261465098
realgt3,0.14367646026599032
realgt3,0.1587824313500395
realgt3,0.15974370189275106
realgt3,0.15424313710761417
realgt3,0.1531648930098348
realgt3,0.14587863420535216
realgt3,0.15676163377043426
realgt3,0.1621768009672703
realgt3,0.141440003363654
realgt3,0.1607778317694459
realgt3,0.15424313710761417
realgt3,0.16741690393021683
realgt3,0.14587863420535216
realgt3,0.16840392102223622
realgt3,0.14956613983173644
realgt3,0.14853901977324485
realgt3,0.14587863420535216
realgt3,0.17160808513065803
realgt3,0.15773521994578724
realgt3,0.1587824313500395
realgt3,0.1516828298365401
realgt3,0.14587863420535216
realgt3,0.16840392102223622
realgt3,0.15773521994578724
realgt3,0.1521620670921108
realgt3,0.14741906084734194
realgt3,0.14367646026599032
realgt3,0.15424313710761417
realgt3,0.14956613983173644
realgt3,0.156296500369818
realgt3,0.14367646026599032
realgt3,0.14587863420535216
realgt3,0.14367646026599032
realgt3,0.14432176666783697
realgt3,0.15974370189275103
realgt3,0.13753479663329876
realgt3,0.1621768009672703
realgt3,0.16649993973755464
realgt3,0.17569931713823736
realgt3,0.15067013996890913
realgt3,0.14804805503846774
realgt3,0.1531648930098348
realgt3,0.14587863420535216
realgt3,0.1587824313500395
realgt3,0.15974370189275103
realgt3,0.1621768009672703
realgt3,0.14587863420535216
realgt3,0.1516828298365401
realgt3,0.1398337261465098
realgt3,0.15773521994578724
realgt3,0.1420954666802264
realgt3,0.14804805503846774
realgt3,0.14956613983173644
realgt3,0.15424313710761417
realgt3,0.1516828298365401
realgt3,0.17160808513065803
realgt3,0.156296500369818
realgt3,0.15974370189275103
realgt3,0.15974370189275103
realgt3,0.1621768009672703
realgt3,0.1621768009672703
realgt3,0.15067013996890913
realgt3,0.15773521994578724
realgt3,0.1631180693882432
realgt3,0.1641309399687696
realgt3,0.15067013996890913
realgt3,0.17160808513065803
realgt3,0.15974370189275103
realgt3,0.16649993973755464
realgt3,0.14367646026599032
realgt3,0.16077783176944588
realgt3,0.156296500369818
realgt3,0.14367646026599032
realgt3,0.156296500369818
realgt3,0.1631180693882432
realgt3,0.1587824313500395
realgt3,0.15067013996890913
realgt3,0.14853901977324485
realgt3,0.1542431371076142
realgt3,0.1641309399687696
realgt3,0.1521620670921108
realgt3,0.15773521994578724
realgt3,0.15067013996890913
realgt3,0.16077783176944588
realgt3,0.1631180693882432
realgt3,0.14853901977324485
realgt3,0.156296500369818
realgt3,0.1542431371076142
realgt3,0.14587863420535216
realgt3,0.1521620670921108
realgt3,0.14587863420535216
realgt3,0.15523251957553347
realgt3,0.15773521994578724
realgt3,0.1587824313500395
realgt3,0.141440003363654
realgt3,0.15277153452559447
realgt3,0.15424313710761417
realgt3,0.16077783176944588
realgt3,0.16741690393021683
realgt3,0.14956613983173644
realgt3,0.15424313710761417
realgt3,0.15424313710761417
realgt3,0.15424313710761417
realgt3,0.1587824313500395
realgt3,0.1521620670921108
realgt3,0.14367646026599032
realgt3,0.1621768009672703
realgt3,0.1621768009672703
realgt3,0.156296500369818
realgt3,0.15424313710761417
realgt3,0.15974370189275103
realgt3,0.15067013996890913
realgt3,0.1587824313500395
realgt3,0.14367646026599032
realgt3,0.15424313710761417
realgt3,0.16840392102223622
realgt3,0.16840392102223622
realgt3,0.15523251957553347
realgt3,0.15523251957553347
realgt3,0.156296500369818
realgt3,0.14853901977324485
realgt3,0.14853901977324485
realgt3,0.15773521994578724
realgt3,0.14367646026599032
realgt3,0.14741906084734194
realgt3,0.15974370189275103
realgt3,0.16741690393021683
realgt3,0.15676163377043428
realgt3,0.15773521994578724
realgt3,0.16741690393021683
realgt3,0.1587824313500395
realgt3,0.15974370189275103
realgt3,0.15067013996890913
realgt3,0.15974370189275106
realgt3,0.15974370189275103
realgt3,0.1607778317694459
realgt3,0.1420954666802264
realgt3,0.14956613983173644
realgt3,0.1621768009672703
realgt3,0.15773521994578724
realgt3,0.14637687560588997
realgt3,0.156296500369818
realgt3,0.15424313710761417
realgt3,0.15067013996890913
realgt3,0.14367646026599032
realgt3,0.16649993973755464
realgt3,0.156296500369818
realgt3,0.1521620670921108
realgt3,0.1521620670921108
realgt3,0.1587824313500395
realgt3,0.15974370189275103
realgt3,0.16741690393021683
realgt3,0.14741906084734194
realgt3,0.1531648930098348
realgt3,0.14587863420535216
realgt3,0.1527715345255945
realgt3,0.15523251957553347
realgt3,0.15523251957553347
realgt3,0.15424313710761417
realgt3,0.1587824313500395
realgt3,0.1587824313500395
realgt3,0.14587863420535216
realgt3,0.14804805503846774
realgt3,0.14853901977324485
realgt3,0.14956613983173644
realgt3,0.1521620670921108
realgt3,0.14367646026599032
realgt3,0.1587824313500395
realgt3,0.14587863420535216
realgt3,0.1527715345255945
realgt3,0.15974370189275106
realgt3,0.1398337261465098
realgt3,0.14367646026599032
realgt3,0.1641309399687696
realgt3,0.1420954666802264
realgt3,0.15424313710761417
realgt3,0.16741690393021683
realgt3,0.1521620670921108
realgt3,0.1641309399687696
realgt3,0.13519678103382718
realgt3,0.16741690393021683
realgt3,0.1641309399687696
realgt3,0.15676163377043428
realgt3,0.1587824313500395
realgt3,0.15424313710761417
realgt3,0.15424313710761417
realgt3,0.15424313710761417
realgt3,0.156296500369818
realgt3,0.14853901977324485
realgt3,0.15424313710761417
realgt3,0.14956613983173644
realgt3,0.1641309399687696
realgt3,0.15676163377043428
realgt3,0.15424313710761417
realgt3,0.17160808513065803
realgt3,0.14587863420535216
realgt3,0.1420954666802264
realgt3,0.16840392102223622
realgt3,0.1631180693882432
realgt3,0.15974370189275103
realgt3,0.14853901977324485
realgt3,0.13753479663329876
realgt3,0.1516828298365401
realgt3,0.14367646026599032
realgt3,0.14367646026599032
realgt3,0.15424313710761417
realgt3,0.15773521994578724
realgt3,0.1521620670921108
realgt3,0.14587863420535216
realgt3,0.14367646026599032
realgt3,0.15424313710761417
realgt3,0.15773521994578724
realgt3,0.1398337261465098
realgt3,0.16077783176944588
realgt3,0.1516828298365401
realgt3,0.14956613983173644
realgt3,0.15067013996890913
realgt3,0.1641309399687696
realgt3,0.16840392102223622
realgt3,0.15424313710761417
realgt3,0.1420954666802264
realgt3,0.1607778317694459
realgt3,0.16840392102223622
realgt3,0.1621768009672703
realgt3,0.1398337261465098
realgt3,0.14587863420535216
realgt3,0.1641309399687696
realgt3,0.17160808513065803
realgt3,0.15773521994578724
realgt3,0.1587824313500395
realgt3,0.15424313710761417
realgt3,0.1531648930098348
realgt3,0.17160808513065803
realgt3,0.1621768009672703
realgt3,0.156296500369818
realgt3,0.1420954666802264
realgt3,0.16077783176944588
realgt3,0.15523251957553347
realgt3,0.15424313710761417
realgt3,0.15974370189275106
realgt3,0.15773521994578724
realgt3,0.15773521994578724
realgt3,0.14367646026599032
realgt3,0.14367646026599032
realgt3,0.1420954666802264
realgt3,0.1641309399687696
realgt3,0.156296500369818
realgt3,0.14367646026599032
realgt3,0.14587863420535216
realgt3,0.156296500369818
realgt3,0.17160808513065803
realgt3,0.1621768009672703
realgt3,0.14367646026599032
realgt3,0.14741906084734194
realgt3,0.141440003363654
realgt3,0.15974370189275103
realgt3,0.15773521994578724
realgt3,0.1641309399687696
realgt3,0.14741906084734194
realgt3,0.1587824313500395
realgt3,0.15067013996890913
realgt3,0.1420954666802264
realgt3,0.14587863420535216
realgt3,0.15676163377043426
realgt3,0.15067013996890913
realgt3,0.14741906084734194
realgt3,0.14367646026599032
realgt3,0.156296500369818
realgt3,0.1587824313500395
realgt3,0.1587824313500395
realgt3,0.13753479663329876
realgt3,0.15676163377043426
realgt3,0.14367646026599032
realgt3,0.15067013996890913
realgt3,0.15424313710761417
realgt3,0.1641309399687696
realgt3,0.1587824313500395
realgt3,0.15424313710761417
realgt3,0.14956613983173644
realgt3,0.14741906084734194
realgt3,0.1516828298365401
realgt3,0.1521620670921108
realgt3,0.1607778317694459
realgt3,0.14741906084734194
realgt3,0.15424313710761417
realgt3,0.14367646026599032
realgt3,0.1521620670921108
realgt3,0.15773521994578724
realgt3,0.1641309399687696
realgt3,0.16649993973755464
realgt3,0.14956613983173644
realgt3,0.1398337261465098
realgt3,0.15773521994578724
realgt3,0.1542431371076142
realgt3,0.15424313710761417
realgt3,0.15424313710761417
realgt3,0.15974370189275106
realgt3,0.15067013996890913
realgt3,0.1621768009672703
realgt3,0.1527715345255945
realgt3,0.15067013996890913
realgt3,0.14587863420535216
realgt3,0.15974370189275106
realgt3,0.15974370189275103
realgt3,0.13753479663329876
realgt3,0.14587863420535216
realgt3,0.1398337261465098
realgt3,0.156296500369818
realgt3,0.1420954666802264
realgt3,0.14637687560588997
realgt3,0.14853901977324485
realgt3,0.1398337261465098
realgt3,0.156296500369818
realgt3,0.13519678103382718
realgt3,0.1521620670921108
realgt3,0.14956613983173644
realgt3,0.14956613983173644
realgt3,0.15676163377043428
realgt3,0.1641309399687696
realgt3,0.15424313710761417
realgt3,0.1621768009672703
realgt3,0.15676163377043428
realgt3,0.156296500369818
realgt3,0.1531648930098348
realgt3,0.14367646026599032
realgt3,0.156296500369818
realgt3,0.1587824313500395
realgt3,0.141440003363654
realgt3,0.15974370189275103
realgt3,0.13753479663329876
realgt3,0.15773521994578724
realgt3,0.13753479663329876
realgt3,0.14741906084734194
realgt3,0.1521620670921108
realgt3,0.14853901977324485
realgt3,0.15067013996890913
realgt3,0.1587824313500395
realgt3,0.1398337261465098
realgt3,0.14367646026599032
realgt3,0.15424313710761417
realgt3,0.15676163377043428
realgt3,0.1587824313500395
realgt3,0.15974370189275103
realgt3,0.15424313710761417
realgt3,0.1516828298365401
realgt3,0.14367646026599032
realgt3,0.156296500369818
realgt3,0.1521620670921108
realgt3,0.15523251957553347
realgt3,0.14956613983173644
realgt3,0.15067013996890913
realgt3,0.14637687560588997
realgt3,0.1641309399687696
realgt3,0.14956613983173644
realgt3,0.16840392102223622
realgt3,0.1631180693882432
realgt3,0.1398337261465098
realgt3,0.15424313710761417
realgt3,0.1621768009672703
realgt3,0.1641309399687696
realgt3,0.1531648930098348
realgt3,0.1521620670921108
realgt3,0.16741690393021683
realgt3,0.156296500369818
realgt3,0.14956613983173644
realgt3,0.1420954666802264
realgt3,0.14587863420535216
realgt3,0.156296500369818
realgt3,0.14956613983173644
realgt3,0.1398337261465098
realgt3,0.15067013996890913
realgt3,0.1531648930098348
realgt3,0.15974370189275103
realgt3,0.1587824313500395
realgt3,0.15773521994578724
realgt3,0.15067013996890913
realgt3,0.15067013996890913
realgt3,0.14367646026599032
realgt3,0.14741906084734194
realgt3,0.16741690393021683
realgt3,0.15067013996890913
realgt3,0.14587863420535216
realgt3,0.15067013996890913
realgt3,0.16741690393021683
realgt3,0.15424313710761417
realgt3,0.15974370189275103
realgt3,0.1607778317694459
realgt3,0.1641309399687696
realgt3,0.15424313710761417
realgt3,0.15676163377043428
realgt3,0.14587863420535216
realgt3,0.14853901977324485
realgt3,0.14637687560588997
realgt3,0.15424313710761417
realgt3,0.1641309399687696
realgt3,0.15424313710761417
realgt3,0.1521620670921108
realgt3,0.14956613983173644
realgt3,0.14367646026599032
realgt3,0.15974370189275103
realgt3,0.1587824313500395
realgt3,0.14587863420535216
realgt3,0.1621768009672703
realgt3,0.14367646026599032
realgt3,0.14637687560588997
realgt3,0.15974370189275103
realgt3,0.156296500369818
realgt3,0.14367646026599032
realgt3,0.1398337261465098
realgt3,0.1621768009672703
realgt3,0.1631180693882432
realgt3,0.14956613983173644
realgt3,0.15773521994578724
realgt3,0.15676163377043428
realgt3,0.15974370189275103
realgt3,0.1521620670921108
realgt3,0.1621768009672703
realgt3,0.1587824313500395
realgt3,0.1641309399687696
realgt3,0.1641309399687696
realgt3,0.14587863420535216
realgt3,0.14741906084734194
realgt3,0.14587863420535216
realgt3,0.14367646026599032
realgt3,0.1621768009672703
realgt3,0.1521620670921108
realgt3,0.1587824313500395
realgt3,0.15523251957553347
realgt3,0.14853901977324485
realgt3,0.1420954666802264
realgt3,0.1587824313500395
realgt3,0.15424313710761417
realgt3,0.15067013996890913
realgt3,0.13519678103382718
realgt3,0.1521620670921108
realgt3,0.1641309399687696
realgt3,0.14587863420535216
realgt3,0.14637687560588997
realgt3,0.14587863420535216
realgt3,0.1641309399687696
realgt3,0.1621768009672703
realgt3,0.14587863420535216
realgt3,0.15870283362409124
realgt3,0.1516828298365401
realgt3,0.14367646026599032
realgt3,0.1587824313500395
realgt3,0.16077783176944588
realgt3,0.13519678103382718
realgt3,0.15773521994578724
realgt3,0.15067013996890913
realgt3,0.1587824313500395
realgt3,0.15424313710761417
realgt3,0.15974370189275103
realgt3,0.15974370189275103
realgt3,0.14853901977324485
realgt3,0.15067013996890913
realgt3,0.15067013996890913
realgt3,0.15974370189275103
realgt3,0.16741690393021683
realgt3,0.14804805503846774
realgt3,0.1516828298365401
realgt3,0.15424313710761417
realgt3,0.14956613983173644
realgt3,0.15424313710761417
realgt3,0.15424313710761417
realgt3,0.1398337261465098
realgt3,0.1621768009672703
realgt3,0.1621768009672703
realgt3,0.14853901977324485
realgt3,0.14587863420535216
realgt3,0.14853901977324485
realgt3,0.14367646026599032
realgt3,0.15424313710761417
realgt3,0.15424313710761417
realgt3,0.1521620670921108
realgt3,0.15974370189275103
realgt3,0.15676163377043428
realgt3,0.15424313710761417
realgt3,0.1516828298365401
realgt3,0.16649993973755464
realgt3,0.1587824313500395
realgt3,0.15067013996890913
realgt3,0.14956613983173644
realgt3,0.156296500369818
realgt3,0.156296500369818
realgt3,0.1398337261465098
realgt3,0.14956613983173644
realgt3,0.14587863420535216
realgt3,0.15870283362409124
realgt3,0.14741906084734194
realgt3,0.1641309399687696
realgt3,0.1531648930098348
realgt3,0.14587863420535216
realgt3,0.1531648930098348
realgt3,0.14956613983173644
realgt3,0.1621768009672703
realgt3,0.14853901977324485
realgt3,0.15676163377043428
realgt3,0.1521620670921108
realgt3,0.156296500369818
realgt3,0.15067013996890913
realgt3,0.156296500369818
realgt3,0.14853901977324485
realgt3,0.1641309399687696
realgt3,0.1587824313500395
realgt3,0.1521620670921108
realgt3,0.141440003363654
realgt3,0.141440003363654
realgt3,0.14804805503846774
realgt3,0.1587824313500395
realgt3,0.15067013996890913
realgt3,0.156296500369818
realgt3,0.14367646026599032
realgt3,0.14587863420535216
realgt3,0.16077783176944588
realgt3,0.1542431371076142
realgt3,0.1621768009672703
realgt3,0.16741690393021683
realgt3,0.16741690393021683
realgt3,0.15067013996890913
realgt3,0.15974370189275106
realgt3,0.1542431371076142
realgt3,0.14741906084734194
realgt3,0.14587863420535216
realgt3,0.1398337261465098
realgt3,0.14741906084734194
realgt3,0.14637687560588997
realgt3,0.16649993973755464
realgt3,0.15067013996890913
realgt3,0.15067013996890913
realgt3,0.1621768009672703
realgt3,0.1607778317694459
realgt3,0.1621768009672703
realgt3,0.1621768009672703
realgt3,0.1587824313500395
realgt3,0.15773521994578724
realgt3,0.15424313710761417
realgt3,0.14587863420535216
realgt3,0.1521620670921108
realgt3,0.14367646026599032
realgt3,0.1516828298365401
realgt3,0.14804805503846774
realgt3,0.14956613983173644
realgt3,0.1521620670921108
realgt3,0.1521620670921108
realgt3,0.16741690393021683
realgt3,0.1641309399687696
realgt3,0.1631180693882432
realgt3,0.1641309399687696
realgt3,0.1531648930098348
realgt3,0.16741690393021683
realgt3,0.1542431371076142
realgt3,0.156296500369818
realgt3,0.15424313710761417
realgt3,0.156296500369818
realgt3,0.1587824313500395
realgt3,0.15067013996890913
realgt3,0.1641309399687696
realgt3,0.1587824313500395
realgt3,0.15067013996890913
realgt3,0.1621768009672703
realgt3,0.1398337261465098
realgt3,0.15424313710761417
realgt3,0.15424313710761417
realgt3,0.156296500369818
realgt3,0.1521620670921108
realgt3,0.15773521994578724
realgt3,0.1631180693882432
realgt3,0.14587863420535216
realgt3,0.15974370189275103
realgt3,0.14587863420535216
realgt3,0.14367646026599032
realgt3,0.14587863420535216
realgt3,0.156296500369818
realgt3,0.14367646026599032
realgt3,0.15067013996890913
realgt3,0.14367646026599032
realgt3,0.14853901977324485
realgt3,0.14587863420535216
realgt3,0.1531648930098348
realgt3,0.1621768009672703
realgt3,0.14587863420535216
realgt3,0.1527715345255945
realgt3,0.15773521994578724
realgt3,0.15773521994578724
realgt3,0.156296500369818
realgt3,0.15974370189275103
realgt3,0.15974370189275103
realgt3,0.15676163377043426
realgt3,0.15067013996890913
realgt3,0.1398337261465098
realgt3,0.1398337261465098
realgt3,0.1641309399687696
realgt3,0.14587863420535216
realgt3,0.15676163377043426
realgt3,0.16741690393021683
realgt3,0.156296500369818
realgt3,0.15424313710761417
realgt3,0.14741906084734194
realgt3,0.14853901977324485
realgt3,0.156296500369818
realgt3,0.15424313710761417
realgt3,0.16649993973755464
realgt3,0.1420954666802264
realgt3,0.14637687560588997
realgt3,0.1398337261465098
realgt3,0.1621768009672703
realgt3,0.14367646026599032
realgt3,0.15676163377043428
realgt3,0.15424313710761417
realgt3,0.1420954666802264
realgt3,0.1516828298365401
realgt3,0.16840392102223622
realgt3,0.14367646026599032
realgt3,0.1531648930098348
realgt3,0.14804805503846774
realgt3,0.14956613983173644
realgt3,0.14741906084734194
realgt3,0.1531648930098348
realgt3,0.1516828298365401
realgt3,0.1587824313500395
realgt3,0.14956613983173644
realgt3,0.15773521994578724
realgt3,0.14367646026599032
realgt3,0.14367646026599032
realgt3,0.1621768009672703
realgt3,0.14367646026599032
realgt3,0.15676163377043428
realgt3,0.15067013996890913
realgt3,0.17569931713823736
realgt3,0.15676163377043428
realgt3,0.16741690393021683
realgt3,0.14853901977324485
realgt3,0.156296500369818
realgt3,0.15974370189275103
realgt3,0.14741906084734194
realgt3,0.1641309399687696
realgt3,0.1516828298365401
realgt3,0.15974370189275103
realgt3,0.14956613983173644
realgt3,0.13753479663329876
realgt3,0.1398337261465098
realgt3,0.15773521994578724
realgt3,0.1521620670921108
realgt3,0.1587824313500395
realgt3,0.15773521994578724
realgt3,0.1531648930098348
realgt3,0.14587863420535216
realgt3,0.14853901977324485
realgt3,0.141440003363654
realgt3,0.14587863420535216
realgt3,0.1398337261465098
realgt3,0.1516828298365401
realgt3,0.1527715345255945
realgt3,0.1621768009672703
realgt3,0.14432176666783697
realgt3,0.1641309399687696
realgt3,0.13753479663329876
realgt3,0.1607778317694459
realgt3,0.15277153452559447
realgt3,0.1521620670921108
realgt3,0.16840392102223622
realgt3,0.1587824313500395
realgt3,0.16649993973755464
realgt3,0.14853901977324485
realgt3,0.14587863420535216
realgt3,0.15773521994578724
realgt3,0.1521620670921108
realgt3,0.1641309399687696
realgt3,0.15523251957553347
realgt3,0.14853901977324485
realgt3,0.1398337261465098
realgt3,0.14956613983173644
realgt3,0.156296500369818
realgt3,0.14956613983173644
realgt3,0.14741906084734194
realgt3,0.1587824313500395
realgt3,0.1641309399687696
realgt3,0.156296500369818
realgt3,0.1420954666802264
realgt3,0.14367646026599032
realgt3,0.15676163377043428
realgt3,0.1587824313500395
realgt3,0.16741690393021683
realgt3,0.1641309399687696
realgt3,0.15277153452559447
realgt3,0.1531648930098348
realgt3,0.156296500369818
realgt3,0.14956613983173644
realgt3,0.14956613983173644
realgt3,0.1531648930098348
realgt3,0.1521620670921108
realgt3,0.141440003363654
realgt3,0.15424313710761417
realgt3,0.15974370189275103
realgt3,0.1607778317694459
realgt3,0.14587863420535216
realgt3,0.1420954666802264
realgt3,0.14853901977324485
realgt3,0.1587824313500395
realgt3,0.15974370189275103
realgt3,0.15424313710761417
realgt3,0.15424313710761417
realgt3,0.1516828298365401
realgt3,0.14804805503846774
realgt3,0.1521620670921108
realgt3,0.14587863420535216
realgt3,0.15424313710761417
realgt3,0.15424313710761417
realgt3,0.1587824313500395
realgt3,0.1516828298365401
realgt3,0.1521620670921108
realgt3,0.15424313710761417
realgt3,0.14587863420535216
realgt3,0.156296500369818
realgt3,0.14853901977324485
realgt3,0.15067013996890913
realgt3,0.16840392102223622
realgt3,0.1516828298365401
realgt3,0.14956613983173644
realgt3,0.156296500369818
realgt3,0.1607778317694459
realgt3,0.1641309399687696
realgt3,0.15773521994578724
realgt3,0.1527715345255945
realgt3,0.17160808513065803
realgt3,0.1531648930098348
realgt3,0.15424313710761417
realgt3,0.14587863420535216
realgt3,0.15424313710761417
realgt3,0.1631180693882432
realgt3,0.14956613983173644
realgt3,0.14853901977324485
realgt3,0.14956613983173644
realgt3,0.15424313710761417
realgt3,0.156296500369818
realgt3,0.1521620670921108
realgt3,0.14804805503846774
realgt3,0.14853901977324485
realgt3,0.14956613983173644
realgt3,0.16077783176944588
realgt3,0.1621768009672703
realgt3,0.14587863420535216
realgt3,0.14587863420535216
realgt3,0.14956613983173644
realgt3,0.15067013996890913
realgt3,0.1587824313500395
realgt3,0.14804805503846774
realgt3,0.14853901977324485
realgt3,0.1521620670921108
realgt3,0.15974370189275103
realgt3,0.15974370189275106
realgt3,0.14853901977324485
realgt3,0.1398337261465098
realgt3,0.13753479663329876
realgt3,0.15277153452559447
realgt3,0.1641309399687696
realgt3,0.14853901977324485
realgt3,0.14637687560588997
realgt3,0.14367646026599032
realgt3,0.16077783176944588
realgt3,0.16840392102223622
realgt3,0.1587824313500395
realgt3,0.1641309399687696
realgt3,0.15523251957553347
realgt3,0.13753479663329876
realgt3,0.1641309399687696
realgt3,0.156296500369818
realgt3,0.14367646026599032
realgt3,0.1621768009672703
realgt3,0.1516828298365401
realgt3,0.14956613983173644
realgt3,0.15974370189275106
realgt3,0.14367646026599032
realgt3,0.1521620670921108
realgt3,0.1516828298365401
realgt3,0.14804805503846774
realgt3,0.15424313710761417
realgt3,0.1587824313500395
realgt3,0.15676163377043428
realgt3,0.16840392102223622
realgt3,0.1531648930098348
realgt3,0.15773521994578724
realgt3,0.1420954666802264
realgt3,0.1587824313500395
realgt3,0.15067013996890913
realgt3,0.15974370189275103
realgt3,0.15523251957553347
realgt3,0.14587863420535216
realgt3,0.1587824313500395
realgt3,0.156296500369818
realgt3,0.1587824313500395
realgt3,0.15067013996890913
realgt3,0.15067013996890913
realgt3,0.14741906084734194
realgt3,0.1641309399687696
realgt3,0.14587863420535216
realgt3,0.15424313710761417
realgt3,0.15424313710761417
realgt3,0.15424313710761417
realgt3,0.1621768009672703
realgt3,0.1516828298365401
realgt3,0.156296500369818
realgt3,0.1631180693882432
realgt3,0.1621768009672703
realgt3,0.13753479663329876
realgt3,0.13519678103382718
realgt3,0.15773521994578724
realgt3,0.1587824313500395
realgt3,0.1587824313500395
realgt3,0.13753479663329876
realgt3,0.14367646026599032
realgt3,0.14853901977324485
realgt3,0.15067013996890913
realgt3,0.16077783176944588
realgt3,0.1587824313500395
realgt3,0.15424313710761417
realgt3,0.15424313710761417
realgt3,0.14367646026599032
realgt3,0.141440003363654
realgt3,0.1621768009672703
realgt3,0.17160808513065803
realgt3,0.14587863420535216
realgt3,0.15974370189275103
realgt3,0.15974370189275103
realgt3,0.14853901977324485
realgt3,0.14956613983173644
realgt3,0.156296500369818
realgt3,0.1621768009672703
realgt3,0.16741690393021683
realgt3,0.16840392102223622
realgt3,0.14367646026599032
realgt3,0.15424313710761417
realgt3,0.15773521994578724
realgt3,0.15974370189275103
realgt3,0.14587863420535216
realgt3,0.15974370189275103
realgt3,0.1521620670921108
realgt3,0.1641309399687696
realgt3,0.1621768009672703
realgt3,0.1641309399687696
realgt3,0.156296500369818
realgt3,0.156296500369818
realgt3,0.14587863420535216
realgt3,0.156296500369818
realgt3,0.15773521994578724
realgt3,0.15523251957553347
realgt3,0.16840392102223622
realgt3,0.1641309399687696
realgt3,0.1527715345255945
realgt3,0.1516828298365401
realgt3,0.13753479663329876
realgt3,0.14587863420535216
realgt3,0.14956613983173644
realgt3,0.16840392102223622
realgt3,0.15676163377043428
realgt3,0.14804805503846774
realgt3,0.1398337261465098
realgt3,0.16741690393021683
realgt3,0.1607778317694459
realgt3,0.17569931713823736
realgt3,0.15676163377043428
realgt3,0.14587863420535216
realgt3,0.15676163377043428
realgt3,0.1621768009672703
realgt3,0.15067013996890913
realgt3,0.1420954666802264
realgt3,0.14741906084734194
realgt3,0.14853901977324485
realgt3,0.1516828298365401
realgt3,0.14367646026599032
realgt3,0.14367646026599032
realgt3,0.1542431371076142
realgt3,0.15974370189275106
realgt3,0.15067013996890913
realgt3,0.15067013996890913
realgt3,0.15067013996890913
realgt3,0.1521620670921108
realgt3,0.141440003363654
realgt3,0.15773521994578724
realgt3,0.1587824313500395
realgt3,0.1587824313500395
realgt3,0.15424313710761417
realgt3,0.15974370189275103
realgt3,0.16741690393021683
realgt3,0.141440003363654
realgt3,0.15974370189275106
realgt3,0.1521620670921108
realgt3,0.1542431371076142
realgt3,0.15277153452559447
realgt3,0.15773521994578724
realgt3,0.1542431371076142
realgt3,0.1521620670921108
realgt3,0.1621768009672703
realgt3,0.14587863420535216
realgt3,0.16077783176944588
realgt3,0.1641309399687696
realgt3,0.15067013996890913
realgt3,0.14956613983173644
realgt3,0.15067013996890913
realgt3,0.15424313710761417
realgt3,0.16840392102223622
realgt3,0.15974370189275103
realgt3,0.15067013996890913
realgt3,0.15523251957553347
realgt3,0.16741690393021683
realgt3,0.1531648930098348
realgt3,0.1641309399687696
realgt3,0.15974370189275106
realgt3,0.1521620670921108
realgt3,0.14367646026599032
realgt3,0.15523251957553347
realgt3,0.15424313710761417
realgt3,0.1641309399687696
realgt3,0.14587863420535216
realgt3,0.15067013996890913
realgt3,0.1521620670921108
realgt3,0.1621768009672703
realgt3,0.16077783176944588
realgt3,0.1521620670921108
realgt3,0.15773521994578724
realgt3,0.1641309399687696
realgt3,0.15773521994578724
realgt3,0.156296500369818
realgt3,0.14956613983173644
realgt3,0.1398337261465098
realgt3,0.14587863420535216
realgt3,0.15523251957553347
realgt3,0.1398337261465098
realgt3,0.14804805503846774
realgt3,0.15676163377043428
realgt3,0.1521620670921108
realgt3,0.17160808513065803
realgt3,0.13519678103382718
realgt3,0.16077783176944588
realgt3,0.1587824313500395
realgt3,0.156296500369818
realgt3,0.15773521994578724
realgt3,0.15676163377043426
realgt3,0.15067013996890913
realgt3,0.1621768009672703
realgt3,0.1531648930098348
realgt3,0.14853901977324485
realgt3,0.16077783176944588
realgt3,0.13753479663329876
realgt3,0.1587824313500395
realgt3,0.15067013996890913
realgt3,0.15870283362409124
realgt3,0.1607778317694459
realgt3,0.15676163377043428
realgt3,0.15870283362409124
realgt3,0.1420954666802264
realgt3,0.1587824313500395
realgt3,0.1542431371076142
realgt3,0.1607778317694459
realgt3,0.1398337261465098
realgt3,0.15067013996890913
realgt3,0.14853901977324485
realgt3,0.15974370189275103
realgt3,0.14853901977324485
realgt3,0.14367646026599032
realgt3,0.1631180693882432
realgt3,0.15424313710761417
realgt3,0.1641309399687696
realgt3,0.1420954666802264
realgt3,0.16840392102223622
realgt3,0.15067013996890913
realgt3,0.14637687560588997
realgt3,0.1531648930098348
realgt3,0.15424313710761417
realgt3,0.156296500369818
realgt3,0.156296500369818
realgt3,0.15067013996890913
realgt3,0.14367646026599032
realgt3,0.15424313710761417
realgt3,0.14853901977324485
realgt3,0.1641309399687696
realgt3,0.1531648930098348
realgt3,0.14367646026599032
realgt3,0.14956613983173644
realgt3,0.13753479663329876
realgt3,0.156296500369818
realgt3,0.156296500369818
realgt3,0.14367646026599032
realgt3,0.14956613983173644
realgt3,0.1587824313500395
realgt3,0.15974370189275103
realgt3,0.14853901977324485
realgt3,0.1641309399687696
realgt3,0.156296500369818
realgt3,0.15773521994578724
realgt3,0.15424313710761417
realgt3,0.14637687560588997
realgt3,0.1621768009672703
realgt3,0.1420954666802264
realgt3,0.1516828298365401
realgt3,0.15067013996890913
realgt3,0.14853901977324485
realgt3,0.1641309399687696
realgt3,0.1641309399687696
realgt3,0.15424313710761417
realgt3,0.14587863420535216
realgt3,0.1420954666802264
realgt3,0.14853901977324485
realgt3,0.15424313710761417
realgt3,0.141440003363654
realgt3,0.14367646026599032
realgt3,0.15424313710761417
realgt3,0.1621768009672703
realgt3,0.1641309399687696
realgt3,0.1621768009672703
realgt3,0.1641309399687696
realgt3,0.1398337261465098
realgt3,0.156296500369818
realgt3,0.14367646026599032
realgt3,0.16840392102223622
realgt3,0.15773521994578724
realgt3,0.15067013996890913
realgt3,0.14956613983173644
realgt3,0.16077783176944588
realgt3,0.1587824313500395
realgt3,0.1587824313500395
realgt3,0.1398337261465098
realgt3,0.16077783176944588
realgt3,0.1420954666802264
realgt3,0.15974370189275103
realgt3,0.1587824313500395
realgt3,0.14432176666783697
realgt3,0.15676163377043428
realgt3,0.14587863420535216
realgt3,0.14367646026599032
realgt3,0.1398337261465098
realgt3,0.17160808513065803
realgt3,0.1521620670921108
realgt3,0.16741690393021683
realgt3,0.15067013996890913
realgt3,0.14587863420535216
realgt3,0.14587863420535216
realgt3,0.1621768009672703
realgt3,0.1398337261465098
realgt3,0.1607778317694459
realgt3,0.15974370189275103
realgt3,0.15424313710761417
realgt3,0.1531648930098348
realgt3,0.15773521994578724
realgt3,0.14637687560588997
realgt3,0.1527715345255945
realgt3,0.15773521994578724
realgt3,0.156296500369818
realgt3,0.15067013996890913
realgt3,0.156296500369818
realgt3,0.16077783176944588
realgt3,0.16649993973755464
realgt3,0.15067013996890913
realgt3,0.17160808513065803
realgt3,0.15523251957553347
realgt3,0.15424313710761417
realgt3,0.156296500369818
realgt3,0.14853901977324485
realgt3,0.1516828298365401
realgt3,0.14853901977324485
realgt3,0.14367646026599032
realgt3,0.15424313710761417
realgt3,0.15424313710761417
realgt3,0.15773521994578724
realgt3,0.14367646026599032
realgt3,0.16649993973755464
realgt3,0.15676163377043426
realgt3,0.15424313710761417
realgt3,0.15424313710761417
realgt3,0.1641309399687696
realgt3,0.15773521994578724
realgt3,0.1641309399687696
realgt3,0.1398337261465098
realgt3,0.17160808513065803
realgt3,0.16077783176944588
realgt3,0.14741906084734194
realgt3,0.14956613983173644
realgt3,0.15974370189275103
realgt3,0.1521620670921108
realgt3,0.1631180693882432
realgt3,0.14587863420535216
realgt3,0.14956613983173644
realgt3,0.16741690393021683
realgt3,0.1420954666802264
realgt3,0.1398337261465098
realgt3,0.15676163377043428
realgt3,0.15974370189275103
realgt3,0.1587824313500395
realgt3,0.16741690393021683
realgt3,0.1420954666802264
realgt3,0.15773521994578724
realgt3,0.14804805503846774
realgt3,0.15424313710761417
realgt3,0.14367646026599032
realgt3,0.16840392102223622
realgt3,0.1587824313500395
realgt3,0.15067013996890913
realgt3,0.1398337261465098
realgt3,0.156296500369818
realgt3,0.1641309399687696
realgt3,0.156296500369818
realgt3,0.15067013996890913
realgt3,0.14367646026599032
realgt3,0.15773521994578724
realgt3,0.1527715345255945
realgt3,0.15424313710761417
realgt3,0.15523251957553347
realgt3,0.15424313710761417
realgt3,0.15773521994578724
realgt3,0.1531648930098348
realgt3,0.16840392102223622
realgt3,0.14587863420535216
realgt3,0.14853901977324485
realgt3,0.15974370189275103
realgt3,0.14587863420535216
realgt3,0.1587824313500395
realgt3,0.14804805503846774
realgt3,0.15974370189275106
realgt3,0.14741906084734194
realgt3,0.1516828298365401
realgt3,0.1587824313500395
realgt3,0.16649993973755464
realgt3,0.1587824313500395
realgt3,0.14637687560588997
realgt3,0.1587824313500395
realgt3,0.17160808513065803
realgt3,0.15277153452559447
realgt3,0.156296500369818
realgt3,0.1531648930098348
realgt3,0.1398337261465098
realgt3,0.156296500369818
realgt3,0.14637687560588997
realgt3,0.16741690393021683
realgt3,0.16741690393021683
realgt3,0.14367646026599032
realgt3,0.16840392102223622
realgt3,0.14804805503846774
realgt3,0.1587824313500395
realgt3,0.14804805503846774
realgt3,0.14367646026599032
realgt3,0.14741906084734194
realgt3,0.15424313710761417
realgt3,0.1521620670921108
realgt3,0.14587863420535216
realgt3,0.1587824313500395
realgt3,0.141440003363654
realgt3,0.141440003363654
realgt3,0.14804805503846774
realgt3,0.1621768009672703
realgt3,0.15067013996890913
realgt3,0.15974370189275103
realgt3,0.15067013996890913
realgt3,0.14367646026599032
realgt3,0.15974370189275103
realgt3,0.14587863420535216
realgt3,0.14853901977324485
realgt3,0.15424313710761417
realgt3,0.1587824313500395
realgt3,0.1641309399687696
realgt3,0.1631180693882432
realgt3,0.156296500369818
realgt3,0.1587824313500395
realgt3,0.14367646026599032
realgt3,0.15424313710761417
realgt3,0.14956613983173644
realgt3,0.16077783176944588
realgt3,0.13753479663329876
realgt3,0.15523251957553347
realgt3,0.17160808513065803
realgt3,0.1521620670921108
realgt3,0.15067013996890913
realgt3,0.156296500369818
realgt3,0.1621768009672703
realgt3,0.1398337261465098
realgt3,0.156296500369818
realgt3,0.15974370189275103
realgt3,0.14367646026599032
realgt3,0.14367646026599032
realgt3,0.1527715345255945
realgt3,0.1398337261465098
realgt3,0.16741690393021683
realgt3,0.15424313710761417
realgt3,0.14587863420535216
realgt3,0.1542431371076142
realgt3,0.14956613983173644
realgt3,0.1521620670921108
realgt3,0.141440003363654
realgt3,0.1641309399687696
realgt3,0.1521620670921108
realgt3,0.14367646026599032
realgt3,0.15067013996890913
realgt3,0.1398337261465098
realgt3,0.141440003363654
realgt3,0.14741906084734194
realgt3,0.15424313710761417
realgt3,0.14956613983173644
realgt3,0.1521620670921108
realgt3,0.15676163377043428
realgt3,0.17160808513065803
realgt3,0.156296500369818
realgt3,0.15067013996890913
realgt3,0.16741690393021683
realgt3,0.14367646026599032
realgt3,0.14741906084734194
realgt3,0.15424313710761417
realgt3,0.1607778317694459
realgt3,0.1398337261465098
realgt3,0.1631180693882432
realgt3,0.17160808513065803
realgt3,0.1420954666802264
realgt3,0.14956613983173644
realgt3,0.15424313710761417
realgt3,0.16741690393021683
realgt3,0.1542431371076142
realgt3,0.1641309399687696
realgt3,0.1641309399687696
realgt3,0.1521620670921108
realgt3,0.15676163377043426
realgt3,0.1398337261465098
realgt3,0.14367646026599032
realgt3,0.1607778317694459
realgt3,0.14432176666783697
realgt3,0.15773521994578724
realgt3,0.15424313710761417
realgt3,0.15424313710761417
realgt3,0.15773521994578724
realgt3,0.15523251957553347
realgt3,0.14367646026599032
realgt3,0.1516828298365401
realgt3,0.15773521994578724
realgt3,0.1641309399687696
realgt3,0.15676163377043426
realgt3,0.17160808513065803
realgt3,0.15424313710761417
realgt3,0.17160808513065803
realgt3,0.15424313710761417
realgt3,0.14367646026599032
realgt3,0.1587824313500395
realgt3,0.156296500369818
realgt3,0.156296500369818
realgt3,0.15424313710761417
realgt3,0.1587824313500395
realgt3,0.1516828298365401
realgt3,0.15676163377043428
realgt3,0.14587863420535216
realgt3,0.15773521994578724
realgt3,0.15067013996890913
realgt3,0.1631180693882432
realgt3,0.13753479663329876
realgt3,0.14853901977324485
realgt3,0.1631180693882432
realgt3,0.1587824313500395
realgt3,0.1420954666802264
realgt3,0.14637687560588997
realgt3,0.1607778317694459
realgt3,0.17569931713823736
realgt3,0.14587863420535216
realgt3,0.16840392102223622
realgt3,0.15067013996890913
realgt3,0.1631180693882432
realgt3,0.1516828298365401
realgt3,0.15974370189275103
realgt3,0.156296500369818
realgt3,0.16077783176944588
realgt3,0.1516828298365401
realgt3,0.1531648930098348
realgt3,0.1398337261465098
realgt3,0.1521620670921108
realgt3,0.14587863420535216
realgt3,0.15067013996890913
realgt3,0.14587863420535216
realgt3,0.17160808513065803
realgt3,0.1587824313500395
realgt3,0.15067013996890913
realgt3,0.1516828298365401
realgt3,0.1641309399687696
realgt3,0.15974370189275103
realgt3,0.1516828298365401
realgt3,0.1516828298365401
realgt3,0.15974370189275106
realgt3,0.1542431371076142
realgt3,0.14956613983173644
realgt3,0.13753479663329876
realgt3,0.14956613983173644
realgt3,0.1631180693882432
realgt3,0.15773521994578724
realgt3,0.1398337261465098
realgt3,0.14853901977324485
realgt3,0.15773521994578724
realgt3,0.14367646026599032
realgt3,0.1607778317694459
realgt3,0.14367646026599032
realgt3,0.156296500369818
realgt3,0.16741690393021683
realgt3,0.14432176666783697
realgt3,0.14956613983173644
realgt3,0.15424313710761417
realgt3,0.141440003363654
realgt3,0.16077783176944588
realgt3,0.15424313710761417
realgt3,0.1587824313500395
realgt3,0.14853901977324485
realgt3,0.1621768009672703
realgt3,0.15773521994578724
realgt3,0.156296500369818
realgt3,0.1516828298365401
realgt3,0.1621768009672703
realgt3,0.15676163377043426
realgt3,0.1542431371076142
realgt3,0.15067013996890913
realgt3,0.16649993973755464
realgt3,0.14853901977324485
realgt3,0.1521620670921108
realgt3,0.1641309399687696
realgt3,0.1521620670921108
realgt3,0.14853901977324485
realgt3,0.15523251957553347
realgt3,0.14587863420535216
realgt3,0.15067013996890913
realgt3,0.14853901977324485
realgt3,0.156296500369818
realgt3,0.15676163377043428
realgt3,0.1621768009672703
realgt3,0.156296500369818
realgt3,0.156296500369818
realgt3,0.15974370189275103
realgt3,0.14637687560588997
realgt3,0.14853901977324485
realgt3,0.15424313710761417
realgt3,0.1531648930098348
realgt3,0.1516828298365401
realgt3,0.1641309399687696
realgt3,0.16840392102223622
realgt3,0.15067013996890913
realgt3,0.1641309399687696
realgt3,0.16840392102223622
realgt3,0.14853901977324485
realgt3,0.15773521994578724
realgt3,0.1641309399687696
realgt3,0.15773521994578724
realgt3,0.1607778317694459
realgt3,0.1641309399687696
realgt3,0.14637687560588997
realgt3,0.15424313710761417
realgt3,0.1631180693882432
realgt3,0.16741690393021683
realgt3,0.14853901977324485
realgt3,0.14367646026599032
realgt3,0.1521620670921108
realgt3,0.1521620670921108
realgt3,0.1516828298365401
realgt3,0.14367646026599032
realgt3,0.156296500369818
realgt3,0.15424313710761417
realgt3,0.14587863420535216
realgt3,0.15773521994578724
realgt3,0.1521620670921108
realgt3,0.13753479663329876
realgt3,0.15424313710761417
realgt3,0.1398337261465098
realgt3,0.1521620670921108
realgt3,0.14956613983173644
realgt3,0.15424313710761417
realgt3,0.1621768009672703
realgt3,0.1420954666802264
realgt3,0.1521620670921108
realgt3,0.14587863420535216
realgt3,0.15424313710761417
realgt3,0.14367646026599032
realgt3,0.14587863420535216
realgt3,0.14956613983173644
realgt3,0.15424313710761417
realgt3,0.14804805503846774
realgt3,0.1398337261465098
realgt3,0.1527715345255945
realgt3,0.14804805503846774
realgt3,0.15424313710761417
realgt3,0.156296500369818
realgt3,0.14804805503846774
realgt3,0.1641309399687696
realgt3,0.156296500369818
realgt3,0.141440003363654
realgt3,0.14587863420535216
realgt3,0.14853901977324485
realgt3,0.1621768009672703
realgt3,0.15067013996890913
realgt3,0.1587824313500395
realgt3,0.1641309399687696
realgt3,0.16741690393021683
realgt3,0.1521620670921108
realgt3,0.15676163377043426
realgt3,0.15974370189275103
realgt3,0.14853901977324485
realgt3,0.15067013996890913
realgt3,0.15974370189275106
realgt3,0.15676163377043426
realgt3,0.14853901977324485
realgt3,0.141440003363654
realgt3,0.1527715345255945
realgt3,0.14587863420535216
realgt3,0.1398337261465098
realgt3,0.1641309399687696
realgt3,0.1641309399687696
realgt3,0.16741690393021683
realgt3,0.14804805503846774
realgt3,0.14853901977324485
realgt3,0.156296500369818
realgt3,0.1521620670921108
realgt3,0.15424313710761417
realgt3,0.1542431371076142
realgt3,0.1607778317694459
realgt3,0.15523251957553347
realgt3,0.1641309399687696
realgt3,0.16741690393021683
realgt3,0.14804805503846774
realgt3,0.156296500369818
realgt3,0.14367646026599032
realgt3,0.15067013996890913
realgt3,0.14853901977324485
realgt3,0.15424313710761417
realgt3,0.1641309399687696
realgt3,0.14956613983173644
realgt3,0.1631180693882432
realgt3,0.1587824313500395
realgt3,0.1531648930098348
realgt3,0.1521620670921108
realgt3,0.17160808513065803
realgt3,0.15773521994578724
realgt3,0.15424313710761417
realgt3,0.1587824313500395
realgt3,0.1641309399687696
realgt3,0.1641309399687696
realgt3,0.1631180693882432
realgt3,0.1521620670921108
realgt3,0.14367646026599032
realgt3,0.1621768009672703
realgt3,0.14956613983173644
realgt3,0.1621768009672703
realgt3,0.1621768009672703
realgt3,0.17569931713823736
realgt3,0.1516828298365401
realgt3,0.14367646026599032
realgt3,0.15277153452559447
realgt3,0.14956613983173644
realgt3,0.15424313710761417
realgt3,0.15974370189275103
realgt3,0.15424313710761417
realgt3,0.15424313710761417
realgt3,0.1587824313500395
realgt3,0.1516828298365401
realgt3,0.1621768009672703
realgt3,0.1516828298365401
realgt3,0.15424313710761417
realgt3,0.14853901977324485
realgt3,0.1527715345255945
realgt3,0.14956613983173644
realgt3,0.1521620670921108
realgt3,0.1398337261465098
realgt3,0.14956613983173644
realgt3,0.1641309399687696
realgt3,0.15424313710761417
realgt3,0.14637687560588997
realgt3,0.1420954666802264
realgt3,0.14741906084734194
realgt3,0.1527715345255945
realgt3,0.1621768009672703
realgt3,0.156296500369818
realgt3,0.1587824313500395
realgt3,0.156296500369818
realgt3,0.15773521994578724
realgt3,0.1521620670921108
realgt3,0.17160808513065803
realgt3,0.1587824313500395
realgt3,0.1527715345255945
realgt3,0.14367646026599032
realgt3,0.14956613983173644
realgt3,0.14956613983173644
realgt3,0.15974370189275103
realgt3,0.16741690393021683
realgt3,0.14367646026599032
realgt3,0.1531648930098348
realgt3,0.15974370189275106
realgt3,0.14956613983173644
realgt3,0.1516828298365401
realgt3,0.14587863420535216
realgt3,0.156296500369818
realgt3,0.16741690393021683
realgt3,0.14587863420535216
realgt3,0.1641309399687696
realgt3,0.15523251957553347
realgt3,0.15067013996890913
realgt3,0.1587824313500395
realgt3,0.1621768009672703
realgt3,0.15067013996890913
realgt3,0.1587824313500395
realgt3,0.156296500369818
realgt3,0.1641309399687696
realgt3,0.14956613983173644
realgt3,0.156296500369818
realgt3,0.15277153452559447
realgt3,0.15974370189275103
realgt3,0.156296500369818
realgt3,0.15676163377043428
realgt3,0.16649993973755464
realgt3,0.1398337261465098
realgt3,0.1587824313500395
realgt3,0.15974370189275103
realgt3,0.14587863420535216
realgt3,0.15974370189275103
realgt3,0.15974370189275103
realgt3,0.1641309399687696
realgt3,0.16741690393021683
realgt3,0.1631180693882432
realgt3,0.156296500369818
realgt3,0.1587824313500395
realgt3,0.15424313710761417
realgt3,0.14741906084734194
realgt3,0.15277153452559447
realgt3,0.1521620670921108
realgt3,0.13753479663329876
realgt3,0.15424313710761417
realgt3,0.15773521994578724
realgt3,0.14587863420535216
realgt3,0.15067013996890913
realgt3,0.14637687560588997
realgt3,0.15676163377043428
realgt3,0.14587863420535216
realgt3,0.14853901977324485
realgt3,0.14367646026599032
realgt3,0.15424313710761417
realgt3,0.1521620670921108
realgt3,0.1641309399687696
realgt3,0.14587863420535216
realgt3,0.15067013996890913
realgt3,0.15523251957553347
realgt3,0.1631180693882432
realgt3,0.15676163377043428
realgt3,0.156296500369818
realgt3,0.1641309399687696
realgt3,0.14367646026599032
realgt3,0.15277153452559447
realgt3,0.14956613983173644
realgt3,0.1521620670921108
realgt3,0.17569931713823736
realgt3,0.14587863420535216
realgt3,0.16840392102223622
realgt3,0.15424313710761417
realgt3,0.15523251957553347
realgt3,0.15974370189275103
realgt3,0.17160808513065803
realgt3,0.16840392102223622
realgt3,0.14804805503846774
realgt3,0.1631180693882432
realgt3,0.15676163377043428
realgt3,0.1398337261465098
realgt3,0.14956613983173644
realgt3,0.15974370189275103
realgt3,0.1641309399687696
realgt3,0.141440003363654
realgt3,0.141440003363654
realgt3,0.14853901977324485
realgt3,0.14637687560588997
realgt3,0.15974370189275106
realgt3,0.14853901977324485
realgt3,0.14587863420535216
realgt3,0.16077783176944588
realgt3,0.14587863420535216
realgt3,0.1607778317694459
realgt3,0.1521620670921108
realgt3,0.1542431371076142
realgt3,0.156296500369818
realgt3,0.14367646026599032
realgt3,0.14367646026599032
realgt3,0.14956613983173644
realgt3,0.15424313710761417
realgt3,0.15773521994578724
realgt3,0.15067013996890913
realgt3,0.1621768009672703
realgt3,0.1398337261465098
realgt3,0.14956613983173644
realgt3,0.14587863420535216
realgt3,0.1621768009672703
realgt3,0.1420954666802264
realgt3,0.1587824313500395
realgt3,0.14956613983173644
realgt3,0.14367646026599032
realgt3,0.1398337261465098
realgt3,0.15067013996890913
realgt3,0.15424313710761417
realgt3,0.14853901977324485
realgt3,0.15676163377043428
realgt3,0.14432176666783697
realgt3,0.1641309399687696
realgt3,0.15974370189275103
realgt3,0.1542431371076142
realgt3,0.1641309399687696
realgt3,0.14367646026599032
realgt3,0.15676163377043426
realgt3,0.15676163377043428
realgt3,0.156296500369818
realgt3,0.156296500369818
realgt3,0.15424313710761417
realgt3,0.15773521994578724
realgt3,0.15974370189275103
realgt3,0.14587863420535216
realgt3,0.15067013996890913
realgt3,0.15676163377043428
realgt3,0.17160808513065803
realgt3,0.17569931713823736
realgt3,0.14956613983173644
realgt3,0.15523251957553347
realgt3,0.14367646026599032
realgt3,0.1621768009672703
realgt3,0.14367646026599032
realgt3,0.15773521994578724
realgt3,0.1521620670921108
realgt3,0.1521620670921108
realgt3,0.1607778317694459
realgt3,0.1521620670921108
realgt3,0.1420954666802264
realgt3,0.1621768009672703
realgt3,0.14367646026599032
realgt3,0.15974370189275103
realgt3,0.1521620670921108
realgt3,0.16649993973755464
realgt3,0.14587863420535216
realgt3,0.1587824313500395
realgt3,0.15067013996890913
realgt3,0.1527715345255945
realgt3,0.1531648930098348
realgt3,0.14853901977324485
realgt3,0.1521620670921108
realgt3,0.17160808513065803
realgt3,0.14741906084734194
realgt3,0.15523251957553347
realgt3,0.1398337261465098
realgt3,0.1607778317694459
realgt3,0.16741690393021683
realgt3,0.14956613983173644
realgt3,0.16840392102223622
realgt3,0.16741690393021683
realgt3,0.14587863420535216
realgt3,0.15424313710761417
realgt3,0.1587824313500395
realgt3,0.1621768009672703
realgt3,0.15424313710761417
realgt3,0.16840392102223622
realgt3,0.1641309399687696
realgt3,0.1641309399687696
realgt3,0.1631180693882432
realgt3,0.15067013996890913
realgt3,0.1587824313500395
realgt3,0.15424313710761417
realgt3,0.15067013996890913
realgt3,0.1621768009672703
realgt3,0.15067013996890913
realgt3,0.15424313710761417
realgt3,0.1398337261465098
realgt3,0.1641309399687696
realgt3,0.15773521994578724
realgt3,0.14741906084734194
realgt3,0.14367646026599032
realgt3,0.15773521994578724
realgt3,0.14956613983173644
realgt3,0.1531648930098348
realgt3,0.15424313710761417
realgt3,0.16741690393021683
realgt3,0.16649993973755464
realgt3,0.14741906084734194
realgt3,0.156296500369818
realgt3,0.14853901977324485
realgt3,0.17569931713823736
realgt3,0.15424313710761417
realgt3,0.14853901977324485
realgt3,0.1587824313500395
realgt3,0.14741906084734194
realgt3,0.1641309399687696
realgt3,0.15773521994578724
realgt3,0.14741906084734194
realgt3,0.1621768009672703
realgt3,0.14587863420535216
realgt3,0.16741690393021683
realgt3,0.1521620670921108
realgt3,0.156296500369818
realgt3,0.14587863420535216
realgt3,0.14853901977324485
realgt3,0.1587824313500395
realgt3,0.15773521994578724
realgt3,0.16741690393021683
realgt3,0.15773521994578724
realgt3,0.16077783176944588
realgt3,0.16741690393021683
realgt3,0.1516828298365401
realgt3,0.1621768009672703
realgt3,0.15676163377043428
realgt3,0.1631180693882432
realgt3,0.15676163377043428
realgt3,0.16649993973755464
realgt3,0.1641309399687696
realgt3,0.156296500369818
realgt3,0.14637687560588997
realgt3,0.1587824313500395
realgt3,0.14432176666783697
realgt3,0.1398337261465098
realgt3,0.1521620670921108
realgt3,0.14367646026599032
realgt3,0.15424313710761417
realgt3,0.1587824313500395
realgt3,0.15424313710761417
realgt3,0.14853901977324485
realgt3,0.14637687560588997
realgt3,0.14587863420535216
realgt3,0.14804805503846774
realgt3,0.1631180693882432
realgt3,0.14367646026599032
realgt3,0.1621768009672703
realgt3,0.14956613983173644
realgt3,0.1621768009672703
realgt3,0.16649993973755464
realgt3,0.1587824313500395
realgt3,0.15773521994578724
realgt3,0.15974370189275103
realgt3,0.14367646026599032
realgt3,0.1516828298365401
realgt3,0.1587824313500395
realgt3,0.15067013996890913
realgt3,0.15676163377043428
realgt3,0.14804805503846774
realgt3,0.16741690393021683
realgt3,0.15424313710761417
realgt3,0.1516828298365401
realgt3,0.14741906084734194
realgt3,0.17160808513065803
realgt3,0.15424313710761417
realgt3,0.15676163377043428
realgt3,0.16741690393021683
realgt3,0.14956613983173644
realgt3,0.16840392102223622
realgt3,0.13753479663329876
realgt3,0.14367646026599032
realgt3,0.15974370189275103
realgt3,0.14367646026599032
realgt3,0.13753479663329876
realgt3,0.13753479663329876
realgt3,0.1521620670921108
realgt3,0.1542431371076142
realgt3,0.15067013996890913
realgt3,0.1516828298365401
realgt3,0.15773521994578724
realgt3,0.14853901977324485
realgt3,0.16741690393021683
realgt3,0.16649993973755464
realgt3,0.16741690393021683
realgt3,0.156296500369818
realgt3,0.15424313710761417
realgt3,0.15424313710761417
realgt3,0.15277153452559447
realgt3,0.14587863420535216
realgt3,0.14956613983173644
realgt3,0.1631180693882432
realgt3,0.1420954666802264
realgt3,0.1521620670921108
realgt3,0.14741906084734194
realgt3,0.14956613983173644
realgt3,0.14853901977324485
realgt3,0.1631180693882432
realgt3,0.16840392102223622
realgt3,0.14956613983173644
realgt3,0.16649993973755464
realgt3,0.14587863420535216
realgt3,0.16077783176944588
realgt3,0.14741906084734194
realgt3,0.15974370189275103
realgt3,0.156296500369818
realgt3,0.1621768009672703
realgt3,0.1521620670921108
realgt3,0.14367646026599032
realgt3,0.15424313710761417
realgt3,0.17569931713823736
realgt3,0.16840392102223622
realgt3,0.16649993973755464
realgt3,0.15424313710761417
realgt3,0.13753479663329876
realgt3,0.1521620670921108
realgt3,0.16741690393021683
realgt3,0.16840392102223622
realgt3,0.15277153452559447
realgt3,0.14956613983173644
realgt3,0.1641309399687696
realgt3,0.1398337261465098
realgt3,0.15424313710761417
realgt3,0.14853901977324485
realgt3,0.1607778317694459
realgt3,0.15424313710761417
realgt3,0.16077783176944588
realgt3,0.16741690393021683
realgt3,0.13753479663329876
realgt3,0.14587863420535216
realgt3,0.14367646026599032
realgt3,0.1398337261465098
realgt3,0.15974370189275106
realgt3,0.14367646026599032
realgt3,0.15974370189275103
realgt3,0.1521620670921108
realgt3,0.1641309399687696
realgt3,0.1631180693882432
realgt3,0.15974370189275103
realgt3,0.1516828298365401
realgt3,0.14367646026599032
realgt3,0.15067013996890913
realgt3,0.14804805503846774
realgt3,0.17569931713823736
realgt3,0.15424313710761417
realgt3,0.1521620670921108
realgt3,0.15974370189275103
realgt3,0.15974370189275103
realgt3,0.141440003363654
realgt3,0.1531648930098348
realgt3,0.14587863420535216
realgt3,0.1621768009672703
realgt3,0.1531648930098348
realgt3,0.1641309399687696
realgt3,0.14956613983173644
realgt3,0.16649993973755464
realgt3,0.14853901977324485
realgt3,0.1621768009672703
realgt3,0.1527715345255945
realgt3,0.14367646026599032
realgt3,0.13753479663329876
realgt3,0.1587824313500395
realgt3,0.15974370189275103
realgt3,0.16741690393021683
realgt3,0.16840392102223622
realgt3,0.14956613983173644
realgt3,0.14367646026599032
realgt3,0.14804805503846774
realgt3,0.14587863420535216
realgt3,0.1587824313500395
realgt3,0.1542431371076142
realgt3,0.15676163377043428
realgt3,0.14956613983173644
realgt3,0.1621768009672703
realgt3,0.15067013996890913
realgt3,0.14853901977324485
realgt3,0.15424313710761417
realgt3,0.1398337261465098
realgt3,0.16649993973755464
realgt3,0.1521620670921108
realgt3,0.1521620670921108
realgt3,0.17160808513065803
realgt3,0.1542431371076142
realgt3,0.15773521994578724
realgt3,0.16741690393021683
realgt3,0.15773521994578724
realgt3,0.1398337261465098
realgt3,0.15067013996890913
realgt3,0.15424313710761417
realgt3,0.15424313710761417
realgt3,0.1587824313500395
realgt3,0.1621768009672703
realgt3,0.14367646026599032
realgt3,0.15773521994578724
realgt3,0.14853901977324485
realgt3,0.16649993973755464
realgt3,0.1527715345255945
realgt3,0.156296500369818
realgt3,0.15974370189275103
realgt3,0.15424313710761417
realgt3,0.1641309399687696
realgt3,0.1641309399687696
realgt3,0.1398337261465098
realgt3,0.14367646026599032
realgt3,0.14853901977324485
realgt3,0.15067013996890913
realgt3,0.1587824313500395
realgt3,0.15424313710761417
realgt3,0.1621768009672703
realgt3,0.1521620670921108
realgt3,0.15676163377043426
realgt3,0.15676163377043428
realgt3,0.1621768009672703
realgt3,0.14804805503846774
realgt3,0.14367646026599032
realgt3,0.15067013996890913
realgt3,0.1641309399687696
realgt3,0.15067013996890913
realgt3,0.14367646026599032
realgt3,0.15974370189275103
realgt3,0.1641309399687696
realgt3,0.141440003363654
realgt3,0.13753479663329876
realgt3,0.16741690393021683
realgt3,0.15676163377043428
realgt3,0.14637687560588997
realgt3,0.15676163377043428
realgt3,0.17569931713823736
realgt3,0.15773521994578724
realgt3,0.14587863420535216
realgt3,0.15424313710761417
realgt3,0.1531648930098348
realgt3,0.15773521994578724
realgt3,0.15424313710761417
realgt3,0.15424313710761417
realgt3,0.13753479663329876
realgt3,0.14853901977324485
realgt3,0.1542431371076142
realgt3,0.13753479663329876
realgt3,0.14853901977324485
realgt3,0.15424313710761417
realgt3,0.15067013996890913
realgt3,0.15067013996890913
realgt3,0.15974370189275103
realgt3,0.14956613983173644
realgt3,0.156296500369818
realgt3,0.15974370189275103
realgt3,0.1542431371076142
realgt3,0.16077783176944588
realgt3,0.15974370189275103
realgt3,0.14587863420535216
realgt3,0.1641309399687696
realgt3,0.156296500369818
realgt3,0.1521620670921108
realgt3,0.14956613983173644
realgt3,0.15676163377043428
realgt3,0.1398337261465098
realgt3,0.14587863420535216
realgt3,0.1587824313500395
realgt3,0.15870283362409124
realgt3,0.1521620670921108
realgt3,0.1521620670921108
realgt3,0.1607778317694459
