,B_Cells,CD4+_T_Cells,CD8+_T_Cells,DCIS_1,DCIS_2,Endothelial,IRF7+_DCs,Invasive_Tumor,LAMP3+_DCs,Macrophages_1,Macrophages_2,Mast_Cells,Myoepi_ACTA2+,Myoepi_KRT15+,Perivascular-Like,Prolif_Invasive_Tumor,Stromal,Stromal_&_T_Cell_Hybrid,T_Cell_&_Tumor_Hybrid
AACAGTCCACGCGGTG-1,6.8609360013538515e-15,6.8609360013538515e-15,6.8609360013538515e-15,1.0722333567688704e-08,5.382196012566486e-12,0.1269179400169634,6.8609360013538515e-15,0.29304804827518594,6.8609360013538515e-15,1.118984118622132e-12,0.09531685845531937,6.8609360013538515e-15,6.8609360013538515e-15,6.8609360013538515e-15,6.8609360013538515e-15,0.1601806917299298,0.3245364507926947,1.0036725306720125e-12,6.8609360013538515e-15
AACCGCCAGACTACTT-1,6.766994872806088e-15,6.766994872806088e-15,6.766994872806088e-15,6.766994872806088e-15,1.6413886230402152e-09,6.766994872806088e-15,6.766994872806088e-15,6.766994872806088e-15,6.766994872806088e-15,6.766994872806088e-15,4.68179476424285e-08,0.00030935803213362354,0.08667114630204954,0.03791447395561404,6.766994872806088e-15,6.766994872806088e-15,0.8751049732507787,6.766994872806088e-15,6.766994872806088e-15
AACCTGACAGTGCCGC-1,6.523890833922363e-15,6.523890833922363e-15,6.523890833922363e-15,6.523890833922363e-15,6.523890833922363e-15,8.302819223773609e-11,0.00047405588368166156,0.9633884035694888,6.523890833922363e-15,0.009610042797543211,0.010168254319677045,6.523890833922363e-15,6.523890833922363e-15,6.523890833922363e-15,6.523890833922363e-15,0.015661724515015026,0.0006975188314879193,6.523890833922363e-15,6.523890833922363e-15
AACGAATTGACCGGTT-1,0.0724167824786561,6.4947164485828664e-15,6.4947164485828664e-15,6.4947164485828664e-15,6.4947164485828664e-15,0.15173698953951004,0.05778059343940179,6.4947164485828664e-15,6.4947164485828664e-15,0.05550100882441141,0.11646650129659161,6.4947164485828664e-15,6.4947164485828664e-15,0.024537381471732417,2.7825143430119576e-07,6.4947164485828664e-15,0.521560464698191,6.4947164485828664e-15,6.4947164485828664e-15
AACGAGCCTCTTCGGC-1,6.712287540262246e-15,6.712287540262246e-15,6.712287540262246e-15,6.712287540262246e-15,6.712287540262246e-15,0.178777771541844,6.712287540262246e-15,0.42401805686484295,6.712287540262246e-15,6.712287540262246e-15,0.03278191785197358,6.712287540262246e-15,6.712287540262246e-15,6.712287540262246e-15,0.013430035087825497,0.1123157169304168,0.23867650172301028,6.712287540262246e-15,6.712287540262246e-15
AACGGCACAGAATATT-1,6.687920226277769e-15,6.687920226277769e-15,2.5560536943204227e-05,6.687920226277769e-15,6.687920226277769e-15,0.044462808549167974,0.008581776171990586,0.7588613846999612,6.687920226277769e-15,0.04194476828639103,0.030196503711939368,0.0010826614052443456,6.687920226277769e-15,6.687920226277769e-15,6.687920226277769e-15,0.08514829287637123,0.019754915040131354,0.008350571512101732,0.0015907572097046741
AACTCAACCTTGACCA-1,0.0060138641309918145,6.4842211565317116e-15,6.4842211565317116e-15,6.4842211565317116e-15,6.4842211565317116e-15,0.03771515776567782,6.4842211565317116e-15,6.4842211565317116e-15,6.4842211565317116e-15,0.004283486380100387,0.41303984320175335,0.003933997328568288,6.4842211565317116e-15,6.4842211565317116e-15,6.4842211565317116e-15,6.4842211565317116e-15,0.5350136511928242,6.4842211565317116e-15,6.4842211565317116e-15
AACTCACGGAGTACGT-1,0.07542489558253922,0.2603874386620034,2.0909529324054818e-06,6.129650143660873e-15,6.129650143660873e-15,0.1140747277530612,0.12236417452641196,6.129650143660873e-15,6.129650143660873e-15,0.07192194961161241,0.258197386221049,0.047634000941043204,0.002004048807707169,6.129650143660873e-15,6.129650143660873e-15,6.129650143660873e-15,0.0016309560045275565,0.046358330937063735,6.129650143660873e-15
AACTGCAATACGGATT-1,6.855470846238572e-15,2.086411296865675e-12,1.7965803568272011e-06,6.855470846238572e-15,6.855470846238572e-15,6.485068991940722e-06,0.003937348409497131,0.7357949068582698,0.0015253359556610508,0.016724105580390253,0.02003867947937405,0.008840537061853306,6.855470846238572e-15,6.855470846238572e-15,6.855470846238572e-15,0.15470109854489206,0.02472506058551957,0.012429075188046463,0.021275570685019982
AACTGCCTCGATAGGT-1,6.469821190388818e-15,6.469821190388818e-15,6.469821190388818e-15,6.469821190388818e-15,6.469821190388818e-15,0.024877013397344105,6.469821190388818e-15,6.469821190388818e-15,0.006774247644394984,6.469821190388818e-15,0.0203154097989406,6.469821190388818e-15,6.469821190388818e-15,0.0001962476225373784,1.6141732415528993e-08,4.310150594871411e-07,0.9478366343799135,6.469821190388818e-15,6.469821190388818e-15
AACTTGGTTACATAAC-1,0.05312304946978509,0.2558638194982298,0.06507878338891925,0.00026756971336009723,0.03723781391858594,0.23849150943621295,0.03241549124917981,0.0012213053596868894,0.038624098476472066,0.16220128024200003,9.228445946262008e-05,0.012122882743679345,1.7089210957556378e-07,6.3240026369509285e-15,0.008869420773016586,8.89795690047696e-13,0.04504925866940608,0.04933866557637646,2.5961326216432737e-06
AAGCAGCGGACACGTG-1,0.20485316937482353,6.4970140954764076e-15,0.022549243794439976,6.4970140954764076e-15,6.4970140954764076e-15,6.4970140954764076e-15,6.4970140954764076e-15,6.4970140954764076e-15,6.4970140954764076e-15,4.0977286504939e-12,0.12388690855216894,0.04195983979972876,2.1500206533429193e-08,6.4970140954764076e-15,6.4970140954764076e-15,6.4970140954764076e-15,0.6067356751594098,1.5141815053287902e-05,6.4970140954764076e-15
AAGCCACTATGTCTAA-1,6.445472618508151e-15,6.445472618508151e-15,1.0118736870543413e-06,6.445472618508151e-15,6.445472618508151e-15,0.07575240762598576,0.017526185436009624,0.4582741858447289,0.012324443091037493,0.024727324369242586,0.021340979398279447,0.005585912835692645,6.445472618508151e-15,6.445472618508151e-15,6.445472618508151e-15,2.907225988456868e-08,0.37681842766400087,3.0081790984671536e-08,0.007649062707239838
AAGGACCAACATGGCT-1,6.739783253543105e-15,6.739783253543105e-15,6.739783253543105e-15,6.739783253543105e-15,6.739783253543105e-15,6.739783253543105e-15,6.739783253543105e-15,0.8004191651396135,6.739783253543105e-15,6.739783253543105e-15,6.739783253543105e-15,6.739783253543105e-15,6.739783253543105e-15,6.739783253543105e-15,6.739783253543105e-15,0.19958083486027217,6.739783253543105e-15,6.739783253543105e-15,6.739783253543105e-15
AAGTCTGTCAATTCTT-1,2.351876584185865e-13,6.6578895103345235e-15,6.6578895103345235e-15,6.6578895103345235e-15,6.6578895103345235e-15,6.6578895103345235e-15,0.010815571223998245,6.6578895103345235e-15,1.4196970178156633e-08,6.6578895103345235e-15,0.24733901613062695,0.03650133299353837,6.6578895103345235e-15,6.6578895103345235e-15,6.6578895103345235e-15,6.6578895103345235e-15,0.7053440654545445,6.6578895103345235e-15,6.6578895103345235e-15
AAGTCTTAATAGAACT-1,0.008075747971701863,0.0014577054531339502,0.1057539308878268,6.5847952967283375e-15,6.5847952967283375e-15,0.15028793649387528,6.5847952967283375e-15,4.767686624247212e-05,6.5847952967283375e-15,0.16148218897288372,0.0006109706498795259,6.5847952967283375e-15,6.5847952967283375e-15,6.5847952967283375e-15,6.5847952967283375e-15,0.22422202946952574,0.17468193086240175,0.173271029998757,0.00010885237371945844
AAGTTCCTATTGCTGG-1,8.426216603378521e-11,6.34516245834507e-15,6.34516245834507e-15,6.34516245834507e-15,6.34516245834507e-15,6.34516245834507e-15,6.34516245834507e-15,6.34516245834507e-15,6.34516245834507e-15,6.34516245834507e-15,6.34516245834507e-15,0.00021454407292104553,0.6114244318710523,0.04692685505408093,6.34516245834507e-15,6.34516245834507e-15,0.3414341689175948,6.34516245834507e-15,6.34516245834507e-15
AATAACTCTACGATGT-1,0.20482832450080724,0.001797140177776893,0.03276320821856641,6.3886313436234665e-15,6.3886313436234665e-15,1.361457389983674e-11,0.15338824864883918,6.3886313436234665e-15,6.3886313436234665e-15,0.10503480780079232,0.10820431472563098,0.0011182566526367944,6.3886313436234665e-15,6.3886313436234665e-15,1.6620488181528826e-13,6.3886313436234665e-15,0.29159308685120333,0.10127261240991511,6.3886313436234665e-15
AATACGGTACGGCCTA-1,6.544417923830218e-15,0.22269925026137055,0.005469565108438831,6.544417923830218e-15,6.544417923830218e-15,0.13259651453738397,6.544417923830218e-15,0.34757674095811847,0.0370864371938381,0.0892658580397876,0.05345773552676362,0.0041942086080720255,3.88886855019e-09,6.544417923830218e-15,1.1166604437100883e-08,0.0031030947912365227,0.01636520550124538,0.08707232107810299,0.0011130533401362548
AATAGTTGGTGCTCAG-1,0.03915253028040363,6.8011827306336e-15,6.8011827306336e-15,6.8011827306336e-15,6.8011827306336e-15,0.03139504119745111,0.009707040742010177,6.8011827306336e-15,6.8011827306336e-15,6.8011827306336e-15,0.13053915926308154,0.042207165194415606,6.8011827306336e-15,6.8011827306336e-15,6.8011827306336e-15,2.933455141911548e-11,0.7469990632932217,6.8011827306336e-15,6.8011827306336e-15
AATCCGACCACGGTCC-1,0.0027592370096386223,6.6795289775424514e-15,6.6795289775424514e-15,0.7213367462880778,2.5651253797189238e-08,6.6795289775424514e-15,6.6795289775424514e-15,0.0008010840273154144,6.6795289775424514e-15,0.03332228103790308,0.0410556534610814,0.0009553609359345034,3.12147550313476e-11,0.19537346122828822,6.6795289775424514e-15,0.004396150329232446,6.6795289775424514e-15,6.6795289775424514e-15,6.6795289775424514e-15
AATCGAACGGACGGAG-1,0.11756771899042788,6.386477692980994e-15,6.386477692980994e-15,6.386477692980994e-15,6.386477692980994e-15,0.09679650137608063,0.013403728769568047,6.386477692980994e-15,6.386477692980994e-15,0.05965433085935992,0.04198538230769018,0.0027450155408342424,6.386477692980994e-15,6.386477692980994e-15,6.386477692980994e-15,6.386477692980994e-15,0.6678473221559625,6.386477692980994e-15,6.386477692980994e-15
AATCTGCGTTCCTTAC-1,0.025221345429634147,6.566815546627731e-15,6.566815546627731e-15,1.0206847217257563e-08,6.566815546627731e-15,0.0013398867587399298,0.0075704902628551994,0.5029029350560511,0.004753750830980271,0.006676789616672918,0.062250024672891764,6.566815546627731e-15,0.010854682459187642,6.566815546627731e-15,6.566815546627731e-15,0.12816360914582312,0.25026647556026427,6.566815546627731e-15,6.566815546627731e-15
AATTCTCAGACGCAAC-1,0.31940923004512384,0.051691005498402706,8.899476161490982e-07,6.143448825425148e-15,6.143448825425148e-15,6.143448825425148e-15,0.07618756460451952,6.143448825425148e-15,6.143448825425148e-15,1.6663399596875898e-07,0.20516960377634264,0.004845978658097843,6.143448825425148e-15,6.143448825425148e-15,6.143448825425148e-15,0.004074703166285129,0.3178925811388503,0.020728276530710844,6.143448825425148e-15
ACAACGTGAATTCACG-1,6.933898380712809e-15,6.297357019774965e-13,6.933898380712809e-15,6.933898380712809e-15,6.933898380712809e-15,0.0670564379016133,0.002468916944185085,0.643534194129931,6.933898380712809e-15,0.016551004713332346,0.017308675336237637,6.933898380712809e-15,6.933898380712809e-15,0.0009026965718926983,6.933898380712809e-15,0.1600245780599178,0.09215347047298339,2.5869214791982552e-08,6.933898380712809e-15
ACAACGTGGAGCTACT-1,0.11968861136010218,0.136476448744113,0.07743022444497483,6.0367274244146804e-15,6.0367274244146804e-15,0.022400031415188298,4.235293762509473e-12,6.0367274244146804e-15,3.1765457403375397e-13,0.22416496033888117,0.28413487119448894,0.00534766276369867,6.0367274244146804e-15,6.0367274244146804e-15,6.0367274244146804e-15,6.0367274244146804e-15,0.12676439732903877,0.003592792404913056,6.0367274244146804e-15
ACAGGCCTTCTAATGC-1,6.9282514967594575e-15,6.9282514967594575e-15,6.9282514967594575e-15,6.9282514967594575e-15,6.9282514967594575e-15,0.1325208375020964,6.9282514967594575e-15,0.44121151935184566,6.9282514967594575e-15,4.5024714810961554e-14,0.08290664036864363,6.9282514967594575e-15,6.9282514967594575e-15,6.9282514967594575e-15,0.021914721886547563,0.07477690275735507,0.24666937794855723,6.9282514967594575e-15,1.8483332071503245e-10
ACAGGTTCAGTGAACG-1,0.075952640199492,6.523388530587091e-15,6.523388530587091e-15,6.523388530587091e-15,6.523388530587091e-15,6.523388530587091e-15,0.00021009483414516757,6.523388530587091e-15,6.523388530587091e-15,0.1996907961504619,0.03643581405427051,6.523388530587091e-15,0.0009917902893274181,0.010706229316896852,6.523388530587091e-15,6.523388530587091e-15,0.6760126351553278,6.523388530587091e-15,6.523388530587091e-15
ACAGTATGCCTGGATG-1,6.674255268044171e-15,6.674255268044171e-15,6.674255268044171e-15,0.08064569008179649,0.06802401123919745,1.4024229647571032e-11,6.674255268044171e-15,0.8402756262925571,6.674255268044171e-15,6.674255268044171e-15,6.674255268044171e-15,6.674255268044171e-15,0.011054671966068463,6.674255268044171e-15,6.674255268044171e-15,4.062699260575732e-10,6.674255268044171e-15,6.674255268044171e-15,6.674255268044171e-15
ACATCGGCTTACAAGG-1,0.07919371881930799,4.465574727520104e-08,2.557749690529848e-12,6.129262568102656e-15,6.129262568102656e-15,0.12293629949724896,0.02606582242325718,6.129262568102656e-15,0.0001673452797555072,2.650502098088533e-12,0.32654964991939767,6.129262568102656e-15,6.129262568102656e-15,6.129262568102656e-15,0.03564819343410822,6.129262568102656e-15,0.40927558151244464,0.00016334445347528572,6.129262568102656e-15
ACCAATGAGCCTCATC-1,0.08431506616341629,0.19587337943548694,0.0006843599063800202,6.311573432056182e-15,6.311573432056182e-15,0.01591835312662225,6.311573432056182e-15,6.311573432056182e-15,1.2393696618285505e-07,0.18307441556212076,0.3094894680232284,0.050814305164961306,6.311573432056182e-15,6.311573432056182e-15,6.311573432056182e-15,6.311573432056182e-15,0.14212354155687257,0.017706987123888566,6.311573432056182e-15
ACCACGGATCCGGATA-1,2.8932910982625693e-07,6.550055826142762e-15,6.550055826142762e-15,0.5323944413137198,9.861300004539621e-15,0.057377213939327744,1.1363212511577569e-11,0.0001414808702117212,6.550055826142762e-15,3.85661413190341e-09,0.026067148987297756,0.01712766492894396,0.21662969487235723,0.004226540044885531,6.744817048669449e-11,6.550055826142762e-15,0.14603552171752962,6.11483875330079e-11,6.550055826142762e-15
ACCAGTATGAAGTTCC-1,0.192483018299647,0.0039624214688410335,0.07093236809991552,6.4539382758923054e-15,6.4539382758923054e-15,6.4539382758923054e-15,0.09674953399457777,6.4539382758923054e-15,6.4539382758923054e-15,0.18447416017197182,0.09359761889130641,0.00012536357798230904,6.4539382758923054e-15,6.4539382758923054e-15,6.4539382758923054e-15,6.4539382758923054e-15,0.21557534092780828,0.14210017456788537,6.4539382758923054e-15
ACCTCCACAGCTACGT-1,4.4469487812375885e-08,0.00039455026469428556,1.1552569382506617e-14,6.891400137933577e-15,6.891400137933577e-15,0.09940078261863276,0.012048176104771284,0.6846103482388398,6.891400137933577e-15,0.00721401575504949,0.04430197570070486,0.002128644251823394,6.891400137933577e-15,6.891400137933577e-15,0.003832009358894254,0.018434692765647562,0.04504472381017712,0.08258607509442972,3.96156680152723e-06
ACCTGAGCAGGACCGC-1,0.0020549099652124765,7.342961517749481e-15,6.777598527733179e-15,0.8285808710360705,4.5371458226295637e-10,0.03727803600579356,0.011264132176053139,0.002451606728315339,6.777598527733179e-15,6.777598527733179e-15,0.004585751911371375,6.777598527733179e-15,0.08683282903885778,0.008900602225513825,2.4303042861328024e-12,5.946806086737641e-08,0.01803820072022951,1.3000268153226116e-05,1.891048003064738e-13
ACCTGCACTAGATGGC-1,0.0006807031573753266,0.008343839277190448,6.125267370703066e-07,6.718006934822577e-15,6.718006934822577e-15,3.894157680824735e-14,4.944711845174539e-13,0.874572217211115,3.145402208375929e-10,0.025805170791537758,0.039460416957579326,0.007283692032016739,6.718006934822577e-15,6.718006934822577e-15,6.718006934822577e-15,0.03344387579258383,0.0061449422374738666,0.003164672542814666,0.0010998571584689568
ACCTGCTTGAGCCTGG-1,6.4950498001662214e-15,7.1657408740726165e-12,0.03256273303340607,6.4950498001662214e-15,6.4950498001662214e-15,0.18179569722132474,6.4950498001662214e-15,0.1768997445779586,6.4950498001662214e-15,6.4950498001662214e-15,0.1185098852525016,0.005556852696119181,6.4950498001662214e-15,6.4950498001662214e-15,0.06641378131733335,0.05263758784615199,0.3656233901892992,3.0895393160346225e-08,2.969632944738125e-07
ACCTGTGGCGCTGCAA-1,0.19923377323533714,6.488142619876244e-15,6.488142619876244e-15,0.06042845200922127,8.543551418753663e-15,0.10001124408216935,6.488142619876244e-15,2.4035530166175495e-14,6.488142619876244e-15,6.488142619876244e-15,0.06479806747996222,6.488142619876244e-15,0.04982105753477909,0.00011039807881746897,6.488142619876244e-15,2.1798454519163957e-06,0.5255948277341709,6.488142619876244e-15,6.488142619876244e-15
ACGACTGAAGACTTAC-1,0.02040416120035911,1.238083378463332e-11,0.004519658397718597,6.561762282313057e-15,6.561762282313057e-15,6.561762282313057e-15,0.01881323445722797,6.561762282313057e-15,6.561762282313057e-15,1.3280235366837512e-10,0.07125779287686049,6.561762282313057e-15,6.561762282313057e-15,6.561762282313057e-15,6.561762282313057e-15,6.561762282313057e-15,0.8639254370796701,0.021079715842908506,6.561762282313057e-15
ACGCAAGGCATAAGTC-1,6.447901831838209e-15,6.447901831838209e-15,6.447901831838209e-15,9.3510208105849e-15,6.447901831838209e-15,0.058280031130853345,6.447901831838209e-15,0.8748514275370377,6.447901831838209e-15,3.5652974722627877e-10,0.023273817647276703,6.447901831838209e-15,6.447901831838209e-15,6.447901831838209e-15,0.014192410950125946,0.006425127860796261,0.02297718451729994,6.447901831838209e-15,6.447901831838209e-15
ACGCGTTCCAGCCTTC-1,6.722200869027333e-15,6.722200869027333e-15,6.722200869027333e-15,6.722200869027333e-15,6.722200869027333e-15,0.04628709085305795,6.722200869027333e-15,0.8622981826796706,6.722200869027333e-15,0.009518533327092208,0.007449860474027347,6.722200869027333e-15,6.722200869027333e-15,0.0012642247540898877,0.0073010946569109034,0.0623570163006151,0.0035239969544621427,6.722200869027333e-15,6.722200869027333e-15
ACGTTAATACAATGAC-1,0.013148148487696451,6.06142304850299e-07,3.3679161790595543e-10,0.1371895991775475,0.21170916855534555,0.007105140027770302,6.6460278179086375e-15,4.3890169331717084e-12,0.0018575516921323454,0.005600852435256273,6.6460278179086375e-15,6.6460278179086375e-15,0.25833444891160967,1.6245015836829216e-06,0.0065793249201959916,6.6460278179086375e-15,0.34301495074889,0.015458584058354345,1.0560035246679873e-13
ACTACAATGACCGTAA-1,6.946811176720412e-15,3.746430664952426e-06,3.8084053520862654e-10,1.5394632242374572e-11,1.2966182646936615e-14,0.046372250692051135,6.946811176720412e-15,0.5623667063839022,0.00465362788539475,0.040796285403915056,1.8987459909634457e-06,6.946811176720412e-15,6.946811176720412e-15,6.946811176720412e-15,1.443004231144011e-09,0.22272422356428365,0.059086700752055896,0.03253700899236931,0.031457549310085355
ACTCCTATGTTCCTAC-1,6.394655625918915e-15,0.06939774991412473,6.394655625918915e-15,6.394655625918915e-15,6.394655625918915e-15,0.1795411754122904,6.394655625918915e-15,6.394655625918915e-15,6.394655625918915e-15,0.07936213034756623,0.2816394646129215,0.022304713588168063,0.009284279903358597,6.394655625918915e-15,6.394655625918915e-15,0.0035565475833031442,0.3549139345506129,4.087590686892336e-09,6.394655625918915e-15
ACTCGAGTCCAAGTTG-1,0.011223098373406026,6.709216014607583e-15,5.3209377095714624e-05,0.2512657419990741,0.4660040913435141,0.03656825173456692,6.709216014607583e-15,1.2376902568934335e-05,0.00456271491597257,1.0585530885539557e-07,1.7791119793687817e-08,6.709216014607583e-15,0.06011908938518929,6.709216014607583e-15,8.212283886544475e-11,0.028710388220735884,0.1389515167336896,1.197139962370337e-12,0.0025293972844116176
ACTGACTCTGCTGGCC-1,6.701034343451068e-15,6.701034343451068e-15,6.701034343451068e-15,6.701034343451068e-15,6.701034343451068e-15,0.031309740945757863,0.004195027579748053,0.7180627252655718,6.701034343451068e-15,0.08634725092617337,0.0010891732383052368,1.3809598570800964e-09,6.701034343451068e-15,1.1580148672208223e-07,6.701034343451068e-15,0.10326804754278184,0.055723549738862344,6.701034343451068e-15,4.367580292656161e-06
ACTGAGCGATTACTAA-1,7.005812774052241e-15,0.0028867574160912632,0.00016192964430230663,0.8016362416564434,1.0502244629979658e-08,7.005812774052241e-15,0.0029219067944531167,0.11863386575032396,7.005812774052241e-15,6.757485650317724e-06,0.004502595890547706,0.0018577169597471985,7.005812774052241e-15,0.05787622869439845,7.005812774052241e-15,1.1530476885113438e-09,7.949260068549303e-09,0.001567343944090819,0.007948636159364197
ACTGATACAGAACGTC-1,9.184612427137274e-15,6.591160900624439e-15,6.591160900624439e-15,0.4910573592909243,8.642318932968219e-11,0.027037163443865517,6.591160900624439e-15,1.920267872644348e-06,6.591160900624439e-15,6.591160900624439e-15,6.591160900624439e-15,0.00903263211916848,0.13022850756215848,6.591160900624439e-15,1.6299567035210322e-09,0.0362068335532739,0.3064355820462884,6.591160900624439e-15,6.591160900624439e-15
AGAACATACTGGTCGT-1,0.01859719383279446,6.794542976365817e-15,6.794542976365817e-15,0.8055660046882085,7.197067483892739e-11,0.020046014802121585,0.013755664188396636,3.923665597834346e-05,6.794542976365817e-15,4.490588523501111e-11,0.01750053075278314,6.794542976365817e-15,0.003651884504604218,0.03802308502884794,6.794542976365817e-15,5.4294385533921484e-08,0.08282033113495592,6.794542976365817e-15,6.794542976365817e-15
AGAAGCAGCCTAAGCT-1,0.2364660265106355,1.1869128640741938e-05,0.16379944724842505,5.931618530443277e-15,5.931618530443277e-15,0.030627721695449254,5.931618530443277e-15,5.931618530443277e-15,5.931618530443277e-15,0.00039481468315356795,0.13072125049134434,0.010894113314308848,5.931618530443277e-15,5.931618530443277e-15,5.931618530443277e-15,5.931618530443277e-15,0.40586745584924516,0.021217301078738555,5.931618530443277e-15
AGACCGACCGCAGACA-1,0.05893177469199052,1.5670381132672536e-07,1.3529520502187137e-07,6.378445131875111e-15,6.378445131875111e-15,6.378445131875111e-15,6.378445131875111e-15,6.378445131875111e-15,6.378445131875111e-15,0.14359482822582365,0.08690986682646663,6.378445131875111e-15,0.14904181406018774,1.7428683879620257e-13,6.378445131875111e-15,6.378445131875111e-15,0.4272065257007967,0.13431489849548037,6.378445131875111e-15
AGACCGTCATTAGTTA-1,0.016934904205029733,6.4808480530705795e-15,6.4808480530705795e-15,6.4808480530705795e-15,6.4808480530705795e-15,1.4105466194593333e-09,0.02737867227078404,6.4808480530705795e-15,6.4808480530705795e-15,2.8459565633329744e-13,0.1031413581643938,0.018094631433361326,6.4808480530705795e-15,6.4808480530705795e-15,6.4808480530705795e-15,6.4808480530705795e-15,0.8344504325155222,6.4808480530705795e-15,6.4808480530705795e-15
AGATCTAACGTAATGT-1,6.751463425478672e-15,6.751463425478672e-15,6.751463425478672e-15,0.1026372332507923,0.16972599585702489,6.751463425478672e-15,6.751463425478672e-15,0.2459952442267216,6.751463425478672e-15,0.4705559618369515,8.49369104185361e-15,6.751463425478672e-15,0.011085300149706575,6.751463425478672e-15,6.751463425478672e-15,2.646787140985051e-07,6.751463425478672e-15,6.751463425478672e-15,6.751463425478672e-15
AGCACTGCATCCTAGC-1,7.0119790119474406e-15,7.0119790119474406e-15,7.0119790119474406e-15,2.5471493071302636e-10,1.0073197942117515e-13,0.05872947728650637,7.0119790119474406e-15,0.7133008798919638,7.0119790119474406e-15,7.614223719426238e-10,0.017707889292667475,7.0119790119474406e-15,1.8329937361735787e-11,1.2656363972145368e-07,7.0119790119474406e-15,0.16818129029793927,0.04208033563265241,7.0119790119474406e-15,7.0119790119474406e-15
AGCATGAGCGAATATT-1,1.7981405033319087e-13,6.705472846882277e-15,6.705472846882277e-15,0.00011541063482065219,6.705472846882277e-15,0.09701456675885116,0.05912905166488627,0.029363076471292934,6.705472846882277e-15,0.026801956619802683,0.003353689893402873,0.013681406705244209,3.521537298024935e-14,0.11786633019422049,0.037588930910254933,2.0552913978647957e-09,0.6150855780916772,6.705472846882277e-15,6.705472846882277e-15
AGCCGTTGCATCCTAG-1,0.003061625193348722,6.695206878439825e-15,6.695206878439825e-15,6.695206878439825e-15,6.695206878439825e-15,0.005975709085474338,6.695206878439825e-15,0.7328784045006931,6.695206878439825e-15,0.011657773404500077,0.001972730660768429,6.695206878439825e-15,6.695206878439825e-15,6.695206878439825e-15,0.002889475510207539,0.24156428164492783,6.695206878439825e-15,6.695206878439825e-15,6.695206878439825e-15
AGCCTCTGTTCCGATG-1,6.5819338381077106e-15,6.5819338381077106e-15,6.5819338381077106e-15,0.11572769326119166,0.0003615779484761146,0.003372487896118997,6.5819338381077106e-15,0.5718208497819455,6.5819338381077106e-15,0.027246267866893745,0.004177536481126392,6.5819338381077106e-15,0.14434271935644194,6.5819338381077106e-15,6.5819338381077106e-15,0.13295086740773351,6.5819338381077106e-15,6.5819338381077106e-15,6.5819338381077106e-15
AGCGACCGTTCTATAC-1,0.10163285307065342,6.598965626004905e-15,6.598965626004905e-15,6.598965626004905e-15,6.598965626004905e-15,1.1698435173981374e-05,6.598965626004905e-15,0.33279160217060094,6.598965626004905e-15,0.004567606539567703,0.21089146084920482,6.598965626004905e-15,6.598965626004905e-15,6.598965626004905e-15,1.1086474197549338e-06,5.106776115419596e-05,0.35005260252615306,6.598965626004905e-15,6.598965626004905e-15
AGCGACTATGTATCTT-1,0.05125843033465808,3.802510521430883e-05,3.2726124593555376e-11,0.0018498580083813926,3.3895501500172774e-08,0.06831109392032395,0.10140116822693031,1.1561566393327692e-09,6.3656443820801306e-15,0.04196579894846686,0.07864430453630235,0.007643824633320326,1.0557416488645226e-10,0.02890800980179427,0.06037276293287875,6.3656443820801306e-15,0.5429805561084106,0.016626132253334175,1.3546966544545806e-14
AGCGCAGATGAGGTGC-1,6.121534971106552e-15,6.121534971106552e-15,6.121534971106552e-15,2.4769995069048827e-08,0.16195075114291788,0.014225266818826241,6.121534971106552e-15,0.17208200788162,6.121534971106552e-15,0.6401586744159881,0.011583274970529049,6.121534971106552e-15,6.121534971106552e-15,6.121534971106552e-15,6.121534971106552e-15,5.058402098063483e-14,6.121534971106552e-15,6.121534971106552e-15,6.121534971106552e-15
AGGACCGTAGATGCTA-1,0.01731183624141918,0.1903739225671974,0.04692511553038018,6.332990437234031e-15,6.332990437234031e-15,0.2931449385782727,0.024982575450931254,6.332990437234031e-15,1.7129714724541561e-13,0.08128259853652176,0.060273126159432644,2.8552803375931728e-05,6.332990437234031e-15,6.332990437234031e-15,0.006953284070309484,6.332990437234031e-15,0.15035863600287505,0.12836541405906907,6.332990437234031e-15
AGGACTGGATGAAGAC-1,0.08936720339867589,0.02205314035819036,6.19744517329263e-15,6.19744517329263e-15,6.19744517329263e-15,0.028652205860524582,6.19744517329263e-15,6.19744517329263e-15,0.0010946552663875595,0.029077069496916755,0.06019355951400182,6.19744517329263e-15,6.19744517329263e-15,6.19744517329263e-15,6.19744517329263e-15,6.19744517329263e-15,0.7662897194707439,0.003272446634490927,6.19744517329263e-15
AGGCGATTCCACTTCT-1,6.876911710923449e-15,6.876911710923449e-15,6.876911710923449e-15,9.074075889864755e-08,7.271979447615277e-11,0.027205448939081188,6.876911710923449e-15,0.7291511306474331,0.014304982489843392,0.0182959726303577,0.031014155072595282,0.0014695558222581463,6.876911710923449e-15,6.876911710923449e-15,1.6997503562476447e-13,0.009766309842915107,0.16879232106309905,3.2647713661688116e-08,3.101368297323389e-11
AGGTGGACTTGCCACC-1,0.015921517258029063,2.086858293692986e-13,6.8084040443646e-15,0.005784425214209203,3.1790406845058055e-12,0.09121775649913563,6.8084040443646e-15,0.48620988400627807,6.8084040443646e-15,0.04915604509349124,0.1013515816928007,6.8084040443646e-15,0.01952755215268769,6.8084040443646e-15,1.1470778887271214e-05,0.05637644768982779,0.17444331829469661,1.3109710035733952e-09,5.564117442541059e-12
AGTCGGTTATACATAG-1,6.858144531525257e-15,3.3371477163699316e-14,3.936728761855352e-08,6.858144531525257e-15,6.858144531525257e-15,0.10802223462550994,6.858144531525257e-15,0.5999425960870665,6.858144531525257e-15,2.1486592260253675e-05,0.06233129005832026,6.858144531525257e-15,6.858144531525257e-15,6.858144531525257e-15,0.0032856979289025414,0.06493034771021798,0.1592500519559925,2.9350117055273188e-05,0.0021869055572990865
AGTCTGTTACAATAGT-1,0.01290198292274979,6.685886458169571e-15,6.685886458169571e-15,3.8224757219406036e-08,6.685886458169571e-15,0.13709952080594806,6.685886458169571e-15,0.02946044571832646,0.007775180895439257,0.0025110654086974373,0.21864725792241713,0.05946850190001022,0.004944129836525224,1.0762908164693584e-12,6.685886458169571e-15,3.283522008927761e-11,0.5271918763311709,6.685886458169571e-15,6.685886458169571e-15
ATAACCTAGAACCTGC-1,3.4254364508553732e-09,6.642432617733859e-15,6.642432617733859e-15,6.642432617733859e-15,6.642432617733859e-15,6.642432617733859e-15,0.016263727316211802,6.642432617733859e-15,6.642432617733859e-15,6.642432617733859e-15,0.0518790724587878,6.642432617733859e-15,6.642432617733859e-15,6.642432617733859e-15,6.642432617733859e-15,6.642432617733859e-15,0.9318571967994643,6.642432617733859e-15,6.642432617733859e-15
ATAACGCCTGTAGGCA-1,3.957790688099325e-13,6.264237649866215e-15,6.264237649866215e-15,0.3243476582960894,6.264237649866215e-15,0.21018221236583,0.006424052487469111,0.01116313980820487,0.005265104365446305,0.06923658945461648,0.09933207465954655,6.264237649866215e-15,0.1972506242294301,6.264237649866215e-15,6.264237649866215e-15,6.264237649866215e-15,0.07679854433291528,6.264237649866215e-15,6.264237649866215e-15
ATAATTAGTTCTACGG-1,0.03805869924920885,6.48164911967454e-15,6.48164911967454e-15,0.03577084076637948,1.5151377135530322e-14,0.12759594309371003,0.00857036267245943,6.48164911967454e-15,6.48164911967454e-15,0.12329783777664495,2.0775642730461922e-06,0.011749609334056577,0.054680194705229564,0.010150056812350608,6.48164911967454e-15,6.48164911967454e-15,0.5901243780256206,6.48164911967454e-15,6.48164911967454e-15
ATAGTTAAGCCTGCCG-1,0.001970690676763699,6.595235601657411e-15,6.595235601657411e-15,0.6344419624057613,3.412595052747731e-07,0.003062953987830141,6.595235601657411e-15,0.0008586014571551349,6.595235601657411e-15,1.117238987899629e-08,0.016625758805367517,6.595235601657411e-15,6.595235601657411e-15,0.2988129908918151,6.595235601657411e-15,0.044226689343346136,6.595235601657411e-15,6.595235601657411e-15,6.595235601657411e-15
ATCCACATGTTGGACC-1,6.9110999587109104e-15,0.011062854786517409,6.9110999587109104e-15,1.7386320370275154e-11,6.9110999587109104e-15,6.9110999587109104e-15,0.017830514367337295,0.811345996942628,6.9110999587109104e-15,0.014279986183960595,0.03798448176084668,0.0016895710916651817,6.9110999587109104e-15,6.9110999587109104e-15,6.9110999587109104e-15,0.07358385307168115,0.022792456255521287,0.00943028552150391,8.968331679833151e-13
ATCCGTGGAACTTCAA-1,2.048159966211431e-14,6.595607849725708e-15,6.595607849725708e-15,0.25066116700792207,1.992440311042576e-10,1.2040774938200922e-13,0.010917613369889615,0.0005580156789298681,0.0004574168565020434,2.707659395114841e-11,0.00862566214335136,0.003907690873126323,0.3291627918459342,0.022387219608779676,6.595607849725708e-15,0.013245830519223002,0.3600765918698475,6.595607849725708e-15,6.595607849725708e-15
ATCGTAATCCACATGC-1,0.003563013168576181,6.582800098997009e-15,6.582800098997009e-15,1.0495833522068185e-07,9.174851671585413e-09,0.04485856377120457,0.0002650419215415765,0.8976645132595487,6.582800098997009e-15,6.582800098997009e-15,6.582800098997009e-15,6.582800098997009e-15,6.582800098997009e-15,6.582800098997009e-15,0.009252767910959515,0.044395985834910334,6.582800098997009e-15,6.582800098997009e-15,6.582800098997009e-15
ATCGTACAACTGGCTA-1,6.5671370573019705e-15,6.5671370573019705e-15,6.5671370573019705e-15,6.5671370573019705e-15,6.5671370573019705e-15,0.06610093075306865,6.5671370573019705e-15,0.7839720705472696,0.0001552129043255924,0.007768067442477857,0.02629885238214955,6.5671370573019705e-15,6.5671370573019705e-15,6.5671370573019705e-15,0.024171475640817758,0.00038448421393688707,0.09114890117694915,4.938939244837112e-09,6.5671370573019705e-15
ATCTGAAGTATGCACG-1,0.0987302830451845,2.143279987196558e-11,0.012736221744998059,6.1725973441373954e-15,6.1725973441373954e-15,0.025374261415206194,0.0013986076446430432,6.1725973441373954e-15,4.65042884479592e-08,3.508248096746356e-10,0.23385457962438988,0.0025679652745709816,6.1725973441373954e-15,6.1725973441373954e-15,6.1725973441373954e-15,6.1725973441373954e-15,0.6129453930955311,0.012392641278880772,6.1725973441373954e-15
ATCTTAGATAGGTTCA-1,6.723794383195494e-15,6.723794383195494e-15,6.723794383195494e-15,0.6705629492622179,0.0004696853672134244,6.723794383195494e-15,6.723794383195494e-15,4.006078829215002e-07,0.005366507980986384,6.723794383195494e-15,0.0030465865189979536,6.723794383195494e-15,0.03337484508049213,0.2567988125306838,6.723794383195494e-15,0.030380212340166014,3.1128965852539764e-10,9.629737060160655e-15,6.723794383195494e-15
ATCTTATCAGCAATAC-1,0.07655377037018966,0.2886849652818435,0.05961255928458413,7.801184795546338e-15,6.420657019687687e-15,0.13435971181754564,0.00985031684553169,0.02441142866211741,6.420657019687687e-15,0.26023954634529817,2.624474981599889e-06,6.420657019687687e-15,6.399097619084469e-13,6.420657019687687e-15,6.420657019687687e-15,0.109137601623692,0.026845021012561456,0.010302450959440091,3.321535134028676e-09
ATGAACAATCGATGCG-1,0.0023580349892898186,6.7965976312285985e-15,1.7176193179975598e-11,0.29581741766369046,0.16038994221383607,0.04183699438002843,0.029266555637844225,0.07692517584016721,0.004908432008084224,0.0002664984135746359,0.03348982126945179,6.7965976312285985e-15,0.11113095704346086,6.7965976312285985e-15,6.7965976312285985e-15,0.08173237816247211,0.16186751819480596,6.7965976312285985e-15,1.0274166084108457e-05
ATGAGGAACGACCAGC-1,0.00034971831311225943,2.826897866327884e-11,6.96583110460181e-15,0.9492976022913852,0.0001296685687520104,0.0029357666974071483,0.0016504307671796406,0.04253697312315046,6.96583110460181e-15,6.96583110460181e-15,0.001903049219155814,0.0011828751048845421,6.96583110460181e-15,6.96583110460181e-15,6.96583110460181e-15,7.282441827477525e-14,6.96583110460181e-15,6.96583110460181e-15,1.3915886575612923e-05
ATGCTCCGTTCTACTG-1,6.25850267697025e-15,6.102519480056935e-08,0.013125398812499495,6.25850267697025e-15,6.25850267697025e-15,0.07445329210813112,0.061008585962522274,6.25850267697025e-15,6.25850267697025e-15,0.1776709986528485,0.039484634223574275,0.011857009612894272,6.25850267697025e-15,6.25850267697025e-15,0.009415911419737128,6.25850267697025e-15,0.6129709645465853,1.3143635956396756e-05,6.25850267697025e-15
ATGTAATTGTCGTTCG-1,0.21556130664313172,1.132383789099619e-08,0.08477371799795141,6.234736161651361e-15,6.234736161651361e-15,0.011805580203539053,6.234736161651361e-15,6.234736161651361e-15,6.234736161651361e-15,6.234736161651361e-15,0.20826198891686476,0.00029656542035541843,6.234736161651361e-15,6.234736161651361e-15,6.234736161651361e-15,6.234736161651361e-15,0.47928935414417695,1.1475350074208989e-05,6.234736161651361e-15
ATGTACATCGTGGTTA-1,6.739253750367282e-15,6.739253750367282e-15,6.739253750367282e-15,6.739253750367282e-15,6.739253750367282e-15,0.002963788367115179,0.005495220934449461,0.8987757212129432,0.001028606951481913,1.1695136064287115e-05,0.0277108197981732,6.739253750367282e-15,6.739253750367282e-15,6.739253750367282e-15,6.739253750367282e-15,0.041184966908748975,0.022829180690949764,6.739253750367282e-15,6.739253750367282e-15
ATGTACTCGTGGCTGT-1,7.167302948089389e-15,5.599026130339945e-13,0.03252018194035584,0.04585552057811091,2.2943952377372455e-09,0.08119115634973066,7.167302948089389e-15,0.3407236290309675,0.003212597151873027,0.11924722755697571,1.2845145570575111e-09,0.017558585144092455,7.167302948089389e-15,7.167302948089389e-15,7.167302948089389e-15,0.15032440169932335,0.18855255495995588,0.014618023165233378,0.006196118843875994
ATGTATCGGAATACGG-1,0.0642140971984992,0.00018539055421064606,0.002257261719215515,6.276868791686861e-15,6.276868791686861e-15,0.004204885941265195,0.06417277165300164,6.276868791686861e-15,6.276868791686861e-15,6.276868791686861e-15,0.2157604313353445,0.056723897388567014,6.276868791686861e-15,6.276868791686861e-15,6.276868791686861e-15,6.276868791686861e-15,0.5271305280661185,0.06535073614371514,6.276868791686861e-15
ATGTGCTTGTGCTACC-1,6.907817148436888e-15,6.907817148436888e-15,6.907817148436888e-15,6.907817148436888e-15,6.907817148436888e-15,0.09185092194421324,6.907817148436888e-15,0.6960363728203735,6.907817148436888e-15,2.2418317005736116e-05,0.03550236788610294,6.907817148436888e-15,6.907817148436888e-15,6.907817148436888e-15,6.907817148436888e-15,0.07308216822741137,0.10350575080480384,6.907817148436888e-15,6.907817148436888e-15
ATTACTTAACCACTTC-1,0.17138321394119288,6.1527862144230794e-15,6.1527862144230794e-15,0.03786003041206427,4.453668192249545e-13,0.08226573603711508,1.0174055419065957e-05,6.1527862144230794e-15,4.68836713491836e-13,0.0040373729077503315,0.1670081929394342,0.009079358791209404,0.008174667835853038,0.02729238114906235,0.0015955764031814236,5.361731055564265e-11,0.4912932954731558,6.1527862144230794e-15,6.1527862144230794e-15
ATTAGTCGTGTTATGC-1,6.571172253158846e-15,6.571172253158846e-15,6.366909402054429e-07,6.571172253158846e-15,0.0039044045723867138,0.014764921657502521,0.0007356072915130616,0.7348705393811216,0.0007761418563235695,6.571172253158846e-15,6.571172253158846e-15,0.001957643435726168,6.571172253158846e-15,6.571172253158846e-15,6.571172253158846e-15,0.2344278378626379,6.571172253158846e-15,6.571172253158846e-15,0.008562267251782746
ATTATCACAACTCGGC-1,6.566791707498532e-15,6.566791707498532e-15,6.566791707498532e-15,6.566791707498532e-15,6.566791707498532e-15,0.005889503180142872,0.021592181431586022,6.566791707498532e-15,0.005003433984670432,6.566791707498532e-15,0.1215668622945808,0.006025468067105957,6.566791707498532e-15,6.566791707498532e-15,6.566791707498532e-15,6.566791707498532e-15,0.8399225510418286,6.566791707498532e-15,6.566791707498532e-15
ATTCACGCTGTTATCG-1,6.12603734817095e-15,6.12603734817095e-15,6.12603734817095e-15,6.12603734817095e-15,6.12603734817095e-15,6.12603734817095e-15,0.0011212716874638123,6.12603734817095e-15,6.12603734817095e-15,6.12603734817095e-15,6.12603734817095e-15,6.12603734817095e-15,0.3846555062905109,0.15230234947493365,6.12603734817095e-15,6.12603734817095e-15,0.4619208725469999,6.12603734817095e-15,6.12603734817095e-15
ATTCCGCTCCATCAGC-1,6.8937624901935665e-15,6.8937624901935665e-15,6.8937624901935665e-15,6.8937624901935665e-15,5.529628421744436e-12,0.0051638365255556465,0.030365526445548182,6.8937624901935665e-15,6.8937624901935665e-15,6.8937624901935665e-15,0.2130960322772128,6.8937624901935665e-15,6.8937624901935665e-15,6.8937624901935665e-15,0.021433556749688346,6.8937624901935665e-15,0.7299410479963758,6.8937624901935665e-15,6.8937624901935665e-15
ATTCGTTAGAATTCGG-1,0.0549123819847159,0.0010380588749197878,0.09357632825073936,0.15592112893877938,0.0003229153783213529,0.01205039797383105,0.0030126973495779616,1.0956146179350469e-10,0.017654115602013878,0.14336766916145627,0.0017025853208908614,0.013777164439497808,0.15587477075554876,0.07388107467638444,6.547320676256342e-15,0.017498703839634585,0.2149463785038859,0.040432017053721396,3.161178651334651e-05
ATTGCGTAGTTAGGAG-1,0.23058883936324692,5.305091767632378e-13,0.009193412993680367,4.304193403316468e-12,6.336394095438801e-15,0.11945108988667905,6.336394095438801e-15,6.336394095438801e-15,6.336394095438801e-15,6.632266252984392e-08,0.23919292985542123,0.024632915413633792,0.023508799523310166,6.336394095438801e-15,6.336394095438801e-15,6.336394095438801e-15,0.34748531124441184,0.005946635292899834,9.917527484719732e-11
ATTGGCCTTCCGTGCA-1,1.1196858102915024e-10,6.826129898594104e-10,0.12659539390114535,6.657383290872217e-15,6.657383290872217e-15,6.657383290872217e-15,0.003270280763231576,0.10996711341591714,0.02944320601940587,0.12743653195088936,0.11931828309762312,0.0011551619444121666,6.657383290872217e-15,6.657383290872217e-15,6.657383290872217e-15,0.03949664522443679,0.4194987180128506,0.020271580683502717,0.0035470841919640252
CAACCGTATTACTGTA-1,0.07224518361327566,6.366977429314884e-15,6.366977429314884e-15,6.366977429314884e-15,6.366977429314884e-15,4.6598213687392704e-14,6.366977429314884e-15,6.366977429314884e-15,6.366977429314884e-15,6.366977429314884e-15,0.06600079680417303,0.012921654570777333,6.366977429314884e-15,6.366977429314884e-15,2.1918114792967667e-09,6.366977429314884e-15,0.8488323628198332,6.366977429314884e-15,6.366977429314884e-15
CAACTTGGTACGATGT-1,0.03538682082109478,6.02702043942072e-15,6.02702043942072e-15,6.02702043942072e-15,6.02702043942072e-15,0.2159325660392455,6.02702043942072e-15,6.02702043942072e-15,6.02702043942072e-15,6.02702043942072e-15,0.3778059106446607,6.02702043942072e-15,6.02702043942072e-15,0.007644500743377856,3.5815800934960374e-12,6.02702043942072e-15,0.3632302017479614,6.02702043942072e-15,6.02702043942072e-15
CAAGCCGCCATAGAGG-1,5.818808956652053e-11,6.610295022667002e-15,6.610295022667002e-15,0.11785610362143578,0.02111500062247864,0.0012687410584367044,6.610295022667002e-15,5.656223281902531e-08,6.610295022667002e-15,6.610295022667002e-15,6.610295022667002e-15,0.002147866934498026,0.5644281397702073,0.0725597538304496,3.958024396210755e-14,6.610295022667002e-15,0.22062433754197414,6.610295022667002e-15,6.610295022667002e-15
CAAGCCTCCACTATCT-1,6.900385074371684e-15,6.900385074371684e-15,6.900385074371684e-15,6.900385074371684e-15,6.900385074371684e-15,0.003628903768055044,6.900385074371684e-15,0.8070725626991294,6.900385074371684e-15,0.00891053081013112,0.01863440515636068,0.0020043404154029584,6.900385074371684e-15,6.900385074371684e-15,6.900385074371684e-15,0.0012356429447077163,0.15851361420613053,6.900385074371684e-15,6.900385074371684e-15
CAAGTACTCCGCATCG-1,0.08153137048855458,0.03964353517640928,0.035215521018125064,6.628249370597821e-15,6.628249370597821e-15,6.628249370597821e-15,0.007059218151075561,6.628249370597821e-15,0.006228569458528999,0.0016131717996985305,0.12709173435027526,0.016477395133936035,6.628249370597821e-15,6.628249370597821e-15,6.628249370597821e-15,6.628249370597821e-15,0.6740572526921496,0.011082231731187641,6.628249370597821e-15
CAAGTCCGCTACCGTT-1,0.0054630574019195735,6.6599323637528674e-15,6.6599323637528674e-15,8.985891479398969e-10,6.6599323637528674e-15,1.8380462211649056e-07,6.6599323637528674e-15,0.9943380211030954,6.6599323637528674e-15,6.6599323637528674e-15,6.6599323637528674e-15,6.6599323637528674e-15,6.6599323637528674e-15,6.6599323637528674e-15,6.6599323637528674e-15,0.00019873679168083499,6.6599323637528674e-15,6.6599323637528674e-15,6.6599323637528674e-15
CAATAACTACATTAAC-1,0.04739142768528172,6.541958385894708e-15,6.541958385894708e-15,6.541958385894708e-15,6.541958385894708e-15,1.0711147692009683e-12,6.541958385894708e-15,6.541958385894708e-15,0.006471093391492243,6.541958385894708e-15,6.541958385894708e-15,0.10520375727896392,0.10648172501054608,6.541958385894708e-15,6.541958385894708e-15,6.541958385894708e-15,0.7344519966325599,6.541958385894708e-15,6.541958385894708e-15
CAATAAGGTAGCGATG-1,6.8857191283516976e-15,6.8857191283516976e-15,6.8857191283516976e-15,0.7745469953053906,3.407137996532202e-11,0.03418773958120048,6.8857191283516976e-15,3.295186023534863e-07,0.004581297876880111,9.165456056839016e-10,0.0025073348499854617,6.8857191283516976e-15,0.043000712552270115,6.8857191283516976e-15,0.016330862760165994,8.027272066763336e-10,0.12484472580210568,6.8857191283516976e-15,6.8857191283516976e-15
CAATTGAACCGGCTCG-1,6.653638286242606e-15,6.653638286242606e-15,6.653638286242606e-15,6.653638286242606e-15,6.653638286242606e-15,6.653638286242606e-15,6.653638286242606e-15,6.653638286242606e-15,6.653638286242606e-15,6.653638286242606e-15,0.47105021585253043,6.653638286242606e-15,6.653638286242606e-15,6.653638286242606e-15,6.653638286242606e-15,6.653638286242606e-15,0.5289497841473566,6.653638286242606e-15,6.653638286242606e-15
CAATTGTTGACGTGAG-1,0.02995887841556412,6.192779366898578e-15,0.007239647548659229,6.192779366898578e-15,6.192779366898578e-15,0.18409941598253057,6.192779366898578e-15,6.192779366898578e-15,6.192779366898578e-15,1.652861695352935e-09,0.3536424356979762,0.012526098839662967,6.192779366898578e-15,6.192779366898578e-15,0.057710508383310814,6.192779366898578e-15,0.3546691988442789,0.00015381463509372764,6.192779366898578e-15
CACCATAAGCTGGCTG-1,0.02994527024575843,7.037799071417058e-09,2.2045190281560209e-13,6.508122907412483e-15,6.508122907412483e-15,0.020737715054658656,0.010217004405582743,6.508122907412483e-15,0.0008272183586131418,0.005581072202348228,2.1239102924708296e-08,0.053523911525800376,0.0062907302559956566,0.022340830783284256,6.508122907412483e-15,6.508122907412483e-15,0.8467502725535104,0.0037859463372865963,6.508122907412483e-15
CACTACTGCGGAATTG-1,0.020654831159446788,6.81884347792823e-15,6.81884347792823e-15,6.81884347792823e-15,6.81884347792823e-15,6.81884347792823e-15,6.81884347792823e-15,6.81884347792823e-15,6.81884347792823e-15,6.81884347792823e-15,6.81884347792823e-15,6.81884347792823e-15,6.81884347792823e-15,6.81884347792823e-15,6.81884347792823e-15,6.81884347792823e-15,0.9793451688404373,6.81884347792823e-15,6.81884347792823e-15
CACTCGGCGTATCGGC-1,0.02337428846766136,0.021852885944814802,2.0913928819580632e-13,0.27929832454201403,0.04230518477395872,0.04021712825942797,0.03688918454916363,0.04620077575558804,6.390896205711104e-15,0.00011646987944320034,0.090092779722192,0.005318003089602275,0.04659920901509578,0.05242558115627953,1.720856651132361e-11,0.04505057250459682,0.21920863509006092,0.05105097448782105,2.7448557045519057e-09
CAGAGTCAATCCGCTG-1,6.489683298661954e-15,1.7698401623305459e-12,2.029350053063947e-08,6.489683298661954e-15,6.489683298661954e-15,0.3168907916142508,6.489683298661954e-15,0.20361615128872868,0.02488990609514641,0.06069642218750531,0.016333095447959876,6.489683298661954e-15,6.489683298661954e-15,6.489683298661954e-15,8.607435564911448e-15,0.06247682820370708,0.3109295687459396,0.004125751948838485,4.146417259937288e-05
CAGATTCCGTATGCGA-1,0.09303102285712894,6.533176486761746e-15,0.02621954726944613,6.533176486761746e-15,6.533176486761746e-15,6.533176486761746e-15,0.05177650350480062,6.533176486761746e-15,6.533176486761746e-15,6.533176486761746e-15,0.09128681443121646,0.003630340513040512,6.533176486761746e-15,6.533176486761746e-15,6.533176486761746e-15,6.533176486761746e-15,0.7340557712696357,1.5465326867317236e-10,6.533176486761746e-15
CAGTAGATTGACGGAT-1,9.950363952306076e-05,6.057519733822299e-15,6.057519733822299e-15,6.057519733822299e-15,6.057519733822299e-15,0.4322697270675959,0.07046082377122916,6.057519733822299e-15,6.057519733822299e-15,6.057519733822299e-15,0.18240158854483118,6.057519733822299e-15,6.057519733822299e-15,0.008825315288573585,6.057519733822299e-15,6.057519733822299e-15,0.30594304168816855,6.057519733822299e-15,6.057519733822299e-15
CAGTAGCACTACATTG-1,0.06359212721379359,0.09743551395808772,0.06368772017414857,0.13046487965600456,0.060213847959688836,0.030195322013683242,0.004749003170163986,1.720203514697544e-07,0.005874635165605603,0.2400152551270611,5.89787749936938e-11,6.5796059080644426e-15,0.09880844230006278,0.00011811536598782914,1.5462491492317755e-08,0.1483186545260089,0.048861679118717305,0.007664101073304292,5.156358533915486e-07
CAGTATGCGTGGCGCT-1,6.661121979141477e-15,6.661121979141477e-15,6.661121979141477e-15,6.661121979141477e-15,6.661121979141477e-15,6.661121979141477e-15,6.661121979141477e-15,6.661121979141477e-15,6.661121979141477e-15,6.661121979141477e-15,0.13166512595334065,6.661121979141477e-15,6.661121979141477e-15,6.661121979141477e-15,6.661121979141477e-15,6.661121979141477e-15,0.8683348740465463,6.661121979141477e-15,6.661121979141477e-15
CAGTTGCAACCGAGAT-1,7.068029911173893e-15,7.068029911173893e-15,7.068029911173893e-15,0.8415503746164091,5.08052138872954e-07,7.068029911173893e-15,7.068029911173893e-15,0.10875290926481955,7.068029911173893e-15,7.068029911173893e-15,7.068029911173893e-15,7.068029911173893e-15,7.068029911173893e-15,7.068029911173893e-15,7.068029911173893e-15,0.04969620806652684,7.068029911173893e-15,7.068029911173893e-15,7.068029911173893e-15
CATAAGTCTTCGAGTT-1,0.020040153613799315,6.380043361960409e-15,3.8608280775169875e-13,7.830085774626417e-08,0.24909769822117833,0.13512327207074223,0.009699850789878105,4.604716943135508e-08,6.380043361960409e-15,4.58469814998708e-11,0.22239801482005492,6.380043361960409e-15,0.0505001308297651,0.01294232272363302,4.039291804627716e-09,6.380043361960409e-15,0.3001984284972588,1.0631856914103656e-13,6.380043361960409e-15
CATAGAACATTGAACA-1,0.2155235516886538,0.1143712506031633,0.0011972513468189732,6.258098520840293e-15,6.258098520840293e-15,2.9160828731432454e-13,0.04055588959461011,6.258098520840293e-15,5.075708418490821e-10,0.08318620890238894,0.051913789500933,6.258098520840293e-15,6.258098520840293e-15,6.258098520840293e-15,6.258098520840293e-15,6.258098520840293e-15,0.4705109469979282,0.0227411108575849,6.258098520840293e-15
CATCCGAAGCGTATGG-1,0.04020056273977614,0.0001718858002971168,0.07916478183954032,6.3105300024451395e-15,6.3105300024451395e-15,0.16680150324682955,0.023768209425861903,6.3105300024451395e-15,6.3105300024451395e-15,0.17046532175071322,0.07237976082516327,6.3105300024451395e-15,6.3105300024451395e-15,6.3105300024451395e-15,0.076806177718132,6.3105300024451395e-15,0.19887349006177216,0.17136830659185787,6.3105300024451395e-15
CATTCTCCAGTCACCA-1,0.08387064980229053,2.970171912396621e-07,0.0009473573742136085,0.0741529921300803,0.0006344467175969623,0.08682970693579106,6.40830524841555e-15,6.016695684728777e-13,0.004945456015290235,1.4359752665780437e-14,0.3127045325379275,6.40830524841555e-15,6.40830524841555e-15,6.40830524841555e-15,6.40830524841555e-15,2.4900214793412155e-08,0.43591439743007576,1.3913814431111772e-07,5.35850007232697e-13
CATTGTCGGTCGCTAG-1,6.797131402648303e-15,6.797131402648303e-15,6.797131402648303e-15,6.797131402648303e-15,6.797131402648303e-15,0.10915590509869634,6.797131402648303e-15,0.6377230278136712,0.0003933348200221109,0.000740998638112295,0.0021135040961428133,6.797131402648303e-15,6.797131402648303e-15,6.797131402648303e-15,6.797131402648303e-15,0.2250089147168579,0.024864314816416135,6.797131402648303e-15,6.797131402648303e-15
CCACTAATCACCGGTA-1,6.753140297243956e-15,6.753140297243956e-15,6.753140297243956e-15,6.753140297243956e-15,6.753140297243956e-15,0.10326321465179988,6.922539861181237e-13,0.790130321577375,6.753140297243956e-15,0.005426703851326746,0.027829352691652244,6.753140297243956e-15,6.753140297243956e-15,6.753140297243956e-15,2.8134865182416326e-05,0.0002661514184290647,0.07305605896793285,2.2992351738124522e-10,6.174562565811057e-08
CCGAAGCCAGGTTCAG-1,6.5962158520965285e-15,7.111100837008316e-12,8.198377149854245e-07,0.30881107656242707,1.0611700654866468e-09,0.12455784928711537,0.019580376465501387,1.521992980544344e-07,6.5962158520965285e-15,0.007210195767811084,0.07653344128414144,6.5962158520965285e-15,0.09709465254589802,0.010989096490542008,8.502971059828973e-15,1.3733702807358634e-14,0.3527790306176355,0.0024417684780140667,1.539395577622431e-06
CCGACAAGACTGTACT-1,1.6957518772872544e-05,6.4720905027693314e-15,6.4720905027693314e-15,6.4720905027693314e-15,6.4720905027693314e-15,0.29923850445573,0.014976338646755362,0.08892848625630081,8.018143724716722e-12,6.4720905027693314e-15,0.20975807444947717,6.4720905027693314e-15,6.4720905027693314e-15,6.4720905027693314e-15,6.4720905027693314e-15,6.4720905027693314e-15,0.387081638664868,6.4720905027693314e-15,6.4720905027693314e-15
CCGATTCCTCACTACA-1,0.09697398497309036,6.4334984454723e-15,6.4334984454723e-15,6.4334984454723e-15,6.4334984454723e-15,0.11517908883791281,6.4334984454723e-15,6.4334984454723e-15,6.4334984454723e-15,6.4334984454723e-15,0.2748976614128394,0.012837551684216107,6.4334984454723e-15,6.4334984454723e-15,6.4334984454723e-15,0.025485652935969542,0.47462606015588826,6.4334984454723e-15,6.4334984454723e-15
CCGCAAGGAAGGAGGC-1,6.87577062539801e-15,6.87577062539801e-15,6.87577062539801e-15,6.87577062539801e-15,6.87577062539801e-15,0.012725080618311006,3.4315623050734267e-12,0.8675013071484635,6.87577062539801e-15,6.87577062539801e-15,6.87577062539801e-15,6.87577062539801e-15,6.87577062539801e-15,6.87577062539801e-15,6.87577062539801e-15,0.11977361222969105,6.87577062539801e-15,6.87577062539801e-15,6.87577062539801e-15
CCGCGACCGTAGCTAT-1,6.57692826831398e-15,2.0036671453823467e-11,3.771175413819927e-07,6.520019056272056e-12,6.57692826831398e-15,0.04301193013389268,0.005829168812371554,0.4895378112619768,0.0008528751135747788,0.08280646747842463,0.04622257285017386,0.025871988387666887,0.0014901069310479386,6.57692826831398e-15,0.03461769523223102,0.24818016602973303,0.013947285584792085,1.039254230459064e-05,0.007621162497692257
CCGCGGCCACAATCGG-1,6.855879215862868e-15,6.855879215862868e-15,6.855879215862868e-15,0.23375023682517776,0.6000341366317375,0.006539589605709032,6.855879215862868e-15,0.003775691536285511,6.855879215862868e-15,1.0100300720527451e-12,0.01069837939550505,6.855879215862868e-15,0.07325461710393939,6.855879215862868e-15,0.0022616438432785393,0.043956948682958796,0.02572875637305172,6.855879215862868e-15,1.2919523304298626e-12
CCGGCAATGAAGTGAA-1,0.01071738722771625,0.0004443152034019538,8.4150503524308e-10,6.7085224233761274e-15,6.7085224233761274e-15,0.05293503749537756,6.7085224233761274e-15,0.7661427874095694,6.7085224233761274e-15,0.0864871428015601,0.021876530541603857,6.7085224233761274e-15,6.7085224233761274e-15,6.7085224233761274e-15,0.003993066337586209,0.012766808272732764,0.03679412393620304,0.007841697651788757,1.1022809081473621e-06
CCGGCGCTAAGGATGA-1,6.8853494064617954e-15,6.8853494064617954e-15,6.8853494064617954e-15,4.0278243991661904e-12,6.8853494064617954e-15,0.07168992803029077,0.013168196696385654,0.649045390666994,6.8853494064617954e-15,6.8853494064617954e-15,0.021481011687962806,6.8853494064617954e-15,6.8853494064617954e-15,6.8853494064617954e-15,0.005981045100863634,0.095008370361863,0.14362605745153678,6.8853494064617954e-15,6.8853494064617954e-15
CCGGTGAAGCGGAGTG-1,0.0013152039513754507,1.4674914660174778e-14,6.530504650958299e-15,0.2027323817415087,0.0364618045714757,0.02049422560195663,0.004989501214064831,6.530504650958299e-15,0.001545688693241074,0.029559414310603715,0.011463583200708729,6.530504650958299e-15,0.5225675942052631,0.0001530347726200214,6.530504650958299e-15,6.530504650958299e-15,0.16871754743942463,2.0297703563212253e-08,6.530504650958299e-15
CCTATGATGGTCAATG-1,6.7310871691441695e-15,6.7310871691441695e-15,6.7310871691441695e-15,0.6367111956293621,9.67342455039632e-12,0.028929259449209304,6.7310871691441695e-15,2.988781384418764e-05,6.7310871691441695e-15,4.2015945927951975e-13,0.026148121806180452,0.006961960824322667,0.03227666482746766,0.20545201783651007,6.7310871691441695e-15,1.4474128385839269e-08,0.06349087732880689,6.7310871691441695e-15,2.8002402327662055e-14
CCTCGCTTGAAGGTCA-1,6.577945190667653e-15,6.577945190667653e-15,6.577945190667653e-15,0.12020407417360396,0.011468077914716964,0.00878807081025122,6.577945190667653e-15,0.8084918222119799,6.577945190667653e-15,6.577945190667653e-15,6.577945190667653e-15,0.0015861631138586402,0.0494379332598716,6.577945190667653e-15,6.577945190667653e-15,2.3858515639115473e-05,6.577945190667653e-15,6.577945190667653e-15,6.577945190667653e-15
CCTCTACCGTGATTGG-1,0.18227970651182035,6.5050193534825474e-15,0.00963667298398764,6.5050193534825474e-15,6.5050193534825474e-15,6.5050193534825474e-15,6.5050193534825474e-15,6.5050193534825474e-15,1.3783189139626865e-06,6.5050193534825474e-15,0.15086554395688292,6.5050193534825474e-15,6.5050193534825474e-15,6.5050193534825474e-15,6.5050193534825474e-15,6.5050193534825474e-15,0.6572166982140168,1.4293655660423007e-11,6.5050193534825474e-15
CCTGTCGAGTGACAGA-1,0.06964762694383525,3.1628228307966946e-14,6.769181978552341e-15,0.1101253924942621,0.0018819905451937413,0.05447348622735266,6.769181978552341e-15,0.023981179040106083,6.769181978552341e-15,6.769181978552341e-15,1.0926880144992659e-06,0.016650312400903897,0.1256709443311967,0.007499248923866837,6.769181978552341e-15,0.0013169226739943877,0.5882510225417752,0.0005007811894266074,6.769181978552341e-15
CCTTAGTGGATCCACG-1,6.978499650065231e-15,6.978499650065231e-15,6.978499650065231e-15,0.44663140837936655,4.606936931496229e-12,0.01128577060961864,6.978499650065231e-15,1.7300661905002125e-06,6.978499650065231e-15,6.978499650065231e-15,6.978499650065231e-15,6.978499650065231e-15,0.16951775035948508,0.07310344993961251,0.03669373017103028,3.2870648532646e-13,0.2627661604696913,6.978499650065231e-15,6.978499650065231e-15
CGACAATTATTCTGTC-1,0.19179469856803377,0.010804826816229832,3.3109643106446093e-10,6.026204868968802e-15,6.026204868968802e-15,0.03480205855960361,6.152851578333994e-08,6.026204868968802e-15,0.00027359482440538044,0.4844921119000904,0.044955978683320935,6.026204868968802e-15,6.026204868968802e-15,6.026204868968802e-15,6.026204868968802e-15,6.026204868968802e-15,0.14774028408827655,0.08513638470037327,6.026204868968802e-15
CGACGCCGGAGTTGAG-1,6.381880247152959e-15,6.381880247152959e-15,6.381880247152959e-15,1.8045516290936384e-07,6.381880247152959e-15,0.2204782645598329,3.980700547346853e-11,2.4292720677857075e-06,6.381880247152959e-15,6.381880247152959e-15,0.19082225968491745,0.01114310426646772,0.022692681194764325,6.530405938240709e-11,6.381880247152959e-15,6.381880247152959e-15,0.5548610804616121,6.381880247152959e-15,6.381880247152959e-15
CGACTAAGCGGCAGAC-1,0.0821632952778729,3.054440291105247e-12,6.2413889108381525e-15,0.1301912882589227,6.2413889108381525e-15,0.11712735439198611,0.018194272641278167,6.2413889108381525e-15,6.2413889108381525e-15,0.04707062680509419,0.11557612435186762,6.2413889108381525e-15,0.03526053863315984,6.2413889108381525e-15,6.2413889108381525e-15,6.2413889108381525e-15,0.4544164891172476,1.0519460428058545e-08,6.2413889108381525e-15
CGAGCGAGCCACGCTA-1,6.506136297352542e-15,6.506136297352542e-15,6.506136297352542e-15,6.506136297352542e-15,6.506136297352542e-15,1.7297193705251964e-09,6.506136297352542e-15,0.927489197856075,6.506136297352542e-15,6.506136297352542e-15,6.506136297352542e-15,0.0005431647430563919,6.506136297352542e-15,6.506136297352542e-15,6.506136297352542e-15,0.07196763567105204,6.506136297352542e-15,6.506136297352542e-15,6.506136297352542e-15
CGAGCGTGCATTGTGG-1,0.016277390435866526,6.469066666108478e-15,0.0012879039991903088,6.469066666108478e-15,6.469066666108478e-15,0.024282783878070154,4.773461424885042e-09,6.469066666108478e-15,6.469066666108478e-15,0.09350207115892362,6.894214118033884e-05,6.469066666108478e-15,0.003662173629586279,6.469066666108478e-15,6.469066666108478e-15,6.469066666108478e-15,0.8609187299836504,6.469066666108478e-15,6.469066666108478e-15
CGAGGAACGCTGTCCA-1,6.990520215486025e-15,6.990520215486025e-15,0.00011632738785901556,6.990520215486025e-15,6.990520215486025e-15,6.990520215486025e-15,1.537709236734094e-06,0.4282415123888016,0.0068094362587779326,0.021193522319901598,6.990520215486025e-15,6.990520215486025e-15,9.009943856074696e-12,6.990520215486025e-15,0.004534385280765861,0.19277893531496215,0.24536159371665228,8.288011616404578e-07,0.10096192081281535
CGATGACCTCATCCTC-1,0.011995605140120316,0.1256068061683517,0.09942340427366077,6.276447940090645e-15,6.276447940090645e-15,0.09131516430121628,0.028863437062902918,6.276447940090645e-15,0.08218941450113708,0.06189078135149743,0.09160168994981135,0.014770509834991187,6.276447940090645e-15,6.276447940090645e-15,6.276447940090645e-15,6.276447940090645e-15,0.3679781846354286,0.0243650027808323,6.276447940090645e-15
CGCACGGCTGTCAGGT-1,6.752327143021721e-15,2.4220765223025817e-11,7.392920930502119e-08,6.752327143021721e-15,6.752327143021721e-15,0.030063232168335473,6.752327143021721e-15,0.2617256712266842,7.139608572052635e-11,1.779347507302578e-07,0.023681329325032783,0.0012119654572561715,6.752327143021721e-15,6.752327143021721e-15,6.752327143021721e-15,0.024452019410378577,0.6486736580949856,0.010027214156150946,0.00016465820155213244
CGCATCCTGTTGTAGC-1,7.127422651292516e-15,7.127422651292516e-15,7.127422651292516e-15,4.3024540814707095e-08,7.127422651292516e-15,0.13373732170963304,0.0073768190202052044,0.510926892255885,0.0025496814483879113,2.2883284443969856e-13,0.006559139912130938,0.003056274912324637,7.127422651292516e-15,7.127422651292516e-15,7.127422651292516e-15,0.12696188391752575,0.20883194362617957,1.4368890856001375e-10,2.9219781849984935e-11
CGCCGGACTAGGTACA-1,0.06522003784737103,2.69756657233933e-05,0.059741079103703486,0.2210661809544822,0.13056369507109836,0.038538900179755455,6.58804690427032e-15,0.04316252738235303,6.58804690427032e-15,0.15185837836283375,0.0485154639941671,6.58804690427032e-15,0.06251672125553887,6.58804690427032e-15,0.007686755479777637,0.03024196250862808,0.12978217030473366,0.004720432270956278,0.006358719618851757
CGCCTTAAGGTACGCT-1,0.01303901479758712,0.0663054765314442,0.03144309029711892,6.3139745019695225e-15,6.3139745019695225e-15,0.39975266398098225,0.08484451270825116,2.3411693776714192e-12,6.3139745019695225e-15,4.4478668685757987e-05,0.31207636445978393,0.00024669754147477646,0.057536955356149465,2.2789875113196834e-05,6.3139745019695225e-15,6.3139745019695225e-15,0.03461199516878139,7.595111367848571e-05,9.498576729451963e-09
CGCTATAGCGATCGCC-1,7.027023931608307e-15,7.027023931608307e-15,7.027023931608307e-15,0.7231636822255307,0.03130044300550405,7.027023931608307e-15,7.027023931608307e-15,0.05922613048785685,7.027023931608307e-15,0.17647810383160883,7.027023931608307e-15,7.027023931608307e-15,7.027023931608307e-15,0.009831640447799328,7.027023931608307e-15,1.6092342854882483e-12,7.027023931608307e-15,7.027023931608307e-15,7.027023931608307e-15
CGCTCGTTATAGATCT-1,0.0016811525860675734,0.07036059148640435,0.14428115107774897,6.499919897710157e-15,6.499919897710157e-15,0.0068857755149910145,0.027175149251274528,0.301663535516834,6.499919897710157e-15,0.24700770990286355,0.002078329393524815,6.499919897710157e-15,6.499919897710157e-15,6.499919897710157e-15,1.1489626514879931e-05,0.049900482594597215,0.038501625040416675,0.1101096868826161,0.0003433211261073296
CGCTGTGACATAGGCA-1,0.12051619391875384,6.372202604617693e-15,6.372202604617693e-15,1.9293995525097123e-07,6.372202604617693e-15,6.372202604617693e-15,6.372202604617693e-15,2.4587146631574497e-07,6.372202604617693e-15,0.038783959727359894,0.3282007111615271,0.009180753272066267,6.372202604617693e-15,0.005799568413514159,0.06787247102757887,0.028152442224747814,0.4014934614429733,6.372202604617693e-15,6.372202604617693e-15
CGGAGCGGTAAGACGC-1,6.662903371831986e-15,6.662903371831986e-15,6.662903371831986e-15,6.662903371831986e-15,6.662903371831986e-15,6.662903371831986e-15,6.662903371831986e-15,6.662903371831986e-15,0.0004011632240967984,3.1131534851640205e-12,1.5692635964697085e-13,0.02216188031975293,0.12151644494954811,6.662903371831986e-15,6.662903371831986e-15,6.662903371831986e-15,0.8559205115032456,6.662903371831986e-15,6.662903371831986e-15
CGGAGCGTCTGACAGT-1,0.017945332097610445,6.978609669689346e-15,6.978609669689346e-15,7.2110759269747896e-12,6.978609669689346e-15,0.029463132255843957,0.016571954800353762,0.4013578344678321,6.978609669689346e-15,6.978609669689346e-15,6.978609669689346e-15,0.004267008720273407,6.978609669689346e-15,5.3725131709557335e-06,6.978609669689346e-15,0.04903773258833056,0.4813516325493044,6.978609669689346e-15,6.978609669689346e-15
CGGCACTCTAGCGGAA-1,6.68919231985895e-15,6.68919231985895e-15,6.68919231985895e-15,6.68919231985895e-15,6.68919231985895e-15,0.009182724209598717,6.68919231985895e-15,0.6819885737186206,9.054106652613173e-05,4.418850136144372e-05,0.03243537617772759,3.4521834887226794e-08,6.68919231985895e-15,0.0007995675075013059,4.58435670167026e-08,0.2658447221422859,0.009614226310916326,6.68919231985895e-15,6.68919231985895e-15
CGGCTTACGTGCACGA-1,6.9025764100812315e-15,6.9025764100812315e-15,6.9025764100812315e-15,6.9025764100812315e-15,6.9025764100812315e-15,0.01282177422755353,0.0007465124459794259,0.882252153391782,6.9025764100812315e-15,6.9025764100812315e-15,0.016250359391338516,6.9025764100812315e-15,6.852961230695492e-14,6.9025764100812315e-15,1.2513835557226153e-12,0.07119557552340643,0.01673362501854465,6.9025764100812315e-15,6.9025764100812315e-15
CGTAACATAAGTCATC-1,0.026563676870334695,7.851301756539865e-05,2.6780054497298784e-10,1.6313046307325387e-14,6.590221941918116e-15,9.353110803659547e-14,0.03190008727798924,0.554888575463332,6.590221941918116e-15,0.0029312013697513632,0.12231530247574063,6.590221941918116e-15,6.590221941918116e-15,6.590221941918116e-15,6.590221941918116e-15,0.03385686832744085,0.12798307249806112,0.09948261338432995,8.904750499299665e-08
CGTCCACCATTCGGTG-1,6.7450836527059614e-15,6.7450836527059614e-15,6.7450836527059614e-15,7.132395577217201e-14,6.7450836527059614e-15,0.05857144806903462,6.7450836527059614e-15,0.7643703225095654,6.7450836527059614e-15,0.025438474059388216,0.043158775741788086,6.7450836527059614e-15,6.7450836527059614e-15,0.003780353146789035,0.024640437688715423,0.006598470345241284,0.0734406565228265,3.560979217414307e-08,1.026306733934202e-06
CGTCCATCGTCCAATA-1,0.1269633034469499,7.112401477172818e-07,8.177169010047596e-11,6.307154149020603e-15,6.307154149020603e-15,0.00226760088255504,0.011612445949262423,6.307154149020603e-15,4.502536030615768e-07,0.38666968868802104,0.01596741163741217,6.307154149020603e-15,6.307154149020603e-15,5.182015723888033e-09,6.307154149020603e-15,6.307154149020603e-15,0.32736143154663144,0.1291569510915796,6.307154149020603e-15
CGTCGGCGGTAGATCA-1,6.845245742839497e-15,6.845245742839497e-15,6.845245742839497e-15,6.845245742839497e-15,6.845245742839497e-15,6.845245742839497e-15,6.845245742839497e-15,0.9433426873798714,6.845245742839497e-15,6.845245742839497e-15,6.845245742839497e-15,0.0009986267174912288,6.845245742839497e-15,6.845245742839497e-15,6.845245742839497e-15,0.05565868590252816,6.845245742839497e-15,6.845245742839497e-15,6.845245742839497e-15
CGTGAGCAATGGACAT-1,0.0009724769189944754,6.665891150008616e-15,0.002102500952157155,0.47066797463116755,2.0501975681681672e-11,0.012082260666536353,1.4665701228342737e-12,0.007837638513105651,0.002848615197141821,0.028123297493006873,6.665891150008616e-15,6.665891150008616e-15,0.2444834426140482,0.11561335584139289,6.665891150008616e-15,0.00021549697068341285,0.11505277631288315,1.543836810590021e-11,1.63851448958849e-07
CTAAGTCAAGATCATG-1,5.7991799107116776e-06,6.660682546864595e-15,6.660682546864595e-15,0.6005579053022957,1.2714569847809397e-07,0.009756849960047085,6.660682546864595e-15,0.2644665242367634,6.660682546864595e-15,6.660682546864595e-15,6.660682546864595e-15,0.003930533638911039,0.014833000847220217,0.07010334667329562,0.001397396451306041,5.1796783796405274e-09,0.03494851138481995,6.660682546864595e-15,6.660682546864595e-15
CTAATGAGCGAGGCTA-1,6.860519441626657e-15,6.860519441626657e-15,6.860519441626657e-15,6.860519441626657e-15,6.860519441626657e-15,0.017775108329108617,6.860519441626657e-15,6.860519441626657e-15,6.860519441626657e-15,6.860519441626657e-15,0.030187473442940926,6.860519441626657e-15,6.860519441626657e-15,6.860519441626657e-15,6.860519441626657e-15,6.860519441626657e-15,0.9520374182278407,6.860519441626657e-15,6.860519441626657e-15
CTACAACCGCTGTCTA-1,0.1987075763466118,0.13665272498881648,1.5245153336201068e-10,6.222681776586507e-15,6.222681776586507e-15,0.06655594005237384,0.04266589515262642,6.222681776586507e-15,6.222681776586507e-15,0.08573324973302697,0.09654685391918832,6.222681776586507e-15,0.01847382396308971,0.015331032162245635,0.014468795814054016,6.222681776586507e-15,0.2085396927107925,0.11632441500467958,6.222681776586507e-15
CTACATCTACTGGCTT-1,6.1157677454538096e-15,6.1157677454538096e-15,0.06547935968623331,6.1157677454538096e-15,6.1157677454538096e-15,0.03980023375311277,6.1157677454538096e-15,6.1157677454538096e-15,6.1157677454538096e-15,0.06049218577913281,0.018112996944435453,6.1157677454538096e-15,0.16318346597003086,0.05457363385188347,0.011728015945241739,6.1157677454538096e-15,0.5866301080697524,1.160884841266886e-13,6.1157677454538096e-15
CTACGAATCAGCCTGG-1,3.6791675725830515e-05,6.561955123400586e-15,0.03716647574277418,6.561955123400586e-15,6.561955123400586e-15,0.0740844820182264,0.004750288863271313,0.7479055853267458,6.561955123400586e-15,0.06085835655355745,8.481047333301711e-09,6.561955123400586e-15,6.561955123400586e-15,6.561955123400586e-15,6.561955123400586e-15,0.05335245166142971,1.148417912768786e-06,6.390925294041723e-09,0.021844404868331925
CTAGCGCCTAGCTTAA-1,6.7478370727557595e-15,6.7478370727557595e-15,6.7478370727557595e-15,6.7478370727557595e-15,0.005631158150179741,0.009636751931295758,6.7478370727557595e-15,0.8765771283831821,1.863586748450804e-07,6.7478370727557595e-15,6.7478370727557595e-15,0.0007551785117653326,6.7478370727557595e-15,6.7478370727557595e-15,6.7478370727557595e-15,0.10739959666481458,6.7478370727557595e-15,6.7478370727557595e-15,6.7478370727557595e-15
CTATCGCAGTCAATGG-1,0.3527719779036967,0.08554994353520486,6.412977678490965e-15,6.412977678490965e-15,6.412977678490965e-15,0.005921301219523743,0.025216577386894774,0.10259462591930417,1.736680870441289e-05,0.09531364655000575,0.21484687121767673,0.0034085589300151442,6.412977678490965e-15,6.412977678490965e-15,6.412977678490965e-15,0.008567959112181917,0.05773062357518817,0.04806054784155905,6.412977678490965e-15
CTATCGTATCAGCGTG-1,6.778234459003998e-15,6.778234459003998e-15,6.778234459003998e-15,6.778234459003998e-15,6.778234459003998e-15,0.0026351544434047133,0.0038810387132550213,0.9647105767400505,6.778234459003998e-15,6.778234459003998e-15,6.778234459003998e-15,6.778234459003998e-15,6.778234459003998e-15,6.778234459003998e-15,2.0680868157257237e-13,0.02877323010298849,6.778234459003998e-15,6.778234459003998e-15,6.778234459003998e-15
CTATGTCGTTCCGCTA-1,6.693336987402504e-15,6.693336987402504e-15,6.693336987402504e-15,6.693336987402504e-15,6.693336987402504e-15,0.011795872515794238,6.693336987402504e-15,0.8615767011965735,6.728599622057517e-05,6.693336987402504e-15,0.0219111776966835,0.0025580845019472845,6.693336987402504e-15,6.693336987402504e-15,6.693336987402504e-15,0.07335386972772573,0.02873700836497511,6.693336987402504e-15,6.693336987402504e-15
CTCACCTTCTGAAGTA-1,0.1505498856289995,0.027837650120125474,6.332171517755496e-15,6.332171517755496e-15,6.332171517755496e-15,0.007188538638438841,0.05372570613148229,0.023893994293998636,0.0030578381941726096,4.600339102578561e-12,0.1417979602535143,0.03358000815202363,6.332171517755496e-15,6.332171517755496e-15,6.332171517755496e-15,3.1285624189500236e-07,0.5250813263991353,0.0332867793182784,8.951045751267098e-12
CTCACGAGTAGATGAG-1,0.2815489195914105,0.014074601001538957,4.693732751229186e-10,6.071092460113773e-15,6.071092460113773e-15,0.023979587114283177,0.02091443464947151,6.071092460113773e-15,0.04541000810762806,0.20147461665792404,0.0712165516281498,0.002004664052553296,6.071092460113773e-15,6.071092460113773e-15,6.071092460113773e-15,6.071092460113773e-15,0.11241508766256958,0.22696152906504943,6.071092460113773e-15
CTCCACATAACCTATT-1,7.439429456454702e-15,7.439429456454702e-15,7.439429456454702e-15,0.00024247562523696767,0.006828817107385046,0.035937205400304095,0.003464737462168494,0.7404021994740786,7.439429456454702e-15,7.439429456454702e-15,7.439429456454702e-15,0.006120314932218941,7.439429456454702e-15,7.439429456454702e-15,7.439429456454702e-15,0.0009219306518495696,0.20608231934667667,7.439429456454702e-15,7.439429456454702e-15
CTCGATGCCGTGCGTC-1,6.381530644799389e-15,6.381530644799389e-15,1.6557636887477021e-12,0.05411554282987965,0.005638731879912351,0.11082179478092513,0.025772610607209753,6.381530644799389e-15,0.00782996605156212,0.02643584313508351,0.17710371673724104,0.004965580519402926,0.09438205047626662,0.10774302802723028,6.381530644799389e-15,6.381530644799389e-15,0.3851911349381438,1.5448875537539462e-11,6.381530644799389e-15
CTCGATGCGGTGTTAA-1,6.6605521928527854e-15,6.6605521928527854e-15,6.6605521928527854e-15,0.03157309873136539,3.641828424902016e-05,0.1787623389547147,0.024250655298114245,0.03736856917792197,6.6605521928527854e-15,0.033841981085345946,0.24641176316050625,0.00855344711893557,6.6605521928527854e-15,6.6605521928527854e-15,0.03352057912123229,1.1225121973000119e-12,0.40568114906643893,6.6605521928527854e-15,6.6605521928527854e-15
CTCGCTGTTCATAGAT-1,0.1532093519045197,0.31584990061472507,0.004052097459323335,5.938907446072981e-15,5.938907446072981e-15,0.046115017799864065,0.02569939781171403,5.938907446072981e-15,5.938907446072981e-15,0.10462871608286509,0.12034649746223725,0.013730255519751895,0.03097862630878779,1.7227861445919448e-12,5.938907446072981e-15,5.938907446072981e-15,0.09586817210167484,0.08952196693277312,5.938907446072981e-15
CTCGGATTGAATGAGT-1,6.895513094799963e-15,6.878232636478403e-10,2.061610461035899e-09,4.29979232626927e-14,6.895513094799963e-15,0.0051723384282187914,6.895513094799963e-15,0.8501514174168352,6.895513094799963e-15,0.0011245098698899672,0.02030476450572017,0.01765433034509089,0.005589151895293662,6.895513094799963e-15,6.895513094799963e-15,0.0905155073095857,4.8493380618182945e-05,0.009046975120285638,0.0003925089789435642
CTGAAGTTGCAGACAT-1,6.862141677128122e-15,6.862141677128122e-15,7.936893681933722e-13,6.862141677128122e-15,6.862141677128122e-15,0.025273907378679253,6.862141677128122e-15,0.9730171228590506,6.862141677128122e-15,6.862141677128122e-15,6.862141677128122e-15,6.862141677128122e-15,6.862141677128122e-15,6.862141677128122e-15,2.744900758125761e-05,3.5268380496547646e-06,6.862141677128122e-15,6.862141677128122e-15,0.001677993915756667
CTGAATTCGCGTAAGG-1,0.07650304354095401,0.1161432455370292,0.08353581536985002,6.331225829252433e-15,6.331225829252433e-15,0.12264139873133507,0.027205420476435208,5.0940804532517095e-12,6.331225829252433e-15,0.21816082103927711,0.042438942565792864,6.331225829252433e-15,6.331225829252433e-15,6.331225829252433e-15,0.03689957220721834,0.032219940784643686,0.22171571602361526,0.02253608326131219,4.574049994551336e-10
CTGACTGGTATGATAA-1,0.006663159334623288,5.670871360732871e-12,2.6050566577213904e-12,6.807519362302237e-15,6.807519362302237e-15,0.014955472567986,0.0006239815706173256,0.8427959843131521,6.807519362302237e-15,0.02067147976125935,0.05097640377243585,0.0016466536178705857,6.807519362302237e-15,6.807519362302237e-15,0.000481388108354801,1.308168443757218e-05,0.04257702398269193,0.003640016219400638,0.014955355058860567
CTGACTGTGGCCGGTT-1,6.556805974453929e-15,6.556805974453929e-15,6.556805974453929e-15,6.556805974453929e-15,6.556805974453929e-15,6.556805974453929e-15,6.556805974453929e-15,6.556805974453929e-15,6.556805974453929e-15,6.556805974453929e-15,0.10789923384094376,6.556805974453929e-15,6.556805974453929e-15,6.556805974453929e-15,4.204826116168081e-11,6.556805974453929e-15,0.8921007661169031,6.556805974453929e-15,6.556805974453929e-15
CTGATGCCAATGCTTC-1,6.7373742847788784e-15,6.7373742847788784e-15,6.7373742847788784e-15,0.10199970403969381,0.3167311944129591,6.7373742847788784e-15,6.7373742847788784e-15,0.5809071034070741,6.7373742847788784e-15,6.7373742847788784e-15,6.7373742847788784e-15,0.00036041223922515125,6.7373742847788784e-15,6.7373742847788784e-15,6.7373742847788784e-15,1.5859009536918896e-06,6.7373742847788784e-15,6.7373742847788784e-15,6.7373742847788784e-15
CTGCCTAGTGAATAAG-1,0.012870623818560458,6.9325842766294864e-15,4.81146994370496e-07,1.049419599007415e-13,6.9325842766294864e-15,0.06306810026582621,0.017189460611377487,0.7075559354027311,6.9325842766294864e-15,0.016215560702265826,0.047773778263786676,0.0028632649924774487,6.9325842766294864e-15,6.9325842766294864e-15,6.9325842766294864e-15,0.01830983049605254,0.09944122618183336,6.9325842766294864e-15,0.014711738117941351
CTGGAATAGTGCAAGT-1,0.07450962254960423,5.779586946624021e-05,0.028550463484346505,6.3563882343322894e-15,6.3563882343322894e-15,0.033983030073346014,0.021238162486844975,6.3563882343322894e-15,0.0024284022112463595,2.8101960019093663e-12,0.1020385604254023,0.005694614660672748,6.3563882343322894e-15,6.3563882343322894e-15,6.3563882343322894e-15,6.3563882343322894e-15,0.71299213778156,0.0185072104546496,6.3563882343322894e-15
CTGGAATGTCCGGCCT-1,0.17035023609863523,0.005532985108300456,0.016168065490276762,0.103644075158695,1.4032691476516816e-09,0.12392524321568221,0.03759788402745652,2.623817157879878e-07,0.08637754172352144,0.04012003459816149,0.14596374275349608,0.026530962677591377,0.00014794093021523963,0.01680576331956869,6.283198157300255e-15,6.978489869797597e-07,0.22568519907456316,0.0011493641897449547,1.1322935736480279e-13
CTGGTACTCGAAGTGG-1,6.500469943502325e-15,6.500469943502325e-15,6.500469943502325e-15,0.21800534714378855,0.051116878295099435,6.500469943502325e-15,6.500469943502325e-15,0.7308284652268794,6.500469943502325e-15,6.500469943502325e-15,6.500469943502325e-15,1.4316667333958786e-11,6.500469943502325e-15,6.500469943502325e-15,6.500469943502325e-15,4.930931982540051e-05,6.500469943502325e-15,6.500469943502325e-15,6.500469943502325e-15
CTGGTGATCGCCGTAG-1,0.10012039924629439,4.4954916702678785e-06,0.025152546176346702,6.600962253948263e-15,6.600962253948263e-15,1.2219863292350937e-08,0.00858728671189094,0.006823509415672811,6.600962253948263e-15,4.0637473953905566e-10,0.07354040431150737,6.600962253948263e-15,6.600962253948263e-15,6.600962253948263e-15,6.600962253948263e-15,0.008539515341065444,0.6730244554859622,0.10420306520374889,4.309989556604773e-06
CTGTATCTTCGCCATA-1,6.574265060294134e-15,6.574265060294134e-15,6.574265060294134e-15,0.13042408165875277,0.09509636177027218,0.006268697957672716,6.574265060294134e-15,6.574265060294134e-15,6.574265060294134e-15,6.574265060294134e-15,6.574265060294134e-15,6.574265060294134e-15,0.47522401242721063,0.05928349406765544,6.574265060294134e-15,6.574265060294134e-15,0.23370335211835083,6.574265060294134e-15,6.574265060294134e-15
CTGTCAGATCGATGCG-1,6.811588917771903e-15,6.811588917771903e-15,6.811588917771903e-15,0.04678404317761606,0.621312067265393,5.265573382585535e-07,6.811588917771903e-15,1.0608774614531196e-13,0.01343392287077905,0.010004912335274502,0.006750354963939394,6.811588917771903e-15,0.17821558141003008,0.0050063766992136955,6.811588917771903e-15,6.811588917771903e-15,0.11849221472024894,6.811588917771903e-15,6.811588917771903e-15
CTTCAAGTAACAGCTT-1,0.05552548444546571,6.476933765549605e-15,6.476933765549605e-15,0.5484099788075574,3.0489767497318377e-14,0.05299727671399465,0.003470050664531005,4.0231308805753806e-08,6.476933765549605e-15,6.476933765549605e-15,0.037616815152753356,6.476933765549605e-15,0.08384043316793112,0.10302714847573197,6.476933765549605e-15,0.00299372544149613,0.11211904689887328,6.553024172819441e-14,2.218851004782266e-13
CTTCCACGATCCTGTA-1,1.9025487450518918e-14,6.827321649851064e-15,6.827321649851064e-15,6.827321649851064e-15,0.009075095833380493,0.013257032586581396,6.827321649851064e-15,0.8066679135351703,6.827321649851064e-15,6.827321649851064e-15,6.827321649851064e-15,6.827321649851064e-15,6.827321649851064e-15,6.827321649851064e-15,2.2355173242239174e-12,0.17099995804252485,6.827321649851064e-15,6.827321649851064e-15,6.827321649851064e-15
CTTCGATACTCCGACC-1,0.14168508608875607,6.2070244756202904e-15,0.0006598841264550022,6.2070244756202904e-15,6.2070244756202904e-15,0.05123658862916798,0.006828701802318605,6.2070244756202904e-15,6.2070244756202904e-15,6.2070244756202904e-15,0.15962165269442313,6.2070244756202904e-15,6.2070244756202904e-15,6.2070244756202904e-15,4.312170188080685e-11,6.2070244756202904e-15,0.639968086615683,6.2070244756202904e-15,6.2070244756202904e-15
CTTGAGTCCAAGGCTG-1,0.0053901473069384205,6.914214231633378e-15,6.914214231633378e-15,0.7187865619327963,0.02735902944159566,0.003714443377662277,0.00032479104831895843,0.0008881957422089487,0.0022674512679907483,0.024314729164936585,0.020871944507992173,6.914214231633378e-15,6.914214231633378e-15,0.1960826008529556,6.914214231633378e-15,1.0535654911975994e-07,6.914214231633378e-15,6.914214231633378e-15,6.914214231633378e-15
CTTGCGTAACAGCAGT-1,6.5726197312181645e-15,6.5726197312181645e-15,6.5726197312181645e-15,6.5726197312181645e-15,6.5726197312181645e-15,0.24710054902296064,6.5726197312181645e-15,3.5718855701048887e-11,6.5726197312181645e-15,0.000745021369445616,0.03789204245964343,6.5726197312181645e-15,6.5726197312181645e-15,6.5726197312181645e-15,0.5060647581803671,0.00961968030490535,0.1985779486268802,6.5726197312181645e-15,6.5726197312181645e-15
GAACATTCGACACGTA-1,6.386192444286905e-15,6.386192444286905e-15,6.386192444286905e-15,0.05034768016318349,0.0007026799676111593,6.386192444286905e-15,6.386192444286905e-15,6.386192444286905e-15,6.386192444286905e-15,6.386192444286905e-15,6.386192444286905e-15,0.0009755966300221476,0.5961530120385002,0.28163939265657395,6.023029528354941e-13,6.386192444286905e-15,0.07018163854343025,6.386192444286905e-15,6.386192444286905e-15
GAACTCCTCATACATA-1,0.001926658537328116,6.166069031019149e-15,6.166069031019149e-15,6.166069031019149e-15,6.166069031019149e-15,0.004730493025067073,6.166069031019149e-15,6.166069031019149e-15,0.009868309307823843,0.5702071116250593,6.166069031019149e-15,0.0016154700363856405,0.03170010827392943,0.3799518491943328,6.166069031019149e-15,6.166069031019149e-15,6.166069031019149e-15,6.166069031019149e-15,6.166069031019149e-15
GAAGCGTATCATCGTT-1,0.01024024316283656,6.843651471528839e-15,6.843651471528839e-15,3.0694765688988007e-13,6.843651471528839e-15,0.027688020048736776,6.843651471528839e-15,0.8211483752449251,0.005010858793666757,1.0742296787596005e-05,0.030410685536883655,6.843651471528839e-15,6.843651471528839e-15,6.843651471528839e-15,6.843651471528839e-15,0.05110858574238214,0.054382489167239534,6.168017841751578e-12,1.2200814119965892e-14
GAATAAGGAGAACTAA-1,6.161369459047361e-15,6.161369459047361e-15,6.161369459047361e-15,6.161369459047361e-15,6.161369459047361e-15,6.161369459047361e-15,6.161369459047361e-15,6.161369459047361e-15,6.161369459047361e-15,6.161369459047361e-15,6.161369459047361e-15,6.161369459047361e-15,0.5762014287806302,0.0422326119006078,6.161369459047361e-15,6.161369459047361e-15,0.38156595931866355,6.161369459047361e-15,6.161369459047361e-15
GAATGACAACAGAATA-1,6.599684953572489e-15,6.599684953572489e-15,6.599684953572489e-15,0.15350807504608427,0.41366748093200345,6.599684953572489e-15,0.002053321009847783,0.3809725440998193,6.599684953572489e-15,0.024068917399174314,0.025729658876145645,6.599684953572489e-15,6.599684953572489e-15,6.599684953572489e-15,6.599684953572489e-15,2.636846637742662e-09,6.599684953572489e-15,6.599684953572489e-15,6.599684953572489e-15
GAATTAACCTTCAATT-1,0.0020351656928556086,6.601167508003949e-15,6.601167508003949e-15,0.7403375263907028,6.601167508003949e-15,6.601167508003949e-15,0.005840668854988341,0.21764642977514592,0.004714675793650182,7.108187865491578e-15,6.601167508003949e-15,6.601167508003949e-15,6.601167508003949e-15,0.029422209066067642,6.601167508003949e-15,3.324426510023035e-06,6.601167508003949e-15,6.601167508003949e-15,6.601167508003949e-15
GACAAGCTGAATCTGG-1,0.011893865096550424,6.273414070872615e-15,6.273414070872615e-15,6.273414070872615e-15,6.273414070872615e-15,6.273414070872615e-15,0.053726582577782116,6.273414070872615e-15,6.273414070872615e-15,6.273414070872615e-15,0.21463919833095835,6.273414070872615e-15,6.273414070872615e-15,6.273414070872615e-15,6.273414070872615e-15,6.273414070872615e-15,0.7197403539946151,6.273414070872615e-15,6.273414070872615e-15
GACAAGGTGGTCCGGC-1,0.0074746399719783285,6.690587014614445e-15,6.690587014614445e-15,1.1187497433890995e-14,6.690587014614445e-15,0.05446346480142331,0.003973510622237836,0.7966492032704566,6.690587014614445e-15,0.0016952046485688237,0.045248717682264954,0.007633866417281063,6.690587014614445e-15,6.690587014614445e-15,6.690587014614445e-15,0.044633573769091765,0.03822659938584156,1.21943079099973e-06,6.690587014614445e-15
GACATCCTTCATTATC-1,6.643548446329154e-15,6.643548446329154e-15,6.643548446329154e-15,6.643548446329154e-15,6.643548446329154e-15,2.2517837240581244e-09,6.643548446329154e-15,0.7550207169052987,0.0004179584619548168,0.0029593264633180254,0.009802226747271863,6.643548446329154e-15,6.643548446329154e-15,6.643548446329154e-15,7.20424193111987e-15,0.23056139111033958,0.0012383780599533082,6.643548446329154e-15,6.643548446329154e-15
GACCAATTGCGTCAGA-1,0.029101359825504502,0.025837586473028015,6.5639656645264894e-15,6.5639656645264894e-15,6.5639656645264894e-15,0.12168457011956618,6.5639656645264894e-15,0.034832255491737026,0.00457139554336121,1.4684990304200055e-12,0.0820909314738761,6.5639656645264894e-15,6.5639656645264894e-15,0.002612117278531713,0.06517717063936017,0.23767858751104706,0.39641024730456925,3.7301981402146207e-06,4.81397707421131e-08
GACCACATTCTTGAAT-1,6.39076509052679e-15,6.39076509052679e-15,6.39076509052679e-15,6.39076509052679e-15,6.39076509052679e-15,0.016495296155139876,0.011938886951389787,6.39076509052679e-15,6.39076509052679e-15,6.39076509052679e-15,0.23627532061457626,0.007088220438220044,6.39076509052679e-15,6.39076509052679e-15,6.39076509052679e-15,6.39076509052679e-15,0.7282022758405846,6.39076509052679e-15,6.39076509052679e-15
GACCTGTCGATTGCAG-1,0.0022230813710129543,6.3880382583276085e-15,6.3880382583276085e-15,0.07709115065588167,0.10514078400090011,0.016565309903053774,6.3880382583276085e-15,0.744234938566767,6.3880382583276085e-15,0.00042696338665135366,0.007105442670512426,0.0014359447639078803,0.038839300507320165,6.3880382583276085e-15,6.3880382583276085e-15,0.006937084173935493,6.3880382583276085e-15,6.3880382583276085e-15,6.3880382583276085e-15
GACGGTACCTGGCCGT-1,6.767525158468186e-15,3.9574634182532936e-11,1.7960303093319277e-07,6.767525158468186e-15,6.767525158468186e-15,6.767525158468186e-15,6.767525158468186e-15,0.46418443244988183,0.007100790169898497,6.767525158468186e-15,0.04652503454580539,6.767525158468186e-15,6.767525158468186e-15,6.767525158468186e-15,6.767525158468186e-15,0.17073532261239766,0.3036153227941609,0.007752338505404025,8.657927977849558e-05
GACTAGTAATCTTGCT-1,6.659984407272939e-15,1.0174986328291247e-06,6.659984407272939e-15,6.659984407272939e-15,6.659984407272939e-15,6.659984407272939e-15,7.675184842104035e-08,6.659984407272939e-15,6.659984407272939e-15,6.659984407272939e-15,0.020715064455443917,7.46672298762999e-09,6.659984407272939e-15,6.659984407272939e-15,6.659984407272939e-15,6.659984407272939e-15,0.9791042870039589,0.000179546823306257,6.659984407272939e-15
GAGCTTGATGGAAGCT-1,0.07204955018665105,0.014706838405388407,3.0643154398303907e-09,6.6403912009400055e-15,6.6403912009400055e-15,0.08078667635290597,0.012427897806046204,2.1586154710971714e-12,6.6403912009400055e-15,5.020479112722888e-08,0.35538049167120395,0.04811816456698259,6.6403912009400055e-15,6.6403912009400055e-15,9.641566741911348e-11,7.121054088697577e-11,0.4159095637049153,0.0006207636102703791,2.5671177767844973e-10
GAGGCCACTTCTAGAT-1,6.884224436239103e-15,6.884224436239103e-15,2.442387648721948e-07,6.884224436239103e-15,6.884224436239103e-15,0.04102243127075235,6.884224436239103e-15,0.8704856078550608,0.00021968495997361,0.023561834171335956,0.02412850653119069,6.884224436239103e-15,6.884224436239103e-15,6.884224436239103e-15,6.884224436239103e-15,0.007992719764252698,0.03177821845315703,2.583001617526895e-09,0.0008107501724486664
GAGTAGGATGGTAGTC-1,0.019725084014697504,6.272250085531923e-15,6.272250085531923e-15,6.272250085531923e-15,6.272250085531923e-15,0.025541113989798237,0.06783897439184597,6.272250085531923e-15,6.272250085531923e-15,6.272250085531923e-15,0.2516436262436348,6.272250085531923e-15,6.272250085531923e-15,6.272250085531923e-15,6.272250085531923e-15,6.272250085531923e-15,0.6352512013599358,6.272250085531923e-15,6.272250085531923e-15
GAGTCCTGTTACATCT-1,0.005509941345877848,0.00017977652313789217,1.2251394516668387e-08,6.733081500147481e-15,6.733081500147481e-15,0.04210310639661005,0.00099456097664837,0.42760771035934897,6.733081500147481e-15,0.10290777528574983,0.010277533636951988,6.733081500147481e-15,6.733081500147481e-15,6.733081500147481e-15,6.08566014951745e-09,0.19416150928635098,0.12465122632110569,0.09160681723745309,2.4293670334254427e-08
GATACCTCGCGACTGC-1,6.725607700688305e-15,2.5451294210072814e-06,1.5224934897223723e-14,6.725607700688305e-15,6.725607700688305e-15,0.020319347315332702,3.3444738053590654e-06,0.8945664866247128,0.0022252761468917947,3.720841338914363e-08,0.012774202402180645,0.0022220426976431343,6.725607700688305e-15,6.725607700688305e-15,6.725607700688305e-15,1.9481928739125497e-05,0.05614855929381575,0.011709217472677967,9.459306310458172e-06
GATCCACCGCGTGCAA-1,0.016501010614351806,6.5176730073418664e-15,6.5176730073418664e-15,6.5176730073418664e-15,6.5176730073418664e-15,6.5176730073418664e-15,6.5176730073418664e-15,6.5176730073418664e-15,0.014347971902664437,6.5176730073418664e-15,0.0754199134665129,6.5176730073418664e-15,6.5176730073418664e-15,6.5176730073418664e-15,6.5176730073418664e-15,6.5176730073418664e-15,0.8937311040163733,6.5176730073418664e-15,6.5176730073418664e-15
GATCGGAGATACGCAG-1,6.785400247362828e-15,6.785400247362828e-15,6.785400247362828e-15,6.785400247362828e-15,6.785400247362828e-15,0.0014085718608374744,0.002159244141073563,6.785400247362828e-15,6.785400247362828e-15,6.785400247362828e-15,6.785400247362828e-15,0.03902746591569338,6.785400247362828e-15,6.785400247362828e-15,6.785400247362828e-15,6.785400247362828e-15,0.9574047180822939,6.785400247362828e-15,6.785400247362828e-15
GATCGTGGCCACAACC-1,7.0076263731364294e-15,7.0076263731364294e-15,7.0076263731364294e-15,0.013753603067617711,0.024536326807739563,1.8335812490755824e-05,7.0076263731364294e-15,8.876401446013345e-08,0.00014491372412477087,0.00394360488989988,7.0076263731364294e-15,7.0076263731364294e-15,0.18439676785481662,0.0031641129143173846,2.0020587129604235e-07,0.01648731802291631,0.7535547279361353,7.0076263731364294e-15,7.0076263731364294e-15
GATGCGGTCCAGCTTA-1,0.15801541072143105,6.4878400669391236e-15,6.4878400669391236e-15,0.24512972241877995,1.020439815103642e-10,0.10379529625065827,6.4878400669391236e-15,9.68465226905627e-10,6.4878400669391236e-15,6.4878400669391236e-15,0.04752646872788899,0.002527560003514774,0.027994991895427566,0.04201309886514367,0.06905039451822866,0.002570078350192538,0.30137697717818007,6.4878400669391236e-15,6.4878400669391236e-15
GATGTAGGAGTTGGCC-1,6.470695135085295e-15,6.470695135085295e-15,6.470695135085295e-15,6.470695135085295e-15,6.470695135085295e-15,6.470695135085295e-15,0.14862452769031223,6.470695135085295e-15,0.01224255055004978,6.470695135085295e-15,0.04262833469973759,6.470695135085295e-15,6.470695135085295e-15,6.470695135085295e-15,6.470695135085295e-15,6.470695135085295e-15,0.7965045870598035,6.470695135085295e-15,6.470695135085295e-15
GATTCCGCTATCGGCT-1,6.825220485721924e-15,6.825220485721924e-15,0.007014691617426087,6.825220485721924e-15,6.825220485721924e-15,0.0049170036230782,6.825220485721924e-15,0.5997068890194115,0.004968262096903774,0.03380928486102147,0.03440777778430743,0.0009664055815897194,6.825220485721924e-15,6.825220485721924e-15,6.825220485721924e-15,0.1942649744384388,0.11752853995203576,6.245025721271297e-07,0.0024155465231606053
GCAAGAGTCGGTGGAC-1,6.9567377858880175e-15,0.002021649420994747,6.9567377858880175e-15,0.43060316084743483,0.10667018877432798,0.017461984012500827,6.9567377858880175e-15,0.42230573868033994,8.181520884651323e-15,6.9567377858880175e-15,6.9567377858880175e-15,0.001757357159175093,6.9567377858880175e-15,6.9567377858880175e-15,1.3816333194585247e-06,0.019170528254403775,6.9567377858880175e-15,8.011217432763406e-06,6.9567377858880175e-15
GCAAGCACTACCGCCA-1,6.62109771283329e-15,6.62109771283329e-15,6.62109771283329e-15,6.62109771283329e-15,6.62109771283329e-15,0.04465279559290579,6.62109771283329e-15,0.8702564067039517,6.62109771283329e-15,1.5504636680382183e-11,0.025378915615063925,0.000689191851698044,6.62109771283329e-15,6.62109771283329e-15,6.62109771283329e-15,0.001018972260515312,0.058003717960281406,6.62109771283329e-15,6.62109771283329e-15
GCACAGGCTCTACCAT-1,0.00856831773191733,6.7983382164492395e-15,6.7983382164492395e-15,0.26129998156845835,0.015992663910048777,0.027701518477032408,6.7983382164492395e-15,0.4159691579707733,6.7983382164492395e-15,6.7983382164492395e-15,0.008137903674261426,0.0213534585591857,0.14936578000763065,6.7983382164492395e-15,0.004387375159856268,0.08067244061011214,0.0065514023306696865,6.7983382164492395e-15,6.7983382164492395e-15
GCACATGCCGGTCTGG-1,0.11085371283580318,2.8964962931297727e-11,6.184068333423364e-15,6.184068333423364e-15,6.184068333423364e-15,0.2517648682145881,8.061541636636954e-07,6.184068333423364e-15,6.184068333423364e-15,2.572047261146262e-09,0.17552564067141033,0.021929378599847997,0.001450185578863629,1.6633160459263847e-14,6.184068333423364e-15,6.184068333423364e-15,0.438459009753682,1.639559056288145e-05,6.184068333423364e-15
GCACCTTCGCGGTAGA-1,6.876418512089235e-15,1.443965434972578e-11,0.059971267505266525,1.6983369417940255e-10,7.310570751986687e-08,0.004245989559710949,2.8480687357300837e-13,0.7859821999323785,0.0013532835629127035,0.004905224155509318,6.876418512089235e-15,0.0033986384034247704,6.876418512089235e-15,0.0013437720239234388,6.876418512089235e-15,0.02022699781994757,0.08045234687106227,0.033771638744770106,0.004348568130800672
GCACGAGCAGTACCGA-1,0.00019577123127296543,6.9653223500100506e-15,6.9653223500100506e-15,6.9653223500100506e-15,6.9653223500100506e-15,0.010695342548742761,6.9653223500100506e-15,0.8784726363068655,6.9653223500100506e-15,0.018294659305355704,0.0058082273758692776,6.9653223500100506e-15,6.9653223500100506e-15,6.9653223500100506e-15,6.9653223500100506e-15,0.004976724550309907,0.0815566386815007,6.9653223500100506e-15,6.9653223500100506e-15
GCACGAGCTATTGTCG-1,1.6377933872105468e-13,6.324773564964203e-15,6.324773564964203e-15,6.324773564964203e-15,6.324773564964203e-15,0.2702041750887475,0.12131373223196214,6.324773564964203e-15,0.0066475353248243805,3.3560081103427355e-08,0.27028259713478076,6.324773564964203e-15,6.324773564964203e-15,6.324773564964203e-15,6.324773564964203e-15,6.324773564964203e-15,0.33155192663923294,2.0138045922708865e-11,6.324773564964203e-15
GCACGCAACCATACCA-1,0.01525862849258116,0.017468794154952647,6.755517036517485e-15,6.755517036517485e-15,6.755517036517485e-15,0.04340445642004547,6.755517036517485e-15,0.6923787460037578,6.755517036517485e-15,0.020740896241777492,0.023217711815744,6.755517036517485e-15,6.755517036517485e-15,6.755517036517485e-15,6.755517036517485e-15,0.15914879103584073,1.4697432734426953e-07,0.028374460708211223,7.36815270140869e-06
GCACGCGTGACATCAG-1,6.828930092829271e-15,6.828930092829271e-15,6.828930092829271e-15,6.828930092829271e-15,6.828930092829271e-15,0.030798889543276798,6.828930092829271e-15,0.7860694290981266,6.828930092829271e-15,0.005889957782977201,0.01608218122990592,0.0008118435331435033,4.373183633490996e-11,6.828930092829271e-15,6.828930092829271e-15,0.07530384225473287,0.08504385651403007,6.828930092829271e-15,6.828930092829271e-15
GCACTGCCTCGATGCG-1,6.892512493103921e-15,6.892512493103921e-15,6.892512493103921e-15,6.892512493103921e-15,6.892512493103921e-15,0.08040565897455769,6.892512493103921e-15,0.6715055483599981,6.892512493103921e-15,3.9420683588994896e-13,0.03045318519225005,0.0032779806110444297,6.892512493103921e-15,6.892512493103921e-15,6.892512493103921e-15,0.13013919190931258,0.08421843495236016,6.892512493103921e-15,6.892512493103921e-15
GCAGGCCAACATCGCT-1,6.5368881628062574e-15,1.6008645379811607e-05,0.09856914589379648,6.5368881628062574e-15,6.5368881628062574e-15,0.17342452323170574,2.20006356191067e-11,0.06806350047139562,0.01919247164383875,0.10517583468094228,0.1213855080129518,6.5368881628062574e-15,0.07712303044474214,6.5368881628062574e-15,6.5368881628062574e-15,5.0960221680597883e-14,0.10924348788928298,0.22774318027464446,6.330878922899002e-05
GCCACGCCTTAGTACG-1,0.001137557282675726,6.778699893978895e-15,6.778699893978895e-15,0.372459695557052,0.22266159420465276,0.03675411073211668,6.778699893978895e-15,0.0969048910878738,6.778699893978895e-15,6.120334428551353e-13,0.008553892728931761,6.778699893978895e-15,0.21360901716147773,6.778699893978895e-15,0.011495803436084109,0.005469807234874278,0.03095363057359514,6.778699893978895e-15,6.778699893978895e-15
GCCGATCTCGTGACTC-1,6.8219770570725666e-15,7.305500143183434e-12,5.299383817006965e-10,6.8219770570725666e-15,6.8219770570725666e-15,1.2417401618575332e-06,6.8219770570725666e-15,0.9466428569841525,6.8219770570725666e-15,9.49957728128786e-13,0.005429995185718402,0.0014984044452228317,6.8219770570725666e-15,6.8219770570725666e-15,6.8219770570725666e-15,0.03204426582562053,0.007725559385387282,2.0177115308484194e-06,0.006655658183957466
GCCGGCGTAGGTGACG-1,0.00334368009453401,0.0010018532615476438,2.1282607899653414e-06,8.337105063586467e-10,6.708138653155635e-15,0.03421692616373068,6.708138653155635e-15,0.5547002438226787,0.0016630543739603253,3.7183262254592406e-12,0.03947189290340279,0.024081862934466795,0.005895470028615743,6.708138653155635e-15,6.708138653155635e-15,0.27766784690882834,0.04829502329615031,0.008689562111103033,0.000970455002735991
GCCGGCGTGAACTTGC-1,0.16703007785096483,6.650293582400037e-15,0.04401816317801226,6.650293582400037e-15,6.650293582400037e-15,6.650293582400037e-15,6.650293582400037e-15,6.650293582400037e-15,6.650293582400037e-15,0.00028532697534057645,0.05744937736075826,6.650293582400037e-15,0.04013902701163286,6.650293582400037e-15,6.650293582400037e-15,6.650293582400037e-15,0.6910780276218803,1.331305947159687e-12,6.650293582400037e-15
GCGACGTAGAGCGTTA-1,6.7895970322607226e-15,6.7895970322607226e-15,6.7895970322607226e-15,0.5329412066297736,7.19582467316678e-06,6.7895970322607226e-15,6.7895970322607226e-15,1.4460663872395428e-06,6.7895970322607226e-15,0.09003754879167568,0.014112568646652219,6.7895970322607226e-15,6.7895970322607226e-15,0.3476630762833697,6.7895970322607226e-15,0.015236957757387197,6.7895970322607226e-15,6.7895970322607226e-15,6.7895970322607226e-15
GCGATGCCTCTAAGTC-1,6.78141744795969e-15,6.78141744795969e-15,6.78141744795969e-15,0.08222634630658401,0.31318991134925933,6.78141744795969e-15,0.0009511057341970268,0.6036326362578439,6.78141744795969e-15,3.6115464703153954e-12,6.78141744795969e-15,6.78141744795969e-15,6.78141744795969e-15,6.78141744795969e-15,6.78141744795969e-15,3.484162821950844e-10,6.78141744795969e-15,6.78141744795969e-15,6.78141744795969e-15
GCGTACCGGAACGACA-1,6.8232127108683925e-15,6.8232127108683925e-15,6.8232127108683925e-15,6.8232127108683925e-15,1.7751164311210304e-11,0.03235476685666049,3.743498419019427e-14,0.9458496348242723,6.8232127108683925e-15,0.007950124269093178,0.009773170067756685,6.8232127108683925e-15,6.8232127108683925e-15,6.8232127108683925e-15,6.8232127108683925e-15,3.072633052001769e-05,0.004041577633833887,6.8232127108683925e-15,6.8232127108683925e-15
GCGTACCGGATGGCTC-1,0.12626787117038218,0.0018113863146217199,0.01906748043870646,6.31895933530976e-15,6.31895933530976e-15,6.31895933530976e-15,0.07780413105624515,6.31895933530976e-15,6.31895933530976e-15,0.10552401505189297,0.08284683192857999,0.003258145458003857,6.31895933530976e-15,6.31895933530976e-15,0.008981285540287367,6.31895933530976e-15,0.34288176593997566,0.2315570871012478,6.31895933530976e-15
GCTATCTGTCGCCGAG-1,0.005866204974870165,0.005789652010780624,6.658638080469661e-15,0.27173968826387984,0.5747442906531272,0.008411905428943135,6.658638080469661e-15,1.9322046957030274e-10,4.9205775676170025e-08,0.0018663140724044331,0.0024802997499886355,6.658638080469661e-15,0.08457014965543748,6.658638080469661e-15,2.175671619021345e-07,6.658638080469661e-15,0.04355363754406107,0.0009775906803095823,6.658638080469661e-15
GCTCCTATGTCTTCGC-1,0.02257422835088523,0.015420899107732785,3.3123176983347035e-11,0.07331808312205301,6.627604380754665e-15,0.026812374659476973,6.627604380754665e-15,6.627604380754665e-15,0.014311957328742771,7.339716388984515e-05,0.3205432124064316,6.627604380754665e-15,6.627604380754665e-15,3.1164729568474256e-08,6.627604380754665e-15,6.627604380754665e-15,0.5213230511396715,0.005622529951908874,2.3557130851927198e-07
GCTCGGAGATGAATGT-1,0.159830088882586,0.003537144066086375,2.396187829636513e-12,6.3053181149297685e-15,6.3053181149297685e-15,6.3053181149297685e-15,0.126208297292272,6.3053181149297685e-15,6.3053181149297685e-15,0.025251163620752668,0.14896004381258296,6.3053181149297685e-15,6.3053181149297685e-15,6.3053181149297685e-15,6.3053181149297685e-15,6.3053181149297685e-15,0.4950705162981433,0.04114274602511149,6.3053181149297685e-15
GCTTAATAGAGGCGAG-1,6.699806031259418e-15,6.699806031259418e-15,6.699806031259418e-15,6.699806031259418e-15,6.699806031259418e-15,0.014148566023860876,6.699806031259418e-15,0.5820281632976337,6.699806031259418e-15,0.16398713086420136,0.04845610283564912,0.0017220700299116723,6.699806031259418e-15,6.699806031259418e-15,0.00793089841522088,0.11693533568686802,0.06477367830839308,2.3695072762931227e-09,1.8052168693650075e-05
GCTTACATGTTGCGCT-1,0.17320318543607646,0.029520634547504653,0.06922972147621298,4.0161679993517485e-05,0.04551913225662144,0.058766227116195335,0.038109499002155114,0.03507193947639328,2.6139627587764375e-06,3.991433757536411e-08,0.2396780947465559,0.004168224242539269,0.00903625290558642,6.208680461127515e-15,0.0002516600900917639,4.6003559266669934e-10,0.1935157475098552,0.10382819004236156,5.86751347190187e-05
GCTTATCCGCATTCTT-1,6.67999412190404e-15,6.67999412190404e-15,6.67999412190404e-15,0.11142741512992271,0.4106570789650438,6.67999412190404e-15,6.67999412190404e-15,0.47761352907628446,6.67999412190404e-15,6.67999412190404e-15,6.67999412190404e-15,0.0003019021639191654,6.67999412190404e-15,6.67999412190404e-15,6.67999412190404e-15,7.466473657520077e-08,6.67999412190404e-15,6.67999412190404e-15,6.67999412190404e-15
GCTTGAACTCCATCCA-1,0.13167114862021337,0.11277746906852221,0.08415621737536742,0.1384612998923283,0.014800042003485244,0.029116860882307933,0.0011992742308143847,1.01841987092037e-09,6.5816085132857535e-15,0.209524403323671,0.08346131856398672,0.0031789793405420075,0.07261604218194637,0.03121148641653059,0.0011751459720946492,7.328623267080015e-13,0.06902868566237505,0.017617442024896634,4.183421758615467e-06
GCTTGGCTGCGGTAAC-1,6.317180316645865e-15,6.317180316645865e-15,6.317180316645865e-15,6.317180316645865e-15,6.317180316645865e-15,0.36054925487509476,0.009499618014906324,6.317180316645865e-15,6.317180316645865e-15,6.317180316645865e-15,0.06859654741332233,6.317180316645865e-15,1.7601607834834182e-14,0.01730054242394921,6.317180316645865e-15,0.03295341832084948,0.5111006189517845,6.317180316645865e-15,6.317180316645865e-15
GGAACATCGTGGAATC-1,6.52012894995198e-15,6.52012894995198e-15,6.52012894995198e-15,6.52012894995198e-15,6.52012894995198e-15,0.005416533659290945,0.011305833241715253,0.4615799860257632,0.014157746902888143,6.52012894995198e-15,0.03752319998764845,0.005036081786995575,6.52012894995198e-15,6.52012894995198e-15,0.0016895610985286174,0.0010525164359943729,0.4622385408611105,6.52012894995198e-15,6.52012894995198e-15
GGAAGCTGAGATAAGG-1,6.672050531787212e-15,1.4069411615745035e-09,6.672050531787212e-15,0.6132587716379087,3.5637948576196787e-13,0.041290983001157466,0.005087753288680368,0.007488189739967134,0.004383317512691313,6.672050531787212e-15,0.010873427406016026,6.672050531787212e-15,0.10586971771938178,0.11239129471394531,0.0022493269278620973,4.281371792747952e-06,0.09710293527324915,1.69733903297152e-14,6.672050531787212e-15
GGACAGTGCGGCAACA-1,0.3280028213320713,0.3050292433232146,0.030060295613388136,5.974746132539008e-15,5.974746132539008e-15,0.11303530579028714,0.03540128675108162,5.974746132539008e-15,6.9150608797192e-07,0.05274686130810516,0.11192886581074574,0.0009484359659956699,0.008189896274652957,0.013837623703426425,2.434715955715763e-07,5.974746132539008e-15,0.0003001817722634884,0.0005182473770547696,5.974746132539008e-15
GGAGGTCGTAGGAGCT-1,0.015365174058821249,6.633780797504125e-15,6.633780797504125e-15,0.008080976501586437,9.091702961427615e-13,0.18857427589390485,0.04120981781445902,0.019687712823130615,6.633780797504125e-15,2.00380127227766e-11,0.01934532891310327,6.633780797504125e-15,6.048521952893403e-13,8.823052246752395e-09,6.633780797504125e-15,0.007461328208613323,0.7002753769417305,6.633780797504125e-15,6.633780797504125e-15
GGCAGCCGGCACTTCC-1,0.0006032101832441617,3.1589149448378945e-12,5.283582528157195e-06,6.621635493581679e-15,6.621635493581679e-15,1.3886789072056309e-05,0.003281474982682094,0.8662521151129323,0.0007783495058117629,1.9148897689309936e-14,0.0001353455285269157,0.0004903137435304179,6.621635493581679e-15,6.621635493581679e-15,0.0007420650328214067,0.04142733110989695,0.07461696057857833,0.011650822527308997,2.8413198619203718e-06
GGCAGCGTATACGACT-1,0.1760163130257601,6.182897920079802e-15,5.4142734221869316e-14,6.182897920079802e-15,6.182897920079802e-15,2.1034771652693822e-06,0.06671204404254255,6.182897920079802e-15,7.086680308648999e-13,0.00022020122916284146,0.4468832623673683,6.182897920079802e-15,6.182897920079802e-15,6.182897920079802e-15,6.182897920079802e-15,6.182897920079802e-15,0.31016607467004487,1.187131652197955e-09,6.182897920079802e-15
GGCATACTATTGCACT-1,0.05516631283277909,6.431345686468893e-15,6.431345686468893e-15,0.1370219851685829,3.65620663158505e-13,0.11979304573048767,6.431345686468893e-15,7.899704853591512e-06,6.431345686468893e-15,6.431345686468893e-15,0.053250936361469436,0.03083138717726932,0.07493153676022705,0.026079900922821322,1.0946168109933281e-10,0.03680016858831115,0.46611682664332615,6.431345686468893e-15,6.431345686468893e-15
GGCATCGAACCTCATA-1,0.07951203454791249,0.03692386148514686,2.0614026527268666e-09,0.24898930221954116,0.062259155886882335,0.03171758442223526,0.009705137297034126,0.14262359875462452,6.587288226769486e-15,0.11079296127899811,0.09476058329297096,0.018981100233817078,0.06979927621281805,6.587288226769486e-15,7.847138918439882e-06,2.07364334668239e-05,0.0219446164559532,0.07194077374979321,2.1428528471627836e-05
GGCATTGCTAAGAATG-1,3.118955191049605e-13,6.4148057607036424e-15,6.4148057607036424e-15,6.4148057607036424e-15,6.4148057607036424e-15,0.12619182951150784,6.4148057607036424e-15,6.4148057607036424e-15,6.4148057607036424e-15,6.4148057607036424e-15,0.0002802180587048296,6.4148057607036424e-15,0.15245112387538826,1.9356196857391332e-05,0.00017281472046424878,6.4148057607036424e-15,0.7208846576366886,6.4148057607036424e-15,6.4148057607036424e-15
GGCCGGCGGTCTGTTA-1,0.01493484778974944,0.009495768156332317,3.166828600871303e-08,0.42705329882110626,3.357481385875303e-05,0.05917740780921382,6.527677069213843e-15,0.009699628592590494,6.527677069213843e-15,0.047782055205305866,0.07900726135647226,0.005202439722333363,0.13933962815245693,0.09814230258223176,2.0583194443221614e-09,2.7944491396445294e-09,0.08178251908148258,0.028349094292368458,1.3710343026111742e-07
GGCTGACGCCGAATCA-1,0.03450013489870603,0.028176900818371053,2.8627326700069287e-09,6.356336638026132e-15,6.356336638026132e-15,0.02363290141154198,5.625566611225958e-06,6.356336638026132e-15,6.356336638026132e-15,0.051218567235485325,0.2112947084637443,0.010973521921049346,6.356336638026132e-15,6.356336638026132e-15,6.356336638026132e-15,6.356336638026132e-15,0.6401705851756774,2.705164602343545e-05,6.356336638026132e-15
GGTATGGTTGTCCTCG-1,0.0007299420855398305,6.510056504683219e-15,6.510056504683219e-15,6.510056504683219e-15,6.510056504683219e-15,0.008585098953824337,6.510056504683219e-15,0.8303717150037514,6.510056504683219e-15,0.015177263016160788,0.01914920871536395,6.510056504683219e-15,6.510056504683219e-15,6.510056504683219e-15,0.004880919886806979,0.10646218555952143,0.014643666778959952,6.510056504683219e-15,6.510056504683219e-15
GGTCTGTTCACTAATC-1,6.976482010181471e-15,6.976482010181471e-15,6.976482010181471e-15,6.976482010181471e-15,6.976482010181471e-15,0.03164987587193902,6.976482010181471e-15,0.5653888426856701,0.0003108913368837844,2.7276758954350024e-07,1.01296717676654e-12,6.976482010181471e-15,6.976482010181471e-15,6.976482010181471e-15,6.976482010181471e-15,0.3305993332702933,0.07205078406652762,6.976482010181471e-15,6.976482010181471e-15
GGTGTCAAGCTGCACC-1,6.9535584227245556e-15,6.9535584227245556e-15,6.9535584227245556e-15,0.9430963423620818,1.7025471902327996e-10,0.017142677315350012,6.9535584227245556e-15,1.8477427666644535e-06,6.9535584227245556e-15,4.998774696446309e-09,0.012748343796734096,6.9535584227245556e-15,6.9535584227245556e-15,6.9535584227245556e-15,0.0002518502355088922,4.421363201275832e-10,0.026758932936323355,6.9535584227245556e-15,6.9535584227245556e-15
GGTTAGCTTCATGAGT-1,0.0014036379825987733,6.869988824955056e-15,6.869988824955056e-15,0.24447847884449908,0.4775434241656837,0.021833820969664863,6.869988824955056e-15,0.1729535211250459,6.869988824955056e-15,3.5343532900449273e-07,0.003116457533993208,0.0011164625080945026,0.05124444395211241,6.869988824955056e-15,6.869988824955056e-15,0.0019271372704299848,0.024382262212493767,6.869988824955056e-15,6.869988824955056e-15
GTAACATACACCTGTT-1,0.023104842574577473,6.641952511801782e-15,6.641952511801782e-15,6.641952511801782e-15,6.641952511801782e-15,0.05607541929582516,6.641952511801782e-15,6.641952511801782e-15,6.641952511801782e-15,6.641952511801782e-15,0.3079071229251662,0.037015657787597134,6.641952511801782e-15,6.641952511801782e-15,6.641952511801782e-15,6.641952511801782e-15,0.5758969574167411,6.641952511801782e-15,6.641952511801782e-15
GTAAGTAATTACAATC-1,0.010737856432564197,0.010146826378127461,0.012593621203673555,0.12038033054154698,0.5187840288649289,0.015292846697291184,0.000267592336254956,1.0112964107830115e-10,6.5014257358822885e-15,0.03401841658114219,0.045116536105683364,6.5014257358822885e-15,0.09447889693578061,0.047846454492492536,6.5014257358822885e-15,1.9325729350820277e-12,0.06285242188307333,0.027464463950770335,1.970749358884546e-05
GTAAGTTGCTGGTGGA-1,0.02401867745875028,0.3101899541801012,6.3315491319318465e-15,6.3315491319318465e-15,6.3315491319318465e-15,0.3488786876946702,0.014468122074861514,7.701096682646909e-06,2.7129376462757746e-10,0.1298473870908014,0.04615716611711819,6.3315491319318465e-15,6.3315491319318465e-15,6.3315491319318465e-15,0.04884372078656248,0.05467598190247531,0.022469889909838968,0.000442711415988512,8.17514727916487e-13
GTACAGAACCGATTAT-1,6.979057017854739e-15,6.979057017854739e-15,6.979057017854739e-15,1.2251800825922663e-13,6.979057017854739e-15,0.04100914198097127,6.979057017854739e-15,0.7799552906304253,6.979057017854739e-15,6.979057017854739e-15,0.03642732249128685,6.979057017854739e-15,6.979057017854739e-15,6.979057017854739e-15,1.9558753931187323e-14,4.549790700218098e-07,0.14260778991802103,6.979057017854739e-15,6.979057017854739e-15
GTACAGCCGTTACAGA-1,6.5534122260002974e-15,6.5534122260002974e-15,6.5534122260002974e-15,6.5534122260002974e-15,6.5534122260002974e-15,0.0307791189105571,0.0036172175230000216,0.8140338871372629,6.5534122260002974e-15,7.024151523243899e-09,0.014127937826890664,0.0010084906902566363,6.5534122260002974e-15,6.5534122260002974e-15,6.5534122260002974e-15,0.13643334088780282,6.5534122260002974e-15,6.5534122260002974e-15,6.5534122260002974e-15
GTACCTGAAGTGAATG-1,0.2109597726585768,9.488251619837339e-10,2.4069913277870917e-08,6.300090447173513e-15,6.300090447173513e-15,0.07134498529598145,0.03089861443157505,6.300090447173513e-15,6.300090447173513e-15,6.230282257651773e-11,0.4223674863641103,6.300090447173513e-15,6.300090447173513e-15,6.300090447173513e-15,6.300090447173513e-15,6.300090447173513e-15,0.2644291143358893,1.8327632114279245e-09,6.300090447173513e-15
GTACGAATTACATAAT-1,6.9376489174108485e-15,6.9376489174108485e-15,6.9376489174108485e-15,6.9376489174108485e-15,6.9376489174108485e-15,0.14137724815317365,6.9376489174108485e-15,0.6663322728294798,6.9376489174108485e-15,0.02257745973353148,0.03946760176259138,6.9376489174108485e-15,6.9376489174108485e-15,6.9376489174108485e-15,0.000789532865761085,0.0002768156900570545,0.12917906896532247,6.9376489174108485e-15,6.9376489174108485e-15
GTACGATTAGTCTACA-1,6.760633162124291e-15,6.760633162124291e-15,6.760633162124291e-15,0.6236272481366526,0.2603268455329724,0.021146390838524966,0.010946623567570158,1.4583102054933077e-06,0.0003545393287077313,0.0009544252483141757,0.0688648237305604,0.002032027003824698,0.009368249375351977,6.760633162124291e-15,0.001660492367059884,1.2104458271097224e-11,0.0007168765481107238,6.760633162124291e-15,6.760633162124291e-15
GTAGACCTGTCAACCA-1,0.030554610962419692,6.696980841169671e-08,6.516426151735262e-15,6.516426151735262e-15,6.516426151735262e-15,0.17711201530404855,6.516426151735262e-15,0.0729109126290634,6.516426151735262e-15,6.516426151735262e-15,0.10627062568233137,6.516426151735262e-15,6.516426151735262e-15,6.516426151735262e-15,0.08947130129508198,1.1677757360867903e-11,0.5149682512016037,0.008712215943899914,6.516426151735262e-15
GTAGCAGAGCAATAGC-1,0.012367229393677365,6.940725868281166e-15,6.940725868281166e-15,0.9202621960189598,3.839023759849191e-06,0.001946073728562548,0.0020787048867523957,0.0006024499582365293,6.940725868281166e-15,1.434885006760562e-11,0.024964863961590596,6.940725868281166e-15,0.03636537718802063,6.940725868281166e-15,6.940725868281166e-15,0.0014092658260294376,6.940725868281166e-15,6.940725868281166e-15,6.940725868281166e-15
GTAGCGCTAGATCCGT-1,7.193091262613454e-15,5.97197917134405e-06,6.7257849846604586e-15,4.610112486629975e-13,6.7257849846604586e-15,0.033078247791746986,6.7257849846604586e-15,0.6958853816696461,3.077515175510433e-13,0.01654547944662638,3.056244179193043e-12,0.0013905410022020054,6.7257849846604586e-15,6.7257849846604586e-15,0.007848962246326353,0.14629041982769198,0.07389395102188327,0.025061044427525034,5.833145444494069e-10
GTATAAGGCGTCTTCA-1,6.641373775669643e-15,6.641373775669643e-15,6.641373775669643e-15,6.641373775669643e-15,6.641373775669643e-15,0.17916663470883082,6.641373775669643e-15,6.641373775669643e-15,6.641373775669643e-15,6.641373775669643e-15,0.4249962038785686,6.641373775669643e-15,0.0407287176032136,7.228769716969156e-07,6.641373775669643e-15,6.641373775669643e-15,0.35510772093232246,6.641373775669643e-15,6.641373775669643e-15
GTATGATAGTATGGAT-1,0.2163679193175059,0.005152246381618962,0.048513522717026046,6.234923521695399e-15,6.234923521695399e-15,6.234923521695399e-15,0.04751355854907455,6.234923521695399e-15,1.0841953028576677e-08,0.1402443767193121,0.038489016279742744,0.00876042829662699,0.003387268056426984,6.234923521695399e-15,6.234923521695399e-15,6.234923521695399e-15,0.17009951508092713,0.3214721377597358,6.234923521695399e-15
GTATGTGCAAGCCGGA-1,0.22925421427638001,0.07568088316083307,0.020618247755255528,6.335029848297883e-15,6.335029848297883e-15,0.18095610160227824,0.03310767592712846,6.335029848297883e-15,0.032013717177263305,0.11890630601637739,0.05358503997608849,0.0047206291878699805,0.0011489358346796661,6.335029848297883e-15,6.335029848297883e-15,6.335029848297883e-15,0.0790138509332883,0.17099439815251335,6.335029848297883e-15
GTCAGCCTCCGAACCT-1,6.916856781462736e-15,6.916856781462736e-15,6.916856781462736e-15,0.00015192086242560694,3.0510260523473934e-06,6.916856781462736e-15,6.916856781462736e-15,8.684120545859426e-15,6.916856781462736e-15,6.916856781462736e-15,6.916856781462736e-15,6.916856781462736e-15,0.3225850546246408,0.024061342236334063,6.916856781462736e-15,6.916856781462736e-15,0.6531986312504486,6.916856781462736e-15,6.916856781462736e-15
GTCAGTGCAGCGTTGT-1,0.006885603882082414,6.7501524956497175e-15,6.7501524956497175e-15,0.48500914179296073,1.4512725330772478e-12,0.04735436122132344,6.7501524956497175e-15,0.0499335364305143,6.7501524956497175e-15,6.7501524956497175e-15,0.015482908090350085,6.7501524956497175e-15,0.08295296541801381,0.15662571661265157,6.7501524956497175e-15,4.503492229974214e-12,0.1557557665460884,6.7501524956497175e-15,6.7501524956497175e-15
GTCAGTTCTGCCTGGA-1,0.045968356294299365,0.02830414897026857,1.4885426212099096e-05,6.315021760805838e-15,6.315021760805838e-15,0.07927527075605442,0.0119046044062884,6.315021760805838e-15,6.315021760805838e-15,0.13696461308889557,9.570347699417347e-06,0.019741485302210975,0.022670965863060416,6.315021760805838e-15,6.315021760805838e-15,6.315021760805838e-15,0.3064864788648701,0.3486596206800902,6.315021760805838e-15
GTCCAGCACGTTCAGA-1,0.006427252931901668,6.803356493330314e-15,6.803356493330314e-15,0.9708490175797179,7.251457990921513e-06,0.0004334886024145905,1.6539975786744859e-13,0.0007541459157111468,0.0054672196123786935,6.803356493330314e-15,6.803356493330314e-15,6.803356493330314e-15,6.803356493330314e-15,0.016061623899528452,6.803356493330314e-15,1.2369065882230868e-13,6.803356493330314e-15,6.803356493330314e-15,6.803356493330314e-15
GTCCGAATGCGGACAG-1,0.047422809695134294,0.18890329428187866,0.04143271162497349,0.10057752946100365,0.21159487385413436,0.04365871127469417,6.508676530966518e-15,1.541672456734176e-08,6.508676530966518e-15,0.19844552116956637,3.6697199862387725e-07,6.508676530966518e-15,0.05418305448111893,0.09612304803246287,0.015227757757861856,1.1344062867233718e-12,1.9999397259366213e-11,3.1745367948750905e-07,0.002429988503615762
GTCCGTACGGATGCTC-1,3.3944052359758075e-06,7.188963935920067e-15,7.188963935920067e-15,7.188963935920067e-15,7.188963935920067e-15,0.04754640003703342,0.010010909377049154,0.7187278785519986,7.188963935920067e-15,7.188963935920067e-15,7.188963935920067e-15,0.00858133765043333,7.188963935920067e-15,7.188963935920067e-15,7.188963935920067e-15,0.03666704771108557,0.178463032267078,7.188963935920067e-15,7.188963935920067e-15
GTCGAGTGCTCCTTCG-1,6.752906163303968e-15,6.752906163303968e-15,6.752906163303968e-15,6.752906163303968e-15,6.752906163303968e-15,0.026895506691874557,0.001962568220216482,0.9500945554754292,6.752906163303968e-15,0.014834113825956318,4.4573863614729227e-13,0.001009838373104156,6.752906163303968e-15,6.752906163303968e-15,6.752906163303968e-15,0.005203417412892809,6.752906163303968e-15,6.752906163303968e-15,6.752906163303968e-15
GTCTAATCGAATTGGA-1,0.23452659131345913,0.06336597072238184,0.019681877915157266,0.006709154172594397,1.0543380349588201e-07,0.017531078086610682,0.014818263514561903,2.0655410675348714e-09,5.634129238430863e-11,0.017048262250296937,0.21232991441647017,6.525941345566762e-15,6.525941345566762e-15,4.3567797915886996e-14,6.525941345566762e-15,6.525941345566762e-15,0.19796009108236756,0.21602868261163918,6.358705373171084e-09
GTCTGCTCAACACCAA-1,0.1608140274508803,3.053014013404623e-08,0.0019471995005783933,6.002595662942892e-15,6.002595662942892e-15,0.03425886563143805,0.04787390078776229,6.002595662942892e-15,6.002595662942892e-15,0.06995616541450979,0.1775535120620276,6.002595662942892e-15,6.002595662942892e-15,0.0804412255390821,6.002595662942892e-15,6.002595662942892e-15,0.37226186296564384,0.0548932101178836,6.002595662942892e-15
GTGAACGGTTCTAACG-1,6.774373896040789e-15,6.774373896040789e-15,6.774373896040789e-15,6.774373896040789e-15,6.774373896040789e-15,0.0002117041139900643,3.913754531438812e-14,0.9530525248580853,6.774373896040789e-15,6.774373896040789e-15,6.774373896040789e-15,6.774373896040789e-15,6.774373896040789e-15,6.774373896040789e-15,6.774373896040789e-15,0.04668489097156297,5.0880056227961666e-05,6.774373896040789e-15,6.774373896040789e-15
GTGAAGCCACAACCGG-1,6.642253947426793e-15,6.642253947426793e-15,6.642253947426793e-15,6.642253947426793e-15,6.642253947426793e-15,0.005346860654588027,6.642253947426793e-15,0.9277667477466434,0.0022302038398180914,6.642253947426793e-15,0.02716606130937517,6.642253947426793e-15,6.642253947426793e-15,6.642253947426793e-15,1.7251906617046477e-10,2.6077293171860508e-05,0.037464048983804996,6.642253947426793e-15,6.642253947426793e-15
GTGAAGTATTGGTCAC-1,6.609445427718366e-15,6.609445427718366e-15,6.609445427718366e-15,2.6037129358283067e-08,1.6346562868711316e-12,0.036112652321003864,0.008211214835258518,6.609445427718366e-15,6.609445427718366e-15,0.00010444401780571161,0.02550168110151034,6.609445427718366e-15,6.609445427718366e-15,6.609445427718366e-15,6.609445427718366e-15,6.609445427718366e-15,0.9300699816855599,2.4899434190002726e-14,6.609445427718366e-15
GTGCACCAATCATAAC-1,0.004523311042355155,6.895261334546703e-15,6.895261334546703e-15,6.895261334546703e-15,6.895261334546703e-15,0.027186548138115822,6.895261334546703e-15,0.9120380476356061,6.895261334546703e-15,6.895261334546703e-15,6.895261334546703e-15,6.895261334546703e-15,6.895261334546703e-15,6.895261334546703e-15,6.895261334546703e-15,0.056252093183819865,6.895261334546703e-15,6.895261334546703e-15,6.895261334546703e-15
GTGCTCAATGCAACCT-1,0.034934886182957016,0.00046177340397738893,0.012811571076586627,6.205271314324306e-15,6.205271314324306e-15,0.0028235050868620176,0.0014224728027614091,6.205271314324306e-15,6.205271314324306e-15,0.1885665238440203,0.2581284423543707,0.018806159829858483,6.205271314324306e-15,6.205271314324306e-15,7.804888941959292e-08,6.205271314324306e-15,0.44154224525300495,0.04050234211666209,6.205271314324306e-15
GTTAACAACTTCGGAT-1,0.17096429587152684,0.044346262727120105,5.11812489649392e-09,6.274031322444884e-15,6.274031322444884e-15,6.274031322444884e-15,0.03408547081826275,6.274031322444884e-15,6.274031322444884e-15,0.008982262743144754,0.17233464839357598,0.05563026187379219,6.274031322444884e-15,6.274031322444884e-15,6.274031322444884e-15,6.274031322444884e-15,0.34520314980579114,0.16845364264859872,6.274031322444884e-15
GTTAACTCCGACCACT-1,0.09704786603882437,6.166029641630198e-15,6.166029641630198e-15,6.166029641630198e-15,6.166029641630198e-15,0.027801099738698036,6.166029641630198e-15,6.166029641630198e-15,0.003561617756157753,6.166029641630198e-15,0.2616639723387618,6.166029641630198e-15,6.166029641630198e-15,6.166029641630198e-15,5.20944266667597e-07,6.166029641630198e-15,0.6099249231832112,6.166029641630198e-15,6.166029641630198e-15
GTTATGATACGATTAT-1,6.455258322671226e-15,3.3380799644438537e-13,6.90312362466064e-07,6.455258322671226e-15,6.455258322671226e-15,0.07671286638254105,6.455258322671226e-15,0.787752405123003,6.455258322671226e-15,6.455258322671226e-15,0.06445685261587925,0.005495636174499932,6.82844771845226e-10,6.455258322671226e-15,0.0009719111265162705,7.504568514897867e-05,0.05522918063877273,0.0010246372561869505,0.008280774001865688
GTTATTCGGCCATTCG-1,6.686924578643486e-15,6.686924578643486e-15,6.686924578643486e-15,0.07482325173204497,6.686924578643486e-15,0.07832363723365565,0.004038152290082294,0.07629459406748443,6.686924578643486e-15,0.024834758103640088,0.046056538714115386,6.686924578643486e-15,0.13325170898624916,6.581242966016407e-09,0.0024154874977998526,3.813266263847138e-14,0.5597200372016288,0.00024182757968505862,1.229327494932962e-11
GTTCTACTTATGGTAG-1,0.010458714618370892,6.685467211530293e-15,0.0011735836646179071,0.5328848472582495,1.864584838841881e-08,6.685467211530293e-15,6.685467211530293e-15,0.052789188870341126,6.685467211530293e-15,0.03460300714666132,1.4520610132574774e-08,0.0026927190097263774,2.5420759737052994e-10,0.3332417173120277,6.685467211530293e-15,0.02888023716423168,6.685467211530293e-15,6.685467211530293e-15,0.003275951535060796
GTTGACGCTCGATGGC-1,6.760619096802915e-15,1.8994385638188957e-11,6.760619096802915e-15,9.14929936379743e-13,6.760619096802915e-15,0.017127983036899403,0.003050863334053374,0.7047668834755185,6.760619096802915e-15,0.07964104363370289,0.025728862664410667,6.760619096802915e-15,0.0452154124774114,6.760619096802915e-15,1.738407723938137e-05,0.0017197832895704563,0.08974249836708667,0.03298928547989543,1.4426207061045068e-10
GTTGACGTCAGATTAG-1,0.08142587393769346,6.6024613080980116e-15,6.6024613080980116e-15,6.6024613080980116e-15,6.6024613080980116e-15,0.08994114754440337,5.714452418060995e-10,6.6024613080980116e-15,6.6024613080980116e-15,6.6024613080980116e-15,0.1652120150179374,6.6024613080980116e-15,6.6024613080980116e-15,6.6024613080980116e-15,0.0006177878528715151,6.6024613080980116e-15,0.6628031750755631,6.6024613080980116e-15,6.6024613080980116e-15
TAACAGGTCCATACCA-1,6.6886956415361875e-15,6.6886956415361875e-15,6.6886956415361875e-15,0.12003277003878786,0.23078608665201678,0.023866920736968018,6.6886956415361875e-15,1.982738756949699e-12,6.6886956415361875e-15,6.6886956415361875e-15,6.6886956415361875e-15,6.6886956415361875e-15,0.3111747540661543,0.14581324372310916,6.6886956415361875e-15,3.811650896416645e-08,0.1683261866643985,6.6886956415361875e-15,6.6886956415361875e-15
TAACGCGTCAAGCGTT-1,6.790480767855328e-15,6.790480767855328e-15,6.790480767855328e-15,6.790480767855328e-15,6.790480767855328e-15,0.00216334404154109,6.790480767855328e-15,0.9443789837675152,6.790480767855328e-15,0.0034871861815143237,8.748549572773271e-05,0.0006946040066167949,6.790480767855328e-15,6.790480767855328e-15,6.790480767855328e-15,0.0015827139013338276,0.04760568260566977,6.790480767855328e-15,6.790480767855328e-15
TAAGCCACAATTGCCT-1,0.001434132975113925,6.60633059708779e-15,6.60633059708779e-15,6.60633059708779e-15,6.60633059708779e-15,6.60633059708779e-15,6.60633059708779e-15,0.9984128026412611,6.60633059708779e-15,6.60633059708779e-15,6.60633059708779e-15,6.60633059708779e-15,6.60633059708779e-15,6.60633059708779e-15,6.60633059708779e-15,0.00015306438351958657,6.60633059708779e-15,6.60633059708779e-15,6.60633059708779e-15
TAAGGTCCGTGACCGT-1,0.006390889945889913,2.2066312420298895e-07,1.0363736773531076e-10,6.877499635298424e-15,6.877499635298424e-15,0.09160206075307308,6.877499635298424e-15,0.575536894352191,0.0016276146137481787,0.02930691737388149,0.02626193860592544,6.877499635298424e-15,6.877499635298424e-15,6.877499635298424e-15,7.259366287389466e-10,0.0524574040198729,0.19495150725665053,0.021863601324753915,9.502612741675316e-07
TAAGTGCTTGACGATT-1,0.0032159019146849213,6.9721746406550525e-15,0.0006895919464484879,1.6969053245038928e-13,6.9721746406550525e-15,0.018351138520536055,6.9721746406550525e-15,0.7269429058426764,6.9721746406550525e-15,6.9721746406550525e-15,6.9721746406550525e-15,0.001041908561234149,6.9721746406550525e-15,6.9721746406550525e-15,0.006579102977191464,0.08394591524405672,0.15156655454937323,1.6064807442813069e-06,0.007665373962829286
TAAGTGGCCGCTCACC-1,0.08927016425644176,6.43300403778323e-15,6.43300403778323e-15,6.43300403778323e-15,6.43300403778323e-15,6.43300403778323e-15,6.709315703703351e-15,6.43300403778323e-15,6.43300403778323e-15,6.43300403778323e-15,6.43300403778323e-15,6.43300403778323e-15,0.034345781769230664,0.0017538384112342439,6.43300403778323e-15,6.43300403778323e-15,0.8746302155629966,6.43300403778323e-15,6.43300403778323e-15
TAATCGCAATGTAATA-1,3.2592926366954574e-08,0.0010577910975527168,6.999852129607113e-07,6.597205686945023e-15,6.597205686945023e-15,0.06660441713233732,0.0006653731323991367,0.8228607838897465,6.597205686945023e-15,1.1218712369096278e-05,0.028278883889918005,6.597205686945023e-15,6.597205686945023e-15,0.0006995168819118337,6.597205686945023e-15,0.004635998876654184,0.01452154532313458,0.005879637691366273,0.05478410079443158
TAATGACGAAGCGGCT-1,6.7735443023715975e-15,3.0103248615073666e-11,4.495743896842441e-12,2.0553807616547956e-09,6.7735443023715975e-15,0.20332620307782567,6.7735443023715975e-15,0.25215322310363697,6.7735443023715975e-15,6.7735443023715975e-15,0.15026512292871383,0.0015476988002413642,6.7735443023715975e-15,6.7735443023715975e-15,6.7735443023715975e-15,0.25694733658739166,0.13561012534989006,3.336843923903937e-06,0.0001469512183425857
TAATTGATTCTGTCGC-1,1.2410200140992746e-05,6.649521575078983e-15,6.649521575078983e-15,0.42464023789110106,1.2850751887465575e-06,6.649521575078983e-15,1.5483513349820768e-10,0.06352216911914148,2.1777349195974594e-07,0.04035150205745999,0.01061201836389449,6.649521575078983e-15,6.649521575078983e-15,0.46067418625139234,6.649521575078983e-15,0.00018597311329419976,6.649521575078983e-15,6.649521575078983e-15,6.649521575078983e-15
TACACTCAGCGTATAA-1,0.010433383409756948,6.470403836784183e-15,6.470403836784183e-15,0.19851529959995162,6.470403836784183e-15,0.08531684401108,0.010871791556489204,6.470403836784183e-15,6.470403836784183e-15,6.470403836784183e-15,0.22813304794745204,6.470403836784183e-15,0.04665419021378276,6.470403836784183e-15,6.470403836784183e-15,6.77700668928157e-10,0.4200754425837156,6.470403836784183e-15,6.470403836784183e-15
TACACTCAGTAGAATG-1,6.8093774940087985e-15,6.8093774940087985e-15,6.531158816650778e-11,6.8093774940087985e-15,6.8093774940087985e-15,2.792997793476527e-06,6.8093774940087985e-15,0.8076320585760194,6.8093774940087985e-15,0.026236882737470477,0.026889953275160562,6.8093774940087985e-15,6.8093774940087985e-15,6.8093774940087985e-15,6.8093774940087985e-15,0.1257011567558119,0.013520902586020438,6.8093774940087985e-15,1.6253006337560896e-05
TACACTGTCGAACCAA-1,0.014277957101959346,6.448929498343059e-15,6.448929498343059e-15,6.448929498343059e-15,6.448929498343059e-15,6.448929498343059e-15,6.448929498343059e-15,6.448929498343059e-15,6.448929498343059e-15,6.448929498343059e-15,0.12791887409853514,0.011032017394318899,0.00809206662693288,0.005408510445644285,6.448929498343059e-15,6.448929498343059e-15,0.8332705743325257,6.448929498343059e-15,6.448929498343059e-15
TACAGCCTCGCATTGC-1,6.556471431353386e-15,6.556471431353386e-15,6.556471431353386e-15,0.15007887971789785,0.11016079703284555,6.556471431353386e-15,6.556471431353386e-15,0.739635568765025,6.556471431353386e-15,6.556471431353386e-15,5.116808842852361e-13,0.00012474273502027688,6.556471431353386e-15,6.556471431353386e-15,6.556471431353386e-15,1.1748614757673057e-08,6.556471431353386e-15,6.556471431353386e-15,6.556471431353386e-15
TACCATTGGTCTCCAA-1,0.07549663653424256,0.09119675878075566,0.016695826390437225,6.413573285705331e-15,6.413573285705331e-15,0.022949166269079953,0.06605573402861042,0.04378864428199193,6.413573285705331e-15,3.8567494482664815e-05,0.376969247406388,6.413573285705331e-15,6.413573285705331e-15,6.413573285705331e-15,6.413573285705331e-15,2.4137912795305183e-13,0.3067561361853628,5.3282628178175177e-05,1.8452650372149448e-13
TACGGAATACTCGTTC-1,0.004926197034376421,0.0061323589992698475,0.007628724777765238,0.17361790741778846,0.03477712836480422,0.022115174309227673,0.0015780564337292962,1.6631178071093026e-12,0.015308573390898072,0.09959454217163996,0.07762846385883199,6.59046293070116e-15,0.032728978226043884,0.03315071896956667,6.59046293070116e-15,6.59046293070116e-15,0.4580986684189778,0.03271353575528535,9.718701122223698e-07
TACGTGATGGTAGGAT-1,0.23065616393022573,0.13929593824674402,4.459018679951775e-06,6.240312171850457e-15,6.240312171850457e-15,0.004360757093743617,0.02302586835911336,0.0159166079415239,1.2772389309930374e-09,0.059681324788569676,0.1430722089388489,6.240312171850457e-15,6.240312171850457e-15,6.240312171850457e-15,6.240312171850457e-15,0.08537420274009601,0.29312300365038507,0.005489452031609389,1.1983184157055525e-08
TACGTTACTGGTAGCG-1,1.88250419263894e-10,6.886556149973791e-15,6.886556149973791e-15,6.886556149973791e-15,6.886556149973791e-15,0.0007973181015964879,0.0004995203688488739,0.9633807964806169,6.886556149973791e-15,6.886556149973791e-15,9.649893706654264e-12,0.0008696098307816194,6.886556149973791e-15,6.886556149973791e-15,6.886556149973791e-15,1.589716044158806e-05,0.03443685785973866,6.886556149973791e-15,6.886556149973791e-15
TACTAGGATCAATGGC-1,0.06662320766272958,0.10819081092391122,1.0003761246311507e-09,6.0254674741140076e-15,6.0254674741140076e-15,0.07555733417826414,0.019574203519538872,6.0254674741140076e-15,6.0254674741140076e-15,0.17002732598335915,0.2723267684286674,0.029987792040610164,6.0254674741140076e-15,6.0254674741140076e-15,1.7593114880034799e-09,6.0254674741140076e-15,0.22357927496023972,0.034133279542944,6.0254674741140076e-15
TACTCACTACTCACTC-1,0.022592215838118497,1.3322589564800693e-08,6.609644346065033e-15,0.0063879707693378154,2.770712380275442e-08,0.07002279751523979,6.609644346065033e-15,0.48271379329674335,6.609644346065033e-15,9.251191147149614e-06,0.09407922301459967,0.011676793506626298,0.04432358428081761,6.609644346065033e-15,6.380914824517274e-11,0.1120268949736762,0.14422758603645938,0.011939848460073874,2.3611464585742762e-11
TAGACATGGTTAGGTC-1,0.04815578540750271,0.004219333395964054,6.851949624824095e-15,6.851949624824095e-15,6.851949624824095e-15,6.851949624824095e-15,6.851949624824095e-15,0.15268961537146258,6.851949624824095e-15,0.03152663168586888,0.209543467768051,0.0001292492092610638,6.851949624824095e-15,5.592358630016634e-07,6.851949624824095e-15,0.07622149589131318,0.4373919083179508,0.040121953716701,6.851949624824095e-15
TAGACCGCGGAAGGAC-1,6.830975615376684e-15,6.830975615376684e-15,6.830975615376684e-15,6.830975615376684e-15,6.830975615376684e-15,6.830975615376684e-15,6.830975615376684e-15,6.830975615376684e-15,6.830975615376684e-15,6.830975615376684e-15,5.982584678431225e-08,0.008444018137052122,0.15697138550491577,6.830975615376684e-15,6.830975615376684e-15,6.830975615376684e-15,0.8345845365320829,6.830975615376684e-15,6.830975615376684e-15
TAGAGCAGACAGTCCA-1,6.7576988288535314e-15,0.008592297300279546,9.51642485273348e-13,6.7576988288535314e-15,6.7576988288535314e-15,7.706356923971549e-10,0.00020432424017233038,0.856656632371637,5.22784762307693e-14,0.00018732410789151758,0.016786772403044905,6.7576988288535314e-15,3.2610018284726374e-11,9.377099554883173e-09,6.7576988288535314e-15,0.07720099627228649,6.7576988288535314e-15,6.667849061788886e-13,0.04037164312263181
TAGCGTATAGCGCTAA-1,6.75811420185384e-15,6.75811420185384e-15,2.553815589587025e-07,0.005682279373190926,0.12015357148783638,0.0723595058271908,0.02178971597694733,6.75811420185384e-15,6.75811420185384e-15,0.08008108685896119,0.01731645548403439,6.75811420185384e-15,0.3908476087810989,0.03574167528107186,6.75811420185384e-15,6.75811420185384e-15,0.25602784439083487,6.75811420185384e-15,1.157220436971128e-09
TAGCGTTATGACCTCC-1,6.80984371152245e-15,6.80984371152245e-15,6.80984371152245e-15,6.80984371152245e-15,6.80984371152245e-15,0.039476467801287794,7.84551942409678e-13,0.7704209002923313,6.80984371152245e-15,0.0006197115873731105,0.017214196746136633,6.80984371152245e-15,6.80984371152245e-15,6.80984371152245e-15,6.80984371152245e-15,0.1593659183858078,0.012902805186197273,6.80984371152245e-15,6.80984371152245e-15
TAGCTAGACACTGGTT-1,0.08907858965928406,1.2252426230808519e-11,0.06794220009692047,0.27898692630691674,8.62750275185999e-07,0.054032182458889126,0.01045849291940181,0.06432334847285186,6.496278548879662e-15,4.802860172238046e-05,0.055796385725291234,0.002303588330460389,0.0944379190822538,6.496278548879662e-15,6.496278548879662e-15,2.646147658106529e-08,0.2737390822940821,0.00866801450156183,0.00018435232634074836
TAGGCTCCGGCATACA-1,0.003656061962409904,6.766435982165374e-15,6.766435982165374e-15,6.766435982165374e-15,6.766435982165374e-15,0.0379448844122021,6.766435982165374e-15,0.908891584177472,6.766435982165374e-15,6.766435982165374e-15,0.0046463843611427155,6.766435982165374e-15,6.766435982165374e-15,6.766435982165374e-15,6.766435982165374e-15,0.04486108508667886,6.766435982165374e-15,6.766435982165374e-15,6.766435982165374e-15
TAGGCTTATCTAGCTC-1,6.6318121034016254e-15,6.6318121034016254e-15,6.6318121034016254e-15,4.118385323946111e-11,6.6318121034016254e-15,6.6318121034016254e-15,6.6318121034016254e-15,6.6318121034016254e-15,0.012077337915401568,0.752669066036626,6.6318121034016254e-15,6.6318121034016254e-15,0.010805004747519567,0.2244485912591765,6.6318121034016254e-15,6.6318121034016254e-15,6.6318121034016254e-15,6.6318121034016254e-15,6.6318121034016254e-15
TAGTAAGCGGTGGATA-1,0.06101108262436113,0.38443475371373603,0.15601929538600015,6.05651946263904e-15,6.05651946263904e-15,0.0342789785090625,8.685639572128729e-05,6.05651946263904e-15,0.1870628387396555,0.08100336202898367,0.06298334626620873,0.009470308372301438,6.05651946263904e-15,0.009542627933216146,0.014106540051361522,6.05651946263904e-15,7.31184950474567e-14,9.979282758597981e-09,6.05651946263904e-15
TAGTGCACTATTGTCA-1,0.16246043741954644,6.512495326118263e-15,6.512495326118263e-15,6.512495326118263e-15,6.512495326118263e-15,0.014349943982763607,6.512495326118263e-15,6.512495326118263e-15,6.512495326118263e-15,1.027807355071276e-10,0.3794168026055829,0.006142950505537475,6.512495326118263e-15,6.512495326118263e-15,6.512495326118263e-15,6.512495326118263e-15,0.4376298653837045,6.512495326118263e-15,6.512495326118263e-15
TAGTTACATAGAAGAT-1,6.845952764901731e-15,6.845952764901731e-15,6.845952764901731e-15,6.845952764901731e-15,6.845952764901731e-15,0.08196843617639017,0.007252422271503229,0.3096038123897518,6.845952764901731e-15,8.212105422373303e-13,0.1133248821310906,6.845952764901731e-15,6.845952764901731e-15,6.845952764901731e-15,0.019025629251813378,0.08277596764075915,0.3860488501377953,6.845952764901731e-15,6.845952764901731e-15
TAGTTCCGATAGAATC-1,0.05743570183327617,9.90386502456415e-11,7.3973414690810414e-06,6.1789575697001305e-15,6.1789575697001305e-15,0.43131969051251007,0.026899574973235446,6.1789575697001305e-15,1.0252730793454349e-06,0.032567622215469376,1.640979290625782e-12,6.1789575697001305e-15,0.04120446246847857,2.119793693340904e-12,6.1789575697001305e-15,6.1789575697001305e-15,0.2847815230431578,0.12578300223648167,6.1789575697001305e-15
TAGTTCGATCCTCACG-1,6.738261827860446e-15,6.738261827860446e-15,6.022474951127691e-09,0.3103367286660894,1.0906509021153201e-11,0.02939865771926174,2.783005907665549e-07,2.8477409138582705e-06,6.738261827860446e-15,3.268564562250705e-07,1.109604188256855e-12,6.738261827860446e-15,0.3236361944972686,0.004763963376748443,3.032914585016379e-14,6.81806859709591e-12,0.3318607841405024,1.517969953954234e-13,2.1266065026325755e-07
TATCACTTCGAGCCGT-1,6.135797365374077e-15,6.135797365374077e-15,6.135797365374077e-15,6.135797365374077e-15,6.135797365374077e-15,0.5611881956612984,6.135797365374077e-15,6.135797365374077e-15,6.135797365374077e-15,6.135797365374077e-15,0.3138019374728613,0.038764120932300764,2.160106594386528e-06,6.135797365374077e-15,6.135797365374077e-15,6.135797365374077e-15,0.08624358582685941,6.135797365374077e-15,6.135797365374077e-15
TATGGCCGGCGACACT-1,0.0443691595777364,0.00016758699879025979,2.4592856358114423e-14,6.265883854768494e-15,6.265883854768494e-15,0.07426225503443731,6.265883854768494e-15,6.265883854768494e-15,0.037155129898281083,0.14904580666029613,0.12341687860977828,6.265883854768494e-15,6.265883854768494e-15,6.265883854768494e-15,6.265883854768494e-15,6.265883854768494e-15,0.36762351305617386,0.20395967016441977,6.265883854768494e-15
TATGTTGCAGTCTAGG-1,6.7326380072589545e-15,6.7326380072589545e-15,6.7326380072589545e-15,0.6002022845550462,6.7326380072589545e-15,0.004805470793838769,6.7326380072589545e-15,0.10054122679623746,6.7326380072589545e-15,0.020100588944411194,0.051610672358150325,6.7326380072589545e-15,0.08523525069708492,6.7326380072589545e-15,0.03617708541729177,0.014227531171735605,0.08709988926613688,6.7326380072589545e-15,6.7326380072589545e-15
TATTCCGGTTGTTAAT-1,0.008635075906378986,6.400804173486305e-15,6.400804173486305e-15,6.400804173486305e-15,6.400804173486305e-15,0.16404461198536746,7.46820807890097e-09,6.400804173486305e-15,6.400804173486305e-15,0.0987237828843362,0.2442012098982298,6.400804173486305e-15,6.400804173486305e-15,6.400804173486305e-15,6.400804173486305e-15,6.400804173486305e-15,0.4843953118573964,6.400804173486305e-15,6.400804173486305e-15
TATTCGATGATCTAGT-1,6.23485863556594e-15,6.23485863556594e-15,6.23485863556594e-15,6.23485863556594e-15,6.23485863556594e-15,0.0851636913483046,6.23485863556594e-15,6.23485863556594e-15,6.23485863556594e-15,0.06256828655654467,0.3093191373830595,6.23485863556594e-15,0.048016719462309336,7.723041286119316e-14,0.3019055019646605,0.013158034011145174,0.17986862927383046,6.23485863556594e-15,6.23485863556594e-15
TATTCTAAGGCTCATC-1,0.0036525951261905418,6.590178206531608e-15,0.02373639742174389,0.11168512870728103,6.590178206531608e-15,0.02602664247652611,6.590178206531608e-15,0.09299375003269407,0.022432609589866124,0.16029248838220536,8.987561019109265e-07,6.590178206531608e-15,0.20390764596149255,6.590178206531608e-15,1.4879027787096292e-11,1.4767056163338785e-09,0.3552715091740491,3.113611681678416e-07,2.1519063581993538e-08
TCAAGGTATCAACTTA-1,0.191546381761038,6.5198502889054425e-15,0.021939360651380163,6.5198502889054425e-15,6.5198502889054425e-15,0.13408956984916678,9.43018812787622e-07,6.5198502889054425e-15,6.5198502889054425e-15,0.08715177090204759,0.09539122014691787,6.5198502889054425e-15,0.024509279700539146,6.5198502889054425e-15,7.944377380513274e-10,6.5198502889054425e-15,0.44536959953048155,1.8736451196083698e-06,6.5198502889054425e-15
TCACATCCTGTCGCGG-1,6.866096493456131e-15,6.866096493456131e-15,6.866096493456131e-15,6.866096493456131e-15,6.866096493456131e-15,0.08475095826248845,6.866096493456131e-15,0.609342254345458,6.866096493456131e-15,1.9691096890137872e-10,0.07511180681297372,6.866096493456131e-15,6.866096493456131e-15,0.0003407537454368505,2.5390283982667643e-08,0.044708324358389666,0.18574587688798294,6.866096493456131e-15,6.866096493456131e-15
TCACATCCTTATACAG-1,0.05561207186983273,0.19367261971212632,6.317317445975998e-05,0.012104660031373612,6.38195829305294e-15,6.38195829305294e-15,0.07394695246244776,0.0010355509347623846,1.0198368096978916e-11,0.12669296489760362,0.08595824770130954,6.38195829305294e-15,0.012605751702695744,6.38195829305294e-15,6.38195829305294e-15,0.0025364851986835746,0.18337894361639617,0.25238244552948536,1.0133158593101572e-05
TCAGAATCGATATCAT-1,0.021430083810243663,6.6760107558596226e-15,6.6760107558596226e-15,6.6760107558596226e-15,6.6760107558596226e-15,0.03121966459423828,1.7827235347817188e-12,6.6760107558596226e-15,6.6760107558596226e-15,6.6760107558596226e-15,5.763684384414003e-06,6.6760107558596226e-15,0.25212110005003213,0.24425615852725394,6.6760107558596226e-15,6.6760107558596226e-15,0.45096722933198485,6.6760107558596226e-15,6.6760107558596226e-15
TCAGCGCCTAGTCTTA-1,0.00047670561144069843,6.259155104724952e-15,3.5528565695244656e-14,6.259155104724952e-15,6.259155104724952e-15,0.003987310675997042,6.259155104724952e-15,6.259155104724952e-15,6.259155104724952e-15,0.05003676140717248,0.12739743592405997,0.028370396800792622,0.02676822967945253,6.259155104724952e-15,6.259155104724952e-15,6.259155104724952e-15,0.7629631598998292,1.1572981391279961e-12,6.259155104724952e-15
TCAGCTAGGATGTACT-1,6.701812187159986e-15,6.701812187159986e-15,6.701812187159986e-15,6.701812187159986e-15,6.701812187159986e-15,6.701812187159986e-15,6.701812187159986e-15,6.701812187159986e-15,6.701812187159986e-15,6.701812187159986e-15,6.855058087503624e-12,0.006844211714074351,6.701812187159986e-15,6.701812187159986e-15,6.701812187159986e-15,6.701812187159986e-15,0.9931557882789633,6.701812187159986e-15,6.701812187159986e-15
TCAGTATGTAGGACAA-1,0.055776187827203214,0.18578826441373902,2.33846314314562e-06,6.256593224111527e-15,6.256593224111527e-15,0.034208169469859454,0.01681061890349478,6.256593224111527e-15,6.256593224111527e-15,0.14270314786442403,0.10858872899313556,0.030820366269868667,6.256593224111527e-15,2.6518747099826502e-08,6.256593224111527e-15,6.256593224111527e-15,0.24467908052681445,0.18062307074952041,6.256593224111527e-15
TCAGTGAAGAGTTCTA-1,6.65253223930795e-15,6.65253223930795e-15,6.65253223930795e-15,0.6653846431145339,1.6703101031112453e-08,0.04900843336901683,2.5113783920950728e-05,1.0075310439363505e-09,6.65253223930795e-15,2.91740143568585e-13,0.03125987850553595,0.004005598874740852,0.02846243705103668,6.65253223930795e-15,6.65253223930795e-15,0.0756650175525026,0.1461888600377352,6.65253223930795e-15,6.65253223930795e-15
TCATAGTACTAGTTCA-1,6.631079584827426e-15,6.631079584827426e-15,6.631079584827426e-15,0.03720611129617012,0.10392543283909758,0.004217821385641083,6.631079584827426e-15,0.8541369949328407,6.631079584827426e-15,6.631079584827426e-15,6.631079584827426e-15,0.0003988022807463307,6.631079584827426e-15,6.631079584827426e-15,6.631079584827426e-15,0.00011483726541837386,6.631079584827426e-15,6.631079584827426e-15,6.631079584827426e-15
TCATGAGGCTTGACGC-1,6.765846622499715e-15,6.765846622499715e-15,6.765846622499715e-15,6.765846622499715e-15,6.765846622499715e-15,0.00634190487087808,6.765846622499715e-15,0.8531320867559855,6.765846622499715e-15,6.765846622499715e-15,0.006360875541059571,6.765846622499715e-15,6.765846622499715e-15,6.765846622499715e-15,0.008808419907596168,0.08078099617864208,0.044575716745358394,3.990981058855783e-13,6.765846622499715e-15
TCATGAGGTTGATATG-1,0.0011511732835566744,6.678834805568608e-15,6.678834805568608e-15,6.678834805568608e-15,6.678834805568608e-15,0.010178180682608624,6.678834805568608e-15,0.8993311187459617,6.678834805568608e-15,8.36090412099425e-12,0.004113657917449451,6.678834805568608e-15,6.678834805568608e-15,6.678834805568608e-15,0.0015118005736471523,0.08371406878833548,6.678834805568608e-15,6.678834805568608e-15,6.678834805568608e-15
TCATTCTTGGCATCGG-1,0.17037776211739938,0.0007482294269947351,1.250673576680523e-13,6.317375731340327e-15,6.317375731340327e-15,6.317375731340327e-15,6.317375731340327e-15,6.317375731340327e-15,6.317375731340327e-15,4.168061183416778e-12,0.33400931854262067,6.317375731340327e-15,6.317375731340327e-15,6.317375731340327e-15,6.317375731340327e-15,6.317375731340327e-15,0.4172543950664755,0.07761029484214103,6.317375731340327e-15
TCCAACTGAATAAGGT-1,1.892553228167823e-09,6.6480332550900606e-15,6.6480332550900606e-15,6.6480332550900606e-15,6.6480332550900606e-15,0.04027147870681461,2.842269194915692e-13,6.6480332550900606e-15,0.004006958305338777,0.05484515727986961,6.6480332550900606e-15,0.010441543987519777,1.0665703356187378e-06,0.02018222075728935,6.6480332550900606e-15,6.6480332550900606e-15,0.8702515713577657,1.142169547202042e-09,6.6480332550900606e-15
TCCAATTAGCAATCAA-1,0.08721293277508585,0.00026595349890734055,0.07957284100395474,6.3917930131237866e-15,6.3917930131237866e-15,6.3917930131237866e-15,0.0003774009671990308,6.3917930131237866e-15,0.035596456799673375,0.23433608308227769,0.006126906125144372,6.3917930131237866e-15,0.016541334278768693,6.3917930131237866e-15,6.3917930131237866e-15,6.3917930131237866e-15,0.28036809573536736,0.25960199573356424,6.3917930131237866e-15
TCCACCAAGTGACGAA-1,0.025308683846808153,0.027888781807950562,5.7564588371216e-15,5.7564588371216e-15,5.7564588371216e-15,0.5919236268741025,0.007852823644956267,5.7564588371216e-15,5.7564588371216e-15,0.22150801977091616,0.12551806405481555,5.7564588371216e-15,5.7564588371216e-15,5.7564588371216e-15,5.7564588371216e-15,5.7564588371216e-15,5.7564588371216e-15,3.821011144562788e-13,5.7564588371216e-15
TCCAGATCTTCGCTTA-1,6.840942015615433e-15,6.666968741070218e-05,1.1599070123754075e-06,1.9290891293891545e-13,6.840942015615433e-15,6.840942015615433e-15,0.005743695444422086,0.9195199253216376,6.840942015615433e-15,1.7762641272362903e-05,0.0143579740600573,6.840942015615433e-15,6.840942015615433e-15,6.840942015615433e-15,9.057555640386592e-15,0.05047573703572326,0.0018542265142920211,0.002293992786605982,0.005668856601316334
TCCAGTGATGCGTATC-1,6.651489076297656e-15,6.651489076297656e-15,6.651489076297656e-15,6.651489076297656e-15,6.651489076297656e-15,0.05009550554351823,6.651489076297656e-15,0.6855306091353156,6.651489076297656e-15,6.651489076297656e-15,0.0009690345510082269,6.651489076297656e-15,6.651489076297656e-15,6.651489076297656e-15,0.010842996198849774,0.16218961406997778,0.09037224050124423,6.651489076297656e-15,6.651489076297656e-15
TCCATGTCGGACCGAC-1,6.46693614961482e-15,6.46693614961482e-15,6.46693614961482e-15,0.30424296220601116,0.0026526951667542663,0.0310618748749471,0.0008862324356210758,0.6139494730843982,6.46693614961482e-15,6.46693614961482e-15,6.46693614961482e-15,0.0075699553748195605,0.01812260453482149,6.46693614961482e-15,6.46693614961482e-15,0.014123516579882422,0.007390685742680389,6.46693614961482e-15,6.46693614961482e-15
TCCGGTACGTGGCCTC-1,0.045136913105393,9.507017292823515e-12,0.0001357347626140247,6.587657441374345e-15,6.587657441374345e-15,0.02382221943989818,0.15823084445573507,6.587657441374345e-15,6.587657441374345e-15,0.06203231857212483,0.23698046572018006,6.587657441374345e-15,6.587657441374345e-15,7.415638569025652e-05,6.587657441374345e-15,6.587657441374345e-15,0.4735843715481013,2.976000697129623e-06,6.587657441374345e-15
TCCGTGTTCTGTTCTG-1,6.926911537962113e-15,6.926911537962113e-15,2.6980936959101735e-12,6.926911537962113e-15,6.926911537962113e-15,0.006670772224295494,0.0008269926721255566,6.926911537962113e-15,6.926911537962113e-15,2.6698730831586107e-06,6.926911537962113e-15,6.926911537962113e-15,6.926911537962113e-15,6.926911537962113e-15,6.926911537962113e-15,6.926911537962113e-15,0.9924995651444922,8.321528068847875e-11,6.926911537962113e-15
TCCTAAGCGGTTCATC-1,6.820934311464596e-15,2.1727857222578818e-10,6.820934311464596e-15,9.87024074391865e-07,3.32403551227128e-12,0.013912571266152727,6.820934311464596e-15,0.876920617612365,6.820934311464596e-15,1.0846440716089821e-07,0.03146656790013689,0.012712234499450924,6.820934311464596e-15,6.820934311464596e-15,6.820934311464596e-15,0.004087007955412306,0.05702547227614197,0.0033901512492218,0.00048428153198646164
TCCTCATGGCACCGTT-1,6.799408775643953e-15,6.799408775643953e-15,8.676381776378747e-10,0.3261447194243362,0.4505903547018361,0.018003423952456365,0.0005773417916271512,0.14895107265981358,6.799408775643953e-15,3.701745499578232e-14,6.799408775643953e-15,6.799408775643953e-15,0.02246671466350461,6.799408775643953e-15,0.004744705043942604,0.011071916399959199,0.016956535721857374,3.164982206293367e-05,0.00046156495088775024
TCCTGAAGCGTGCACT-1,6.54322167768171e-15,6.54322167768171e-15,6.54322167768171e-15,6.54322167768171e-15,6.54322167768171e-15,0.04692570749598239,1.894439158030069e-13,0.7435124681205013,6.54322167768171e-15,1.3122708402258895e-11,1.129726468875938e-06,0.0018835479763943312,6.54322167768171e-15,6.54322167768171e-15,0.1285915829272628,0.016615476014572077,0.06247008772544079,6.54322167768171e-15,6.54322167768171e-15
TCCTGCCGTGTCTAAG-1,0.004126319811276946,6.556104573770526e-15,8.433818176724649e-15,0.5770148439776466,1.0054543899410299e-10,0.009207279709797617,6.556104573770526e-15,0.007345502373312628,6.556104573770526e-15,0.026625606950665823,0.013613158617346105,6.556104573770526e-15,0.00023044538446309083,0.35649350059975227,9.541299188970298e-06,0.0023404411776449413,0.0029933598685294963,6.556104573770526e-15,1.2978893569757385e-10
TCGCCTAATGACCGGT-1,6.871431732236455e-15,6.871431732236455e-15,6.871431732236455e-15,0.7764353886660991,6.923315232210116e-07,0.01155852539643927,0.004109104397175933,0.028351753300252937,6.871431732236455e-15,0.0048599109793260285,0.008965107259072784,6.871431732236455e-15,0.010128827416898675,0.15170653965836284,6.871431732236455e-15,0.0038841505947874696,6.871431732236455e-15,6.871431732236455e-15,6.871431732236455e-15
TCGCCTGACGGCCACT-1,0.10711966080289015,6.9502168244486195e-15,0.00010615259739275378,6.688993083568643e-15,6.688993083568643e-15,6.688993083568643e-15,0.03741636467055993,6.688993083568643e-15,6.688993083568643e-15,0.07923388648254333,0.19839439831669947,6.688993083568643e-15,0.03030754509401707,6.688993083568643e-15,6.688993083568643e-15,6.688993083568643e-15,0.5474218871012515,1.0493457239274754e-07,6.688993083568643e-15
TCGCCTGCACGGAAGG-1,6.4883487498781e-15,6.4883487498781e-15,6.4883487498781e-15,0.32054248557036824,0.18336894578030916,1.5227693711271812e-05,6.4883487498781e-15,0.37998803868723147,0.0010306389555203325,0.10206127991095149,6.4883487498781e-15,6.4883487498781e-15,6.4883487498781e-15,0.012993380798452083,1.3547384745987174e-14,3.3477498508073753e-10,6.4883487498781e-15,6.4883487498781e-15,2.2686095504991902e-09
TCGCCTTGTTCTGATT-1,0.03380854315727742,0.0005128609121831065,2.8995969277228673e-08,0.03391381746595834,9.70462769347331e-10,0.14569598506546386,6.639701725285546e-15,0.3509841016073094,0.0013398675167504675,0.038503539228191594,0.06959046161568111,6.639701725285546e-15,0.024902300297527467,6.639701725285546e-15,6.639701725285546e-15,0.036496082043474695,0.13281562823964374,0.13143677898474043,3.8993399387808475e-09
TCGGCGGAACATACGC-1,0.16134318756007943,1.7088103855803023e-05,0.0655504822538193,6.434582415996747e-15,6.434582415996747e-15,0.20471330310665728,6.434582415996747e-15,0.05165938300281377,6.434582415996747e-15,1.082006401894758e-10,0.1230639671256152,0.011922592479603561,0.013591497102843074,6.434582415996747e-15,6.434582415996747e-15,0.00021118619098439524,0.34315440643593614,0.02455419309816746,0.00021871343138547578
TCGTAAGGCGTTCAGG-1,0.0006527919300968267,6.741835622286061e-15,6.741835622286061e-15,6.350716247112378e-10,6.741835622286061e-15,0.006894523299499972,0.0024267235021106235,0.984257841047034,6.741835622286061e-15,6.741835622286061e-15,6.741835622286061e-15,0.0013031685299538165,6.741835622286061e-15,1.5212344717062968e-12,6.741835622286061e-15,0.004464943341707133,7.709005956061911e-09,3.93857366351715e-12,6.741835622286061e-15
TCGTTAGCTTACTCAT-1,0.0493452308436669,0.037284461910353645,6.685182739982039e-15,0.00032748501829490435,6.685182739982039e-15,0.13072316282276505,6.685182739982039e-15,0.10439224794898357,1.214981435778114e-06,0.05479404315818883,0.09992523352976375,0.04384029529593574,0.06415364040359968,6.685182739982039e-15,6.685182739982039e-15,0.008281014483305107,0.34610878186044175,0.06082318774322509,6.685182739982039e-15
TCTAACAAGCCAATCC-1,6.678387541314023e-15,6.678387541314023e-15,6.678387541314023e-15,9.90949954797754e-06,1.9683800801710352e-13,0.007784620860870833,1.9136191300977778e-10,0.9884845751539783,6.678387541314023e-15,6.678387541314023e-15,6.678387541314023e-15,0.0011533032625782517,1.7909065367887543e-11,6.678387541314023e-15,6.678387541314023e-15,0.002567590993577949,6.678387541314023e-15,6.678387541314023e-15,1.991226369474142e-11
TCTACATGTCCGACTT-1,0.05960678485713642,6.282121773373241e-15,0.036907548551463075,6.282121773373241e-15,6.282121773373241e-15,6.282121773373241e-15,0.1382012480723615,6.282121773373241e-15,6.282121773373241e-15,4.1528138400505054e-11,0.30767995502982165,0.002893389489664619,6.282121773373241e-15,6.282121773373241e-15,0.00022134197302576145,6.282121773373241e-15,0.45448973198429954,6.367082610920312e-13,6.282121773373241e-15
TCTACCGGTCAATAGC-1,0.021071429342342764,0.02379181226197492,0.02585093396104884,6.238613880513096e-15,6.238613880513096e-15,1.409640796892979e-09,0.020734378116032477,6.238613880513096e-15,0.011115061633972806,0.2582970795229021,0.2872374747657536,0.003201417202604225,6.238613880513096e-15,6.238613880513096e-15,1.0979462559923925e-05,6.238613880513096e-15,0.34822190615875814,0.00046752616236585086,6.238613880513096e-15
TCTAGAACTTCTTGCA-1,6.782175707566512e-15,6.782175707566512e-15,6.782175707566512e-15,0.08561689566858599,0.6063407121016828,0.0033487405600968498,6.782175707566512e-15,0.3044458500937765,6.782175707566512e-15,6.782175707566512e-15,6.782175707566512e-15,6.782175707566512e-15,6.782175707566512e-15,6.782175707566512e-15,6.782175707566512e-15,2.332429819442892e-05,0.00022447727757565379,6.782175707566512e-15,6.782175707566512e-15
TCTAGAGTCTCCACGC-1,0.042264333277234056,6.4771709225141984e-15,6.4771709225141984e-15,0.1345909097524563,6.4771709225141984e-15,0.10614220336202568,0.0008222535229246112,0.0012675805663688554,6.4771709225141984e-15,1.0869190862631792e-09,0.17004349516046738,6.4771709225141984e-15,0.026349986847169438,6.4771709225141984e-15,0.005979816252333594,0.00798150308197017,0.5045579170900792,6.4771709225141984e-15,6.4771709225141984e-15
TCTAGCTTATTCGCCA-1,2.6190590996764868e-05,6.490551622543227e-15,6.490551622543227e-15,0.05559982964127348,6.490551622543227e-15,0.23655873071138978,0.005900276189081796,0.01935642642326354,6.490551622543227e-15,0.04117196531224803,0.1353905770201319,0.012687293760914823,0.0571922155551947,6.490551622543227e-15,6.490551622543227e-15,6.490551622543227e-15,0.43611649479544595,6.490551622543227e-15,7.334110283481321e-15
TCTGAGCGTAATTGTC-1,6.192692223754907e-15,6.192692223754907e-15,6.192692223754907e-15,1.1692555221620932e-14,6.192692223754907e-15,0.04343281650083416,6.192692223754907e-15,6.192692223754907e-15,6.192692223754907e-15,6.192692223754907e-15,0.32080086270882996,0.0047243520226814065,6.192692223754907e-15,1.1246556581562367e-07,6.192692223754907e-15,6.192692223754907e-15,0.6310418563019965,6.192692223754907e-15,6.192692223754907e-15
TCTGCAAGGACGGCAA-1,0.030998195041760726,0.02498015252281595,0.02757404415959897,2.99832651950154e-12,2.4079600119451e-10,0.07557554790967906,7.021536330029075e-06,6.337058876988534e-15,0.011595085550856424,0.10519309578076534,0.038256152397604166,0.04672817077919859,0.055683177190062966,0.018592393135851443,6.337058876988534e-15,4.967217800788265e-07,0.564261861873272,0.0005546051429438533,1.3673459523961236e-11
TCTGGACGCTAAGACA-1,6.707140308815153e-15,6.707140308815153e-15,6.707140308815153e-15,6.707140308815153e-15,6.707140308815153e-15,0.00790790712530157,6.707140308815153e-15,0.9544902979137471,0.0008248130256602971,6.707140308815153e-15,0.021396218310281715,0.0010790912203667532,6.707140308815153e-15,6.707140308815153e-15,6.707140308815153e-15,0.014301672404555675,6.707140308815153e-15,6.707140308815153e-15,6.707140308815153e-15
TCTTACCGCACTGAAT-1,0.034224974438226335,6.6334217190803784e-15,6.6334217190803784e-15,0.31266872587836586,9.479841448040682e-11,0.1326773990002402,8.770996175574937e-12,8.200242201711454e-15,6.6334217190803784e-15,0.0007182168598457328,0.059309364504802724,0.007452879400431368,0.26399039387297923,0.06782961482647674,0.004857366039069962,6.6334217190803784e-15,0.1162710650759443,6.6334217190803784e-15,6.6334217190803784e-15
TCTTACGAGGAATAAG-1,6.570047053156871e-15,6.570047053156871e-15,6.570047053156871e-15,1.7955700372847472e-14,6.570047053156871e-15,6.570047053156871e-15,6.570047053156871e-15,0.9299807423046298,6.570047053156871e-15,6.570047053156871e-15,6.570047053156871e-15,6.570047053156871e-15,0.0005826133964571121,6.570047053156871e-15,6.570047053156871e-15,0.069436644298797,6.570047053156871e-15,6.570047053156871e-15,6.570047053156871e-15
TCTTGCACCAATCTAT-1,6.585694125369613e-15,6.585694125369613e-15,6.585694125369613e-15,0.06411749791247894,6.585694125369613e-15,0.008380544179581957,0.020855681315590475,3.6906583695655876e-12,6.585694125369613e-15,3.414290548736171e-11,0.1185032955246288,0.006679465859674812,6.585694125369613e-15,0.020315607345195056,6.585694125369613e-15,6.585694125369613e-15,0.7611479078249506,6.585694125369613e-15,6.585694125369613e-15
TCTTGCCGGAGCCAGA-1,0.11194970918485601,1.0562481101338311e-05,6.594704698325745e-15,0.06513681837294602,6.594704698325745e-15,0.08029732147417515,0.014507073862966966,1.1388718566634466e-11,6.594704698325745e-15,6.560909486662996e-11,0.07984808519284457,0.0016921966583457496,6.594704698325745e-15,0.03502758310219546,0.010968295948394623,2.6992262175580868e-06,0.5990104906984106,0.0015491637205151166,6.594704698325745e-15
TGAAGTATGATCGTGC-1,0.1890528676020734,2.606326872903889e-05,0.01695223636692987,5.8902729669527286e-15,5.8902729669527286e-15,0.05611829858654652,5.8902729669527286e-15,5.8902729669527286e-15,5.8902729669527286e-15,5.8902729669527286e-15,0.2710490720238285,0.014145335688344349,5.8902729669527286e-15,5.8902729669527286e-15,5.8902729669527286e-15,5.8902729669527286e-15,0.4516143614391721,0.0010417650243114281,5.8902729669527286e-15
TGACTTAATGCGTTGG-1,0.03696082811194422,0.042856002839956706,2.352866667074925e-07,6.435834982718723e-15,6.435834982718723e-15,0.1931056069808055,0.05156217464754352,6.435834982718723e-15,1.1211726918865847e-12,0.154530362304318,0.16996908086026735,0.015166765520956088,0.0221332119641816,6.435834982718723e-15,5.910384143342274e-13,6.435834982718723e-15,0.31108125263625147,0.0026344788325728956,1.2791523996877377e-11
TGATCGGACCTGGATG-1,0.009811809091242263,6.48321851023426e-15,7.535520766230964e-05,6.48321851023426e-15,6.48321851023426e-15,0.09876288838679183,6.48321851023426e-15,6.48321851023426e-15,6.48321851023426e-15,0.06891243757022168,0.24520087594418555,6.48321851023426e-15,6.48321851023426e-15,0.002297016397891331,6.48321851023426e-15,6.48321851023426e-15,0.5749396174019276,6.48321851023426e-15,6.48321851023426e-15
TGCACGCTCCTATCCG-1,0.003348689590016723,6.829137430863011e-15,6.829137430863011e-15,6.829137430863011e-15,6.829137430863011e-15,0.11302601183910285,6.829137430863011e-15,0.7209365649363163,6.829137430863011e-15,6.829137430863011e-15,6.829137430863011e-15,6.829137430863011e-15,6.829137430863011e-15,0.001970680946932951,6.829137430863011e-15,0.07514537584645908,0.08557267684108348,6.829137430863011e-15,6.829137430863011e-15
TGCAGTTGTCGGAGCG-1,0.14259051000695244,0.038817647034858696,0.10454762974236466,0.011497293835313714,1.1471657336886085e-10,0.09202449176067966,0.08516758464932515,0.011648013705969592,0.010046514555181801,0.09011685388657985,0.25877897009561224,0.023835651443307952,0.005772254315288287,0.001333665092462658,0.00013087302538492365,1.8170919912680816e-12,0.12367866583279971,1.3342918662565419e-05,3.798272225115237e-08
TGCATTCGCCAGCGAT-1,0.0024757114209467686,6.788174975141423e-15,6.788174975141423e-15,6.788174975141423e-15,6.788174975141423e-15,0.03511052775620647,0.0012990294454913764,0.542048499374658,7.67125464426675e-11,6.788174975141423e-15,6.788174975141423e-15,6.788174975141423e-15,6.788174975141423e-15,6.788174975141423e-15,0.00019887463240823833,0.2614322830310741,0.15743507426242817,6.788174975141423e-15,6.788174975141423e-15
TGCATTCGCTACAATG-1,6.647052262555176e-15,2.1188736876504456e-07,2.9206874467514986e-05,0.2361479223413307,1.4646725040171526e-12,0.009122036825774357,0.009311030600725299,0.00014146657214890142,0.027192546166039413,0.04405422503222329,0.02492994510121306,0.0014775512388602227,0.4662339387062222,0.026622953379897858,1.6410262859295348e-14,9.72842472746384e-12,0.12819769158755884,0.0265055874210315,3.3686253921722335e-05
TGCCACTCAACCGGCC-1,6.721844894543041e-15,6.721844894543041e-15,6.721844894543041e-15,6.721844894543041e-15,6.721844894543041e-15,0.06686226100641307,6.721844894543041e-15,0.6510417373382442,6.721844894543041e-15,6.721844894543041e-15,0.0019304113988979866,6.721844894543041e-15,6.721844894543041e-15,6.721844894543041e-15,5.245456651684252e-10,0.05380146981105036,0.22636411992076158,6.721844894543041e-15,6.721844894543041e-15
TGCGGACTTCTGTCGC-1,0.05197496911925799,8.383223598215481e-07,0.09152025196913705,0.28546756468065376,2.8461486670766645e-09,6.855580068811222e-15,6.855580068811222e-15,3.589213483111683e-07,0.054331426880662725,0.09158680578731375,7.064471000513627e-10,6.855580068811222e-15,0.2843084129018885,0.061431317985545075,6.855580068811222e-15,1.7558861376182875e-12,0.07906473331577742,2.54928097948776e-06,0.0003107672806971267
TGCGTGTCAGCCAGTG-1,0.0010430091813020967,6.57881157442889e-15,6.57881157442889e-15,0.397904943990751,6.57881157442889e-15,6.956095043858351e-08,0.005342073664289391,0.2721985928391346,6.57881157442889e-15,0.036257550958850145,3.964656478474355e-09,0.0012647341675381747,0.13691480446434087,6.57881157442889e-15,0.0004287037314377974,1.0831510019266279e-07,0.14864540516160268,6.57881157442889e-15,6.57881157442889e-15
TGCTTATGCGGTTCTG-1,6.887872423137935e-15,6.887872423137935e-15,6.887872423137935e-15,6.887872423137935e-15,6.887872423137935e-15,0.07212877195989233,6.887872423137935e-15,0.8150183997948138,6.887872423137935e-15,6.887872423137935e-15,1.2752253427033642e-10,6.887872423137935e-15,6.887872423137935e-15,6.887872423137935e-15,6.887872423137935e-15,0.06859795514763606,0.044254872970038925,6.887872423137935e-15,6.887872423137935e-15
TGGAAGACGTGAGTAG-1,6.75742963807179e-15,4.0156483046287084e-12,3.5038248139427425e-08,6.75742963807179e-15,6.75742963807179e-15,0.056088719506106645,0.023462032820062272,0.7078473923830276,6.75742963807179e-15,0.04104963761845727,0.030832869410501333,6.75742963807179e-15,4.697653545435356e-10,6.75742963807179e-15,6.75742963807179e-15,0.0030462259356033345,0.005081179795787433,3.6195411181833995e-08,0.1325918708229666
TGGAAGCTCCATCGAC-1,6.726739721040584e-15,6.726739721040584e-15,6.726739721040584e-15,6.726739721040584e-15,6.726739721040584e-15,0.008351553967660802,6.726739721040584e-15,0.9715289174552362,6.726739721040584e-15,6.726739721040584e-15,6.726739721040584e-15,6.726739721040584e-15,6.726739721040584e-15,6.726739721040584e-15,6.726739721040584e-15,0.02011952857699585,6.726739721040584e-15,6.726739721040584e-15,6.726739721040584e-15
TGGCGAATTCTATGGT-1,0.00517936263817037,4.077972499786297e-05,6.912690287578464e-15,0.7928704150179987,3.4801914134032707e-10,3.999668960736178e-10,0.000635815958558794,0.12779067000134786,0.001152812486812907,0.005437958117289619,0.0114929466336689,0.0010580277749769826,6.912690287578464e-15,0.04266916296875,6.912690287578464e-15,4.2968650111905466e-13,0.011066632216278837,0.000605415712705732,6.912690287578464e-15
TGGCGACACTCGCATC-1,7.911444514954662e-15,7.911444514954662e-15,7.911444514954662e-15,7.911444514954662e-15,7.911444514954662e-15,7.911444514954662e-15,7.911444514954662e-15,0.06975067842258986,7.911444514954662e-15,7.911444514954662e-15,0.48163974994557496,7.911444514954662e-15,7.911444514954662e-15,7.911444514954662e-15,7.911444514954662e-15,0.0018197012235912319,0.44678987040812557,7.911444514954662e-15,7.911444514954662e-15
TGGCGACACTGCCGGA-1,0.18582289612386724,0.19224791386795836,0.04676811527357159,6.20406636473782e-15,6.20406636473782e-15,0.024667319306875452,0.03400050388529029,6.20406636473782e-15,1.0056382764109105e-13,0.13124426927686023,0.06386060011611895,0.01567901835327546,0.03702620300220897,6.20406636473782e-15,2.45283303196965e-09,6.20406636473782e-15,0.22827598478496608,0.040407173556036666,6.20406636473782e-15
TGGTACCAGATTGTTA-1,0.0009702833518603574,5.362818033876674e-13,6.813654907985522e-15,6.813654907985522e-15,6.813654907985522e-15,6.813654907985522e-15,6.813654907985522e-15,0.9443305366704938,0.0013800960284890116,1.8075448682421494e-12,0.015364638004808607,6.813654907985522e-15,6.813654907985522e-15,6.813654907985522e-15,6.813654907985522e-15,2.971079115303924e-06,0.037951474788197444,7.462368043209443e-11,6.813654907985522e-15
TGGTACTGGTATCTTG-1,0.0014689928621667773,6.711620983966486e-15,6.711620983966486e-15,6.711620983966486e-15,6.711620983966486e-15,0.008077288088569941,0.021925514232686794,0.7624210832339124,2.2213099015360872e-07,0.007959840214102395,0.014602407074362497,0.0009548858463674474,6.711620983966486e-15,6.711620983966486e-15,6.711620983966486e-15,0.025563110431611236,0.15702665588513065,6.711620983966486e-15,4.6158911170729136e-14
TGGTATTCCTAGTCCA-1,3.931566332437608e-09,6.991914644505122e-15,6.991914644505122e-15,6.991914644505122e-15,6.991914644505122e-15,6.991914644505122e-15,6.991914644505122e-15,6.991914644505122e-15,6.991914644505122e-15,6.991914644505122e-15,6.991914644505122e-15,0.010330996079097647,6.991914644505122e-15,6.991914644505122e-15,6.991914644505122e-15,6.991914644505122e-15,0.9896689999892242,6.991914644505122e-15,6.991914644505122e-15
TGGTGCCGCTGCAACA-1,0.0028117534683651914,6.540159689121491e-15,6.540159689121491e-15,6.540159689121491e-15,6.540159689121491e-15,0.031436074123258106,0.00251033848538364,0.7832016365478854,6.540159689121491e-15,0.012330140412979583,0.024394920527866102,6.540159689121491e-15,6.540159689121491e-15,6.540159689121491e-15,6.540159689121491e-15,0.14331513643418373,6.540159689121491e-15,6.540159689121491e-15,6.540159689121491e-15
TGGTTGCCAGTGTCAA-1,0.09965531781626068,7.104646894231896e-15,7.104646894231896e-15,1.9135987599697198e-05,5.633055969570409e-07,7.104646894231896e-15,0.018724001524640845,0.24027032820489835,7.104646894231896e-15,5.226027969411635e-12,0.014994487957292538,7.104646894231896e-15,7.104646894231896e-15,7.104646894231896e-15,7.104646894231896e-15,1.834676139688747e-09,0.5960187457068666,0.030317417656589785,2.95473334974394e-13
TGTAAGATCTTCACAT-1,0.05555801380759658,6.708326472588478e-15,6.708326472588478e-15,6.708326472588478e-15,6.708326472588478e-15,0.028296496306669076,6.708326472588478e-15,6.708326472588478e-15,0.009291820212028202,6.545982002205723e-12,0.13378145642578135,0.03334060749444486,6.708326472588478e-15,6.708326472588478e-15,6.708326472588478e-15,6.708326472588478e-15,0.7397316057468535,6.708326472588478e-15,6.708326472588478e-15
TGTATGATTGTAGGTG-1,6.905450756537636e-15,7.426098168931321e-12,1.1005238522243155e-10,0.752675404244511,2.418767038514811e-08,6.905450756537636e-15,6.905450756537636e-15,0.05919291947695158,6.905450756537636e-15,6.905450756537636e-15,3.3631472248096635e-08,6.905450756537636e-15,6.905450756537636e-15,0.187658540384922,6.905450756537636e-15,3.746285094077233e-07,2.753089558411316e-08,0.0004726757960098186,1.5244550260856181e-12
TGTCAGATAAGGTGAC-1,0.021538515836470085,6.654244534478133e-15,6.654244534478133e-15,6.654244534478133e-15,6.654244534478133e-15,0.04835135409571773,6.654244534478133e-15,0.6023044371118359,0.0003452199275872421,2.269254338304811e-09,0.0515842465420473,0.03158736451875961,6.654244534478133e-15,6.654244534478133e-15,6.654244534478133e-15,0.0491251306064332,0.1951637290918281,6.654244534478133e-15,6.654244534478133e-15
TGTCCATGTATGGAAT-1,0.00023658587174460008,6.720291401722973e-15,6.720291401722973e-15,6.720291401722973e-15,6.720291401722973e-15,0.019386743372730855,6.720291401722973e-15,0.9076662470994306,6.720291401722973e-15,6.720291401722973e-15,3.9775278267094906e-12,6.720291401722973e-15,6.720291401722973e-15,6.720291401722973e-15,6.720291401722973e-15,0.0012583978039913824,0.07145202584803786,6.720291401722973e-15,6.720291401722973e-15
TGTCTAAGCAGACGTA-1,6.503629576257861e-15,6.503629576257861e-15,1.0161341467320251e-10,6.503629576257861e-15,6.503629576257861e-15,0.09294859386599343,6.503629576257861e-15,0.5658150207089165,6.503629576257861e-15,0.07716023511229213,0.009410615426913278,6.503629576257861e-15,6.503629576257861e-15,6.503629576257861e-15,3.810071244481846e-11,0.16688162928991387,0.04935422170853511,1.2206616495071457e-06,0.03842846308601346
TGTCTGTAAGCGAACT-1,6.290689357380026e-15,6.290689357380026e-15,6.290689357380026e-15,6.290689357380026e-15,6.290689357380026e-15,0.10060384378954322,6.290689357380026e-15,0.05080274659975056,6.290689357380026e-15,6.290689357380026e-15,0.2122149527407039,0.04825687622052622,6.290689357380026e-15,6.290689357380026e-15,6.290689357380026e-15,6.290689357380026e-15,0.5881215806493882,6.290689357380026e-15,6.290689357380026e-15
TGTTGCGTCCAAGATT-1,0.033374996919415235,6.350408952607811e-15,0.040448752949196254,0.001009248044960072,0.017291685410503518,0.06624261569730776,0.03697123773902722,6.350408952607811e-15,0.0013302650718206156,0.0053957623349956425,0.12540227096726225,0.006408195074962862,0.01740279861192455,0.018194589683610415,1.2328661298324715e-06,6.350408952607811e-15,0.630515140762354,5.079196124736108e-12,1.120786143137917e-05
