,Bcell,Cancer.cells,Endothelial,Fibroblast,Melanocyte,MoMacDC,Neutrophil,Normal.Kerat,Pericyte,PlasmaCell,Tcell
cosmx_bcc_spot_0000000665,1.841707812834715e-15,0.9649873782855702,1.841707812834715e-15,0.032264889127687074,3.974836837871947e-13,1.841707812834715e-15,1.841707812834715e-15,0.0027477325863320733,1.841707812834715e-15,1.841707812834715e-15,1.841707812834715e-15
cosmx_bcc_spot_0000001062,1.9324189813723333e-14,0.91353903861555,0.0007090663843695149,0.014221491381438427,0.029341686956506956,1.9010517133312504e-15,1.484655763629203e-14,9.480382504862691e-10,0.04218871451797766,1.9010517133312504e-15,1.1960813649703475e-09
cosmx_bcc_spot_0000001070,1.8514698114045776e-15,0.9578384947010401,1.8514698114045776e-15,0.04113065054550593,7.461501987695207e-15,1.8514698114045776e-15,4.872406086372727e-10,0.00103085426619458,1.8514698114045776e-15,1.8514698114045776e-15,1.8514698114045776e-15
cosmx_bcc_spot_0000001460,2.5377683937212456e-11,0.24516499764675348,0.03811468541396602,0.34073386285538,0.3660259324803102,2.813466160836714e-13,0.009960520897408882,1.9819912205291327e-15,4.398211127359443e-10,1.9819912205291327e-15,2.406974281448278e-10
cosmx_bcc_spot_0000001461,1.8006348547565305e-15,0.9819854675069518,1.8006348547565305e-15,9.279837995919251e-15,1.8724721505587333e-13,1.8006348547565305e-15,1.0252048789182324e-11,0.0180145324825887,1.8006348547565305e-15,1.8006348547565305e-15,1.8006348547565305e-15
cosmx_bcc_spot_0000001471,1.8238496678015357e-15,0.9500634447722422,1.8238496678015357e-15,0.04641734796966987,1.8238496678015357e-15,1.8238496678015357e-15,1.8238496678015357e-15,0.0035192072580730776,1.8238496678015357e-15,1.8238496678015357e-15,1.8238496678015357e-15
cosmx_bcc_spot_0000001879,1.8846143337517815e-15,0.9488013281398138,1.8846143337517815e-15,0.051198671859713,4.579025726457493e-13,1.8846143337517815e-15,1.8846143337517815e-15,1.8846143337517815e-15,1.8846143337517815e-15,1.8846143337517815e-15,1.8846143337517815e-15
cosmx_bcc_spot_0000002269,1.8847126437453705e-15,0.9784576324137936,8.747814000335923e-14,0.004148425660208421,0.00013346346762321685,1.8847126437453705e-15,5.4800054756410194e-08,0.0172604236576846,7.421122179049547e-14,4.5372341399586366e-13,1.6358834638795808e-14
cosmx_bcc_spot_0000002270,2.1737174865197286e-09,0.5018154506973987,0.04184945656850072,0.19052541417031163,0.2651843359571063,2.0964770873883084e-10,2.4652502260847134e-08,0.0006253151574118701,2.913303396077138e-10,1.9763787175810805e-15,1.2207102634007823e-10
cosmx_bcc_spot_0000002681,1.922293114968428e-15,0.959280080593353,1.922293114968428e-15,0.014088822308437448,0.023946452409522027,1.922293114968428e-15,4.758004303666737e-14,0.0026846446886280508,1.922293114968428e-15,1.922293114968428e-15,1.922293114968428e-15
cosmx_bcc_spot_0000003088,0.00535628308940683,0.8385048903646566,0.07932799479428754,0.035677867702395366,0.03741816233370232,0.0001805334201069456,0.0033745935920004087,0.00015567315997990757,1.4500786795227206e-09,1.961723212389519e-15,4.000093383502352e-06
cosmx_bcc_spot_0000003095,1.0313531698551193e-15,1.0313531698551193e-15,1.0313531698551193e-15,1.0313531698551193e-15,1.0313531698551193e-15,1.0313531698551193e-15,1.0313531698551193e-15,1.0313531698551193e-15,1.0313531698551193e-15,0.9999999999999897,1.0313531698551193e-15
cosmx_bcc_spot_0000003482,2.325264054550788e-06,0.002708022775062634,0.34652562195827585,0.17070941817204205,0.30396158342594576,2.2692845072656764e-10,0.008282904396823103,0.004038811708373523,0.15506370520873086,0.00870760671402461,1.497385756778879e-10
cosmx_bcc_spot_0000003585,2.019541937963839e-15,0.9231925480872281,1.8487653036485776e-07,2.019541937963839e-15,0.06547403395326853,2.019541937963839e-15,0.011333233079480661,2.019541937963839e-15,2.019541937963839e-15,2.019541937963839e-15,3.4799784061172585e-12
cosmx_bcc_spot_0000003901,1.908300800372323e-15,0.9999999879563006,1.908300800372323e-15,2.951049372571107e-10,1.1713591616191098e-08,1.908300800372323e-15,3.498918073215706e-11,1.908300800372323e-15,1.908300800372323e-15,1.908300800372323e-15,1.908300800372323e-15
cosmx_bcc_spot_0000003986,6.201799313357114e-06,0.09571062058370153,0.0038119331941554252,0.13156529752880944,0.7110449551091813,1.9755035153310857e-15,0.02560880078208441,0.026700676897869025,0.005550943006907056,1.9755035153310857e-15,5.710979744144954e-07
cosmx_bcc_spot_0000004291,1.9741060715061046e-15,0.9225980563998453,1.5314032357879745e-09,0.038284184813610574,0.03529336318570984,1.9741060715061046e-15,0.0038243938592358627,1.9741060715061046e-15,1.6611266879280712e-10,1.9741060715061046e-15,4.40744527232276e-11
cosmx_bcc_spot_0000004297,1.8155192468495803e-15,0.9918588905625917,1.8155192468495803e-15,0.008141109398641922,3.8751608514239904e-11,1.8155192468495803e-15,1.8155192468495803e-15,1.8155192468495803e-15,1.8155192468495803e-15,1.8155192468495803e-15,1.8155192468495803e-15
cosmx_bcc_spot_0000004307,0.04719893929879018,0.562324544665403,0.05716927025642211,0.13019741721130407,0.18347733824869628,0.01739895118255499,0.00016873469863263406,1.864900693124107e-15,0.0009468874761925251,0.0001713875615096471,0.0009465294004925291
cosmx_bcc_spot_0000004395,1.5060526652967496e-07,0.8855968730590678,2.7709352179476373e-06,8.883927561281782e-10,0.10557520174529272,2.0225554764082054e-15,0.00862633225502049,2.0225554764082054e-15,0.00019268718139895728,2.0225554764082054e-15,5.983330336575357e-06
cosmx_bcc_spot_0000004708,1.862517601512193e-15,0.9716687170964824,1.862517601512193e-15,0.027922315289686014,1.8599889484550463e-10,1.862517601512193e-15,1.862517601512193e-15,1.862517601512193e-15,1.862517601512193e-15,0.00040896742781942126,1.862517601512193e-15
cosmx_bcc_spot_0000004711,3.3229296751063994e-06,4.171832675078536e-09,0.07771503424332979,0.12041839424787754,0.7725023363513629,2.879412055530834e-13,0.013545888294614826,0.015813870760643046,3.8116427906337856e-14,1.2748351086400326e-10,1.1488728544070378e-06
cosmx_bcc_spot_0000004795,6.0955382774529925e-06,0.17353440786400456,0.22463139173473676,0.38556535727743485,0.19523213758166008,3.233252533770099e-06,0.015000338934607827,1.982478144989197e-15,0.0060270375745211935,1.982478144989197e-15,2.422194657808877e-10
cosmx_bcc_spot_0000004797,3.330656537848783e-06,0.8599129489509533,0.0001034311198611788,0.02039732785394495,0.10762813832879028,2.067501506503967e-15,0.011954787141166896,2.067501506503967e-15,2.3726427668084177e-11,2.067501506503967e-15,3.5925012934179174e-08
cosmx_bcc_spot_0000005098,8.182456691204378e-11,0.9294995136834313,8.780310196008489e-08,0.03669309593209985,0.0320633943580444,2.0074061742393104e-15,0.0017439067273208116,2.0074061742393104e-15,1.7887620766441405e-12,2.0074061742393104e-15,1.412382252309535e-09
cosmx_bcc_spot_0000005605,9.658449885307577e-12,0.9972057253372596,1.0614331611265667e-08,0.002712118795889784,8.214331617577357e-05,1.9169750163766912e-15,8.075718583353021e-10,6.475849721003492e-15,1.0139550951379074e-09,1.9169750163766912e-15,1.0514723089489522e-10
cosmx_bcc_spot_0000006015,2.0911691489529317e-15,0.9618833935532282,2.0911691489529317e-15,2.0911691489529317e-15,0.020334799098541773,2.0911691489529317e-15,0.017781807348212927,2.0911691489529317e-15,2.0911691489529317e-15,2.0911691489529317e-15,2.0911691489529317e-15
cosmx_bcc_spot_0000006412,3.5232034784200034e-13,0.9286988071601155,6.0210074301367495e-09,0.00289432072446437,0.06666671741215821,1.958272613462349e-15,0.0017401486197198815,1.9525091119815415e-12,4.0142415310499317e-13,1.958272613462349e-15,5.982430637251652e-11
cosmx_bcc_spot_0000007219,1.2812354857394767e-10,0.8421023356446452,8.120323373742862e-09,0.012718610922504488,0.1363427838930451,2.0107766321887673e-15,0.008836210860868407,2.0107766321887673e-15,6.367234087317972e-11,2.0107766321887673e-15,5.036681140146605e-08
cosmx_bcc_spot_0000007223,1.8295993568019375e-15,0.9009195567318257,1.8295993568019375e-15,1.8295993568019375e-15,0.0951928782097508,1.8295993568019375e-15,1.400260480674463e-10,0.0038875649183842207,1.8295993568019375e-15,1.8295993568019375e-15,1.8295993568019375e-15
cosmx_bcc_spot_0000007623,2.313446556622907e-09,0.8886575427674976,3.668719953358099e-06,0.019411231236378106,0.07444104211485286,1.9675261031831935e-15,0.009037149540218675,1.9675261031831935e-15,0.008449354150628856,1.9675261031831935e-15,9.157017807720751e-09
cosmx_bcc_spot_0000008832,3.2612566414635567e-06,0.9463566618684792,0.012921544010168103,2.000312328296332e-15,0.027520353239632315,2.812894689651406e-13,0.013161551927384347,2.7323569570719733e-09,3.6465433497489326e-05,2.000312328296332e-15,1.595315546434751e-07
cosmx_bcc_spot_0000009234,2.860250988188445e-06,0.5000200171089662,0.0080235051666949,0.002509333794152168,0.44957305649393225,2.0496738045901553e-15,0.022187218150631266,2.0496738045901553e-15,0.0010418556105335577,0.01664215319729965,2.2679782967097804e-10
cosmx_bcc_spot_0000009969,2.1025579377089597e-09,9.970514837503935e-05,0.12722672738140411,0.1381450765342998,0.7071044448619984,1.902021542522378e-15,0.027423037374720714,1.902021542522378e-15,1.006151595868113e-06,1.902021542522378e-15,4.450423736021798e-10
cosmx_bcc_spot_0000009973,1.3427723985071875e-10,0.014220000114160237,0.06593803093778294,1.944321158842941e-15,0.8797000285927202,1.944321158842941e-15,0.03283227970490288,0.006141958397621691,1.944321158842941e-15,0.0011677021185215882,7.32197350331615e-15
cosmx_bcc_spot_0000010102,0.022561313904118876,2.28549090111763e-11,0.10161989592825764,0.04958715997546639,0.379405739559524,5.5627125865813025e-12,0.0031165272437568585,0.44370698101850536,5.396728092105724e-09,1.8786224817365354e-15,2.3769452230780226e-06
cosmx_bcc_spot_0000010360,1.9860767509227893e-15,0.9832939419912442,1.9860767509227893e-15,0.014267764797092686,6.519345657797986e-08,1.9860767509227893e-15,1.4540312293692814e-08,1.9860767509227893e-15,1.9860767509227893e-15,0.0024382134778820987,1.9860767509227893e-15
cosmx_bcc_spot_0000010362,2.588944876728472e-13,0.9596500376849122,4.0716881350729944e-13,0.035300190819546905,2.6840682620633604e-07,1.9857532432088477e-15,0.0018044924209667057,1.9857532432088477e-15,9.278605789668995e-15,0.003245010667066524,1.9857532432088477e-15
cosmx_bcc_spot_0000010366,0.0004534636321205661,0.007297830679758203,0.04383362031992688,0.21427117511875196,3.8897897800983565e-05,0.2634062605846758,1.9202297404198293e-12,1.8616640727865155e-15,0.33329468743379953,0.1374040643310669,1.7687079367702288e-13
cosmx_bcc_spot_0000010450,7.638929131798371e-14,0.810498890085974,3.1351817777940366e-06,2.092939599934071e-15,0.18231662351041436,2.092939599934071e-15,0.007177102957796346,2.092939599934071e-15,4.2482637780497904e-06,2.092939599934071e-15,1.74472677931225e-13
cosmx_bcc_spot_0000010763,3.7000243750663033e-10,0.8900113834256616,0.054196159986894164,0.020315614856829745,0.032036800495897515,1.9625231222697165e-15,9.42385340456547e-05,1.9625231222697165e-15,2.097728744501816e-06,0.003343704597921351,3.998921777227536e-12
cosmx_bcc_spot_0000010775,8.183400523366816e-07,2.1431834455215995e-10,0.21251045218894493,0.09846135872606813,0.6724878397477598,1.952472992516692e-15,0.013814682709793939,0.0027246165904161825,2.3147989166400962e-07,1.952472992516692e-15,2.750699594915058e-12
cosmx_bcc_spot_0000010776,0.033781406845116616,1.8655238127565988e-15,0.2791538840384059,0.01432600877402119,0.6459556192432131,2.6873879262540213e-05,0.026210155019837443,2.97479612677252e-10,0.0005343542705767174,3.9776203112498423e-13,1.1697631687487303e-05
cosmx_bcc_spot_0000011577,1.273221026024474e-15,1.273221026024474e-15,1.273221026024474e-15,0.03192347625104586,1.273221026024474e-15,0.029120081353490694,1.273221026024474e-15,1.273221026024474e-15,0.04157824032899852,0.8973782020664559,1.273221026024474e-15
cosmx_bcc_spot_0000011578,0.0023247752369191543,1.7908892180204478e-10,0.3188923407345127,0.4916632473629062,0.0052145126942261125,0.059051110491369824,0.023813255642969655,1.9188906549339406e-15,0.021801560298024925,0.07723919729476578,6.521472751528192e-11
cosmx_bcc_spot_0000011719,0.05464857707318301,4.823747159469545e-12,0.00034237626523200506,0.6619561994824115,0.11096893312961695,0.16776006463288531,0.004313013113862905,1.94118400139379e-15,6.656375649470174e-15,1.94118400139379e-15,1.0836297973764868e-05
cosmx_bcc_spot_0000011982,0.003278400938557372,0.00010246452297795775,0.21934116946688353,0.51853100752953,0.20048486099645046,0.010594352131188667,0.001983061258182322,1.973023717673844e-15,0.039770733752758455,0.005913946025984153,3.377485130059697e-09
cosmx_bcc_spot_0000012069,1.3255498412974636e-09,0.8175035412965395,3.258592310219353e-08,0.015590239647187544,0.15063327050748065,2.0770242712660594e-15,0.016272801137658784,2.0770242712660594e-15,2.0770242712660594e-15,2.0770242712660594e-15,1.1349965218703888e-07
cosmx_bcc_spot_0000012124,0.01424723218027418,2.6208253543534706e-05,0.15580957620574598,0.369646450449383,0.447445789947225,3.0305209950841616e-08,0.00965539612425212,1.976648693607942e-15,0.003169069623180707,1.976648693607942e-15,2.469111816162561e-07
cosmx_bcc_spot_0000012386,1.8932741117800343e-05,0.011064310054996132,0.12843147371754834,0.3510450328885832,0.0007483987631281822,0.0976338436374733,3.428368185111862e-09,1.898840219297515e-15,0.14105219258037954,0.2600687762554368,0.009937035932966722
cosmx_bcc_spot_0000012466,3.313198344771302e-10,0.5584465813095754,0.002372661673479991,0.013456431563950481,0.3801035987327859,2.0019246876967706e-15,0.029827045603477986,0.009868729790298162,7.499680501018261e-10,0.005924950245006089,1.3625031008386223e-13
cosmx_bcc_spot_0000012790,2.4665550859485713e-07,0.7514601589076365,0.17831697843222039,1.2976428356053515e-06,2.8140879671374856e-07,1.3572211590414243e-08,0.00010896316111132,1.8909020482063157e-15,0.014405376609581686,0.05570668355033827,5.975727738606566e-11
cosmx_bcc_spot_0000012795,0.05851093799746293,3.955776332544615e-06,0.5392177985996476,1.6811651257390984e-05,0.293638186354374,1.9306330172029126e-08,0.010560656636955565,1.9300432319454816e-15,0.08846306032266073,0.00958266101801446,5.912336962549247e-06
cosmx_bcc_spot_0000012935,1.9291378503078187e-15,0.8184291779268595,2.9422597603991835e-13,0.017860196264641928,0.1470786066596469,1.9291378503078187e-15,0.007594771239127188,0.00903724471351987,3.195902656190982e-09,1.9291378503078187e-15,1.9291378503078187e-15
cosmx_bcc_spot_0000013191,2.0844233150598857e-12,1.4772246735612344e-15,3.121369565286823e-13,1.4772246735612344e-15,1.4772246735612344e-15,0.0763063818465169,1.4772246735612344e-15,1.4772246735612344e-15,0.04460883172240888,0.8790847783155248,8.113145454344358e-09
cosmx_bcc_spot_0000013737,0.10154801556944662,2.0421123930269688e-07,0.1562456752715753,0.2561366920921182,0.410018415143695,0.0023777778426263383,0.01922409272248364,0.006562077129844926,0.0006562892463392706,0.0058194829920170475,0.0414112777786145
cosmx_bcc_spot_0000013994,0.0006382838694383592,0.35026378592528423,0.08993366237183925,0.4155662693283343,0.03072697485246812,0.0854115037437886,6.59799051039991e-05,1.9084362944859062e-15,0.027393539974451216,1.9084362944859062e-15,2.92881222156538e-11
cosmx_bcc_spot_0000014142,1.9907283981432224e-15,1.9907283981432224e-15,2.6210455033170946e-08,0.8413768632404585,0.1586230448065903,1.9907283981432224e-15,1.9209394588985964e-11,1.9907283981432224e-15,6.572327450715744e-08,1.9907283981432224e-15,1.9907283981432224e-15
cosmx_bcc_spot_0000014401,2.291828865374176e-07,0.526122933414126,0.21402894231070144,1.6452183294144802e-13,2.646392459564488e-05,0.11498044490528879,1.844567192500117e-15,1.844567192500117e-15,0.14245837512439372,0.0023826109483524377,1.8948713605775922e-10
cosmx_bcc_spot_0000014402,1.946257320090855e-15,0.9928433174678459,1.946257320090855e-15,0.007156682464899315,6.723877174260936e-11,1.946257320090855e-15,1.946257320090855e-15,1.946257320090855e-15,1.946257320090855e-15,1.946257320090855e-15,1.946257320090855e-15
cosmx_bcc_spot_0000014406,1.8364597155615206e-15,0.9999999999127137,1.8364597155615206e-15,8.72693082631496e-11,1.8364597155615206e-15,1.8364597155615206e-15,1.8364597155615206e-15,1.8364597155615206e-15,1.8364597155615206e-15,1.8364597155615206e-15,1.8364597155615206e-15
cosmx_bcc_spot_0000014409,1.817495231683382e-15,0.1536867919290785,0.4156921374953931,0.1824201088800247,1.3444336228889328e-11,1.0789221761785677e-13,1.817495231683382e-15,1.817495231683382e-15,0.24820096168194222,1.817495231683382e-15,1.817495231683382e-15
cosmx_bcc_spot_0000014545,0.045435580172507595,2.646070615703358e-11,0.03696121206937734,0.18556138343288445,0.26917582679271,1.9742129706688417e-15,2.3638393822363897e-05,1.9742129706688417e-15,0.27252850846969956,0.1903138349507929,1.5691741103788627e-08
cosmx_bcc_spot_0000015762,9.057160544837172e-09,1.0103315183520297e-13,4.742917333114928e-06,0.8810149423313608,0.10805247071469325,3.3718284336549537e-13,0.010927779928085303,1.95805835135895e-15,5.50091307903572e-08,1.95805835135895e-15,4.1794040433239346e-11
cosmx_bcc_spot_0000015845,5.5786660589684773e-11,0.007198651704332341,4.8449825688976625e-12,0.43507996528807774,0.02784801898145584,0.5177283791799475,6.731724689204543e-15,0.012144984785447737,9.662366667608402e-14,1.7627995674202616e-15,1.7627995674202616e-15
cosmx_bcc_spot_0000015851,4.9380107245091635e-12,1.1198342879162823e-11,0.339104560840518,0.5600825436216137,0.06734473121617014,1.953675223741226e-15,0.009503053217935752,1.953675223741226e-15,0.023965111087618028,1.953675223741226e-15,1.953675223741226e-15
cosmx_bcc_spot_0000016006,1.8822214428916243e-15,0.9920710305633161,1.8822214428916243e-15,0.007796037243412734,1.5826257597698145e-09,1.8822214428916243e-15,0.00013293061063192902,1.8822214428916243e-15,1.8822214428916243e-15,1.8822214428916243e-15,1.8822214428916243e-15
cosmx_bcc_spot_0000016256,6.070266434096915e-11,0.4681068639405595,1.2114542106845054e-07,0.23149125952424704,0.22066223224921944,1.937327733863394e-15,0.01711631803815123,0.05492795099218834,3.8527209612367256e-08,0.0076952155159375904,6.361397146268946e-12
cosmx_bcc_spot_0000016257,9.830921353736928e-10,0.27884670356141883,1.7520111546992785e-05,0.012187808268940383,0.41431302555172095,2.0017801540456932e-15,1.0004650798953835e-06,0.28391247527655583,2.0017801540456932e-15,0.01072146578163892,2.0017801540456932e-15
cosmx_bcc_spot_0000016431,1.7248594012934289e-15,0.08702778600070858,3.5198248835852305e-09,0.2821534728205509,1.700503577993774e-14,1.7248594012934289e-15,1.7248594012934289e-15,1.7248594012934289e-15,0.6308187376588883,1.7248594012934289e-15,1.7248594012934289e-15
cosmx_bcc_spot_0000016538,2.0274945443872847e-15,0.8828184072198756,1.1190566594342639e-10,0.11000428956874965,0.006533280734312835,2.0274945443872847e-15,0.0006440223651426941,2.0274945443872847e-15,3.186513583530212e-15,2.0274945443872847e-15,2.0274945443872847e-15
cosmx_bcc_spot_0000016570,2.8289848955233942e-15,0.11873193548005126,4.950432943769524e-07,0.6049828087154288,0.24688062833234897,1.9292780500341766e-15,0.01288654727939559,0.016517585148201668,1.2707752516649012e-12,1.9292780500341766e-15,1.9292780500341766e-15
cosmx_bcc_spot_0000016654,0.03960374972377826,3.928344558534707e-05,0.44774762426439946,0.21289922918623042,0.17221286366608898,0.10222260703440791,0.0023917205091454627,0.005349269872701478,4.186803088308538e-06,0.01752946534423214,1.503423353770377e-10
cosmx_bcc_spot_0000016828,1.6013984228590416e-15,0.9905939632051604,1.6013984228590416e-15,1.6013984228590416e-15,1.6013984228590416e-15,1.6013984228590416e-15,1.6013984228590416e-15,0.009406036794824877,1.6013984228590416e-15,1.6013984228590416e-15,1.6013984228590416e-15
cosmx_bcc_spot_0000017060,1.2842372787383515e-15,1.2842372787383515e-15,1.2842372787383515e-15,1.2842372787383515e-15,1.2842372787383515e-15,1.2842372787383515e-15,1.2842372787383515e-15,1.2842372787383515e-15,1.2842372787383515e-15,0.9999999999999871,1.2842372787383515e-15
cosmx_bcc_spot_0000017336,1.8701821205629737e-15,0.9680494942370516,1.8701821205629737e-15,1.8701821205629737e-15,0.03195045799815445,1.8701821205629737e-15,4.7764778603657015e-08,1.8701821205629737e-15,1.8701821205629737e-15,1.8701821205629737e-15,1.8701821205629737e-15
cosmx_bcc_spot_0000017347,1.6886832944306647e-12,0.8169274608055728,3.902644191973364e-06,0.09669060228003512,0.07410289029091004,2.0420748629416513e-15,0.012275137430705983,2.0420748629416513e-15,6.488765391643208e-09,2.0420748629416513e-15,5.812361693084087e-11
cosmx_bcc_spot_0000017468,1.0568554025845904e-06,1.8990728586800813e-15,0.3877630671882413,0.6019372046191841,0.0012806104795223291,0.0014342179849217162,3.4256699414812535e-08,1.8990728586800813e-15,0.007583808602009571,1.8990728586800813e-15,1.401333036789873e-11
cosmx_bcc_spot_0000017614,1.3244076707542266e-05,0.7287210596409343,2.0662000518353808e-09,1.7865664140829225e-09,0.2703533411930735,0.0009121651179264938,1.774448460629966e-07,1.982537357628833e-15,1.982537357628833e-15,1.982537357628833e-15,8.673739462960128e-09
cosmx_bcc_spot_0000017615,1.854993901471943e-05,0.6273062418700532,0.005681892819619341,1.945157179584499e-15,0.31890828195245796,0.02751451871712704,1.6029451933214544e-06,0.020568896372833184,5.087361140262412e-15,1.945157179584499e-15,1.5383692172517128e-08
cosmx_bcc_spot_0000017619,1.8742199301811358e-15,0.8637953175015907,1.1559766030954927e-08,0.09359495855444132,0.006991814919992833,1.8742199301811358e-15,1.8742199301811358e-15,5.720913798620203e-14,0.035617897464142456,1.8742199301811358e-15,1.8742199301811358e-15
cosmx_bcc_spot_0000017623,9.318064374170336e-09,0.7891259225243628,1.3825562600376248e-06,0.09636718246154528,8.482703844422496e-14,0.00014530534162462394,1.8027111791948667e-15,1.8027111791948667e-15,0.11432804223392594,3.215556402132347e-05,1.0711014494600003e-13
cosmx_bcc_spot_0000017723,2.9222610995010958e-06,0.7741465377269863,0.011414451944981025,0.019782023069087558,0.18402138110139424,2.0081264179018043e-15,0.010626072406485648,2.0081264179018043e-15,4.9708757705720955e-06,2.0081264179018043e-15,1.6406141891089677e-06
cosmx_bcc_spot_0000017737,1.9120966680436e-15,0.9999953976375926,1.9120966680436e-15,1.9120966680436e-15,4.6023601596762035e-06,1.9120966680436e-15,2.232001196708817e-12,1.9120966680436e-15,1.9120966680436e-15,1.9120966680436e-15,1.9120966680436e-15
cosmx_bcc_spot_0000017738,1.887245693140366e-15,0.9999999987733778,1.887245693140366e-15,1.887245693140366e-15,1.226604847772609e-09,1.887245693140366e-15,1.887245693140366e-15,1.887245693140366e-15,1.887245693140366e-15,1.887245693140366e-15,1.887245693140366e-15
cosmx_bcc_spot_0000018041,1.7501335677016238e-15,0.9595430661338363,1.7501335677016238e-15,0.006968098021774847,1.7501335677016238e-15,1.7501335677016238e-15,1.7501335677016238e-15,0.033488835844374565,1.7501335677016238e-15,1.7501335677016238e-15,1.7501335677016238e-15
cosmx_bcc_spot_0000018141,1.8538978421567457e-15,0.9999998871030872,1.8538978421567457e-15,1.8538978421567457e-15,1.1289686143687113e-07,1.8538978421567457e-15,3.606305649193096e-14,2.188799316706852e-15,1.8538978421567457e-15,1.8538978421567457e-15,1.8538978421567457e-15
cosmx_bcc_spot_0000018147,1.923237720496782e-15,0.9999460720638952,1.923237720496782e-15,2.2745215177398215e-05,1.6164284268072915e-09,1.923237720496782e-15,3.1181104485294825e-05,1.923237720496782e-15,1.923237720496782e-15,1.923237720496782e-15,1.923237720496782e-15
cosmx_bcc_spot_0000018271,1.9029262413626e-15,0.9869853311177149,1.9029262413626e-15,1.9029262413626e-15,0.011259587440700993,1.9029262413626e-15,0.0016148002094306126,1.9029262413626e-15,1.9029262413626e-15,0.0001402812321398782,1.9029262413626e-15
cosmx_bcc_spot_0000018450,1.7508869755394614e-15,0.9812800837481346,1.7508869755394614e-15,0.006886092211196008,1.7508869755394614e-15,1.7508869755394614e-15,1.7508869755394614e-15,0.01183382404065505,1.7508869755394614e-15,1.7508869755394614e-15,1.7508869755394614e-15
cosmx_bcc_spot_0000018530,3.724717859425726e-08,0.5071075523625264,0.04824283375623117,0.026145162904177087,0.3991657310665434,2.0467326095380347e-15,0.01919488109968276,2.0467326095380347e-15,0.00014380109623657761,2.0467326095380347e-15,4.674178630038086e-10
cosmx_bcc_spot_0000018536,1.8787192254996393e-15,0.9999999899859134,1.8787192254996393e-15,1.8787192254996393e-15,9.774651396721118e-09,1.8787192254996393e-15,2.394196492076734e-10,1.8787192254996393e-15,1.8787192254996393e-15,1.8787192254996393e-15,1.8787192254996393e-15
cosmx_bcc_spot_0000018550,1.937097342256535e-15,0.9703832542773263,5.126806752202376e-15,1.937097342256535e-15,0.029616745607567347,1.937097342256535e-15,1.1506132873192872e-10,1.937097342256535e-15,1.937097342256535e-15,1.937097342256535e-15,2.7882742353569706e-14
cosmx_bcc_spot_0000018665,8.554904997456373e-13,0.7184207587855956,0.00014572520523205884,0.01882021290680898,0.23855613744996165,2.0194811662815405e-15,0.018506929204350403,2.0194811662815405e-15,0.005550234919309833,2.0194811662815405e-15,1.5278797628716756e-09
cosmx_bcc_spot_0000018674,1.9158486192033684e-15,0.9031737102760812,1.9158486192033684e-15,1.9158486192033684e-15,0.09674630375461528,1.9158486192033684e-15,7.998596928781303e-05,1.9158486192033684e-15,1.9158486192033684e-15,1.9158486192033684e-15,1.9158486192033684e-15
cosmx_bcc_spot_0000018829,1.823012793458276e-15,0.6787873871928436,1.823012793458276e-15,0.30496654330463546,4.192519883422523e-12,1.823012793458276e-15,1.823012793458276e-15,0.01624606949831538,1.823012793458276e-15,1.823012793458276e-15,1.823012793458276e-15
cosmx_bcc_spot_0000018943,1.8950688638918453e-15,0.9950315167515463,1.6814082295448592e-12,1.8950688638918453e-15,0.004968483246546952,1.8950688638918453e-15,1.8950688638918453e-15,1.8950688638918453e-15,1.8950688638918453e-15,1.8950688638918453e-15,2.1180446857982563e-13
cosmx_bcc_spot_0000018950,1.8916229771579353e-15,0.9999984269655576,2.7551974649015738e-14,1.5710117780065559e-06,2.022576776929271e-09,1.8916229771579353e-15,4.851366190788642e-14,1.8916229771579353e-15,1.8916229771579353e-15,1.8916229771579353e-15,1.8916229771579353e-15
cosmx_bcc_spot_0000018961,2.949244951780901e-11,0.9449355488317464,2.7359934173724043e-06,0.015443388321863118,0.024664007378241693,2.0421759185746663e-15,0.014954319136964688,2.0421759185746663e-15,1.334122969306331e-10,2.0421759185746663e-15,1.7485570755678069e-10
cosmx_bcc_spot_0000019066,3.0184634269574526e-12,0.30007487350425915,3.0232174607163323e-09,2.0408373322827634e-15,0.5313042812647648,2.0408373322827634e-15,2.935910804128967e-10,0.1686208419111272,1.362147897123552e-14,2.0408373322827634e-15,2.0408373322827634e-15
cosmx_bcc_spot_0000019072,1.9458704515692247e-15,0.9985957586040122,1.9458704515692247e-15,1.9458704515692247e-15,0.0014042411550548486,1.9458704515692247e-15,2.409169650678102e-10,1.9458704515692247e-15,1.9458704515692247e-15,1.9458704515692247e-15,1.9458704515692247e-15
cosmx_bcc_spot_0000019078,1.8776385097273686e-15,0.9994346444802581,1.8776385097273686e-15,3.477353607156479e-14,2.331137726209064e-10,1.8776385097273686e-15,0.0005653552865799263,1.8776385097273686e-15,1.8776385097273686e-15,1.8776385097273686e-15,1.8776385097273686e-15
cosmx_bcc_spot_0000019360,3.0008540603080483e-14,0.9619287147375223,1.044007947104241e-09,0.013209705314615341,0.023924393136728946,2.0027763420527092e-15,0.0009371853838975846,2.0027763420527092e-15,6.129406070053557e-15,2.0027763420527092e-15,3.8318545415524595e-10
cosmx_bcc_spot_0000019364,5.600029599910768e-15,0.7778107195175668,4.0387910938702834e-07,0.0073560386756685745,0.20032763438675194,2.0438252625343032e-15,0.014505203529002385,2.0438252625343032e-15,1.1834489944971503e-11,2.0438252625343032e-15,5.4639565766208023e-14
cosmx_bcc_spot_0000019367,8.615173407761201e-09,0.8164520402747588,0.00021640425831353285,0.011373242968501939,0.16680504333883184,2.0688771370556302e-15,0.005031266916049824,2.0688771370556302e-15,0.00012198056344662624,2.0688771370556302e-15,1.3064917602394486e-08
cosmx_bcc_spot_0000019482,1.8426126728488486e-15,0.9694140780739026,1.8426126728488486e-15,2.7344572972864794e-15,0.03058592167688143,1.8426126728488486e-15,2.4920012044652046e-10,1.8426126728488486e-15,1.8426126728488486e-15,1.8426126728488486e-15,1.8426126728488486e-15
cosmx_bcc_spot_0000019655,1.6834052975484821e-15,0.9944939594691977,1.6834052975484821e-15,0.004906384110316588,1.6834052975484821e-15,1.6834052975484821e-15,1.6834052975484821e-15,0.0005996564204717353,1.6834052975484821e-15,1.6834052975484821e-15,1.6834052975484821e-15
cosmx_bcc_spot_0000019760,1.959077444251087e-15,0.9110699612282182,8.562790224306345e-07,0.022213872400251255,0.06398121797448228,1.959077444251087e-15,0.0027337220823168,1.959077444251087e-15,3.700352887350975e-07,1.959077444251087e-15,4.124091709899072e-13
cosmx_bcc_spot_0000020069,1.7449494721593911e-15,0.9843786684344182,1.7449494721593911e-15,0.008131002043605557,1.7449494721593911e-15,1.7449494721593911e-15,1.7449494721593911e-15,0.007490329521961881,1.7449494721593911e-15,1.7449494721593911e-15,1.7449494721593911e-15
cosmx_bcc_spot_0000020150,1.8396650892799154e-15,0.9997727671226319,1.9987851643436574e-15,2.0093006914138382e-09,7.17465014012304e-07,1.8396650892799154e-15,0.00022651340303966113,2.4885731251090497e-15,1.8396650892799154e-15,1.8396650892799154e-15,1.8396650892799154e-15
cosmx_bcc_spot_0000020177,0.029419080060940683,8.676289562441987e-12,0.4471901222346107,0.1436444711709495,0.26428819864160463,0.1084480634194413,0.007006690759595191,2.0403401896941463e-15,7.291209920079296e-08,2.0403401896941463e-15,3.3007920783543796e-06
cosmx_bcc_spot_0000020469,1.7748557833854072e-15,0.9662952108865057,1.7748557833854072e-15,0.017418261336017583,1.7748557833854072e-15,1.7748557833854072e-15,1.7748557833854072e-15,0.016286527777462104,1.7748557833854072e-15,1.7748557833854072e-15,1.7748557833854072e-15
cosmx_bcc_spot_0000020473,1.720738569460597e-15,0.9679141158293625,1.720738569460597e-15,0.0012742924887868081,1.720738569460597e-15,1.720738569460597e-15,1.720738569460597e-15,0.030811591681836618,1.720738569460597e-15,1.720738569460597e-15,1.720738569460597e-15
cosmx_bcc_spot_0000020871,1.663656000808489e-15,0.982690805382851,1.663656000808489e-15,0.017309194617117697,1.663656000808489e-15,1.663656000808489e-15,1.663656000808489e-15,1.7711071353594318e-14,1.663656000808489e-15,1.663656000808489e-15,1.663656000808489e-15
cosmx_bcc_spot_0000020873,1.811042151539475e-15,0.9629228963388995,1.811042151539475e-15,0.03707710366108384,1.811042151539475e-15,1.811042151539475e-15,1.811042151539475e-15,1.811042151539475e-15,1.811042151539475e-15,1.811042151539475e-15,1.811042151539475e-15
cosmx_bcc_spot_0000020964,1.829811653574709e-15,0.9999381724600286,1.829811653574709e-15,6.182753995447243e-05,1.829811653574709e-15,1.829811653574709e-15,1.829811653574709e-15,1.829811653574709e-15,1.829811653574709e-15,1.829811653574709e-15,1.829811653574709e-15
cosmx_bcc_spot_0000021370,1.7433093416439154e-15,0.9997596901193964,1.7433093416439154e-15,0.00024030988058759424,1.7433093416439154e-15,1.7433093416439154e-15,1.7433093416439154e-15,1.7433093416439154e-15,1.7433093416439154e-15,1.7433093416439154e-15,1.7433093416439154e-15
cosmx_bcc_spot_0000021781,0.0007589648870315183,0.8999040336038704,1.0913213429175276e-08,2.005287733090243e-15,0.05849565260988987,1.4069668801146797e-12,0.014831272923619127,2.005287733090243e-15,2.005287733090243e-15,2.005287733090243e-15,0.026010065060960506
cosmx_bcc_spot_0000022168,5.018620550370989e-15,0.9167382954427067,9.175361396322652e-09,0.03757981722515879,0.036175986362258085,2.002382224691937e-15,0.009505887056202263,2.002382224691937e-15,3.6777357128493765e-11,2.002382224691937e-15,4.701524381566083e-09
cosmx_bcc_spot_0000023386,1.9132782347392492e-15,0.9801009473225909,3.034879258628964e-10,0.018468892754813886,0.0014301591547281048,1.9132782347392492e-15,1.9132782347392492e-15,1.9132782347392492e-15,4.648702888923613e-11,1.9132782347392492e-15,4.178824719285366e-10
cosmx_bcc_spot_0000023387,1.868866574763377e-15,0.999999996887681,1.868866574763377e-15,3.099323164797955e-09,1.2926671514360006e-11,1.868866574763377e-15,5.5861263168149256e-14,1.868866574763377e-15,1.868866574763377e-15,1.868866574763377e-15,1.868866574763377e-15
cosmx_bcc_spot_0000023774,0.007574746052136139,0.002778857457728356,0.5787907124144802,0.05047375707293785,0.21283540841142737,1.1567966333614391e-10,0.002343534622744406,0.001203232539368866,0.12034999605649926,0.02364805564882407,1.6996081738180444e-06
cosmx_bcc_spot_0000023792,8.418422598072058e-11,0.9806425990261778,1.138287945243059e-07,0.01180765210444907,0.005671552855706594,3.1158682318960134e-11,0.0018780781648670881,1.9841098252221135e-15,1.9841098252221135e-15,1.9841098252221135e-15,3.904655894083935e-09
cosmx_bcc_spot_0000024199,1.9651354227098436e-07,0.9243200268813675,1.194084133003555e-07,0.004394623220610833,0.062462112785621096,1.9783008726622116e-15,0.008822594546584293,1.9783008726622116e-15,1.1952577772978393e-12,1.9783008726622116e-15,3.2664265939055273e-07
cosmx_bcc_spot_0000024205,1.2635779966321773e-13,0.9889667421570532,9.17003075220308e-08,0.009731035803059545,0.0013019003609220324,2.0231748987911215e-15,5.476811675203732e-09,2.0231748987911215e-15,2.1649587232057695e-07,2.0231748987911215e-15,8.005841212742922e-09
cosmx_bcc_spot_0000024606,2.747125654574703e-14,0.8985835182401222,3.2932071296268857e-10,0.04769591051523159,0.05251047552333667,1.9647176325886377e-15,0.001210086747396786,1.9647176325886377e-15,8.643656218133385e-09,1.9647176325886377e-15,9.023406001088679e-13
cosmx_bcc_spot_0000024608,1.0562538790663028e-11,0.876184311860409,2.547265197565743e-07,0.012122727514728156,0.0992188817620797,2.044466695058421e-15,0.010530248427092574,2.044466695058421e-15,0.001943554437065404,2.044466695058421e-15,2.1261536883299017e-08
cosmx_bcc_spot_0000024991,1.8670031992661353e-15,0.9532780806546693,1.8670031992661353e-15,0.042848387694417595,5.835204452474188e-11,1.8670031992661353e-15,0.003873531592547468,1.8670031992661353e-15,1.8670031992661353e-15,1.8670031992661353e-15,1.8670031992661353e-15
cosmx_bcc_spot_0000024994,1.5079044888629748e-07,0.7872157067955597,2.327132196663383e-07,0.01968462945071184,0.12264296069402111,8.209756564483927e-06,1.364797726042664e-07,2.5369358530416194e-14,0.07044793747879939,1.8473328300274144e-15,3.584087490214501e-08
cosmx_bcc_spot_0000025006,0.0001504861456159904,0.5326249812583127,0.16873086234461068,0.037440897093444295,0.11512758516950039,9.964145327525501e-05,0.0023769136337568517,1.953700782292995e-15,0.14344861499452324,1.953700782292995e-15,1.7906956545938078e-08
cosmx_bcc_spot_0000025014,1.39526199657961e-09,3.4961836044841415e-06,0.1461618504909325,0.3145666305450769,0.533269563787915,1.9479632354347373e-15,0.005998404538581206,5.2813472439977675e-08,2.451485308930691e-10,1.9479632354347373e-15,3.1506724464337227e-15
cosmx_bcc_spot_0000025391,0.010807460913138533,0.050155079490988935,0.5134211986779248,0.011376028834841583,0.3985000137059319,0.0002207376270813281,8.084794477020461e-07,1.9392110392569487e-15,0.015518631799936114,1.9392110392569487e-15,4.0470705100420396e-08
cosmx_bcc_spot_0000025415,0.0009658056480384334,0.0524266994878274,0.4669556382760748,0.1666798273690344,0.3129481026957972,1.2896230394026289e-05,3.4807946981273107e-15,1.1023592374539352e-05,1.4382331388381045e-10,1.9567433680689558e-15,6.556630277381892e-09
cosmx_bcc_spot_0000025797,1.8613182239581723e-15,0.9691333331728739,1.8613182239581723e-15,0.030866604997751682,6.172194301473805e-08,1.8613182239581723e-15,1.0741814504307098e-10,1.8613182239581723e-15,1.8613182239581723e-15,1.8613182239581723e-15,1.8613182239581723e-15
cosmx_bcc_spot_0000025809,0.008542274946766102,0.8137655652487693,0.002607483455696165,0.016180337684524405,0.1474872008557336,7.981614987425064e-09,0.011278598746594185,2.050810525162492e-15,0.00012777644988100633,8.528010624700616e-15,1.0754630409683922e-05
cosmx_bcc_spot_0000026210,5.29701999963292e-10,0.9826680034927007,7.097992654811425e-06,1.9676284204865764e-15,0.015418826978469472,1.9676284204865764e-15,0.0019060681570606457,1.178595735070837e-11,9.736862707599047e-12,1.9676284204865764e-15,2.8278834989231244e-09
cosmx_bcc_spot_0000026223,1.694154045169341e-07,0.8359088624332948,7.646020090457185e-05,1.0550435273105973e-12,0.16400983940928643,2.066244518812982e-15,2.057366119230583e-06,2.066244518812982e-15,9.50484773689441e-07,2.066244518812982e-15,1.6606891553744745e-06
cosmx_bcc_spot_0000026604,1.8997759574061877e-15,0.9414958718217777,1.8997759574061877e-15,0.05850400188086641,2.9332499918229217e-12,1.8997759574061877e-15,1.262944091085488e-07,1.8997759574061877e-15,1.8997759574061877e-15,1.8997759574061877e-15,1.8997759574061877e-15
cosmx_bcc_spot_0000027008,2.805371309268449e-13,0.5660755612410239,0.1097200794664504,0.07661179795393759,0.026785021073053656,1.9993041912352177e-15,0.010296229036432928,1.9993041912352177e-15,0.2105113112231996,1.9993041912352177e-15,5.6152580385787305e-12
cosmx_bcc_spot_0000027421,1.2629206589633162e-15,1.2629206589633162e-15,1.2629206589633162e-15,1.2629206589633162e-15,1.2629206589633162e-15,1.2629206589633162e-15,1.2629206589633162e-15,1.2629206589633162e-15,0.027271452507997933,0.9727285474919906,1.2629206589633162e-15
cosmx_bcc_spot_0000027426,1.3419049703436055e-11,0.9626197438328442,2.84422604255311e-10,0.0357191273183472,6.065888939871278e-05,1.9625365362082394e-15,0.0016004696587425603,1.9625365362082394e-15,5.701469825425771e-14,1.9625365362082394e-15,2.7626659356593754e-12
cosmx_bcc_spot_0000027821,1.967077367773542e-15,0.9762813475689882,1.967077367773542e-15,0.02371614871318972,2.001548805892169e-06,1.967077367773542e-15,5.021690020976714e-07,1.967077367773542e-15,1.967077367773542e-15,1.967077367773542e-15,1.967077367773542e-15
cosmx_bcc_spot_0000027834,1.9487021311493904e-15,0.7715268428230053,6.174500865420664e-13,0.22051421766232368,3.005687148006337e-06,1.9487021311493904e-15,0.005540881163264467,1.9487021311493904e-15,0.0024150526636310746,1.9487021311493904e-15,1.9487021311493904e-15
cosmx_bcc_spot_0000028237,1.9849055274917163e-15,0.5596259216039712,6.056895927014225e-07,0.39447996515757033,0.025374888062158613,1.9849055274917163e-15,0.01595521161203271,1.9849055274917163e-15,0.004563407874664512,1.9849055274917163e-15,1.9849055274917163e-15
cosmx_bcc_spot_0000028633,0.009758008775811906,0.0011467161497361164,0.20494117192510958,0.1880695831453595,0.30848380566728717,0.27628689427432546,0.011312987606003634,1.9139055899031586e-15,6.292422433184793e-07,1.9139055899031586e-15,2.0321411932614836e-07
cosmx_bcc_spot_0000029044,1.977617317363326e-15,0.9999993846607754,1.977617317363326e-15,1.977617317363326e-15,2.0514657301369375e-08,1.977617317363326e-15,5.94824551064912e-07,1.977617317363326e-15,1.977617317363326e-15,1.977617317363326e-15,1.977617317363326e-15
cosmx_bcc_spot_0000029446,1.5774833164319917e-12,0.9993242628631464,1.5250107295154537e-11,1.965765754467583e-15,5.550121749089614e-06,1.965765754467583e-15,0.0006701869974272923,1.965765754467583e-15,1.965765754467583e-15,1.965765754467583e-15,8.396018059305775e-13
cosmx_bcc_spot_0000040460,1.944055533641877e-15,0.8205378250879579,1.71998109081118e-08,0.024608996250446463,0.14130190217887678,1.944055533641877e-15,1.944055533641877e-15,1.944055533641877e-15,0.013551259282896012,1.944055533641877e-15,1.944055533641877e-15
cosmx_bcc_spot_0000040870,1.9531181590809167e-15,0.8377459036687072,3.1290386279232064e-12,1.9531181590809167e-15,0.16225409627894058,1.9531181590809167e-15,4.920903552863715e-11,1.9531181590809167e-15,1.9531181590809167e-15,1.9531181590809167e-15,1.9531181590809167e-15
cosmx_bcc_spot_0000040899,1.727899059094667e-07,0.17309944724697712,0.024382757100141265,0.2621925511140415,0.5402444708685568,5.8956320458813276e-05,2.1644405419102788e-05,1.9930378077320657e-15,1.4419165713191604e-10,1.9930378077320657e-15,1.0303845616984145e-11
cosmx_bcc_spot_0000041305,3.9482651567529706e-05,0.665923719287327,0.02798150596780227,0.15853003706026902,0.1411210945627897,0.005831200832865487,1.9120120034020614e-15,1.9120120034020614e-15,0.000572461956452602,1.9120120034020614e-15,4.976809205303313e-07
cosmx_bcc_spot_0000042086,4.3495160243015094e-08,0.7917437562473099,1.3470761708141167e-09,0.07196712340800716,0.1362890550628195,2.1916207098649906e-12,2.0436850966651385e-08,1.879172141490903e-15,1.1571705367946236e-14,1.879172141490903e-15,5.688748031590206e-13
cosmx_bcc_spot_0000042481,1.951529993543766e-15,0.8812870881256377,1.951529993543766e-15,1.951529993543766e-15,0.11870998929534465,1.951529993543766e-15,2.922579001746915e-06,1.951529993543766e-15,1.951529993543766e-15,1.951529993543766e-15,1.951529993543766e-15
cosmx_bcc_spot_0000042518,1.8807864172253224e-15,0.9434663388597776,1.8807864172253224e-15,0.0002722481874380741,0.055495896626994126,1.8807864172253224e-15,0.0007655163257767672,1.8807864172253224e-15,1.8807864172253224e-15,1.8807864172253224e-15,1.8807864172253224e-15
cosmx_bcc_spot_0000042886,1.9367265375657678e-15,0.8478040906662778,6.90151675318049e-12,1.0385728807543026e-08,0.1277471388276276,1.9367265375657678e-15,0.01209911135568944,1.9367265375657678e-15,0.012349648757764946,1.9367265375657678e-15,1.9367265375657678e-15
cosmx_bcc_spot_0000042917,1.947822717273622e-15,0.7386894217005762,1.649303278211723e-10,0.15730185470611505,0.10379721136775631,1.947822717273622e-15,0.00021151200322532752,1.947822717273622e-15,5.738683702162748e-11,1.947822717273622e-15,1.947822717273622e-15
cosmx_bcc_spot_0000042921,1.7727311735241778e-15,0.9914660829076752,1.7727311735241778e-15,1.7727311735241778e-15,0.0059312499665954066,1.7727311735241778e-15,1.7727311735241778e-15,0.0026026671257148547,1.7727311735241778e-15,1.7727311735241778e-15,1.7727311735241778e-15
cosmx_bcc_spot_0000043326,1.911410344571127e-15,0.7968003160187586,1.3248459392404057e-07,0.033523781920218786,0.16258715776567229,1.911410344571127e-15,1.3492987701714846e-07,1.911410344571127e-15,0.006542822106923846,0.0005456547739477931,1.911410344571127e-15
cosmx_bcc_spot_0000044129,1.9688577126525257e-15,0.9198658056248253,1.6063468840707968e-11,1.9688577126525257e-15,0.08013363570035033,1.9688577126525257e-15,5.586587467223148e-07,1.9688577126525257e-15,1.9688577126525257e-15,1.9688577126525257e-15,1.9688577126525257e-15
cosmx_bcc_spot_0000044499,2.0232598011426592e-15,0.9360809336624619,1.3472855949481513e-11,0.01480463685477344,0.04473487982661724,2.0232598011426592e-15,0.0043795490175248235,2.0232598011426592e-15,7.745378595677261e-13,2.0232598011426592e-15,6.243668614059989e-10
cosmx_bcc_spot_0000044510,8.275333868217728e-12,0.6403631373804177,2.4101866328922553e-07,2.008434470193954e-15,0.35161757673279437,2.008434470193954e-15,0.0076159542802738,2.008434470193954e-15,0.00040308796670215165,2.008434470193954e-15,2.6128651920729954e-09
cosmx_bcc_spot_0000044541,3.0616143256093605e-10,0.7410325431909878,0.010468610020902092,0.011893656706844122,0.2079958470218671,1.9608635374893167e-15,0.004154997258903357,0.0008190477126221072,0.023258105209839935,0.00037717940134235237,1.3170527738622343e-08
cosmx_bcc_spot_0000044914,4.6296219871910837e-11,0.691946581009287,0.0038482495070293883,4.772616350363165e-15,0.29574282104700195,1.923070215227068e-15,0.00684095765684748,1.923070215227068e-15,0.00018474984407870616,0.0014366408894052323,4.5352874592197425e-14
cosmx_bcc_spot_0000045296,2.0557253518226904e-15,0.9704841268298684,1.0751659044717527e-12,0.02868498661570245,0.0008304766987777488,2.0557253518226904e-15,4.098545636970075e-07,2.0557253518226904e-15,2.0557253518226904e-15,2.0557253518226904e-15,2.0557253518226904e-15
cosmx_bcc_spot_0000045343,1.880564574175798e-15,0.9021046340553107,1.5118340227993684e-14,1.880564574175798e-15,0.09711310252267391,1.880564574175798e-15,0.000782263421938432,5.041242102365983e-14,1.880564574175798e-15,1.880564574175798e-15,1.880564574175798e-15
cosmx_bcc_spot_0000046105,1.9196558788906143e-15,0.8949680514848581,1.740239920865666e-08,0.02155886810502341,0.07269416826504711,1.9196558788906143e-15,0.0038535742709008,1.9196558788906143e-15,0.0069253204717613405,1.9196558788906143e-15,1.9196558788906143e-15
cosmx_bcc_spot_0000046517,1.9232632499619955e-06,0.8129983450603974,0.0007520888457272755,0.008908734149679954,0.17697374122199627,8.997013364710365e-08,5.160310147975414e-07,1.9556052554479108e-15,0.00036450350702972513,1.9556052554479108e-15,5.7950766990350226e-08
cosmx_bcc_spot_0000046528,7.202428555951719e-07,0.801685127497868,0.00013010909519509643,1.9811402894006535e-15,0.18344336451707074,1.9811402894006535e-15,0.0147341613819967,5.234332052686426e-06,8.821192189236827e-10,8.388398234204554e-10,1.2812119979337176e-06
cosmx_bcc_spot_0000046919,0.008343523794877222,1.8724951457825816e-15,0.5566248908654089,0.061324634347722846,0.18395604334642332,0.088352940153833,0.00045953044958721884,1.8724951457825816e-15,0.10093843693113083,1.8724951457825816e-15,1.1101102652680945e-10
cosmx_bcc_spot_0000046934,2.339363400647381e-07,0.8545476199567352,0.02706453252993183,1.3980823734373004e-13,0.10948375847937523,1.919617057355683e-15,0.007730187997403572,0.0009647435042727339,0.00020892304673984807,1.919617057355683e-15,5.490578745654274e-10
cosmx_bcc_spot_0000046942,3.358896091143635e-05,0.47751670141189934,7.385460745232173e-05,2.0571039066083264e-15,0.5223587217993725,2.0571039066083264e-15,8.397561503713442e-12,2.0571039066083264e-15,5.205358483709807e-06,2.0571039066083264e-15,1.192785347475532e-05
cosmx_bcc_spot_0000047318,1.3571929494619716e-12,0.741033800377822,1.062395606421935e-06,0.014315469740112281,0.22546001134314794,1.969260117522378e-15,0.01373643617141175,0.002343604897448823,1.969260117522378e-15,0.0031096150730876597,1.969260117522378e-15
cosmx_bcc_spot_0000047319,2.5066820968673886e-12,0.7040582313816813,0.003340850897115071,0.013468195727943087,0.2648439716900397,1.9732863678976975e-15,0.009704094519655279,1.6486295267913014e-11,0.00458465576444921,1.9732863678976975e-15,1.192737724287381e-13
cosmx_bcc_spot_0000047334,5.432051107615487e-12,0.6344013531945586,3.953521529695579e-07,2.027540875954525e-15,0.3411576029095457,2.027540875954525e-15,0.02444064853829688,2.027540875954525e-15,3.3226226482697798e-15,2.027540875954525e-15,2.027540875954525e-15
cosmx_bcc_spot_0000047367,1.888725546029266e-15,0.9406381497187103,8.573473580422515e-15,1.997576617939266e-15,0.05739122886990726,1.888725546029266e-15,0.001970621411087094,1.888725546029266e-15,2.7533759872253066e-13,1.888725546029266e-15,1.888725546029266e-15
cosmx_bcc_spot_0000047372,1.0351138941615705e-12,0.9574891938718194,1.3713863716441622e-07,0.013803781345511615,0.02010310984861733,1.9753961606921115e-15,0.008603777718306442,1.9753961606921115e-15,7.595051919059132e-11,1.9753961606921115e-15,1.1641259228369495e-13
cosmx_bcc_spot_0000047721,1.2147086125501408e-09,0.6896331660370919,0.012426331557985205,0.0463589774639828,0.23174484310152543,2.0115481442086456e-15,0.019836680589521018,2.0115481442086456e-15,3.511771481038158e-11,2.0115481442086456e-15,6.105208183784017e-14
cosmx_bcc_spot_0000048126,1.58447858058194e-11,0.2655987805944711,0.0391436733639922,0.0605691833304252,0.6176574044282025,2.036987627517047e-15,0.01703095342727796,2.036987627517047e-15,4.81135986263849e-09,2.036987627517047e-15,2.8420001823786934e-11
cosmx_bcc_spot_0000048145,0.0025504427738843186,0.7200381939034676,1.572410578580649e-06,2.0093112291152894e-15,0.2258683725591388,2.0093112291152894e-15,0.011491116480281567,2.0093112291152894e-15,1.0969828983745868e-10,0.04005003505461406,2.667083306246658e-07
cosmx_bcc_spot_0000048180,2.7634040071380006e-14,0.7793612400767442,4.1132944734719784e-08,1.419537612526848e-13,0.20880184766092424,1.9541245239270362e-15,0.011836871129023074,1.9541245239270362e-15,3.6906567247188975e-14,1.9541245239270362e-15,1.511970556564718e-13
cosmx_bcc_spot_0000048183,1.959908629367212e-15,0.9424579985484944,1.9111469704497942e-13,1.959908629367212e-15,0.04979658748065835,1.959908629367212e-15,0.007745413970638922,5.284300678097866e-15,1.959908629367212e-15,1.959908629367212e-15,1.959908629367212e-15
cosmx_bcc_spot_0000048576,8.922311571826409e-09,0.8134579639611786,0.026400062059248112,0.15314385186171625,0.005955860562363705,3.8673864916210803e-07,0.0002202553331888965,1.88455968585972e-15,0.0008216103784391055,1.88455968585972e-15,1.82900615142231e-10
cosmx_bcc_spot_0000048951,1.6211570081179465e-09,0.746957667953283,0.0018858984049728638,0.03882576279067868,0.1953982366611445,2.015717894245075e-15,0.009157924087675913,2.015717894245075e-15,8.198802158271682e-05,0.00769252027275996,1.8674136656662019e-10
cosmx_bcc_spot_0000048960,8.393313529557543e-08,0.46142348917008774,0.007440007423696258,2.0429070571252406e-15,0.5019865437048914,2.0429070571252406e-15,0.022521107626252,2.0429070571252406e-15,9.042068604552575e-05,0.006538347455771149,1.1428355423580887e-13
cosmx_bcc_spot_0000048985,3.662806119372202e-10,0.8906498272055798,0.009975450157902035,1.9627925827399104e-15,0.0638543172207411,1.9627925827399104e-15,0.001013441332571716,1.9627925827399104e-15,0.034506963716895725,1.9627925827399104e-15,2.0707080054748777e-14
cosmx_bcc_spot_0000048987,2.2347630065866976e-13,0.7379872058494046,0.0001437771237515088,0.007458279026887873,0.2544104223797768,1.966771118500178e-15,3.1561791896198515e-07,1.966771118500178e-15,1.940148415440229e-12,1.966771118500178e-15,9.052804727040882e-14
cosmx_bcc_spot_0000048989,1.9058374217029116e-15,0.49148064402049985,0.13313517061625366,0.03697247955279746,0.12789088500973858,1.9058374217029116e-15,2.5967330971491008e-14,1.9058374217029116e-15,0.21052082080067472,1.9058374217029116e-15,1.9058374217029116e-15
cosmx_bcc_spot_0000049794,2.621686890976754e-15,0.9650952147700678,1.5319182222403773e-09,5.6697662673013794e-08,0.028169738073048806,1.9170178671187464e-15,0.006734988926330543,1.9170178671187464e-15,9.61460583013836e-13,1.9170178671187464e-15,1.9170178671187464e-15
cosmx_bcc_spot_0000050199,1.826567794893472e-12,0.9630965347012771,1.9299645327799924e-11,1.902654268563855e-15,0.030300228373924966,1.902654268563855e-15,0.006603236903130939,1.902654268563855e-15,1.902654268563855e-15,1.902654268563855e-15,5.310967370081974e-13
cosmx_bcc_spot_0000051001,1.8829919753510552e-15,0.8454943420213588,1.5401946146114083e-05,1.8829919753510552e-15,0.14374494405322516,1.8829919753510552e-15,0.007467279731756809,1.8829919753510552e-15,0.003278032247501471,1.8829919753510552e-15,1.8829919753510552e-15
cosmx_bcc_spot_0000051006,1.9195186046343807e-15,0.9974422485820524,2.266789745867171e-14,1.9195186046343807e-15,0.001763440632315618,1.9195186046343807e-15,0.000794310785595535,1.9195186046343807e-15,1.9195186046343807e-15,1.9195186046343807e-15,1.9195186046343807e-15
cosmx_bcc_spot_0000051008,1.0635557289260047e-13,0.786005169245012,0.01571051080476823,0.04958930678153694,0.09025956139863173,1.8995794638463e-15,0.008715813735398705,1.8995794638463e-15,0.04971963803453838,1.8995794638463e-15,1.8995794638463e-15
cosmx_bcc_spot_0000051010,1.9024967140646913e-15,0.8662879979347939,1.9024967140646913e-15,1.9024967140646913e-15,0.1337120020651885,1.9024967140646913e-15,1.9024967140646913e-15,1.9024967140646913e-15,1.9024967140646913e-15,1.9024967140646913e-15,1.9024967140646913e-15
cosmx_bcc_spot_0000051411,1.8362722139203186e-15,0.8358936016558753,1.8362722139203186e-15,0.051300439318402676,0.11166124144142704,1.8362722139203186e-15,0.0011447175842816707,1.8362722139203186e-15,1.8362722139203186e-15,1.8362722139203186e-15,1.8362722139203186e-15
cosmx_bcc_spot_0000051412,1.8781946383649574e-15,0.9946089677611123,1.8781946383649574e-15,1.8781946383649574e-15,0.00539103184118759,1.8781946383649574e-15,3.9768465871448765e-10,1.8781946383649574e-15,1.8781946383649574e-15,1.8781946383649574e-15,1.8781946383649574e-15
cosmx_bcc_spot_0000052221,1.9483714936595824e-15,0.9590591503911269,1.3573676034019535e-10,1.9483714936595824e-15,0.03428923569580999,1.9483714936595824e-15,0.006651613777312476,1.9483714936595824e-15,1.9483714936595824e-15,1.9483714936595824e-15,1.9483714936595824e-15
cosmx_bcc_spot_0000054241,1.950619858755547e-15,0.9952870259128701,2.3456873598773347e-11,2.5651454386018196e-13,0.0010685238476188233,1.950619858755547e-15,0.0036444502157858332,1.950619858755547e-15,1.950619858755547e-15,1.950619858755547e-15,1.950619858755547e-15
cosmx_bcc_spot_0000054643,0.1329173911817401,0.5759516381809047,0.024204758184658354,0.03547673141382888,0.20649030186876946,0.01081892544564079,0.0005500020505361218,1.9702821887519046e-15,0.013590246131002345,1.9702821887519046e-15,5.54291517741477e-09
cosmx_bcc_spot_0000054644,1.9570742951410567e-15,0.9773716046495243,5.304456248967766e-09,1.9570742951410567e-15,0.01704639302411423,1.9570742951410567e-15,0.005581997021891182,1.9570742951410567e-15,1.9570742951410567e-15,1.9570742951410567e-15,1.9570742951410567e-15
cosmx_bcc_spot_0000055047,6.958234226267645e-06,0.7365431675139983,1.6775698824829698e-06,2.081973998703779e-15,0.24139242187016136,2.081973998703779e-15,0.021753044154478977,2.081973998703779e-15,2.081973998703779e-15,0.00030272005287713055,1.0604366766393058e-08
cosmx_bcc_spot_0000055448,7.09212010893198e-07,2.510185436549462e-06,0.06646407866900955,0.28170540201438143,0.5636685099127279,1.984175300662341e-15,0.020080431356857997,1.984175300662341e-15,0.06807835864956763,1.984175300662341e-15,1.984175300662341e-15
cosmx_bcc_spot_0000055455,0.05591114680525716,0.008855683258332006,0.1771528077266046,0.1001004466646706,0.5524849694466947,0.06965834592856002,0.017781240274654993,1.8679113918408087e-15,2.7518993028631245e-06,1.8679113918408087e-15,0.01805260799591938
cosmx_bcc_spot_0000055853,0.00021185576704590243,0.05337081415042799,3.153756178186775e-05,0.01098743681355424,0.8588479666848511,2.0008268933642034e-15,0.05745116570638141,7.283456207238186e-15,3.270491408749233e-14,0.01909922331591333,2.0008268933642034e-15
cosmx_bcc_spot_0000063692,1.6901881162488738e-15,0.7242587924359404,1.6901881162488738e-15,0.18059276790707468,1.6901881162488738e-15,1.6901881162488738e-15,1.6901881162488738e-15,0.050283243179492336,0.044844107174672326,2.1089302809978746e-05,1.6901881162488738e-15
cosmx_bcc_spot_0000063693,1.3989293018063255e-14,0.3585702549558304,1.0924938303160753e-08,0.4013261570911396,1.7162621687159147e-15,0.15017886378231038,1.7162621687159147e-15,0.025940980945764674,0.06398373229997163,1.7162621687159147e-15,2.5667958412369712e-14
cosmx_bcc_spot_0000064497,1.7678093484657106e-15,0.821084121312732,1.393518386394324e-10,0.020187538596303213,3.349993611431254e-06,1.7678093484657106e-15,1.7678093484657106e-15,0.11728306002276853,0.028115916578934076,0.013326013356290634,2.6607766835793826e-15
cosmx_bcc_spot_0000064900,1.7463499799468135e-15,0.8139289790071749,5.377088207869327e-10,4.5677582946381515e-06,0.002579556581040348,1.5953570434274764e-10,6.752965406043821e-14,0.10053483955836376,0.07426452741848256,0.008687528979328273,1.7463499799468135e-15
cosmx_bcc_spot_0000064901,1.6089444482975763e-15,0.9024208835053837,1.8740433968024894e-14,1.6089444482975763e-15,1.6089444482975763e-15,1.6089444482975763e-15,1.6089444482975763e-15,0.07524728049735056,0.0028592931037507516,0.01947254289348638,1.6089444482975763e-15
cosmx_bcc_spot_0000064997,1.2798116213894586e-09,0.0414211037586947,0.00011197420794497857,0.05672563611800006,0.0012695707659681906,5.369308371874384e-06,1.833692379738804e-15,0.8991128527409621,1.0008476339462955e-07,0.001353391731764526,3.716931204462415e-12
cosmx_bcc_spot_0000065002,1.769597064562852e-15,0.2879623824301306,1.501317178189361e-14,0.5308063563809168,1.6937262329352724e-14,1.769597064562852e-15,1.769597064562852e-15,0.18106697983586265,0.00016428135304895407,1.769597064562852e-15,1.769597064562852e-15
cosmx_bcc_spot_0000065290,0.007605646712709403,0.11332664117787854,0.05975080402133463,2.0162848594323235e-15,0.5103303891055475,2.81305863185663e-11,0.07968087886351574,0.07355879176973747,2.0162848594323235e-15,0.0253846158608762,0.13036223246026582
cosmx_bcc_spot_0000065307,1.7058007905409433e-15,0.9360672477017739,6.067214081347187e-09,1.7058007905409433e-15,0.022889230025557376,1.7058007905409433e-15,1.7058007905409433e-15,0.02874122643510461,2.8507453995575693e-07,0.012302004695801245,1.7058007905409433e-15
cosmx_bcc_spot_0000065398,0.0018525631494266397,1.3140544663652182e-10,0.001651262306846729,0.15425135923924288,0.3019831235545225,0.09532410174075674,5.762353166388867e-15,0.41764334539912007,0.026261520009769945,0.0010310276321351325,1.6968367680254622e-06
cosmx_bcc_spot_0000065405,1.8065095967422643e-15,0.3129597018439359,0.05653392313932451,0.5789380749262671,1.0569857309753128e-09,1.8065095967422643e-15,1.6006248886220287e-05,0.042279777459182856,0.009272513312082693,1.8065095967422643e-15,2.0133296120959316e-09
cosmx_bcc_spot_0000065683,0.10498341866142546,1.0643033565397624e-11,0.09854641725471204,1.9819860664950756e-15,0.37634547999958,0.2689582002584512,0.07425304409335698,0.04525576257081402,1.9819860664950756e-15,0.03161180414800697,4.587300300615363e-05
cosmx_bcc_spot_0000065689,0.00010854675810500592,1.827670645856671e-15,0.5730486645484918,1.827670645856671e-15,0.04108104322749882,0.3022228282392152,0.024546801520045132,0.010814026400140984,1.827670645856671e-15,0.04817808930622663,2.709405176992726e-13
cosmx_bcc_spot_0000065697,0.0025429276020352285,0.25971767208239066,0.03861776469659043,2.0548800577761754e-15,0.1790776829451805,0.17190525376480983,0.005644224475265361,0.296946757167795,3.3584738822394726e-09,0.04549075358712436,5.69603203327254e-05
cosmx_bcc_spot_0000065700,9.786290117596171e-15,0.7922513849685796,2.80300239483641e-08,0.07215184489807705,3.1325299802780354e-07,2.9265585361966836e-13,0.003969691466191625,0.07387279211304527,0.032068541861702125,0.025685403263449678,1.4563017009737182e-10
cosmx_bcc_spot_0000065738,0.0017575036089047663,1.900428798595496e-15,0.010629585679185993,1.900428798595496e-15,0.36913106650580296,1.900428798595496e-15,0.025561841965645198,0.5724993274026742,1.2767991712912506e-08,0.020420336874790092,3.2519499963412734e-07
cosmx_bcc_spot_0000065801,1.6825901982357873e-15,0.23279412259698354,0.2972441629234462,0.33156074057767654,0.03612845246338137,2.524942641329614e-11,1.9910001818359252e-10,0.0889304125545001,0.013342108659657428,1.6825901982357873e-15,1.6825901982357873e-15
cosmx_bcc_spot_0000066101,5.675710504873027e-08,0.6488102122166939,0.002243837480371415,1.9330855999880953e-15,6.612097911877195e-06,0.09593946011081467,0.010889809643738247,0.2062835688795427,0.003481220348643766,0.03234521591837662,6.54679981204037e-09
cosmx_bcc_spot_0000066102,4.42058014331225e-08,0.7549048377909463,5.984853042511019e-07,4.347497428786571e-07,0.12507762430377456,0.011365986332085866,0.0018441871157687804,0.07613908819892769,0.0007737949702141712,0.025102300545073238,0.004791103302360695
cosmx_bcc_spot_0000066103,1.8678033541395502e-08,0.8544918047843034,3.9423124934620364e-13,1.8063570328979387e-15,9.555762022751895e-06,0.06682107621913158,0.0007960552516409921,0.053405888666699534,1.8063570328979387e-15,0.024475600632725202,5.04510670186871e-12
cosmx_bcc_spot_0000066117,1.6333045940730053e-15,0.9395091504509586,2.4007269675298565e-14,1.6333045940730053e-15,3.144330071982117e-15,1.6333045940730053e-15,1.6333045940730053e-15,0.03365993643965435,0.017703339688503517,0.00912757342084823,1.6333045940730053e-15
cosmx_bcc_spot_0000066122,1.00403885595707e-09,1.6420177257435578e-15,8.412310626885587e-13,0.4821111492299695,0.0002507586130812358,0.5136479387494866,5.616911889067511e-13,1.9840451993376072e-14,2.3515289395051415e-14,0.003990152401974279,1.6420177257435578e-15
cosmx_bcc_spot_0000066136,1.717366822046461e-11,4.462350932126004e-10,1.029239240712183e-08,2.083583473498407e-15,0.1761050023632502,2.083583473498407e-15,2.777673125883286e-09,0.7999469198640796,2.083583473498407e-15,0.02394806408137952,1.5780995819008301e-10
cosmx_bcc_spot_0000066245,2.357615105108422e-08,4.6232146475332136e-11,3.108641693609126e-07,1.9215661405842687e-15,0.050366383390316356,1.9215661405842687e-15,0.09283149330400792,0.717133388238482,1.7079548516532616e-14,0.06842456217371407,0.07124383840690622
cosmx_bcc_spot_0000066510,1.7434931691525108e-15,0.5672006005837582,1.7434931691525108e-15,0.3794415014511945,1.7434931691525108e-15,1.7434931691525108e-15,5.581295121604041e-07,0.024912572750247584,1.7434931691525108e-15,0.02844476708527704,1.7434931691525108e-15
cosmx_bcc_spot_0000066522,1.690533938360674e-15,0.970811226479935,3.125936983721905e-15,1.690533938360674e-15,5.211577277658015e-11,1.690533938360674e-15,1.690533938360674e-15,0.008509603919736916,0.009633222895411358,0.011045946652789343,1.690533938360674e-15
cosmx_bcc_spot_0000066523,3.327047299302045e-08,0.7692467527133104,0.04511925178115016,0.09865299629823557,0.0011519033272914007,0.02066655449732966,1.8143915381050784e-15,1.8208472473761987e-09,0.05606368203268474,0.009098818113110356,6.145565496466908e-09
cosmx_bcc_spot_0000066524,1.7724905721099543e-15,0.9798452629128799,6.725466023576659e-14,1.7724905721099543e-15,5.370147157423918e-07,1.7724905721099543e-15,8.762332762567312e-07,0.006246322417477172,4.495348396539719e-05,0.013862047937611064,1.7724905721099543e-15
cosmx_bcc_spot_0000066611,1.8527849223896088e-15,0.7919351682513828,1.1652043551090494e-08,2.6302436107716583e-15,0.16136672843810373,1.8527849223896088e-15,1.8527849223896088e-15,0.036932080310232436,0.00976601134822536,1.8527849223896088e-15,1.8527849223896088e-15
cosmx_bcc_spot_0000066618,1.6538226224347335e-10,1.782574740331436e-15,8.910306291212926e-08,0.8457035719605344,0.03540883885303564,0.11888749990868992,9.031383806259541e-12,1.782574740331436e-15,2.5637948905354815e-13,1.782574740331436e-15,1.782574740331436e-15
cosmx_bcc_spot_0000066934,1.8285096375203414e-15,0.8464957707072452,8.950398605073873e-10,1.28849773739045e-08,0.13880965444793522,1.8285096375203414e-15,7.583050468967467e-06,6.665142796717515e-14,0.005631099593170303,0.009055878421090567,1.8285096375203414e-15
cosmx_bcc_spot_0000066941,0.017128572351695546,3.785083795564604e-13,0.23019601405175535,0.322485659161188,0.38460316814442574,1.1337053279803332e-11,0.0015698848118154108,0.022117255925409994,3.820616358508617e-05,0.021860710026410813,5.293519982792983e-07
cosmx_bcc_spot_0000066945,4.218474435817261e-06,0.6162815966620626,4.555826278038409e-08,0.021044789637195558,0.21132148173456525,1.7137336667023836e-10,1.9167881104357227e-15,0.1279174098065489,2.5510023862118917e-12,0.021951908544903538,0.0014785494080993312
cosmx_bcc_spot_0000067012,0.0004953860185859189,4.00406201910261e-09,1.3283794505220523e-07,2.0253652984939155e-15,0.44288641132358925,2.0253652984939155e-15,0.011239711620304167,0.5336290433957116,2.0253652984939155e-15,0.011749310530879558,2.6891635414872215e-10
cosmx_bcc_spot_0000067033,1.4694318281684992e-15,0.057024243209513485,1.4694318281684992e-15,0.2789379616707326,2.2047948598280725e-09,7.266532609386684e-15,1.4694318281684992e-15,2.579439657529164e-08,1.6630804849374016e-14,0.6640377671205326,1.4694318281684992e-15
cosmx_bcc_spot_0000067034,8.814540855929697e-16,8.814540855929697e-16,8.814540855929697e-16,8.814540855929697e-16,8.814540855929697e-16,8.814540855929697e-16,8.814540855929697e-16,8.814540855929697e-16,8.814540855929697e-16,0.9999999999999912,8.814540855929697e-16
cosmx_bcc_spot_0000067061,3.750393283854565e-10,1.0408662795686808e-10,0.13136478090714568,1.9807561664147713e-15,0.7535739011268766,1.9807561664147713e-15,0.055941977413511305,0.014685544938247615,0.0030196261138308203,0.04141416901864647,2.6115300137297113e-12
cosmx_bcc_spot_0000067295,9.013961653451328e-11,0.2971371598158409,0.08575982781718153,0.33838405559541684,6.386300154374261e-10,0.19995809169235865,2.8744214345440117e-10,0.040651385110368934,0.03809867166753099,1.0806948597563189e-05,3.3649294729309095e-10
cosmx_bcc_spot_0000067312,1.7688750871512615e-15,0.8398213815548917,1.7688750871512615e-15,0.14255501288661823,1.7688750871512615e-15,1.7688750871512615e-15,1.7688750871512615e-15,0.01594800953749325,6.542171890326246e-15,0.001675595251471184,7.695100136630684e-10
cosmx_bcc_spot_0000067315,1.6674500809586797e-15,0.15158692372902796,1.6674500809586797e-15,0.8385075145151756,1.6674500809586797e-15,6.162929205334677e-05,1.6674500809586797e-15,1.6674500809586797e-15,1.6674500809586797e-15,0.009843932463731057,1.6674500809586797e-15
cosmx_bcc_spot_0000067323,1.6375798728708809e-15,0.956312999439986,1.6375798728708809e-15,1.6375798728708809e-15,3.314314527386487e-11,1.6375798728708809e-15,1.6375798728708809e-15,0.021940605520476584,4.8792659184621656e-14,0.021746395006335434,1.6375798728708809e-15
cosmx_bcc_spot_0000067347,1.1556373162979867e-15,1.1556373162979867e-15,1.1556373162979867e-15,1.1556373162979867e-15,1.1556373162979867e-15,1.1556373162979867e-15,1.1556373162979867e-15,1.1556373162979867e-15,1.1556373162979867e-15,0.9999999999999885,1.1556373162979867e-15
cosmx_bcc_spot_0000067415,9.476490885483671e-08,8.125768332124643e-10,0.00806512911289961,1.9789807257167684e-15,0.5224427039188397,1.9789807257167684e-15,0.018246363961177618,0.43375683681233446,2.8558636964184993e-10,0.01748886792860758,2.4030650463533777e-09
cosmx_bcc_spot_0000067419,9.199165936386658e-14,0.9430104568360349,0.0002690459071289771,1.877342803412308e-15,0.04385782122716785,1.877342803412308e-15,1.46280123445025e-05,0.012846496266895364,1.5516853037125576e-06,6.50264856936585e-11,2.6496769145402292e-15
cosmx_bcc_spot_0000067434,1.8332792342439626e-15,0.834625558044175,4.124077611013199e-10,1.8332792342439626e-15,0.12367274812428714,1.8332792342439626e-15,1.8332792342439626e-15,0.02272287804929394,0.009201426772786014,0.009777388597040762,1.8332792342439626e-15
cosmx_bcc_spot_0000067462,0.0022823023852296944,0.0019377538304324034,0.08052606142758457,1.971623418272376e-15,0.6890377184018384,1.971623418272376e-15,0.1520505291755036,0.0031340310769947997,6.844832893541267e-08,0.07101401021600606,1.7525038077709496e-05
cosmx_bcc_spot_0000067847,6.301528290704574e-07,0.8745381603315071,9.874200328084228e-05,0.004908299654244618,0.07025808520540534,7.752687345804387e-15,0.000643908537478463,0.0038965414357122635,1.6431853896657547e-12,0.015780186215993693,0.029875446461897708
cosmx_bcc_spot_0000067848,4.090247589046991e-12,0.6785604346208538,7.710610731398841e-06,0.004725343659373423,0.273135254111814,1.9159599567096782e-15,8.924756747517945e-08,0.026630194769739948,6.28142811109299e-12,0.016872826931076588,6.814603846976158e-05
cosmx_bcc_spot_0000068110,1.9436344046119492e-09,1.7043867681696824e-15,0.15934641080239242,0.46288498732114985,1.7043867681696824e-15,0.33970387493630644,1.7043867681696824e-15,1.7043867681696824e-15,1.5488632591655991e-09,0.03806472263289096,8.147556264923222e-10
cosmx_bcc_spot_0000068130,4.082607052280021e-12,0.874066637537681,1.4947221287391158e-08,0.01632869518052832,4.6581875176370267e-11,0.006040098914880965,9.173505679237334e-11,0.054079934794779363,0.011020345842398855,0.03846427264010883,1.7211561363515485e-15
cosmx_bcc_spot_0000068132,1.7284360726541293e-15,0.9243920052600392,5.802886649547283e-10,3.1176139833720985e-12,0.03757633704497344,1.7284360726541293e-15,1.7284360726541293e-15,0.019856010998285826,5.6909821303675826e-05,0.01811873629198442,1.7284360726541293e-15
cosmx_bcc_spot_0000068227,8.012812828357704e-15,0.8240314587584324,0.01964512057052516,1.5894152080702131e-09,0.1471554700017207,2.000945933397312e-15,0.0019025649079858129,0.0012321998510161482,0.00010907325596988524,0.0059241099172515944,1.1476729559610683e-09
cosmx_bcc_spot_0000068235,1.913806252354802e-15,0.9726548537133544,3.478987124754382e-14,1.913806252354802e-15,0.014589088108295041,1.913806252354802e-15,0.00632062671308531,1.8180809846267123e-06,1.913806252354802e-15,0.006433613384235954,1.913806252354802e-15
cosmx_bcc_spot_0000068244,1.826822385488766e-15,0.8035647960056226,2.735986978608956e-09,1.826822385488766e-15,0.16880728660308986,1.826822385488766e-15,9.162970999280793e-05,0.015972458353472073,8.179216325244923e-09,0.011563818412612023,1.826822385488766e-15
cosmx_bcc_spot_0000068253,1.6125203730402559e-15,0.13946959459917074,1.6125203730402559e-15,0.8605304053994435,1.6125203730402559e-15,1.6125203730402559e-15,1.6125203730402559e-15,1.3726693305471486e-12,1.6125203730402559e-15,1.6125203730402559e-15,1.6125203730402559e-15
cosmx_bcc_spot_0000068265,1.6345307136973088e-06,0.513265527145798,0.016189645571097214,0.08217158681228452,0.054281763948029436,0.23349713865451793,0.010416887309914608,0.05312629442870385,1.8627701219412427e-05,0.03703039214083676,5.017568844737342e-07
cosmx_bcc_spot_0000068268,9.386538206027808e-08,0.46846055312873486,0.007719163148613015,1.9217125962926146e-15,0.07757643917334384,0.2733296483658453,0.02249597068592509,0.12009905577739381,1.1747573847845085e-07,0.02987136562884006,0.0004475927501815669
cosmx_bcc_spot_0000068509,1.5473342622094632e-15,0.10645246300937027,2.0768249507621035e-15,0.18138103648690163,1.5473342622094632e-15,1.5473342622094632e-15,1.5473342622094632e-15,0.008170200190196394,7.210370325648284e-09,0.7039901846345412,6.108468611968834e-06
cosmx_bcc_spot_0000068513,4.3996039470134985e-08,1.7320144782858138e-15,0.06869501489701546,0.9234509865899989,1.7320144782858138e-15,0.0003815469858751901,8.34364931479872e-15,1.7320144782858138e-15,8.489199741811564e-10,0.007472406682135738,1.7320144782858138e-15
cosmx_bcc_spot_0000068520,1.0366513282516475e-15,1.0366513282516475e-15,1.0366513282516475e-15,1.0366513282516475e-15,1.0366513282516475e-15,1.0366513282516475e-15,1.0366513282516475e-15,1.0366513282516475e-15,1.0366513282516475e-15,0.9999999999999897,1.0366513282516475e-15
cosmx_bcc_spot_0000068633,8.1831846105577e-11,0.794305283791041,0.001513678546784789,0.15876946792312377,0.03740537505718716,1.9899758602943445e-15,0.0015936079242059049,1.2494162711238187e-12,3.055746322065545e-06,0.005973115485693924,0.00043641544255820943
cosmx_bcc_spot_0000068668,1.5911651672023778e-15,1.5911651672023778e-15,0.02224103610496964,0.22517181245475326,1.5911651672023778e-15,0.02147681746477765,1.5911651672023778e-15,1.5911651672023778e-15,0.13544456393354481,0.5956649405273491,8.295145976260543e-07
cosmx_bcc_spot_0000068911,1.6283708598378397e-15,0.3142588432297765,1.6283708598378397e-15,0.6766636966895001,1.6283708598378397e-15,1.6283708598378397e-15,1.6283708598378397e-15,0.009077460080708625,1.6283708598378397e-15,1.6283708598378397e-15,3.258364936631609e-15
cosmx_bcc_spot_0000068931,1.5847237085588302e-15,1.5847237085588302e-15,1.5847237085588302e-15,0.958963693658639,1.5847237085588302e-15,0.02510980179323015,1.5847237085588302e-15,1.5847237085588302e-15,1.5847237085588302e-15,0.015926504548117892,1.5847237085588302e-15
cosmx_bcc_spot_0000068955,1.4117424078020656e-15,1.4117424078020656e-15,6.721784499305911e-13,0.1619386582531253,1.4117424078020656e-15,0.09871176359940005,1.4117424078020656e-15,1.4117424078020656e-15,0.048140641001436,0.691208937145358,1.4117424078020656e-15
cosmx_bcc_spot_0000069042,1.8817345377656535e-15,0.9318226181015619,6.049877491398872e-08,1.8817345377656535e-15,0.045248828572770294,1.8817345377656535e-15,9.56310584441436e-13,0.02258567979728198,9.91835625743517e-06,0.00033289467238950397,1.8817345377656535e-15
cosmx_bcc_spot_0000069076,0.002512495474114839,0.43742910209646585,0.0004984042579808069,0.20445646493961625,0.001080609854187775,0.16105623369084038,0.005486666929337881,0.06138285773058918,1.0102479175151686e-09,0.021586594113711215,0.10451056990290802
cosmx_bcc_spot_0000069317,3.271585741560568e-09,0.23853737837418018,1.25203160617395e-07,0.3415897011521782,2.4715054892472463e-15,0.1332794023695081,1.0081473161873613e-12,0.07973432193402019,0.0945401635808715,0.11231890410712603,6.358895439220579e-12
cosmx_bcc_spot_0000069355,0.0015640748672003694,0.6505142941956228,0.021545123563207175,0.0016988231773717626,0.2678366866157075,1.6636253641781076e-13,0.008701730390127446,2.040562233833599e-15,0.005708335421267953,0.042430920750224255,1.10191021776386e-08
cosmx_bcc_spot_0000069376,2.1721672202211633e-05,2.0058267079311968e-15,0.022751557920565785,0.16726384630203311,0.00339721081154087,0.01015395344281034,0.013125855312179384,2.0058267079311968e-15,0.7078723038290571,0.0068895323055161795,0.06852401840409104
cosmx_bcc_spot_0000069486,2.3300353779691937e-12,0.3417622410281664,0.037552081736188736,0.3612623402222234,2.479397437535191e-09,0.19839667739368325,1.7789375298970617e-15,0.028464356093401293,0.028395859776255878,0.004166053187469869,3.8808088205355333e-07
cosmx_bcc_spot_0000069718,1.1853892648395784e-05,0.9070312153885884,6.835248938153769e-09,2.3040085851747663e-07,0.03881802925657054,1.3852751122376001e-14,2.1554126035855135e-06,1.9707238191784253e-15,6.838998065244028e-15,0.030951338758555387,0.02318517005490344
cosmx_bcc_spot_0000069749,0.01164511933884963,1.828576172198845e-15,0.04645941797447729,0.4108071771020517,2.3741778262652166e-12,0.5310050127429039,1.0382468933866219e-06,1.828576172198845e-15,2.725184490341145e-11,1.828576172198845e-15,8.223456519266663e-05
cosmx_bcc_spot_0000069882,1.2609361814248532e-15,1.2609361814248532e-15,1.2609361814248532e-15,0.18306341902821546,1.2609361814248532e-15,1.2609361814248532e-15,1.2609361814248532e-15,1.2609361814248532e-15,0.007527224892793682,0.8094093560789807,1.2609361814248532e-15
cosmx_bcc_spot_0000070146,1.6624821451921375e-15,0.06716772156943278,1.6624821451921375e-15,0.9022953192416785,1.6624821451921375e-15,1.6624821451921375e-15,1.3630391467747006e-13,1.6624821451921375e-15,1.6624821451921375e-15,0.030536959188740574,1.6624821451921375e-15
cosmx_bcc_spot_0000070148,1.3527244242822476e-15,1.3527244242822476e-15,1.3527244242822476e-15,0.8430740290875962,1.3527244242822476e-15,1.3527244242822476e-15,1.3527244242822476e-15,1.3527244242822476e-15,1.3527244242822476e-15,0.15692597091239144,1.3527244242822476e-15
cosmx_bcc_spot_0000070550,9.378460883723671e-16,9.378460883723671e-16,9.378460883723671e-16,0.24498115643127744,9.378460883723671e-16,9.378460883723671e-16,9.378460883723671e-16,9.378460883723671e-16,9.378460883723671e-16,0.7550188435687142,9.378460883723671e-16
cosmx_bcc_spot_0000070699,2.760291394684647e-09,0.8048331582185135,3.3614915430906144e-11,0.05057062536925308,5.676696181564554e-06,0.07279666881339825,0.002472893255474102,0.020997822081747053,1.8395221682158388e-15,0.041443311488245343,0.006879841283278795
cosmx_bcc_spot_0000070963,0.042086663060457725,0.7341892303486344,0.011613499385915058,0.007769763895739965,0.1315960258243863,6.527022355944466e-05,0.010396688264295849,3.9688416693647316e-10,1.0230010551403812e-06,0.03840033610849684,0.023881499490575164
cosmx_bcc_spot_0000070965,1.5540900661509494e-15,1.5540900661509494e-15,1.5540900661509494e-15,0.05029560366072038,1.5540900661509494e-15,0.6521083827484679,1.5540900661509494e-15,1.5540900661509494e-15,1.5540900661509494e-15,0.297596013590799,1.5540900661509494e-15
cosmx_bcc_spot_0000071103,1.2139093335376228e-06,0.30896740062859224,0.18817475904544306,0.2145817367513622,6.118235072163942e-12,0.06684579218505837,1.7614321828820433e-15,0.008264088453496552,0.09750036698777241,0.018046366140709726,0.09761827589211168
cosmx_bcc_spot_0000071358,1.7109111680841454e-15,0.1972200769915226,1.7109111680841454e-15,0.7044034109780282,0.00458044559680523,1.7109111680841454e-15,4.63166816328347e-08,1.7109111680841454e-15,1.7109111680841454e-15,0.09379602011695184,1.7109111680841454e-15
cosmx_bcc_spot_0000071505,2.169642896212524e-10,1.7281783284453712e-15,1.7281783284453712e-15,0.5544618273313411,1.7281783284453712e-15,0.23093344725271323,1.7281783284453712e-15,1.7281783284453712e-15,1.7281783284453712e-15,0.21460472519896912,1.7281783284453712e-15
cosmx_bcc_spot_0000071764,1.5437652737852101e-15,1.5437652737852101e-15,1.5437652737852101e-15,0.647981490879941,1.5437652737852101e-15,0.10295617802706118,1.5437652737852101e-15,1.5437652737852101e-15,1.5437652737852101e-15,0.24906233109298542,1.5437652737852101e-15
cosmx_bcc_spot_0000071907,1.2227185116923705e-15,1.2227185116923705e-15,1.2227185116923705e-15,1.2227185116923705e-15,1.2227185116923705e-15,1.2227185116923705e-15,1.2227185116923705e-15,1.2227185116923705e-15,1.2227185116923705e-15,0.9999999999999878,1.2227185116923705e-15
cosmx_bcc_spot_0000072176,0.004069202082015634,1.7583584098567682e-15,1.484994462944793e-10,0.10491457810933441,1.7583584098567682e-15,0.8570966334800386,1.7583584098567682e-15,1.7583584098567682e-15,1.7583584098567682e-15,0.03391958462326513,1.5568378183305853e-09
cosmx_bcc_spot_0000072303,8.970755619251447e-10,0.006539583951417734,0.026592968920800313,0.8607880817836134,1.4407421554782075e-11,0.08405869984767735,1.8327274225569027e-15,1.8327274225569027e-15,0.02202066458477327,1.8327274225569027e-15,2.2942036273835873e-13
cosmx_bcc_spot_0000072309,9.568045788169014e-16,9.568045788169014e-16,9.568045788169014e-16,9.568045788169014e-16,9.568045788169014e-16,9.568045788169014e-16,9.568045788169014e-16,9.568045788169014e-16,9.568045788169014e-16,0.9999999999999905,9.568045788169014e-16
cosmx_bcc_spot_0000072573,1.2983593227683661e-15,1.2983593227683661e-15,1.2983593227683661e-15,0.3144715440809302,1.2983593227683661e-15,1.2983593227683661e-15,1.2983593227683661e-15,1.2983593227683661e-15,1.2983593227683661e-15,0.6855284559190581,1.2983593227683661e-15
cosmx_bcc_spot_0000072711,9.68328206460032e-16,9.68328206460032e-16,9.68328206460032e-16,9.68328206460032e-16,9.68328206460032e-16,9.68328206460032e-16,9.68328206460032e-16,9.68328206460032e-16,9.68328206460032e-16,0.9999999999999903,9.68328206460032e-16
cosmx_bcc_spot_0000073121,1.6055366139647142e-15,1.6055366139647142e-15,1.6055366139647142e-15,0.2602901698436323,1.6055366139647142e-15,0.11544003694837643,1.6055366139647142e-15,1.6055366139647142e-15,1.6055366139647142e-15,0.6242697932079784,1.6055366139647142e-15
cosmx_bcc_spot_0000074331,1.426593134943285e-15,1.426593134943285e-15,1.426593134943285e-15,1.426593134943285e-15,1.426593134943285e-15,0.11439184940506443,1.426593134943285e-15,1.426593134943285e-15,1.426593134943285e-15,0.8856081505949228,1.426593134943285e-15
cosmx_bcc_spot_0000074732,1.2494093079316446e-15,1.2494093079316446e-15,1.2494093079316446e-15,1.2494093079316446e-15,1.2494093079316446e-15,0.00012214004717346988,1.2494093079316446e-15,1.2494093079316446e-15,1.2494093079316446e-15,0.9998778599528152,1.2494093079316446e-15
cosmx_bcc_spot_0000074736,1.5177969014130432e-15,1.5177969014130432e-15,2.979504604867412e-13,1.5177969014130432e-15,1.5177969014130432e-15,1.5177969014130432e-15,1.5177969014130432e-15,1.5177969014130432e-15,2.9567118193257106e-06,0.9999970432878704,1.5177969014130432e-15
cosmx_bcc_spot_0000075134,7.43813478885977e-06,1.916482799459115e-15,0.3855313827262947,1.4531645820092357e-07,0.05005473584135045,0.005504953857273357,0.0024865473190134693,1.916482799459115e-15,0.5085664073076294,0.04784838949575822,1.4295163478454181e-12
cosmx_bcc_spot_0000076451,1.9024561669187078e-15,0.9283115000806069,1.9024561669187078e-15,0.00826625706013045,0.06234923748744393,1.9024561669187078e-15,0.0010730053717461783,1.9024561669187078e-15,6.081880283963424e-14,1.9024561669187078e-15,1.9024561669187078e-15
cosmx_bcc_spot_0000076859,1.9076952628218283e-15,0.5632848241475272,1.6250454059179797e-05,0.06766684140323645,0.19809223082644092,1.9076952628218283e-15,0.000722049882849233,1.9076952628218283e-15,0.17021780328586417,1.9076952628218283e-15,1.5011672428721077e-14
cosmx_bcc_spot_0000078070,1.9819959185633267e-15,0.9059657236967683,1.5015086410032906e-14,0.09338319715873775,0.0006440451970831313,1.9819959185633267e-15,7.033947370609181e-06,1.9819959185633267e-15,1.9819959185633267e-15,1.9819959185633267e-15,1.5122627326586017e-14
cosmx_bcc_spot_0000078072,1.980892870885685e-15,0.9566363023426077,1.980892870885685e-15,0.02289920951364395,0.019936360109277025,1.980892870885685e-15,0.0005281280344571162,1.980892870885685e-15,1.980892870885685e-15,1.980892870885685e-15,1.980892870885685e-15
cosmx_bcc_spot_0000078473,1.9461668968099755e-15,0.9101993453290624,1.9461668968099755e-15,0.032310886841753414,0.0524886530529714,1.9461668968099755e-15,0.005001114776198745,1.9461668968099755e-15,1.9461668968099755e-15,1.9461668968099755e-15,1.9461668968099755e-15
cosmx_bcc_spot_0000078475,1.9314287897296417e-15,0.9251486303817603,1.9314287897296417e-15,0.014847611087477886,0.060003758530741504,1.9314287897296417e-15,1.9314287897296417e-15,1.9314287897296417e-15,6.5868169905063065e-15,1.9314287897296417e-15,1.9314287897296417e-15
cosmx_bcc_spot_0000078477,2.0412572581248047e-15,0.9446113345688808,2.0412572581248047e-15,0.04937187742108069,3.837601201637805e-06,2.0412572581248047e-15,0.006012950408822172,2.0412572581248047e-15,2.0412572581248047e-15,2.0412572581248047e-15,2.0412572581248047e-15
cosmx_bcc_spot_0000078875,1.8790074451141137e-15,0.9418299213302986,1.8790074451141137e-15,0.02213480675059553,0.035585865003449,1.8790074451141137e-15,0.0004494069108174388,2.9234798347372817e-12,1.9062310462093195e-12,1.8790074451141137e-15,1.8790074451141137e-15
cosmx_bcc_spot_0000079281,1.1024749272976734e-09,0.615700367354686,2.1693468678789314e-06,0.13707588532551074,0.14558069569158233,0.08717795816391635,1.8904502102534032e-07,9.575191139571693e-09,1.146106327169673e-13,0.014462724394626359,8.630066663399988e-15
cosmx_bcc_spot_0000080083,4.1369428588361746e-15,0.38119417877732215,4.7799875082230184e-11,0.044628791405923435,0.1498159223597356,1.9672495658042613e-15,6.024380123414047e-14,0.4243611074091194,1.0523152636940948e-14,1.9672495658042613e-15,2.0489024081022735e-14
cosmx_bcc_spot_0000080087,2.2236965146272335e-13,0.09694845538928452,2.152955348209067e-09,0.8908603794324067,0.012176826445038707,1.4333367292156951e-05,7.619161857880975e-13,2.538417142254132e-12,3.209495827400925e-09,1.8287345395890224e-15,1.8287345395890224e-15
cosmx_bcc_spot_0000080106,3.2172184103741024e-15,0.6262764097770261,0.06811244503697692,0.06341188848740655,0.24219361073937823,2.031987079517989e-15,9.113524217418304e-13,2.031987079517989e-15,5.645958288750002e-06,2.031987079517989e-15,2.7588074927437257e-15
cosmx_bcc_spot_0000080487,2.8691282756963828e-15,0.023517421068837148,8.774033052250804e-09,0.8576846789420045,1.2186408320138398e-07,2.0636782664072167e-10,1.8448108592757065e-15,0.10528614944746514,0.013511619697200434,1.8448108592757065e-15,1.8448108592757065e-15
cosmx_bcc_spot_0000080493,1.9135974806798524e-15,0.7120622605597333,1.9135974806798524e-15,0.0009479302341952964,0.28323124379727044,1.9135974806798524e-15,0.0037585654087872278,1.9135974806798524e-15,1.9135974806798524e-15,1.9135974806798524e-15,1.9135974806798524e-15
cosmx_bcc_spot_0000080507,2.0469012183504902e-15,0.8255098690200668,9.318717905200552e-13,0.013570210503174432,0.15278587650224829,2.0469012183504902e-15,0.008134043804760143,2.0469012183504902e-15,1.687930127897073e-10,2.0469012183504902e-15,1.693900991586592e-14
cosmx_bcc_spot_0000080899,1.9593183462465e-15,0.9263344117589344,1.7784383936000185e-14,0.0005607375773497668,0.06838922849071367,1.9593183462465e-15,0.0047132870189470835,1.9593183462465e-15,2.335154027326842e-06,1.9593183462465e-15,1.9593183462465e-15
cosmx_bcc_spot_0000080912,2.0850459738984892e-15,0.8533605019123969,4.969124551715843e-09,0.007711418271153006,0.12210265224068143,2.0850459738984892e-15,0.008438106898633065,2.0850459738984892e-15,0.008387315708000463,2.0850459738984892e-15,2.0850459738984892e-15
cosmx_bcc_spot_0000080914,7.262785149611938e-11,0.8350825015385241,0.0002121060874757077,0.012619312194923049,0.14628068403361547,2.0394038298420342e-15,0.005738984105042326,2.0394038298420342e-15,6.641124737670519e-05,2.0394038298420342e-15,7.204085731328761e-10
cosmx_bcc_spot_0000082926,0.032415006126176975,0.6509100115826917,0.023090779768615496,0.028154585400072124,0.23462548203392727,3.8186680066108763e-05,0.022531597387066414,0.008229490420498456,4.532960291537191e-08,2.006254514864655e-15,4.815271280530372e-06
cosmx_bcc_spot_0000082934,0.11786731566755192,0.42110675106316114,0.05655119918914707,0.034313147526118484,0.3406541310289007,3.372132924048576e-13,0.023349456772665193,0.004638965487529662,3.37962649039156e-09,0.0014503588155946924,6.867106936768883e-05
cosmx_bcc_spot_0000083257,1.4323253603994965e-15,1.4323253603994965e-15,1.4323253603994965e-15,0.9830716386723631,1.4323253603994965e-15,1.4323253603994965e-15,1.4323253603994965e-15,0.01692836132762392,1.4323253603994965e-15,1.4323253603994965e-15,1.4323253603994965e-15
cosmx_bcc_spot_0000083722,1.8371838613795735e-15,0.8460539424408609,1.8371838613795735e-15,0.02537941346822561,0.12024762788556217,1.8371838613795735e-15,0.004800707409734168,0.003518308795606117,1.8371838613795735e-15,1.8371838613795735e-15,1.8371838613795735e-15
cosmx_bcc_spot_0000084141,1.95936710305128e-10,0.6512861780423749,4.887874506226183e-06,0.048154670962970485,0.2992250001600049,1.9819754527168618e-15,0.0013079610286156702,1.9819754527168618e-15,2.1299742626496553e-05,1.9819754527168618e-15,1.992958602609703e-09
cosmx_bcc_spot_0000084142,0.0003934336957709254,0.707456974274975,0.0027367667192265714,0.022480986160836894,0.2587514505689275,2.3271912184996458e-12,0.008178564003236776,2.030264344319649e-15,1.3759635154422915e-13,2.030264344319649e-15,1.8245745573567502e-06
cosmx_bcc_spot_0000084871,1.7053825409211034e-15,0.017789154680915423,1.7053825409211034e-15,0.8299979055016472,1.7053825409211034e-15,1.7053825409211034e-15,1.7053825409211034e-15,0.15221293981742345,1.7053825409211034e-15,1.7053825409211034e-15,1.7053825409211034e-15
cosmx_bcc_spot_0000084875,1.7659389765602997e-15,0.2983488358915315,1.7659389765602997e-15,0.6863689001453454,1.7659389765602997e-15,1.7659389765602997e-15,1.7659389765602997e-15,0.015282263963108902,1.7659389765602997e-15,1.7659389765602997e-15,1.7659389765602997e-15
cosmx_bcc_spot_0000084878,1.9943662515807463e-15,0.7237519815766891,3.699734675076483e-12,0.27624801814899314,2.6085617153205597e-10,1.9943662515807463e-15,1.9943662515807463e-15,9.74959333757109e-12,1.9943662515807463e-15,1.9943662515807463e-15,1.9943662515807463e-15
cosmx_bcc_spot_0000085281,1.7276902436513265e-15,1.7276902436513265e-15,1.7276902436513265e-15,0.9999999999997201,1.7276902436513265e-15,1.7276902436513265e-15,2.6422694838935564e-13,1.7276902436513265e-15,1.7276902436513265e-15,1.7276902436513265e-15,1.7276902436513265e-15
cosmx_bcc_spot_0000085682,1.4481914167170813e-15,1.4481914167170813e-15,1.4481914167170813e-15,0.9823832897223148,1.4481914167170813e-15,1.4481914167170813e-15,1.4481914167170813e-15,0.01761671027767195,1.4481914167170813e-15,1.4481914167170813e-15,1.4481914167170813e-15
cosmx_bcc_spot_0000085760,0.056895700661536035,0.0340248389256138,0.2610695571605834,0.06818374387004172,0.5704276354248795,1.4925639006269627e-08,0.009398201746046528,1.8967268966572648e-15,4.3128994867349774e-11,1.8967268966572648e-15,3.0724252732812733e-07
cosmx_bcc_spot_0000086086,3.981281467715474e-15,1.6573256503734567e-15,1.6573256503734567e-15,0.924304828786804,1.6573256503734567e-15,0.018975478651035705,1.6573256503734567e-15,0.05671969256214446,1.6573256503734567e-15,1.6573256503734567e-15,1.6573256503734567e-15
cosmx_bcc_spot_0000086089,1.963295593763933e-15,0.7482693179818055,2.097307395234179e-09,0.2016800169846213,0.034424373427064635,1.963295593763933e-15,0.008327015902796664,0.0068863741490330635,0.0004128994573634677,1.963295593763933e-15,1.963295593763933e-15
cosmx_bcc_spot_0000086091,2.2420049356803924e-08,0.6639174195384999,0.00041491084654961724,0.2632458798073167,5.0246008096834136e-05,0.02465172112251302,0.005724853957706118,1.917414291324221e-15,0.041994946142625666,1.917414291324221e-15,1.5663889900997697e-10
cosmx_bcc_spot_0000086153,1.9720111240319754e-15,0.8639697495674622,3.505650759998636e-12,0.07618859854027178,0.04750613169869605,1.9720111240319754e-15,0.004057213665797759,0.00827830652421771,1.9720111240319754e-15,1.9720111240319754e-15,4.078588249359389e-14
cosmx_bcc_spot_0000086159,1.9524533662706977e-06,0.0005630492171983196,0.3028507746315221,0.3812616614335267,0.15598223948292048,0.042663484911584545,2.653539519460809e-12,0.0006030965037808323,0.08543657572527713,0.030637165631372927,6.7972716318966364e-12
cosmx_bcc_spot_0000086490,1.419942097842719e-15,1.419942097842719e-15,1.419942097842719e-15,0.9852888193558814,1.419942097842719e-15,1.419942097842719e-15,1.419942097842719e-15,0.014711180644105665,1.419942097842719e-15,1.419942097842719e-15,1.419942097842719e-15
cosmx_bcc_spot_0000086496,8.002908481658468e-13,0.9999980538993545,1.0839150944594931e-13,3.3286471394384535e-14,1.5960281178277349e-06,1.9868830220597354e-15,1.293973513387094e-10,1.9868830220597354e-15,1.9868830220597354e-15,1.9868830220597354e-15,3.499421801942288e-07
cosmx_bcc_spot_0000086559,4.039896173355087e-12,0.698195568235784,1.3668568151593652e-06,0.16318371087533973,0.13252289114128957,2.0067751754721904e-15,0.005086006250341883,0.0010104561297190609,3.156827933391872e-10,2.0067751754721904e-15,1.909838662952045e-10
cosmx_bcc_spot_0000086565,0.03604215427847182,0.00010956593733908486,0.3813518080952979,0.15704766446024193,0.3024020182051107,0.03736658890664294,0.019124168729698805,7.996824347371707e-06,0.06654618001152533,1.905297124837016e-15,1.8545513222528531e-06
cosmx_bcc_spot_0000086901,1.999573424723137e-15,0.9936418846738543,2.140029038176989e-15,0.0054682310756499295,0.00025509402744735774,1.999573424723137e-15,0.0006347901730994987,1.999573424723137e-15,4.992102851590399e-11,1.999573424723137e-15,1.7511560786311707e-14
cosmx_bcc_spot_0000086970,0.04251116404516939,1.8901635699556965e-07,0.21119078253439685,0.18435399756953563,0.5313599468933777,4.4469916794454774e-06,0.012579766077425373,0.011782846497262271,0.0009490336993768702,0.0052678246675781255,2.007841559094594e-09
cosmx_bcc_spot_0000087701,1.5034932945077669e-15,1.5034932945077669e-15,1.5034932945077669e-15,0.9860649050542635,1.5034932945077669e-15,1.5034932945077669e-15,1.5034932945077669e-15,0.013935094945722868,1.5034932945077669e-15,1.5034932945077669e-15,1.5034932945077669e-15
cosmx_bcc_spot_0000087704,1.9407531305135284e-15,0.5733602951286572,1.9407531305135284e-15,0.2257029289979933,0.16320951141504678,1.9407531305135284e-15,3.634684773408164e-09,0.037727260823605974,1.9407531305135284e-15,1.9407531305135284e-15,1.9407531305135284e-15
cosmx_bcc_spot_0000087705,1.8299406509559292e-15,0.16240458342261707,1.8299406509559292e-15,0.8294132526090366,0.00093516231199164,1.8299406509559292e-15,1.088914258272009e-12,0.007247001655214972,4.161675432722205e-14,1.8299406509559292e-15,1.8299406509559292e-15
cosmx_bcc_spot_0000087706,7.990918740291706e-06,0.7482896799697949,0.00010164812997737173,0.11221755611516607,0.06050747237226815,0.06278485902233474,0.011944672333563307,2.1778933561155007e-05,0.004123936103242985,1.998297846243732e-15,4.061013489416527e-07
cosmx_bcc_spot_0000088509,1.3561362395416873e-15,1.3561362395416873e-15,1.3561362395416873e-15,0.9907961135131053,1.3561362395416873e-15,1.3561362395416873e-15,1.3561362395416873e-15,0.009203886486882435,1.3561362395416873e-15,1.3561362395416873e-15,1.3561362395416873e-15
cosmx_bcc_spot_0000088914,1.3864949346433052e-15,1.3864949346433052e-15,1.3864949346433052e-15,0.9926060968109303,1.3864949346433052e-15,1.3864949346433052e-15,1.3864949346433052e-15,0.007393903189057084,1.3864949346433052e-15,1.3864949346433052e-15,1.3864949346433052e-15
cosmx_bcc_spot_0000088986,0.0002704698806227552,0.8098550126560166,0.018063593716839903,0.04963896287664313,0.09750719209944314,1.3693121143768256e-11,0.0031899130264508376,0.021463011589999678,3.964837871631723e-06,1.9544738604207596e-15,7.87930241707479e-06
cosmx_bcc_spot_0000089318,1.3694441533696176e-15,1.3694441533696176e-15,1.3694441533696176e-15,0.9929717793599055,1.3694441533696176e-15,1.3694441533696176e-15,1.3694441533696176e-15,0.007028220640082019,1.3694441533696176e-15,1.3694441533696176e-15,1.3694441533696176e-15
cosmx_bcc_spot_0000089390,0.043838403770934786,0.24525633452848494,0.04248999018498287,0.2903870331454699,0.2649344460997318,0.11303146395527623,6.232785822842588e-05,1.6152449383748163e-12,7.505210555067177e-11,1.9182102948217013e-15,3.8022164306869063e-10
cosmx_bcc_spot_0000089392,0.0022569713592225146,0.00635895201539031,0.2434517213112628,0.20438004058034778,0.08169883203765752,0.4537073374519413,0.0077449073506237745,1.8776929779826746e-15,0.00040115688217351724,7.801430643640065e-08,2.9970716747083617e-09
cosmx_bcc_spot_0000089396,0.030015210228777164,1.9351409600648547e-07,0.16311533598067923,0.1796324327958612,0.6005565909203125,5.3915970868090264e-12,0.024544298013209526,0.0021359282724157974,3.776827792498038e-09,3.552016523453333e-09,2.9404125892681316e-09
cosmx_bcc_spot_0000089722,1.5448284409039535e-15,1.1151099550818737e-11,1.5448284409039535e-15,0.9281563221458596,1.5448284409039535e-15,1.5448284409039535e-15,1.5448284409039535e-15,0.07184367784297441,3.8484995105136386e-15,1.5448284409039535e-15,1.5448284409039535e-15
cosmx_bcc_spot_0000089794,1.2960107522086165e-10,5.00424932787984e-05,0.2528283522307735,0.45060050817857045,0.22118820750768317,8.414281049988588e-14,0.02333203049362836,0.007592905952857684,0.04440795295784614,1.9840893549968512e-15,5.567465604315879e-11
cosmx_bcc_spot_0000090196,0.0970793299637087,2.422228692747526e-13,0.1157431819002359,0.4631714714081493,0.245030798331061,0.006397705580683749,0.028400269394765407,0.04417717912299509,4.188317853083593e-11,1.9662401119238844e-15,6.425627347748452e-08
cosmx_bcc_spot_0000090198,0.1348604401898728,6.268372844057518e-11,0.08831326622012538,0.39551166300696955,0.2925106660755753,0.035409742445563275,0.01111940957088006,0.042274740961720556,6.972300630732528e-08,1.9135408393446244e-15,1.7436009166450409e-09
cosmx_bcc_spot_0000090537,0.0679329739183728,0.004814992818946154,0.12127027456991543,0.3306557982857297,0.39092293889883767,0.04698904312966144,0.026561565882842503,0.010852298239874577,4.677034369589997e-10,1.9154975993884416e-15,1.1378811448482327e-07
cosmx_bcc_spot_0000090932,1.540269548719495e-15,1.540269548719495e-15,1.540269548719495e-15,0.9973445561534303,1.540269548719495e-15,1.540269548719495e-15,1.540269548719495e-15,0.002655443846555716,1.540269548719495e-15,1.540269548719495e-15,1.540269548719495e-15
cosmx_bcc_spot_0000091336,5.501685200220386e-11,7.70748159288795e-10,8.227596334241812e-11,0.9799658232929966,6.87000310532488e-07,1.8548172495857985e-15,0.0018186865140245488,0.018214800129751598,1.8548172495857985e-15,1.8548172495857985e-15,2.154870197628035e-09
cosmx_bcc_spot_0000091744,0.016268697670991376,2.5653326935133648e-11,2.7415895597207056e-10,0.7982269226857328,7.71040191922036e-09,0.15708343796694343,1.1599948857039466e-10,0.0014481885873926454,1.2823300862121564e-12,1.830587219775048e-15,0.02697274496144193
cosmx_bcc_spot_0000091748,1.6993504360027637e-15,4.1046873310934363e-13,1.6993504360027637e-15,0.9896995597918685,1.6993504360027637e-15,1.6993504360027637e-15,3.170746443869423e-07,0.010300119076792178,4.056274124693935e-09,1.6993504360027637e-15,1.6993504360027637e-15
cosmx_bcc_spot_0000092150,0.011861676174638677,0.055158539812418854,0.09782635986600084,0.2575425998045936,0.40957727783723663,0.14658606036220767,0.016134886128795663,0.00531212668993946,5.0503708410303015e-11,1.9733087653037193e-15,4.732736629844374e-07
cosmx_bcc_spot_0000092555,2.766110121186766e-10,0.028576407365363047,1.3222131840718991e-06,0.6713476004585782,0.2795272133129962,1.9890185404223715e-15,0.02054743583116842,3.5234738050865944e-14,2.362489348902391e-13,1.9890185404223715e-15,2.0541823384325036e-08
cosmx_bcc_spot_0000093769,1.969719908270428e-15,0.7010314092791118,9.059448784592445e-10,0.10435057543860947,0.1876178249664041,1.969719908270428e-15,0.007000189409553356,1.969719908270428e-15,3.519953855339935e-13,1.969719908270428e-15,1.62044359102717e-14
cosmx_bcc_spot_0000094985,0.0026123636503063334,0.5061249430526052,0.2179997858133237,0.0022335197711679457,0.2661489887917622,0.004685796226127427,1.2597316239841852e-06,4.281810959726142e-12,0.00019328082824196106,1.9044467993987584e-15,6.213055770718353e-08
cosmx_bcc_spot_0000095786,0.0039077175712970424,0.5310809400690498,0.11507477598147645,0.11335617093854093,0.21843357876197847,1.8740062353927275e-05,9.92814718038328e-05,0.0014690112739582928,1.5897293096473071e-06,1.9791761879114586e-15,0.016558194140229753
cosmx_bcc_spot_0000095790,1.9528011035955774e-15,0.8942055394250646,1.6323694549844564e-09,0.022056391804818314,0.07576161055199326,1.9528011035955774e-15,0.007867007960337664,1.9528011035955774e-15,0.00010944862540661198,1.9528011035955774e-15,1.9528011035955774e-15
cosmx_bcc_spot_0000096188,4.33820672358527e-07,0.8435247330289459,0.005588815240561814,0.035272193718495375,0.09928785281390481,1.972799548927105e-15,0.015923796734958945,0.0003241106156359051,1.7459560033605142e-06,1.972799548927105e-15,7.631807081753754e-05
cosmx_bcc_spot_0000096596,0.00011074077185286701,0.5717707146526512,0.009386721038504488,0.10507984218802272,0.18449585761251952,0.1261805407882846,0.002974185571721281,1.8973825170977208e-15,1.856006765420202e-08,1.8973825170977208e-15,1.3788163718381923e-06
cosmx_bcc_spot_0000097395,0.0525007983730057,0.3659465792868188,0.0045850493163684955,0.16601656895825295,0.22475062427509004,0.15064572978438515,0.012231239547334837,0.015318984961564315,7.077082696715015e-10,1.6825160170154594e-13,0.00800442478930342
cosmx_bcc_spot_0000097404,4.217899695027521e-07,0.4415358564310903,0.007791705789591102,0.22134773377887423,0.3204477840395447,1.245914700226064e-13,0.008838722714315954,3.777161839221298e-05,2.4548286081768394e-09,1.6046644873598923e-13,1.3831082473710497e-09
cosmx_bcc_spot_0000097797,0.014882662483286447,0.4894167869798949,0.021689737667315218,0.07532037107962256,0.30156726080801965,0.05211292829213744,2.5204248892207813e-06,0.04336927313024144,7.425921624372913e-09,1.9845291443137428e-15,0.0016384517086693684
cosmx_bcc_spot_0000098195,2.1249751100822963e-11,0.5128256755177713,0.000908010691269836,0.029295442868771147,0.044198216952641124,1.8886716137635035e-13,0.019874199556141704,0.33678391017995557,0.04568998953431365,2.022952168355144e-15,0.010424554677695123
cosmx_bcc_spot_0000098203,0.001139030830973014,0.41863760376638537,0.0543382667633752,0.24475076409801372,0.26143514121220995,0.0016841980218597393,0.0046458461780122815,0.007792770316094588,0.004801809762595889,1.9758504855098884e-15,0.000774569050478032
cosmx_bcc_spot_0000098602,4.0408368245071915e-08,1.81546806850366e-15,0.0006329610367579675,0.6383101318762641,0.027009179540631367,0.32280502272303124,0.003945053748842812,0.007297540162688408,7.047994705427982e-08,1.81546806850366e-15,2.3465066770054006e-11
cosmx_bcc_spot_0000098606,0.001929441115654634,0.3924252353329367,0.017196084811655743,0.2142806293972597,0.18462746613239603,0.17274331165495263,0.008013817054082955,0.006964754631405307,0.001795033316397182,1.9278209380212348e-15,2.4226553257369197e-05
cosmx_bcc_spot_0000098607,2.3654237812047396e-05,0.0015648815821380673,0.05375015097460851,0.6409729520752248,0.13256984759505908,0.16194830341162378,0.008406220532056394,0.0007639574982178883,3.152298069985414e-08,1.8909713793775645e-15,5.702768383674391e-10
cosmx_bcc_spot_0000099008,0.0014256587303088009,0.5101022365636497,0.011746105493767499,0.19691149410768136,0.226291067174415,0.04275772441398804,6.522905525434546e-11,0.0073317230985050635,0.003431257531069716,1.94507003526432e-15,2.7328213837352768e-06
cosmx_bcc_spot_0000099821,1.0054408526593771e-05,0.4493346999703543,0.06318724675556821,0.20919000581859842,0.2685020875263493,6.495973718004228e-06,0.002735335278655518,0.0070287714704223075,4.741554347405173e-09,1.7483050857645373e-10,5.297881422395773e-06
cosmx_bcc_spot_0000100622,0.06251132837063839,0.1193686738463966,0.10518922475532502,7.885232114666005e-13,0.4756013297577764,0.059713587765407514,0.013879284320198415,0.1637362787055205,1.1405447856402024e-13,2.0068951186339402e-15,2.9247783257326444e-07
cosmx_bcc_spot_0000100624,0.02271447719011188,0.4229308702100884,0.03511877352906406,0.08265679411720123,0.31099191980480495,0.11212575887420238,0.013461395575598075,4.226611846560617e-15,2.3491038604473968e-11,1.9404248543862907e-15,1.0675431801519713e-08
cosmx_bcc_spot_0000101031,1.002676010294775e-12,0.7038061289558815,1.2453394279036724e-05,0.11105306324744296,0.17545356434613893,1.7575280297678224e-13,3.136245227044875e-07,1.9206517739900946e-15,0.009674475047135807,1.9206517739900946e-15,1.3834169200778107e-09
cosmx_bcc_spot_0000101432,0.002428573740064493,0.09544519155019349,0.09241634676335862,0.009649237887116831,0.4576156946179381,0.31323300574640717,3.3605721393949325e-05,0.016493836454428645,1.153272290260201e-12,0.012684507517558822,3.8657129553307043e-13
cosmx_bcc_spot_0000101897,1.852849538115773e-15,0.14130166688638002,1.852849538115773e-15,1.852849538115773e-15,0.09072490168984479,1.852849538115773e-15,1.852849538115773e-15,0.7679734314237602,1.852849538115773e-15,1.852849538115773e-15,1.852849538115773e-15
cosmx_bcc_spot_0000102309,1.5986359061639562e-15,0.038436118028679335,1.5986359061639562e-15,0.893727019245609,1.5986359061639562e-15,0.03985861362692509,1.5986359061639562e-15,0.027978249098775297,1.5986359061639562e-15,1.5986359061639562e-15,1.5986359061639562e-15
cosmx_bcc_spot_0000102714,2.4703753520434232e-09,0.6756092006143687,6.557117299886571e-09,0.28100208430751605,0.005958374333090256,6.425289793925754e-06,6.51854732700531e-10,0.02958995988743904,7.56696220226183e-11,1.840277870315196e-15,0.007833945812773123
cosmx_bcc_spot_0000103517,1.0329890827962156e-14,0.6226762476853029,3.881657694561294e-06,0.007604576924604755,0.00020867243826906372,1.9287355754732363e-15,1.9287355754732363e-15,0.3215223165916627,0.04798430470189162,1.9287355754732363e-15,5.580888052414863e-13
cosmx_bcc_spot_0000103926,9.102724138599331e-05,0.9258675932943334,0.0004999589097985246,0.02904110423278555,0.004089800669373236,0.0031569164838270753,0.00393777853490131,0.03050389715428177,8.525429183670975e-09,0.002811884146331664,3.08075521750784e-08
cosmx_bcc_spot_0000104321,1.796199629798138e-15,0.8730741747427314,1.796199629798138e-15,0.10647605592768906,2.4685495748310994e-12,1.796199629798138e-15,1.796199629798138e-15,0.020449769327098005,1.796199629798138e-15,1.796199629798138e-15,1.796199629798138e-15
cosmx_bcc_spot_0000105133,1.5713971123216554e-07,0.6294477147232466,4.2661339067043465e-08,0.17839423027992057,0.177587009680209,0.00027659651356854776,0.0032193574364720676,0.011074852563069861,3.8946389178046575e-08,1.883584494293553e-15,5.6071937380048475e-11
cosmx_bcc_spot_0000105538,4.199930105766707e-13,0.24363098305878295,0.02273330336465005,0.5964690103585009,0.06346186254716428,2.6568871112647685e-12,1.9234635130192646e-15,0.0003127562839810749,0.07339084499782034,1.9234635130192646e-15,1.2393860196475319e-06
cosmx_bcc_spot_0000106741,4.53969989450224e-07,0.3618557342726091,0.00011481545450445507,1.7006774939570892e-08,0.18598045045065473,1.2011834574535074e-11,9.664293615933834e-05,0.44735970222830623,0.004592183426132275,1.8879240989773903e-15,2.4285579784263235e-10
cosmx_bcc_spot_0000107144,0.026539935809403916,0.3261505975988315,3.7388609416655667e-06,3.97496986307982e-11,0.3222216352978482,3.709569144053531e-15,0.0030082111314381865,0.32140746302400114,1.9123467999212095e-15,2.2930387257213135e-11,0.0006684182148497196
cosmx_bcc_spot_0000107146,0.19216015582600843,0.10177354867422954,0.025297881578120116,0.1427903893596504,0.11896003682015217,0.3894523607118698,0.005726734767297267,0.0093518134562878,3.1375328245810177e-10,1.846466214484408e-15,0.014487078492629377
cosmx_bcc_spot_0000107148,2.627480936934939e-05,0.031429840613946165,0.21385515902911664,0.6213259246837685,0.0409547120002005,0.08012723022450889,7.597997291889244e-05,0.008201673089713268,0.003999221818694431,1.9121093506169215e-15,3.983757761710216e-06
cosmx_bcc_spot_0000107154,1.8514472139800772e-15,0.4401452596813593,1.6164932291157584e-09,0.5473448191872226,8.07502629269712e-06,1.8514472139800772e-15,2.6809225555786355e-10,5.997729670098235e-10,0.012501843620752443,1.8514472139800772e-15,9.056129131717755e-15
cosmx_bcc_spot_0000107958,1.814387653792709e-15,0.22128624989270465,1.814387653792709e-15,0.7787137492297816,1.1830424109316781e-10,1.814387653792709e-15,6.142099227551854e-10,1.814387653792709e-15,1.4498858083520823e-10,1.814387653792709e-15,1.814387653792709e-15
cosmx_bcc_spot_0000108769,1.7223999414964693e-09,0.7066257719313996,0.14918862955484657,0.05217791344311381,0.010179840977755435,0.043113825697606155,0.0032753168569559414,5.706634946338855e-05,0.03538163342029088,1.832705084920155e-15,4.6166723375687827e-11
cosmx_bcc_spot_0000108771,1.899101635572226e-15,0.9662046496917169,1.6607906224708452e-12,0.025389994851714483,7.891689203650289e-07,1.899101635572226e-15,0.008404566272898813,1.899101635572226e-15,1.3078706296660633e-11,1.899101635572226e-15,1.899101635572226e-15
cosmx_bcc_spot_0000109167,1.8483480079260655e-15,0.9254021112695919,1.2802148801166542e-12,5.084819116125934e-08,0.0700615110004093,1.8483480079260655e-15,0.0024029583133827618,0.0011586377911429072,0.0009747213907953983,1.8483480079260655e-15,9.385200638706855e-09
cosmx_bcc_spot_0000109973,1.735282593336348e-15,0.9782802137282132,1.735282593336348e-15,1.735282593336348e-15,3.056599545658783e-05,1.735282593336348e-15,1.735282593336348e-15,0.021689220276316135,1.735282593336348e-15,1.735282593336348e-15,1.735282593336348e-15
cosmx_bcc_spot_0000110784,1.7203749533316673e-15,0.5722511583040617,1.7203749533316673e-15,1.7203749533316673e-15,1.7203749533316673e-15,1.7203749533316673e-15,1.7203749533316673e-15,0.4277488416959225,1.7203749533316673e-15,1.7203749533316673e-15,1.7203749533316673e-15
