,CAF,CAM,Cortex_CCL21,Fibroblasts,Germinal_Center_Plasma_IgM_B_cell,High_Endothelial_Venules,M1_macrophages,Macrophages,Plasma_IgA,Plasma_IgG,T_cell,Tumor,Tumor_Keratin_Pearl
openst_spot_00000901,1.57904491960769e-09,0.00847071815496018,1.7018098120801224e-15,0.9915292802659775,1.7018098120801224e-15,1.7018098120801224e-15,1.7018098120801224e-15,1.7018098120801224e-15,1.7018098120801224e-15,1.7018098120801224e-15,1.7018098120801224e-15,1.7018098120801224e-15,1.7018098120801224e-15
openst_spot_00001268,0.042704603067577916,1.840709865762824e-15,0.0031510373914657745,0.5317641971304774,3.468933124953338e-08,0.0005956978593685945,0.011545742964238409,1.7643247743210673e-06,2.0562488684964038e-13,0.4017894773248748,0.00024834717064263484,2.657340619307107e-05,0.008172524670848284
openst_spot_00001385,0.02792212401246971,1.6507138865446885e-15,0.0010691519512708138,0.9708461465364497,5.967075113283224e-05,1.3729869247690962e-08,8.189502501252391e-07,8.312056015721766e-15,1.6507138865446885e-15,1.6507138865446885e-15,9.740895052859661e-05,1.6507138865446885e-15,4.6651180138776935e-06
openst_spot_00001399,0.0008281415358879979,0.012460534882924357,8.583948837249872e-13,0.5647792413771789,1.7677301150410665e-15,2.6629631483559804e-09,9.136999681201064e-09,6.430835410330395e-09,1.7677301150410665e-15,0.42193206392262733,4.9717584219869155e-11,1.7677301150410665e-15,1.7677301150410665e-15
openst_spot_00001401,7.07750921585693e-12,1.6100214161603933e-15,1.6100214161603933e-15,0.6189313768240022,1.6100214161603933e-15,1.6100214161603933e-15,1.6100214161603933e-15,1.6100214161603933e-15,1.6100214161603933e-15,0.38106862316890383,1.6100214161603933e-15,1.6100214161603933e-15,1.6100214161603933e-15
openst_spot_00001511,0.15706704633395616,0.007674498576911325,2.0127841629055206e-07,0.050585380167232775,0.0005982140938285853,9.078088255149131e-05,0.6053383984444876,3.5651302220631168e-06,1.8193049149932313e-15,0.17423551988700442,0.0019915044142463853,0.002414890791139121,1.8193049149932313e-15
openst_spot_00001634,0.18019270951592647,5.0213147392168697e-14,0.012791646304842965,0.6618581118033702,0.010699895070060597,7.716754747636795e-06,1.534593020782372e-05,5.205382080940068e-09,1.6986402101079309e-15,0.13443425777219545,3.1164321122947457e-07,1.6986402101079309e-15,1.6986402101079309e-15
openst_spot_00001646,0.2611094087454628,1.2554966891044341e-14,1.958616902731444e-15,0.5728285015008077,2.5337130972317313e-05,3.020099842198084e-07,0.10607233452753315,0.0002668433976430015,1.958616902731444e-15,5.1991708782624376e-08,4.201995830138956e-07,0.027521011987530115,0.03217578850875833
openst_spot_00001649,0.5284776650620715,0.037829766117183763,5.691925062862316e-10,0.43366690073097075,1.2391478533983588e-05,6.0376776601099335e-06,7.028406279631304e-06,7.254050238037221e-09,4.286215908895433e-10,1.775380853057905e-07,2.4737346409102484e-08,2.0082219370582424e-15,2.0082219370582424e-15
openst_spot_00001790,0.4037578794367498,1.7628636821653857e-15,0.006829833656322904,0.5894122846296278,1.7628636821653857e-15,8.405695646022823e-12,2.268861878872977e-09,1.7628636821653857e-15,1.7791956402747202e-14,1.7628636821653857e-15,3.1124963454089765e-15,1.7628636821653857e-15,1.7628636821653857e-15
openst_spot_00001884,0.00017804980513015293,5.6785844136473747e-05,1.4243404262998715e-15,0.03464453950176365,1.4243404262998715e-15,1.4243404262998715e-15,1.4243404262998715e-15,1.4243404262998715e-15,1.4243404262998715e-15,0.9651206059892229,1.4243404262998715e-15,1.885973411223246e-08,2.68877550473383e-15
openst_spot_00001899,0.5783748856940075,1.7442193109346606e-15,1.7442193109346606e-15,0.3880717533738638,1.7442193109346606e-15,1.7442193109346606e-15,1.7442193109346606e-15,1.7442193109346606e-15,1.7442193109346606e-15,1.7442193109346606e-15,1.7442193109346606e-15,0.03355336093211065,1.7442193109346606e-15
openst_spot_00001904,0.029495747737089885,0.008977948695681222,1.5542820610996044e-15,0.5151191302529436,1.5542820610996044e-15,1.5542820610996044e-15,1.5542820610996044e-15,1.5542820610996044e-15,6.055637029736859e-12,0.4464071733082169,1.5542820610996044e-15,1.5542820610996044e-15,1.5542820610996044e-15
openst_spot_00001994,0.5221127631907332,0.0019731061504916097,0.03417709945678196,0.2482623225861785,1.3718541733070496e-09,0.00034564875127875237,0.00021401427527532996,0.00013580519092295883,2.718364981397178e-10,0.1127045900501148,0.08007464870452854,1.7406426483974067e-15,1.7406426483974067e-15
openst_spot_00002024,1.3330988685942157e-15,2.6186637380058443e-11,1.3330988685942157e-15,1.3330988685942157e-15,1.3330988685942157e-15,1.3330988685942157e-15,1.3330988685942157e-15,1.3330988685942157e-15,1.3330988685942157e-15,0.9999999382463856,1.3330988685942157e-15,6.172741442977007e-08,1.3330988685942157e-15
openst_spot_00002029,0.07041064999516045,0.00022266770236821148,1.740936532199806e-15,0.1036373656496911,1.740936532199806e-15,1.740936532199806e-15,1.0516429218549905e-14,5.6171987081516824e-15,1.740936532199806e-15,0.8257290301829446,1.740936532199806e-15,2.8646980911001713e-07,1.740936532199806e-15
openst_spot_00002048,0.007695662480658825,4.394636438059836e-14,0.0006230321435650159,0.5869232383432837,1.3758125518862835e-07,0.028208421470213907,0.009189780524278757,0.002764170526941049,3.995897743851902e-11,0.18456951275558547,0.06345744108478914,0.11656860304938034,4.5551593300391445e-14
openst_spot_00002055,0.2746429712999381,1.7560740502978778e-15,0.011682107650838873,0.3890963243199349,1.7560740502978778e-15,1.3386082536503714e-05,1.5743675708935057e-07,1.2464323279484635e-09,0.048749125425624026,0.2758159159635546,1.0574376408115335e-08,1.7560740502978778e-15,1.7560740502978778e-15
openst_spot_00002117,0.036588553477540926,0.006851335740686294,1.512102130966435e-15,0.0022478918360823437,1.512102130966435e-15,1.512102130966435e-15,1.512102130966435e-15,1.512102130966435e-15,1.512102130966435e-15,0.954312218937414,1.512102130966435e-15,8.248966845376928e-12,1.6908895862643836e-14
openst_spot_00002126,1.1819027533558717e-15,1.1819027533558717e-15,1.1819027533558717e-15,1.1819027533558717e-15,1.1819027533558717e-15,1.1819027533558717e-15,1.1819027533558717e-15,1.1819027533558717e-15,1.1819027533558717e-15,0.9999999999999858,1.1819027533558717e-15,1.1819027533558717e-15,1.1819027533558717e-15
openst_spot_00002162,1.887363928605738e-15,1.887363928605738e-15,1.887363928605738e-15,1.887363928605738e-15,1.4295074309780962e-12,1.887363928605738e-15,1.887363928605738e-15,3.2682559690793417e-15,1.887363928605738e-15,1.887363928605738e-15,1.342675074394406e-10,0.999999999861704,2.5805521220194186e-12
openst_spot_00002164,1.8461810284638655e-15,0.009358005962578884,1.8461810284638655e-15,1.8461810284638655e-15,4.696323639301999e-13,1.8461810284638655e-15,1.8461810284638655e-15,3.9467514057541e-13,1.8461810284638655e-15,1.8461810284638655e-15,3.2927068961934006e-09,0.9906419907437579,7.915055430327002e-14
openst_spot_00002173,0.2864952503021337,0.018528928696365073,3.898617376125989e-09,0.32186723370587883,6.067244154915168e-10,0.0004979291481201942,0.08498930271209874,0.0017575695590958847,0.20259493712058274,0.08323279507946009,3.0536470425870716e-05,5.512700495056203e-06,1.8921448472444457e-15
openst_spot_00002180,3.5697979462295577e-12,1.3674129791248384e-15,1.3674129791248384e-15,0.09349064886241797,1.3674129791248384e-15,1.3674129791248384e-15,1.3674129791248384e-15,1.3674129791248384e-15,1.3674129791248384e-15,0.9065093511339986,1.3674129791248384e-15,1.3674129791248384e-15,1.3674129791248384e-15
openst_spot_00002245,1.85608236393467e-15,0.1292748155149235,1.85608236393467e-15,1.85608236393467e-15,1.85608236393467e-15,1.85608236393467e-15,1.85608236393467e-15,9.68093879590842e-13,1.85608236393467e-15,0.3800181148714184,1.85608236393467e-15,0.4907068671664011,2.0244627422074579e-07
openst_spot_00002297,0.45537387344531244,0.017332815821636843,1.4303021275150626e-06,0.2510945113770785,1.0570670313023059e-07,0.18328431709295692,0.013574657754211957,8.6721157003256e-05,6.6387644937114e-12,0.07605879115598542,0.0031504159112992537,4.23602690441493e-05,1.8829551848855886e-15
openst_spot_00002365,4.6348431317512653e-10,0.0003036205865177097,6.1097104889342e-05,4.690666820271473e-15,7.084723676062273e-09,0.0005461087293900128,0.0007440929021945785,0.007618070916601113,2.3062465305818968e-09,0.10742700570442021,6.044001337427999e-05,0.8832395452371155,8.951038112873355e-09
openst_spot_00002374,0.23014779410251215,0.0126997623319998,1.8435349683684874e-15,9.477743232915045e-06,1.4689518089199472e-14,6.477500672028742e-11,7.972358609274424e-09,5.676561324905789e-09,6.3117139784397495e-09,0.09859865107493694,2.7881686457270566e-11,0.6584777684278379,6.652626617314282e-05
openst_spot_00002408,1.8197877927512908e-15,0.02123655708814619,6.466233990691475e-07,1.8197877927512908e-15,4.43220206047354e-11,1.585156205367934e-09,2.6634720030080306e-14,2.4451553520906205e-10,1.4203097763127826e-12,1.8197877927512908e-15,0.0008538539965875574,0.9779089400906228,3.2579822338272625e-10
openst_spot_00002420,0.1413038345271247,0.029453417039778853,1.929349287206759e-15,0.2856038250419349,0.00017060915215734202,0.06622919783972925,0.009712104521122901,0.00350004946222988,0.010212962756024915,0.43765905959936185,0.01614722731644878,7.712744082843338e-06,1.929349287206759e-15
openst_spot_00002472,0.5460294385676568,1.624256479435498e-15,1.624256479435498e-15,0.32379427353314316,1.624256479435498e-15,1.624256479435498e-15,9.121003007914643e-13,1.2201138695189265e-14,0.12171183740534779,0.008464319643442028,1.624256479435498e-15,1.624256479435498e-15,1.3084947586026878e-07
openst_spot_00002515,0.5007206615488743,0.035503080278448965,0.04954928325077416,4.0589708485609224e-05,1.7689297395982542e-15,2.450729534451373e-06,2.590508976683089e-12,1.6447209343357973e-08,1.7689297395982542e-15,0.25401123002854,1.0907948584510748e-09,0.16017268616953875,7.45205451438639e-10
openst_spot_00002526,1.7475294294609125e-15,1.7475294294609125e-15,5.5294532317069653e-11,1.7475294294609125e-15,1.7475294294609125e-15,1.7475294294609125e-15,1.7475294294609125e-15,1.7475294294609125e-15,3.477334871806972e-14,1.7475294294609125e-15,1.153399753397887e-12,0.9999999753597117,2.458379153511607e-08
openst_spot_00002604,0.004992864615181836,1.8396868979867417e-15,1.8396868979867417e-15,2.880701337041475e-06,1.8396868979867417e-15,1.8396868979867417e-15,1.8396868979867417e-15,1.8396868979867417e-15,1.8396868979867417e-15,0.12866191257733947,1.8396868979867417e-15,0.8663423421061237,3.42362511110357e-15
openst_spot_00002610,0.1485109512579045,1.4681319117270474e-15,1.4681319117270474e-15,2.081868749054754e-06,1.4681319117270474e-15,1.4681319117270474e-15,1.4681319117270474e-15,1.4681319117270474e-15,1.4681319117270474e-15,0.8407382576636959,1.4681319117270474e-15,0.010748709207683135,1.9557168615487656e-12
openst_spot_00002612,1.2272172319582024e-15,1.2272172319582024e-15,1.2272172319582024e-15,1.2272172319582024e-15,1.2272172319582024e-15,1.2272172319582024e-15,1.2272172319582024e-15,1.2272172319582024e-15,1.2272172319582024e-15,0.9999999999999852,1.2272172319582024e-15,1.2272172319582024e-15,1.2272172319582024e-15
openst_spot_00002625,0.0013735744625169646,0.7344754268547079,6.838807503486142e-13,0.09926142534544335,4.440749065217868e-06,0.00011622093724297356,0.009286218934986306,0.05646901826825646,2.314492088569162e-13,0.07565060183073921,0.017427448364567274,0.00593562425155687,1.984611652274504e-15
openst_spot_00002655,1.7836686362469835e-15,1.7836686362469835e-15,1.0120464806713954e-10,1.7836686362469835e-15,6.964376662496503e-14,1.7836686362469835e-15,1.7836686362469835e-15,1.7836686362469835e-15,1.977068150935089e-14,1.7836686362469835e-15,1.7558004512962977e-10,0.9999999988746999,8.484135038707018e-10
openst_spot_00002659,9.377942666092291e-13,1.7893237323556205e-15,3.0798281342758056e-05,3.752678565349434e-14,1.7893237323556205e-15,1.8860857211756842e-09,9.662699134349162e-12,1.3320104969795915e-09,1.7893237323556205e-15,4.0756164009481985e-09,5.137086248443996e-12,0.999969194409155,9.194377673447466e-15
openst_spot_00002661,0.2763554536224334,2.8267527438973114e-08,1.9857050260415588e-10,0.00016763483960004335,4.3445913895118255e-05,8.199216190305594e-05,0.021363725045394372,1.0586106419669585e-05,1.6894200077462312e-07,1.883170807374096e-15,0.005741630963727652,0.6962353339385241,1.883170807374096e-15
openst_spot_00002738,1.1225067572458242e-15,1.1225067572458242e-15,1.1225067572458242e-15,1.1225067572458242e-15,1.1225067572458242e-15,1.1225067572458242e-15,1.1225067572458242e-15,1.1225067572458242e-15,1.1225067572458242e-15,0.9999999999999865,1.1225067572458242e-15,1.1225067572458242e-15,1.1225067572458242e-15
openst_spot_00002779,1.755705757041399e-15,0.007286655477657572,1.755705757041399e-15,1.755705757041399e-15,0.0064389101167037395,1.755705757041399e-15,1.755705757041399e-15,1.755705757041399e-15,1.755705757041399e-15,1.755705757041399e-15,1.755705757041399e-15,0.9862744344056211,1.755705757041399e-15
openst_spot_00002790,1.2406014006702074e-15,1.2406014006702074e-15,1.2406014006702074e-15,1.2406014006702074e-15,1.2406014006702074e-15,1.2406014006702074e-15,1.2406014006702074e-15,1.2406014006702074e-15,1.2406014006702074e-15,0.999999999999985,1.2406014006702074e-15,1.2406014006702074e-15,1.2406014006702074e-15
openst_spot_00002794,1.4386852413542732e-15,1.4386852413542732e-15,1.4386852413542732e-15,1.4386852413542732e-15,1.4386852413542732e-15,1.4386852413542732e-15,1.4386852413542732e-15,1.4386852413542732e-15,1.4386852413542732e-15,0.9999999999999827,1.4386852413542732e-15,1.4386852413542732e-15,1.4386852413542732e-15
openst_spot_00002976,1.8029916874268843e-15,0.06717871506112444,1.8029916874268843e-15,2.798885185269282e-14,1.8029916874268843e-15,4.779046898732339e-14,2.7239891840661012e-14,2.903920498564041e-13,1.8029916874268843e-15,0.07552490603064753,4.4819612343180675e-12,0.857296378032963,8.703823395968912e-10
openst_spot_00002981,0.0017375715276620554,0.0938452013720447,1.7156431208652408e-15,1.7399667405621116e-10,1.7156431208652408e-15,1.7156431208652408e-15,1.7156431208652408e-15,1.7156431208652408e-15,1.7156431208652408e-15,0.4168733615512967,1.7156431208652408e-15,0.4875438650685458,3.0644215582058603e-10
openst_spot_00003025,1.8383374889038417e-15,0.0001449249039481321,1.8383374889038417e-15,1.8383374889038417e-15,4.7632967238870557e-14,1.8383374889038417e-15,1.8383374889038417e-15,5.457002081522662e-09,1.8383374889038417e-15,1.8383374889038417e-15,7.984449834074394e-11,0.999855069521956,3.718866071594864e-11
openst_spot_00003088,0.0009961742196534877,1.6233474663475702e-15,1.6233474663475702e-15,2.0451462770198874e-07,1.6233474663475702e-15,1.6233474663475702e-15,1.6233474663475702e-15,1.6233474663475702e-15,1.6233474663475702e-15,0.8428910340792074,1.6233474663475702e-15,0.126892679176691,0.029219908009807404
openst_spot_00003127,1.7561042327980844e-15,6.612623038823879e-08,0.0038378807519722853,1.7561042327980844e-15,0.007382003957494079,3.957211788050512e-08,2.9217232544348388e-08,8.425416005215742e-09,1.7561042327980844e-15,1.7561042327980844e-15,0.0012753488430625407,0.9874794002319544,2.5222874513039654e-05
openst_spot_00003132,0.6828585139406572,0.12095546420018405,1.6734628294058286e-15,2.293152032453036e-05,1.6734628294058286e-15,1.6734628294058286e-15,4.079711549177759e-14,1.6734628294058286e-15,0.0016215929293435165,0.09131497730967189,1.6734628294058286e-15,0.10322627638091772,2.43718851674539e-07
openst_spot_00003164,1.7574347105171035e-13,1.6379722599507414e-15,1.6379722599507414e-15,6.834055559876882e-13,1.6379722599507414e-15,1.6379722599507414e-15,1.6379722599507414e-15,1.6379722599507414e-15,1.6379722599507414e-15,0.9977869044031862,1.6379722599507414e-15,0.0006561613244107531,0.0015569342715308497
openst_spot_00003213,0.09327265755631238,1.8469816404762326e-15,1.8469816404762326e-15,1.7218515832420418e-06,2.7426881378189545e-10,1.0677089234868533e-11,2.8234560360604554e-09,9.57742856735352e-08,1.8469816404762326e-15,0.11156761909561763,1.2549678533852677e-11,0.7951041920724229,5.371052882105326e-05
openst_spot_00003260,0.09185903605717238,0.038662596401341336,2.472984849672957e-08,3.291423849029982e-05,3.846072886805023e-14,5.924836274676e-07,3.5978273041707655e-07,1.866059198894151e-06,0.0024174966914122715,0.016396860727024926,5.795978762379434e-07,0.8506276732205598,1.0678974937213827e-11
openst_spot_00003271,0.4613880664692556,0.02126534529694397,8.239425077056402e-10,6.636452868162508e-08,1.772115291360112e-15,4.030305568006425e-12,2.0966900893746044e-14,1.695735926035607e-13,0.0013588794629519204,0.28855973934277585,1.772115291360112e-15,0.22742790036990554,1.865471559028936e-09
openst_spot_00003291,1.6016229464432293e-12,1.5723858941762833e-15,1.5723858941762833e-15,0.0792052675031502,1.5723858941762833e-15,1.5723858941762833e-15,1.5723858941762833e-15,1.5723858941762833e-15,1.5723858941762833e-15,0.9207947324952324,1.5723858941762833e-15,1.5723858941762833e-15,1.5723858941762833e-15
openst_spot_00003344,1.170469176373665e-14,7.883729950942268e-09,1.7230954913615571e-15,1.3529742005130108e-14,2.669530878105032e-13,1.7230954913615571e-15,1.7230954913615571e-15,1.7230954913615571e-15,1.7230954913615571e-15,0.06864680379243908,1.7230954913615571e-15,0.9313531739106533,1.4412875169542399e-08
openst_spot_00003349,4.927089017169159e-07,1.423197157040206e-15,1.423197157040206e-15,1.423197157040206e-15,1.423197157040206e-15,1.423197157040206e-15,1.423197157040206e-15,1.423197157040206e-15,1.423197157040206e-15,0.8996579030594336,1.423197157040206e-15,0.0907681216550859,0.009573482576565767
openst_spot_00003464,1.751929223106783e-15,1.447912650098133e-13,1.1101869279172286e-10,2.5428612589983895e-05,1.751929223106783e-15,1.944662648735713e-12,1.751929223106783e-15,2.6624164671654292e-11,1.2085711716049813e-10,0.04167975159369466,1.3217131166463497e-12,0.8794182503698773,0.07887656916192176
openst_spot_00003492,1.602623873791317e-15,1.602623873791317e-15,1.602623873791317e-15,5.698176352673937e-14,1.8979155331464923e-15,1.5951109610712675e-10,5.776760786873936e-11,0.002093583529435686,1.602623873791317e-15,0.005453410600034422,1.2112956425132723e-06,6.477173765009156e-08,0.9924517295858057
openst_spot_00003519,8.993174132216527e-06,1.914997081082418e-15,0.003198832259673065,0.0009050190270783837,2.552236475485474e-09,0.00015112735466556556,2.445239619921121e-05,5.074968005389096e-05,4.19852195084088e-05,0.041511919421520625,0.005986727587767429,0.9481201913271607,1.914997081082418e-15
openst_spot_00003571,0.20147521224103473,1.384813083639245e-15,1.384813083639245e-15,0.024481477163406623,1.384813083639245e-15,1.384813083639245e-15,1.384813083639245e-15,1.384813083639245e-15,1.384813083639245e-15,0.6802011418582891,1.384813083639245e-15,1.384813083639245e-15,0.09384216873725719
openst_spot_00003584,2.0500587232177145e-07,0.00804646917208483,1.7247211896694305e-15,1.7247211896694305e-15,1.7247211896694305e-15,1.7247211896694305e-15,1.7247211896694305e-15,1.7247211896694305e-15,1.7247211896694305e-15,0.3397055786362662,1.7247211896694305e-15,0.6321322062888678,0.020115540896895164
openst_spot_00003586,1.8005975582662693e-15,0.030053315243258716,1.8005975582662693e-15,1.8005975582662693e-15,1.8005975582662693e-15,1.8005975582662693e-15,1.8005975582662693e-15,1.3174864270006107e-13,5.4572160730903584e-12,0.041367479895510234,1.8005975582662693e-15,0.9230694058863138,0.005509798969315701
openst_spot_00003589,0.0012607876125068321,0.05758874627103603,1.1316270290140826e-14,3.731305480783409e-08,1.6713574280468976e-15,2.2589203071880482e-14,4.351553321114464e-12,1.1492329930737628e-14,1.6713574280468976e-15,0.14895147230809008,2.4668173282763017e-15,0.7082317432702837,0.08396721322062574
openst_spot_00003602,5.61302115788021e-13,0.017194530569869183,1.9750443349461396e-15,1.9750443349461396e-15,2.6940198135881213e-05,7.451013062671506e-10,6.006353369961811e-10,1.132640289040733e-08,7.706593134365639e-05,1.9750443349461396e-15,2.3090089151442257e-06,0.9826991392606799,2.3583495562644366e-09
openst_spot_00003842,2.932093326505816e-05,1.3676449658415426e-15,1.3676449658415426e-15,1.8746288797081716e-15,1.3676449658415426e-15,1.3676449658415426e-15,1.3676449658415426e-15,1.3676449658415426e-15,1.3676449658415426e-15,0.9975583528585167,1.3676449658415426e-15,3.7366563314544335e-11,0.002412326170839044
openst_spot_00003867,0.023115381502158118,0.23455842816454653,1.7906301041446784e-15,4.432604004968348e-09,0.008220224629442347,4.2260384472881425e-13,1.0954207549471596e-09,3.294164791368817e-13,4.153019599823898e-13,1.7906301041446784e-15,5.324440460246781e-11,0.7341041825461145,1.7775752984200213e-06
openst_spot_00003878,1.952161452656887e-15,0.0001099328030633415,1.952161452656887e-15,1.952161452656887e-15,7.771275300396789e-07,4.213098989385283e-09,2.7067733378334915e-08,0.023496873366901073,1.952161452656887e-15,7.057124259614733e-12,1.0259269618522905e-06,0.9746054697345312,0.0017858897531151147
openst_spot_00004073,1.9374269594622428e-15,0.0372089359444609,1.9374269594622428e-15,1.9374269594622428e-15,0.04570356297635621,1.1644629188586085e-14,1.653414138915536e-12,2.076090412489275e-10,1.9374269594622428e-15,0.021853651814704656,3.982625721861522e-14,0.8952338487909761,2.6418033806301057e-10
openst_spot_00004075,1.820691025009051e-15,2.589453865312718e-08,1.820691025009051e-15,1.820691025009051e-15,0.009184135533129177,1.41377079069591e-13,7.439379002638701e-15,1.3034717855915033e-13,4.244087241175326e-06,0.03673689882176555,5.0840304233311e-12,0.8290057979050817,0.1250688977528751
openst_spot_00004105,1.4320116620955999e-05,0.18562220274268856,1.4824213962209065e-14,6.683215732439597e-11,9.556967194206557e-07,3.8595878905435455e-06,1.8669786177966017e-05,0.01226544673179654,9.907228055905903e-14,0.03609271610768824,0.01082303416029342,0.7551587948630507,1.4012759084350882e-10
openst_spot_00004219,4.3558678049508654e-13,0.06126178724412878,5.204533561416964e-07,2.5377225087967566e-13,1.9809226571973814e-06,5.7350819869913266e-08,3.2991884903936685e-07,1.4313732187429174e-09,0.004848657413384959,8.974255731480293e-11,2.1145263589937033e-07,0.5339958091471859,0.3998906445751771
openst_spot_00004252,1.0401141581413138e-12,0.02682053832434248,1.658325804090972e-15,2.217396932852978e-13,1.658325804090972e-15,3.6543966759141235e-15,7.24020541176149e-13,3.5909768270825763e-09,0.015435541736227373,0.020496249562903118,2.092562219813324e-13,0.937247666780909,2.4389370000307317e-12
openst_spot_00004266,1.3092404514694684e-07,6.1536744806446e-11,1.734391914094552e-15,1.311138972652902e-05,1.606693276229316e-13,4.338656182093522e-11,1.0416119106191782e-10,4.0490034486542704e-05,3.954396227773636e-08,0.05899944838369137,3.063536757125852e-08,0.9409467488794719,1.734391914094552e-15
openst_spot_00004310,0.3102332759579989,0.028946136836451714,1.706393942855735e-15,8.292993078994869e-10,1.706393942855735e-15,1.706393942855735e-15,1.706393942855735e-15,1.706393942855735e-15,1.706393942855735e-15,0.18142219041881089,1.706393942855735e-15,0.4391656917263599,0.040232704231067354
openst_spot_00004547,1.3103758630997447e-15,1.3103758630997447e-15,1.3103758630997447e-15,1.3103758630997447e-15,1.3103758630997447e-15,1.3103758630997447e-15,1.3103758630997447e-15,1.3103758630997447e-15,1.3103758630997447e-15,0.9999999999999842,1.3103758630997447e-15,1.3103758630997447e-15,1.3103758630997447e-15
openst_spot_00004694,1.6319855395473508e-15,1.6319855395473508e-15,1.6319855395473508e-15,1.6319855395473508e-15,1.6319855395473508e-15,1.6319855395473508e-15,1.6319855395473508e-15,1.6319855395473508e-15,0.0016695212542669302,0.013386555910590675,1.6319855395473508e-15,0.9560840700036576,0.028859852831470075
openst_spot_00004732,1.806408288569684e-15,0.7581203660631197,1.806408288569684e-15,1.806408288569684e-15,6.341963111343127e-08,1.806408288569684e-15,9.904442005475616e-13,2.999122402329657e-11,4.3382768226151164e-08,0.022263155765137342,1.806408288569684e-15,0.10689914182163358,0.11271722951671913
openst_spot_00004811,0.1409035843141001,0.10351489196773536,4.3341996645311356e-07,4.32349835710147e-06,2.1576702917708612e-09,2.4413209255003165e-05,0.002303298760752291,7.686610271896532e-06,0.002598705085747607,0.08859743961856978,0.0007000174674349469,0.6613213820563427,2.382183379640088e-05
openst_spot_00004812,0.23285269921895665,1.5684167048586824e-15,1.5684167048586824e-15,4.265481027753093e-05,1.5684167048586824e-15,1.5684167048586824e-15,1.5684167048586824e-15,1.5684167048586824e-15,1.5684167048586824e-15,0.6034267035413601,1.5684167048586824e-15,0.11292630362843052,0.050751638800962603
openst_spot_00004835,0.02758533357460053,0.0871780383470809,1.8493546475292375e-15,0.019095402912721188,0.021324100423307263,3.6119488782000536e-07,0.0005075700921923013,1.3040739354771654e-05,1.8493546475292375e-15,0.007779277379479311,0.0014799845663540808,0.8350368905846524,1.853658654449695e-10
openst_spot_00004838,0.4256919458838284,0.03961090569350246,1.5857690315258052e-15,0.00014299591695547353,1.5857690315258052e-15,1.5857690315258052e-15,1.5857690315258052e-15,1.5857690315258052e-15,1.5857690315258052e-15,0.48097437488062944,1.5857690315258052e-15,0.053573495571753296,6.282053319679925e-06
openst_spot_00004909,0.2034308222679016,0.0008625617562212499,1.8578526675340992e-15,3.0391539776915447e-05,0.1574792165657158,8.370088337291016e-13,8.386898094981695e-09,1.6351578818764688e-13,1.8578526675340992e-15,0.049861821056100646,1.8578526675340992e-15,0.5868686138498211,0.0014665645765585802
openst_spot_00004928,1.8520381556521127e-11,1.7249717633351406e-15,1.7249717633351406e-15,1.0926939995572908e-13,1.7249717633351406e-15,1.7249717633351406e-15,1.7249717633351406e-15,1.7249717633351406e-15,1.7249717633351406e-15,0.0017182903746817853,1.7249717633351406e-15,0.7413095946336891,0.2569721149729856
openst_spot_00004945,1.7555499428992856e-15,0.0005129017521558465,1.7555499428992856e-15,1.7555499428992856e-15,1.7555499428992856e-15,1.7555499428992856e-15,1.7555499428992856e-15,1.7555499428992856e-15,1.7555499428992856e-15,1.7555499428992856e-15,1.7555499428992856e-15,0.8063843224275768,0.1931027758202498
openst_spot_00005093,1.5275586786725405e-15,0.04995850938212482,1.5275586786725405e-15,1.5275586786725405e-15,0.0026687145333043672,1.5275586786725405e-15,1.5275586786725405e-15,1.3771291357534281e-14,1.5275586786725405e-15,1.5275586786725405e-15,1.5275586786725405e-15,1.5275586786725405e-15,0.9473727760845432
openst_spot_00005195,0.5908275137457251,1.459883836156556e-15,1.459883836156556e-15,0.0006144952326003919,1.459883836156556e-15,1.459883836156556e-15,1.459883836156556e-15,1.459883836156556e-15,1.459883836156556e-15,0.4085579910216595,1.459883836156556e-15,1.459883836156556e-15,1.459883836156556e-15
openst_spot_00005217,1.6813644288857383e-15,0.07087421145755943,1.6813644288857383e-15,1.6813644288857383e-15,1.8443117514830674e-05,1.6813644288857383e-15,3.5449423648586984e-15,2.2339794831390108e-12,1.6813644288857383e-15,1.6813644288857383e-15,1.3441741529769472e-14,0.7407281981505279,0.18837914727213662
openst_spot_00005235,3.290387658109538e-07,0.0007947092499088419,5.3860542387914004e-05,5.799367593284319e-09,0.005971234938187474,2.2943055986366516e-09,7.876231721136364e-11,5.337253924537969e-11,3.1834682087187928e-12,0.034812959271034456,1.1221871810732088e-12,0.9583668767285115,2.2001090196416067e-08
openst_spot_00005355,0.00427621341182575,1.7014324949110473e-15,0.0019018445839544043,0.002953559811976878,2.650462269756682e-13,6.70481836332814e-07,2.444978143852735e-10,6.9667716811861935e-09,1.7014324949110473e-15,0.03500792744541295,5.879059158471376e-07,0.7116224094504895,0.24423677969705052
openst_spot_00005363,8.947304373418437e-08,0.06987351502949475,1.7335334332480635e-15,0.0015272745476513823,4.498144268326813e-05,3.9458069772088197e-07,1.2067375817013443e-05,0.000830006566235861,1.7335334332480635e-15,0.02599988612267304,0.027891679490103287,0.8738201053131295,5.84670327597871e-11
openst_spot_00005412,0.3515576025143455,1.4510781636511863e-15,1.4510781636511863e-15,3.9116199634328065e-07,1.4510781636511863e-15,1.4510781636511863e-15,1.4510781636511863e-15,1.4510781636511863e-15,1.4510781636511863e-15,0.6482507823941369,1.4510781636511863e-15,2.013483951717251e-14,0.00019122392948941027
openst_spot_00005429,1.756020372709826e-15,0.059136165032615984,1.756020372709826e-15,1.756020372709826e-15,1.756020372709826e-15,1.756020372709826e-15,1.756020372709826e-15,1.756020372709826e-15,1.756020372709826e-15,1.756020372709826e-15,1.756020372709826e-15,0.8403697471074115,0.10049408785995498
openst_spot_00005483,0.003356260324249053,7.896186128099331e-08,1.0071018120222339e-10,3.6289774041905696e-07,5.013239240061709e-05,2.819039678489881e-06,0.00018684401296324056,0.0028846893848196555,0.0157181188238475,0.002995499086462278,0.00010342955435116977,0.9747017648977565,5.231595970900076e-10
openst_spot_00005550,1.736401494048186e-15,0.20674294480921912,1.736401494048186e-15,1.736401494048186e-15,1.736401494048186e-15,1.736401494048186e-15,1.736401494048186e-15,2.2671550016822976e-15,1.736401494048186e-15,9.646503650659093e-14,1.9256799010274414e-15,0.5753367320362013,0.21792032315446688
openst_spot_00005558,0.27639256325650585,4.621127610969491e-14,5.231761912369923e-10,1.9976535171164885e-09,1.7633529190673093e-15,1.9546541260644326e-11,2.78573904870712e-13,7.952302890442308e-12,1.7633529190673093e-15,0.020802434797138367,1.9804825337026673e-13,0.6706205946738532,0.032184404723647836
openst_spot_00005661,0.6449670154710689,1.5354183534927678e-15,1.5354183534927678e-15,5.830381339225516e-09,1.5354183534927678e-15,1.5354183534927678e-15,1.5354183534927678e-15,1.5354183534927678e-15,1.5354183534927678e-15,0.33225216778863864,1.5354183534927678e-15,8.349661952356961e-09,0.02278080256023656
openst_spot_00005664,0.03508088750347132,2.530019828753978e-11,1.845113308462946e-15,2.363884854724442e-07,0.00012200449289371451,9.037212837000963e-15,9.881639130962051e-10,7.696603311301086e-12,1.845113308462946e-15,0.04010080650637765,1.845113308462946e-15,0.8962812202617109,0.028414843825885647
openst_spot_00005709,9.458004701930307e-11,0.20897754698334314,1.6498007423490854e-15,4.587512919864046e-15,0.0001181406863103254,1.6224909066470825e-11,8.185633507073143e-11,4.104045452241006e-10,1.6498007423490854e-15,0.02040555485772706,6.347835582086159e-08,0.6797999092562164,0.09069878413497359
openst_spot_00005725,1.7423275645677659e-15,2.324981154379628e-13,1.7423275645677659e-15,1.7423275645677659e-15,5.625777078102258e-10,7.69332661942097e-11,1.555011490943541e-11,6.072615951994655e-08,0.0009495739372357003,1.858831673200081e-10,4.352721165750274e-05,0.9990035069035266,3.33038023888418e-06
openst_spot_00005727,1.409696602063493e-07,4.024543402010864e-09,1.723377033219922e-15,0.0037653100877761705,0.033282328145414576,4.467496640781292e-11,3.966376763723726e-09,1.6957068648031393e-06,6.774572670980467e-10,0.015169125355290622,2.857871562791309e-11,0.947781390986419,6.941798737396106e-12
openst_spot_00005776,0.5144954935834699,2.3483626490678766e-13,1.8797253930950803e-15,1.019041250719278e-08,4.2711147944002123e-10,2.7938053201875538e-08,6.442865323056949e-05,7.145969850471302e-09,7.995603748581263e-13,0.1997056054887524,2.333043332520137e-11,0.23730159020444624,0.04843283634418715
openst_spot_00005786,0.14704816655908778,1.838939404863014e-15,1.838939404863014e-15,2.493216709730906e-05,6.061963909760609e-13,1.8806548175731497e-10,1.1754643088288577e-06,7.108725657901741e-07,1.838939404863014e-15,0.15732756164949024,1.3930780686014086e-10,0.6707061661104873,0.02489128684897771
openst_spot_00006017,1.806599398703892e-15,1.8357298197511153e-13,1.806599398703892e-15,1.806599398703892e-15,1.806599398703892e-15,1.806599398703892e-15,1.806599398703892e-15,1.1649917444675898e-13,1.806599398703892e-15,0.02714400395872351,1.806599398703892e-15,0.7255158049724849,0.24734019106847704
openst_spot_00006028,1.9475843153215794e-05,1.2459114387525525e-15,1.2459114387525525e-15,4.459749883031568e-05,1.2459114387525525e-15,1.2459114387525525e-15,1.2459114387525525e-15,1.2459114387525525e-15,1.2459114387525525e-15,0.9999359266580039,1.2459114387525525e-15,1.2459114387525525e-15,1.2459114387525525e-15
openst_spot_00006039,6.574836404600917e-14,0.15914059307761805,3.8937982105758416e-11,4.295365144334005e-10,1.6395155311432114e-15,3.126406277752562e-11,6.363829844318838e-12,3.810075833071692e-10,1.6395155311432114e-15,1.6395155311432114e-15,1.8385049281356706e-09,0.8408590260049864,3.781917101496615e-07
openst_spot_00006086,0.03617760392299142,0.3482103207835339,1.8226849333399465e-15,3.6179189404265743e-07,2.2405693303995586e-15,3.4417816552628816e-11,1.1404111585552976e-09,1.1275861574723053e-09,0.00015885928557548523,0.03156028537363084,2.1079152061742695e-11,0.5838925665131793,5.696593551662645e-12
openst_spot_00006178,1.7778592441806775e-13,0.012961587555883376,1.6729901299273806e-15,3.246150110477146e-13,1.6729901299273806e-15,1.6729901299273806e-15,1.6729901299273806e-15,1.6729901299273806e-15,1.6729901299273806e-15,1.6729901299273806e-15,1.6729901299273806e-15,0.987037921117399,4.9132620200256e-07
openst_spot_00006290,1.9240949348221655e-15,4.1704174490434094e-11,1.9240949348221655e-15,1.9240949348221655e-15,7.224851798415688e-13,1.9240949348221655e-15,2.273798163948655e-15,8.276627132969941e-14,1.9240949348221655e-15,1.9240949348221655e-15,7.194894261580084e-10,0.9635550383507222,0.03644496088726503
openst_spot_00006429,5.598624906091907e-09,0.22903455575340104,1.786454340939735e-15,1.2343709318877632e-12,0.00265497471670116,4.5612955603929264e-12,1.0289311671632057e-09,2.656334866730906e-10,1.786454340939735e-15,1.786454340939735e-15,1.6606889637125042e-09,0.5589307311429725,0.20937972982724576
openst_spot_00006446,1.8399261270266296e-15,4.760663569346848e-06,2.02850090854606e-09,1.8399261270266296e-15,1.8399261270266296e-15,2.2349870250987515e-09,1.3226855150872165e-11,0.0004596271114794249,1.8399261270266296e-15,0.008680453946484215,6.873721081641848e-09,0.9876169485360166,0.0032381985920072252
openst_spot_00006522,5.56834206230637e-05,1.737503777984468e-15,1.4602551265802299e-05,1.583669757859441e-05,1.737503777984468e-15,3.028377459942419e-10,9.606911949541229e-10,1.8522461004540518e-10,1.737503777984468e-15,0.008259990069396199,3.3953037005773317e-12,0.9916538855780523,2.3092989198160553e-10
openst_spot_00006525,5.406157201224794e-05,0.2846458235856424,6.055153349386908e-14,2.1601373314464017e-12,1.5581366159947965e-15,1.5581366159947965e-15,1.5581366159947965e-15,1.5581366159947965e-15,0.005829565439875392,0.0019644797466895686,1.5581366159947965e-15,0.7075060696535503,1.5581366159947965e-15
openst_spot_00006544,1.6454655828275444e-15,1.388486334159067e-14,1.6454655828275444e-15,1.6454655828275444e-15,1.6454655828275444e-15,1.6454655828275444e-15,1.6454655828275444e-15,1.6454655828275444e-15,1.6454655828275444e-15,1.6454655828275444e-15,1.6454655828275444e-15,0.9203862010294644,0.07961379897050523
openst_spot_00006636,1.1898385845165626e-15,1.1898385845165626e-15,1.1898385845165626e-15,1.1898385845165626e-15,1.1898385845165626e-15,1.1898385845165626e-15,1.1898385845165626e-15,1.1898385845165626e-15,1.1898385845165626e-15,0.9999999999999857,1.1898385845165626e-15,1.1898385845165626e-15,1.1898385845165626e-15
openst_spot_00006698,0.2988192898642183,1.4562610353434441e-15,1.4562610353434441e-15,7.737715696453038e-10,1.4562610353434441e-15,1.4562610353434441e-15,1.4562610353434441e-15,1.4562610353434441e-15,1.4562610353434441e-15,0.61461906221442,1.4562610353434441e-15,0.08651734439906328,4.430274851527953e-05
openst_spot_00006699,0.0923900909301585,3.1556798049822495e-15,0.011282512704773866,0.01583898550839577,1.3294303327695905e-12,1.1213158948204681e-06,8.669982135208373e-07,7.186656813016759e-13,5.406175994648346e-10,0.16670381745611862,6.250403320099689e-11,0.7088241492408834,0.00495845524038857
openst_spot_00006791,0.028842130285832615,1.0636124090238208e-10,1.8302308810982186e-15,0.021994834159882754,2.1850368525183997e-08,1.961748375327666e-09,4.450732778803742e-05,8.091296930494099e-09,1.8302308810982186e-15,1.8302308810982186e-15,7.444221433612322e-05,0.9488299644776512,0.00021408952472865884
openst_spot_00006884,1.8433270834690352e-15,1.8433270834690352e-15,1.8433270834690352e-15,1.8433270834690352e-15,1.8433270834690352e-15,1.8433270834690352e-15,1.8433270834690352e-15,1.8433270834690352e-15,1.8433270834690352e-15,0.007388727111715622,4.408908515758586e-14,0.7886656315131675,0.2039456413750562
openst_spot_00006895,0.016175689822795113,0.04606945719431479,0.007095539107525107,1.934709678743614e-09,1.6125290393090257e-15,6.049974824009998e-12,2.6595712382864324e-09,6.889442349957154e-10,1.6125290393090257e-15,5.771308409800211e-08,1.9070090438337585e-12,0.9306592508673951,3.70037301671525e-12
openst_spot_00007183,4.3262570216692135e-05,1.3504636221282635e-11,0.00014903311792059546,0.01704655590806002,4.741636048499444e-12,0.000145162829046264,7.143780488445747e-07,0.0006800441133914206,1.7970326286366502e-15,0.021288229625511218,0.005847332023518217,0.9547996630037967,2.4122420467462348e-09
openst_spot_00007190,0.01166968906570048,0.1878235441763421,1.8470618039776234e-15,4.2269356736719466e-07,1.5776996996802687e-10,2.096806772740232e-08,1.836092355242068e-06,0.0022396578317151884,0.021947400813017593,0.039620009324187466,5.243167286072077e-09,0.7320432164477269,0.004654197186380754
openst_spot_00007354,0.10913161725000071,2.2984085187128765e-15,1.763958835243905e-15,3.2512180940316067e-06,1.763958835243905e-15,1.763958835243905e-15,1.763958835243905e-15,1.763958835243905e-15,1.763958835243905e-15,2.0650781482407686e-14,1.763958835243905e-15,0.8908651315318682,1.763958835243905e-15
openst_spot_00007356,8.152495497237258e-15,1.7969214602432975e-15,1.7969214602432975e-15,1.7969214602432975e-15,7.479010612213237e-06,1.7969214602432975e-15,1.7969214602432975e-15,1.7969214602432975e-15,1.7969214602432975e-15,0.008236781081332786,1.7969214602432975e-15,0.96346002966859,0.028295710239442457
openst_spot_00007557,1.7349850349873549e-15,1.7349850349873549e-15,1.7349850349873549e-15,1.7349850349873549e-15,5.928870541360025e-15,9.053122476520508e-15,1.7349850349873549e-15,5.6173792542574304e-08,3.5136129486883944e-08,1.163352750145045e-12,3.297246814842231e-09,0.9999999053916346,9.489981561870636e-15
openst_spot_00007619,2.3771756312492676e-10,0.00734239318040574,1.874083406376461e-15,1.874083406376461e-15,6.664999127843511e-06,2.351921013504544e-10,3.012176498525081e-09,4.4231766424839215e-08,1.874083406376461e-15,1.874083406376461e-15,4.4393069330169115e-06,0.9581485370653913,0.034497917731281996
openst_spot_00007735,0.49349126520119796,0.08816350489471907,1.811658075045017e-15,8.210054563346705e-09,1.811658075045017e-15,1.3595827600168615e-14,9.51643468862667e-13,7.856572744780519e-13,1.9529583808266154e-05,0.008673259604412765,1.811658075045017e-15,0.3948915365935689,0.014760895910482066
openst_spot_00007752,0.78065965266427,0.033548357110716354,0.022243853359114017,0.00030949654966254457,1.1247509170724194e-08,2.2576564705429586e-06,1.527013474758023e-07,2.424572787171279e-10,1.841380448990803e-15,1.841380448990803e-15,1.8380314590090768e-07,0.16323603400919065,6.561123791025031e-10
openst_spot_00007790,1.5402733030562844e-11,1.6737683113003438e-15,0.006402696014325657,1.6737683113003438e-15,1.6737683113003438e-15,4.692648907280291e-09,6.134565359624403e-13,2.818726965126309e-11,0.0065853366041296775,0.03558856310928838,2.5521032736153793e-10,0.951423305623604,9.365658466734777e-08
openst_spot_00007821,1.1963611363707292e-07,1.7672844236340432e-15,3.96824130459476e-06,4.7820371684962374e-11,0.9460419616512178,5.954110959744055e-05,6.81115019587303e-05,0.005477090746591008,0.0065411572659103195,0.017655046005152962,0.0028666694004273394,0.02128553313694661,8.012569573351381e-07
openst_spot_00007855,0.24086033199233606,2.5983391862147588e-12,1.7459489869683226e-15,1.2244662274498468e-07,1.7459489869683226e-15,2.925277948764495e-13,1.0040822297468518e-14,5.995160464577368e-11,1.7459489869683226e-15,0.3857318707776283,1.7459489869683226e-15,0.3439898699222893,0.029417804798263943
openst_spot_00007883,0.19624256478194488,0.3192583845663523,1.7227314171795563e-15,5.8507658133038066e-08,3.692492617439478e-14,1.7227314171795563e-15,1.528046406475125e-12,9.120880450597177e-12,1.7227314171795563e-15,1.7227314171795563e-15,1.3113028018333319e-13,0.48449899209297576,4.0244790896982017e-11
openst_spot_00007993,0.002480683472862745,2.504787205119775e-15,2.0098690808234385e-15,3.702728367663262e-09,2.6152743699210097e-06,4.933644120854474e-09,3.8709068826279193e-07,1.0194250461618548e-07,2.0098690808234385e-15,2.0098690808234385e-15,0.012383644520007824,0.9851325590631835,2.0098690808234385e-15
openst_spot_00008033,4.41996852773604e-08,0.08261247039225002,1.6939828534154007e-15,0.026227094721885714,1.116158260424864e-08,2.859552185110538e-08,2.993891650271694e-06,0.005366613244026452,1.6939828534154007e-15,0.049382656055518295,2.8347423702196703e-06,0.807669854251681,0.028735398743824993
openst_spot_00008037,0.037914435276676546,9.465133683449966e-05,0.0069281389696191215,0.0009755723329068821,1.6543296056053755e-15,3.833619220896966e-14,1.6543296056053755e-15,1.6543296056053755e-15,1.6543296056053755e-15,0.015381753154361421,1.6543296056053755e-15,0.8757187441365307,0.06298670479302407
openst_spot_00008067,1.9094244734620736e-15,0.007544083042286597,3.8247177816887386e-11,1.9094244734620736e-15,0.9651999366320928,4.7368679637066916e-07,1.2925288893144346e-08,4.23985822857072e-05,0.0005655658317132499,0.005244928849999422,0.007840892071740463,0.013561700467369873,7.872175549754347e-09
openst_spot_00008111,1.7746652574043999e-15,0.08967977756961784,1.7746652574043999e-15,1.7746652574043999e-15,1.7746652574043999e-15,1.7746652574043999e-15,1.7746652574043999e-15,1.7746652574043999e-15,1.7746652574043999e-15,1.7746652574043999e-15,1.7746652574043999e-15,0.9103202152432402,7.187124152193882e-09
openst_spot_00008230,0.2760236414294363,0.0003069923978132486,1.8274787582352567e-15,2.899435458043653e-12,2.863969601726541e-15,5.803718315256204e-13,1.3398204789789001e-11,1.8274787582352567e-15,1.8274787582352567e-15,1.8274787582352567e-15,3.404977522890568e-12,0.5952209052139237,0.12844846093853357
openst_spot_00008241,0.4409792760590822,0.1382819414615336,1.7585563203887252e-15,8.81906743124457e-06,1.7585563203887252e-15,1.7585563203887252e-15,2.352582273391681e-15,1.7585563203887252e-15,1.7585563203887252e-15,1.7585563203887252e-15,1.7585563203887252e-15,0.42072937546208056,5.879498572967703e-07
openst_spot_00008384,1.589975076219858e-15,1.593230097246931e-13,1.589975076219858e-15,8.092451084587059e-11,1.589975076219858e-15,1.589975076219858e-15,1.589975076219858e-15,1.589975076219858e-15,0.008044284432971612,1.8739873556610642e-14,1.589975076219858e-15,0.9903045691796711,0.0016511463062436544
openst_spot_00008551,4.943832498669937e-09,1.7350555624961993e-15,0.023628117901392708,0.014034842305871344,0.9111756407971382,0.00028338475076752814,0.001377432892377297,0.0036527437413982323,0.03363931153916122,0.010923064449352659,0.001285406359809699,5.031889488617202e-08,1.7350555624961993e-15
openst_spot_00008554,1.7173866315477472e-14,1.784435774623471e-15,1.784435774623471e-15,1.871545309921969e-08,0.9685863885134958,3.1965040826811395e-10,3.096423054434901e-08,2.8938978094623635e-06,2.295988887284401e-13,0.004995035588799823,5.1434955034483675e-05,0.016144121387144588,0.010220075658131371
openst_spot_00008570,1.8135358429319686e-15,1.8135358429319686e-15,1.8135358429319686e-15,1.8135358429319686e-15,4.424250803712947e-14,3.747531281798328e-15,1.8135358429319686e-15,2.865031432192823e-12,1.8135358429319686e-15,2.7060883469839873e-12,6.0360917556366954e-09,0.4763054640785119,0.5236945298797663
openst_spot_00008691,1.8200794663974098e-15,1.8200794663974098e-15,1.8200794663974098e-15,1.8200794663974098e-15,1.8200794663974098e-15,1.8200794663974098e-15,1.8200794663974098e-15,1.8200794663974098e-15,1.8200794663974098e-15,1.8200794663974098e-15,1.8200794663974098e-15,0.9183378763993454,0.08166212360063457
openst_spot_00008701,0.5953328514079432,1.830967324432464e-11,1.81102365649158e-15,2.7083917336485907e-09,1.81102365649158e-15,3.02060518876994e-11,1.0961936959918982e-08,1.250267110646123e-09,1.3909321487137064e-14,0.19107913300919266,6.974051734090547e-13,0.15387804583459247,0.059709954778445075
openst_spot_00008702,0.4662023582890827,2.4856335530938636e-13,0.0005733110315932135,1.0854562515964343e-06,4.9998522022710135e-06,0.006545009936232336,0.016413177465533665,0.003444041359709672,2.640746643236465e-12,0.2981367320685592,0.0006843770483918261,0.19542326756533496,0.01257163992421948
openst_spot_00008743,1.6686180870062445e-15,0.011631063099545133,1.6686180870062445e-15,1.6686180870062445e-15,1.6686180870062445e-15,1.6686180870062445e-15,1.6686180870062445e-15,1.6686180870062445e-15,1.6686180870062445e-15,1.6686180870062445e-15,1.6686180870062445e-15,0.9883689368998884,5.497252347218391e-13
openst_spot_00008824,0.3721335136099003,1.3054670888897917e-06,1.5502403831299873e-15,1.2306823346633473e-07,1.5502403831299873e-15,1.5502403831299873e-15,1.5502403831299873e-15,1.5502403831299873e-15,1.5502403831299873e-15,0.6117500191590283,1.5502403831299873e-15,0.0002361388383162453,0.015878899857422156
openst_spot_00008834,1.8234556642989486e-15,1.8234556642989486e-15,1.8234556642989486e-15,1.8234556642989486e-15,6.18933733378955e-09,5.851898719820091e-13,1.7411959128183535e-14,6.659393801851494e-07,1.8234556642989486e-15,1.8234556642989486e-15,6.92030494264765e-10,0.9904446744497699,0.009554652728868544
openst_spot_00008922,1.8952079557142432e-15,1.8952079557142432e-15,2.6574786204997854e-05,1.8952079557142432e-15,0.12890558266803567,0.07907692471326848,3.347809022862541e-05,0.004985599291179301,0.011033204627375464,0.003449444210603373,0.7380927225470904,0.034393164031359086,3.305034648888942e-06
openst_spot_00008940,0.06650153470727782,1.8170974366414905e-15,1.8170974366414905e-15,4.64790212985086e-08,1.8170974366414905e-15,4.471608550267655e-12,2.1169098893804756e-09,4.394424150435887e-10,1.8170974366414905e-15,0.09141305685987217,4.414261819937768e-10,0.8005377793042738,0.04154757964729758
openst_spot_00009046,8.890173871186373e-11,1.0850094198863832e-13,0.036983049914786265,1.8148294771742305e-15,0.18350546087454922,0.17760738651739347,0.09264135839299789,0.16756490597797047,1.8148294771742305e-15,1.8148294771742305e-15,0.3266413141332992,0.015056524099985867,1.8148294771742305e-15
openst_spot_00009168,1.6058749986037033e-13,0.012333356258357412,0.03545105577537511,1.847281636926426e-15,0.03648107338482147,0.0640379147266219,0.25453513216579954,0.07754251155459176,1.7018004692623208e-05,1.847281636926426e-15,0.5181641296799878,1.3854483841991888e-06,0.0014364230012037331
openst_spot_00009244,3.1856755420597886e-09,0.036341151950994084,1.6014638819176898e-15,3.328153203097899e-08,1.6014638819176898e-15,1.6014638819176898e-15,1.2057503892948892e-14,1.942259203084648e-15,7.370776050761963e-11,0.00789209874505908,1.6014638819176898e-15,0.914297871212347,0.041468841550664194
openst_spot_00009284,6.723801446317903e-14,0.003975278366962224,0.022226047930091433,1.7637551633177864e-15,0.04913818638584867,0.45519248829741205,0.00017595181737486293,0.06306870600199486,4.80725231004615e-05,0.0018603232309429266,0.4043149454461999,1.7637551633177864e-15,1.7637551633177864e-15
openst_spot_00009296,1.941452348730741e-15,1.941452348730741e-15,0.0007675184143728641,1.941452348730741e-15,6.85872105919822e-07,4.896370454399072e-06,6.5820905132024695e-06,3.60220792724325e-05,3.655491018435365e-12,1.941452348730741e-15,0.07047885763582282,0.9278939592032045,0.0008114783305905312
openst_spot_00009410,3.4691301902694165e-07,1.7583913633774718e-15,0.11352583611585608,7.480486729402574e-09,0.041473668699904626,0.13024714848027244,0.0044272807258214685,0.09655065753143569,2.96045574900708e-14,0.009577056438048489,0.6041979976151205,1.7583913633774718e-15,1.7583913633774718e-15
openst_spot_00009420,1.96092838278033e-08,3.406792576409838e-15,0.001554069060534636,6.254119054705412e-14,0.061360986249445686,0.0005063628476615833,0.00021857669928198293,5.009045196550771e-07,0.013245632996907487,0.0005512006253530271,0.00010012356390270233,0.9224624849725495,4.247049420687227e-08
openst_spot_00009537,2.361937316013908e-07,1.805995019473977e-15,1.158758616520878e-10,2.0485529158170476e-13,0.351188749742155,0.010731254949275742,0.21693749702669832,0.047530294146486476,8.651008061749599e-12,0.001963036938563292,0.3640193424160955,5.401441797119767e-14,0.007629588462206648
openst_spot_00009657,2.578363215494474e-13,1.798345436883387e-15,9.589508111679132e-05,1.798345436883387e-15,0.3153904693155039,1.5151284185619987e-05,0.012669242920466091,0.04470220470670527,1.798345436883387e-15,1.798345436883387e-15,0.6271268899641276,1.4672756892107732e-07,6.073484711809078e-14
openst_spot_00009659,4.609242765416609e-13,1.7922783362310667e-15,0.002310557733407525,1.7922783362310667e-15,0.22438935182814768,0.026516379944613856,0.0038443625063257626,0.19367677336512187,2.0854304419777888e-07,2.8384410505939057e-13,0.5177312602758146,0.031531105802774365,1.7922783362310667e-15
openst_spot_00009672,1.2775291811863271e-15,1.2775291811863271e-15,1.2775291811863271e-15,1.2775291811863271e-15,1.2775291811863271e-15,1.2775291811863271e-15,1.2775291811863271e-15,1.2775291811863271e-15,0.004631359306418868,0.995368640693567,1.2775291811863271e-15,1.2775291811863271e-15,1.2775291811863271e-15
openst_spot_00009678,0.07067532722840485,1.741915557825248e-15,1.6150983891309786e-06,0.0018831507179910354,1.2879230465184783e-14,2.699433763863774e-05,0.000825686891287288,1.775163101752249e-07,0.043550339601454914,0.8686078936921566,6.669677458683291e-12,0.014428814909681242,1.741915557825248e-15
openst_spot_00009859,0.041126835942425326,0.005308376272887314,1.7400869851051721e-15,4.678070833648316e-06,2.5629490025837376e-05,1.205143479457125e-07,1.4739341200626003e-06,0.01882083047677695,0.002456849765121161,0.04148480539254205,3.792100282407698e-06,0.7001568727698503,0.19060973527078512
openst_spot_00009898,3.682291923901123e-10,0.006924607617989913,0.003723424828883434,1.9039196812750807e-07,0.21740714135630304,0.0002251073543892516,0.05393451573176454,0.0009271835545180269,1.7309745875176775e-15,1.7309745875176775e-15,0.7136245974066552,1.7309745875176775e-15,0.0032332313892941534
openst_spot_00009975,0.3275454728798757,0.013396346201119748,1.5928762296244547e-15,1.7820843463670336e-06,1.5928762296244547e-15,1.5928762296244547e-15,1.5928762296244547e-15,1.5928762296244547e-15,1.5928762296244547e-15,0.598404052058284,1.5928762296244547e-15,0.06065113936533928,1.2074110238984707e-06
openst_spot_00010034,1.7621735637830723e-15,1.7621735637830723e-15,2.9124702021077525e-06,1.7621735637830723e-15,0.06338698169635999,3.963719497306778e-07,2.52266259791024e-12,0.011555314426372915,3.981515770146538e-06,0.578021937089785,0.34702847642702855,1.7621735637830723e-15,1.7621735637830723e-15
openst_spot_00010097,0.5133082045257374,4.242189957459679e-06,1.808631709111292e-15,7.188111009287958e-07,1.808631709111292e-15,1.954406571141792e-11,3.444654757123084e-10,2.5110556603152083e-09,1.808631709111292e-15,0.0005410866702132567,2.215510857837849e-11,0.4861451557524069,5.891533584633279e-07
openst_spot_00010161,1.7525011038583473e-15,1.7525011038583473e-15,0.029711807640858616,1.7525011038583473e-15,0.022204701644714497,0.0075815418734970766,5.360474566283945e-05,0.06870794320750329,0.03390718393816964,0.32869578220537005,0.4683654136461037,0.04077202109811328,1.7525011038583473e-15
openst_spot_00010227,1.7070747574278195e-15,0.08585022742574479,1.7070747574278195e-15,1.7070747574278195e-15,1.7070747574278195e-15,1.7070747574278195e-15,4.0914138562163076e-15,3.755626553549273e-11,0.00013070445299270337,0.010009351681153394,1.0090628353493172e-12,0.8893867264191021,0.01462298998242903
openst_spot_00010259,1.5689178170587324e-15,1.5689178170587324e-15,1.5689178170587324e-15,1.5689178170587324e-15,1.5689178170587324e-15,1.5689178170587324e-15,1.5689178170587324e-15,1.5689178170587324e-15,0.001330273240568341,0.9986697267594143,1.5689178170587324e-15,1.5689178170587324e-15,1.5689178170587324e-15
openst_spot_00010260,1.7266620532311086e-15,1.7266620532311086e-15,1.1324307461910256e-09,1.7266620532311086e-15,0.04318108248175063,2.3915652062682184e-10,1.7266620532311086e-15,0.0027566347357158897,0.05265184708413309,0.7403265801200235,0.16108385420677923,1.7266620532311086e-15,1.7266620532311086e-15
openst_spot_00010261,1.285935771843087e-14,1.6876756097859736e-15,0.09712322090302107,7.253479582252649e-08,0.03600321212073804,0.04321233521915902,8.410409908957436e-05,0.0002793316293445784,8.617011179407086e-10,0.07463297122916704,0.7486647514029657,1.6876756097859736e-15,1.6876756097859736e-15
openst_spot_00010270,1.8052802248932525e-15,0.0022553131409973294,1.0518935689167882e-06,1.8052802248932525e-15,0.5520894259483083,3.0535908704135706e-05,0.07312981066568676,0.021159322194171857,0.006048246402692556,1.8052802248932525e-15,0.3452862938458609,1.8052802248932525e-15,1.8052802248932525e-15
openst_spot_00010273,2.8728721316770992e-05,1.704338887311117e-15,2.5650358634599446e-08,0.008212843754661895,0.9903075428132514,9.373022977191686e-08,1.9190447800352613e-08,3.061591247998523e-11,1.704338887311117e-15,6.684555893963342e-09,1.3888269081038553e-05,0.0014368511157938058,3.968371026365764e-11
openst_spot_00010275,2.7459766598549513e-07,1.725186299757217e-15,2.1662209189954682e-07,0.005917407420581119,0.7265981441595525,0.0001867657451097124,0.0028522796496576277,4.986770650266443e-05,0.012043729102794163,0.0018215727263237592,0.25052974226971525,1.725186299757217e-15,1.725186299757217e-15
openst_spot_00010295,0.013624938873680964,1.5767658960336663e-09,0.0005271251474033794,5.850895113599984e-08,0.04291549673419933,0.0004323563142725272,0.00010596213425632959,0.0005633717505277452,0.04100922286333954,0.006731469585996098,2.963710230212089e-07,0.8940862687895459,3.4313500381938605e-06
openst_spot_00010334,1.6054518433491415e-15,4.7665276168052025e-06,0.0002023327487164771,1.6054518433491415e-15,1.6054518433491415e-15,3.1451517072136036e-15,1.6054518433491415e-15,1.6054518433491415e-15,7.103769153789578e-13,1.6054518433491415e-15,1.7319129275356692e-12,0.9650256485940066,0.03476725212720514
openst_spot_00010357,3.092656286325848e-05,1.5473968636390074e-05,1.4338375898807081e-15,0.007647077563290964,1.4338375898807081e-15,1.4338375898807081e-15,1.4338375898807081e-15,1.4338375898807081e-15,1.4338375898807081e-15,0.9923065197779702,1.4338375898807081e-15,7.925552712050115e-10,1.3346737537742883e-09
openst_spot_00010457,0.006003946182699044,1.0810396020377264e-06,1.2321733068343291e-06,0.04413268474462231,5.4742841876541945e-11,8.250225012153103e-09,4.5978596199090754e-08,1.2656075453969746e-10,1.648010393011822e-15,1.5990859254770519e-12,2.8694019938753954e-09,0.9498609985786405,1.648010393011822e-15
openst_spot_00010480,1.3622383818070258e-15,1.3622383818070258e-15,1.3622383818070258e-15,1.3622383818070258e-15,1.3622383818070258e-15,1.3622383818070258e-15,1.3622383818070258e-15,1.3622383818070258e-15,1.5143753875210866e-09,0.9999999984856096,1.3622383818070258e-15,1.3622383818070258e-15,1.3622383818070258e-15
openst_spot_00010514,2.027945797442958e-08,1.8240947636631963e-15,3.13848271807773e-05,1.8240947636631963e-15,0.31337143931337447,0.046578182370954006,0.006561931319991604,0.04870559418318801,0.14702668725519527,2.87877555778053e-08,0.4377244110552877,5.128676298038477e-08,2.693208478485952e-07
openst_spot_00010540,0.26552442616748045,0.043556263447338615,0.0009793723766510951,1.054088730702927e-09,0.003803758860356577,0.0841031083798604,0.19158037958592378,0.000136568352077026,0.15162603531427682,0.1528128016029828,9.126747818284686e-07,0.10587637218418007,1.843710106552288e-15
openst_spot_00010551,0.03880090111489089,0.0035732761719901515,6.599003781597772e-14,0.029876775068120226,0.013246900157549098,0.00040148122362309717,0.011195063894057713,0.01658124428571046,7.616428725986594e-11,0.04040426955362814,0.004278704047939801,0.8416413844062581,1.992234965196332e-15
openst_spot_00010568,1.7783002360788845e-15,0.09555195192476161,1.7783002360788845e-15,1.7783002360788845e-15,8.311181665012616e-12,1.7783002360788845e-15,1.7783002360788845e-15,1.071921989259237e-11,8.957485538306917e-15,1.7783002360788845e-15,4.803101847958199e-12,0.871127181324535,0.03332086672685013
openst_spot_00010635,9.879150951785969e-08,1.8133601371976398e-15,1.8133601371976398e-15,4.9500902666008965e-09,0.1937541985409879,0.05231813520298912,0.01927909436171429,0.04624579551481778,0.11081478503181297,1.4769350751267493e-13,0.5775878876058709,5.393568674581934e-14,1.8133601371976398e-15
openst_spot_00010647,1.7390330558329222e-15,1.7390330558329222e-15,8.641623579741311e-07,1.7390330558329222e-15,0.05809910165214369,4.478099693501651e-08,6.263114009236024e-11,0.04766678078747828,0.02482978052335702,0.8540608721832657,0.015342555847760475,1.7390330558329222e-15,1.7390330558329222e-15
openst_spot_00010651,1.7925045709686133e-15,5.978566532870928e-11,0.06738864150694472,1.7925045709686133e-15,0.02332318542326522,0.013471658668427058,0.024091158493807673,0.052081545234973235,0.18607407677062393,0.505192408521721,0.1244928286674879,3.5060139769153786e-06,0.0038809906389830604
openst_spot_00010692,0.4961506148116469,0.004862638356493998,9.39744199837958e-13,2.1375002454856004e-06,9.332101179997537e-09,1.614463539547102e-15,2.1941405849607664e-13,1.614463539547102e-15,1.614463539547102e-15,0.3167166719105542,1.614463539547102e-15,0.1810046051539153,0.0012633229338770403
openst_spot_00010767,1.0300523452824305e-05,1.8114333274010316e-15,0.03021466633770277,1.6567630456142765e-10,0.030407855762822532,0.008202823864657304,0.551475637124465,0.0021631668262964425,6.757591726037575e-07,0.204527436796262,0.034697757543597704,0.11264398406165946,0.02565569523423335
openst_spot_00010775,1.3732889787955872e-15,1.3732889787955872e-15,1.3732889787955872e-15,1.3732889787955872e-15,1.3732889787955872e-15,1.3732889787955872e-15,1.3732889787955872e-15,1.3732889787955872e-15,0.1684667391833834,0.8315332608166015,1.3732889787955872e-15,1.3732889787955872e-15,1.3732889787955872e-15
openst_spot_00010781,0.002334897087206234,3.3105821482454223e-09,0.0030665204302208395,4.132093918725306e-09,0.03891433182391509,0.13633378683765474,0.28306402852899,2.0017291440582844e-06,0.2695202820341772,0.1768538634751207,3.256727404332463e-06,0.08990675952588749,2.643576031241639e-07
openst_spot_00010782,2.4760588920381302e-08,0.006566833078604487,0.00011130219468942383,9.08554345498799e-12,0.06365413649261656,0.15779710139124872,0.4127860933533595,0.029475536984691922,0.006764317138591998,0.2492973181833377,0.0016521222563722594,0.05704472575423382,0.014850488402579146
openst_spot_00010783,4.9905365673731005e-14,0.0013532143826731802,5.49630282218732e-13,1.849133589125084e-15,0.05683449545950765,0.0016635729908787563,0.3020657627331425,0.1286608249034773,0.0023383560453133535,0.4308721579899818,0.0060654658316483855,0.07014614958434501,7.843071265274801e-11
openst_spot_00010784,1.807678265495625e-15,1.807678265495625e-15,2.337222071515204e-10,1.807678265495625e-15,0.0001586649090094876,1.0934986473331454e-07,4.152861858137065e-06,0.00030460654607983214,0.04371277255402323,0.9558185152143531,1.1783310802026843e-06,1.807678265495625e-15,1.807678265495625e-15
openst_spot_00010874,1.7274116484568604e-15,1.7274116484568604e-15,1.8494527622226467e-05,1.7274116484568604e-15,1.611372799474838e-08,4.048814007784025e-06,1.9711521058556253e-10,0.0002940493819445188,1.298159026970286e-09,2.440306164938741e-13,0.9996833896671704,1.7274116484568604e-15,1.7274116484568604e-15
openst_spot_00010878,1.7485228466507409e-15,1.7485228466507409e-15,0.07654392470234474,1.7485228466507409e-15,0.000183471197824943,0.42889198696139363,4.184972078730597e-11,0.10825278663324614,0.01007426130223623,0.08397395538725494,0.2920796137738409,1.7485228466507409e-15,1.7485228466507409e-15
openst_spot_00011044,1.8884839859976076e-15,0.3325334832036396,0.016588799939541404,1.8884839859976076e-15,0.03864229175534394,0.0003570437486939492,1.6109510921108389e-06,0.0012253989602383393,0.000207909168996682,0.014345843736076854,0.00054931695677375,0.5893693386917687,0.0061789628878309265
openst_spot_00011046,1.7162880114950877e-15,0.9341063272482728,1.041544654931756e-06,4.577628026105072e-08,0.00018720314034865348,2.3127014894149327e-05,3.1177006191133724e-06,0.008565673059744544,2.3199655140543366e-06,0.015948293517634996,0.041162851032031315,1.7162880114950877e-15,1.7162880114950877e-15
openst_spot_00011089,0.013283490239702015,3.3482973934687682e-15,1.875407166086779e-15,0.006419459550397045,2.602925075718042e-12,3.1565515080968453e-09,2.0935549257789513e-07,4.554433186306184e-08,0.01712955883798545,0.03729264760405054,6.719248767190266e-08,0.8780679923283562,0.047806526188037
openst_spot_00011127,1.7823691325801814e-15,4.374091315588879e-11,0.050785428422703706,1.7823691325801814e-15,0.17313403760105245,0.005992689700746761,1.4829865151504612e-05,0.009613269171137582,0.2595859749974884,0.49125063987664097,0.008339960127173543,0.0012831701935163702,6.443015476178483e-13
openst_spot_00011148,1.762367378384345e-15,1.762367378384345e-15,0.01073918730105211,1.762367378384345e-15,0.5378099806375137,0.09360353784633998,0.06369802400657514,0.1320233967185355,0.12064335321810134,1.8904019096371942e-05,0.03267884177243844,0.008784774480340431,1.762367378384345e-15
openst_spot_00011159,1.4494107873273251e-15,1.4494107873273251e-15,1.4494107873273251e-15,1.4494107873273251e-15,1.4494107873273251e-15,1.4494107873273251e-15,1.4494107873273251e-15,1.4494107873273251e-15,1.7747126577732937e-14,0.9999999999999662,1.4494107873273251e-15,1.4494107873273251e-15,1.4494107873273251e-15
openst_spot_00011271,1.7100425112736725e-15,1.7100425112736725e-15,3.864707230748166e-13,1.7100425112736725e-15,0.9995206534058885,1.235950963676734e-09,2.430923784485242e-09,2.9350128746345875e-08,6.968824845354499e-13,0.00029737792729035755,0.0001819356487257837,1.7100425112736725e-15,1.7100425112736725e-15
openst_spot_00011293,0.308876736563684,0.6882780433053242,1.6413160735246673e-15,0.002845220130855983,1.6413160735246673e-15,1.6413160735246673e-15,8.864963007943877e-14,1.6413160735246673e-15,3.377524489176338e-14,1.6413160735246673e-15,1.6413160735246673e-15,1.6413160735246673e-15,1.6413160735246673e-15
openst_spot_00011367,3.1281238289015993e-09,1.8164876902452743e-15,3.772572543608616e-06,7.061745707194986e-12,0.44368879178028425,0.06767461736810634,0.000975969597839998,0.02867861295806522,2.207578807850575e-11,0.00892771467603501,0.4216454061803817,0.00572423559843412,0.022680876111046577
openst_spot_00011408,1.923803245642924e-15,0.05715214182617301,1.923803245642924e-15,1.923803245642924e-15,7.577807640350728e-11,3.2510914015993037e-11,5.471707432269311e-09,0.05032839412011078,4.162631820209485e-14,0.047495560097078914,1.3376176029216741e-09,0.8450238970387323,2.436967832315148e-13
openst_spot_00011478,1.7618088666499708e-15,1.7618088666499708e-15,0.009752851746598224,1.7618088666499708e-15,0.00020376626096886091,3.662684793378142e-09,1.7618088666499708e-15,2.549856520207831e-05,0.41132917840109945,0.5783759676062286,0.00031273375720745054,1.7618088666499708e-15,1.7618088666499708e-15
openst_spot_00011489,1.8153089575819553e-15,1.8153089575819553e-15,6.23868433031087e-11,1.8153089575819553e-15,0.6980431169881972,1.137015682624845e-06,6.494106212949101e-08,0.0007780104925691584,1.8153089575819553e-15,0.009690853989113027,0.2914868104458241,1.8153089575819553e-15,6.065155708137618e-09
openst_spot_00011511,1.5929612370382317e-05,2.638639707125049e-07,4.121449149048021e-05,2.4646560659679044e-11,0.3665466216029162,0.0974863289682593,0.4722852284967151,0.03746088275681737,0.00045443135929814244,0.020909765222137423,0.001940811278695333,0.0028585223226814476,1.7661245272016904e-15
openst_spot_00011523,4.825443289897129e-07,1.814893180049159e-15,2.510809967093306e-08,1.9640213019529817e-09,0.0012343964847821515,0.009266170839195655,0.022574228569862687,0.030035524526087556,0.291579002121012,0.18179799960879833,0.4464787976334117,0.00011240513903855837,0.016920965461359502
openst_spot_00011546,1.0823111832828652e-08,0.0428642992434943,0.0010639359456232965,4.507816824980457e-05,6.931457962331621e-15,2.2855877726446575e-07,2.163272078887885e-06,6.466838145225755e-08,0.0018792315636581257,0.0029979421114135524,6.089710339879465e-06,0.9503961885692315,0.0007447673656331621
openst_spot_00011600,1.790784416180412e-15,1.790784416180412e-15,0.0002665178411251474,1.790784416180412e-15,2.848606368346214e-06,3.76267802552907e-08,1.790784416180412e-15,0.0010458112510552953,0.05339981382885986,0.6216648980830187,0.32362007276278154,1.790784416180412e-15,1.790784416180412e-15
openst_spot_00011653,1.7256381953050773e-15,0.046359092449790064,4.070939501395645e-10,1.7256381953050773e-15,3.115437241172003e-12,6.53245534595042e-09,4.0754081815992076e-11,1.4671963635480424e-07,0.0083212406512117,0.03846268213265755,2.1159185178695642e-07,0.8976378573042981,0.009218762167132261
openst_spot_00011675,0.08729823851271766,0.23547469968022575,3.093042648556284e-05,4.627444652208288e-06,3.044343489628469e-10,0.004255619334865843,0.022734054820322907,0.0034424891643523767,7.385477745867392e-09,0.04297557362074321,0.028542129339950498,0.530001510088189,0.04524011987758321
openst_spot_00011688,3.621083361388961e-08,0.06243992383279779,1.721032872670493e-15,2.731735301340141e-10,1.721032872670493e-15,1.799271069486279e-13,3.3916831076264983e-11,7.345760386624177e-14,0.010373775255662122,0.008424890016602096,2.5296957210943568e-11,0.9100106795432842,0.008750694808176035
openst_spot_00011764,0.003446531420165921,0.00836789026442544,0.008974939628957094,1.381774501254862e-05,0.6162257363554687,0.009943165413702068,0.00043538279985113893,0.030485541361572423,0.013036498267259248,0.02944773879013757,0.2668786904644575,1.963272400290304e-06,0.012742104216590095
openst_spot_00011877,0.0006317676060376174,1.6960946160016343e-15,2.0005107100756463e-09,2.0697667890915895e-08,0.8310505084000746,2.7573886684013137e-05,0.10693565385099481,0.00010190151226454064,0.0070848760486768286,0.042742088629941104,1.4581429031342369e-05,0.008804095564209007,0.002606930373906004
openst_spot_00011889,5.596830992655512e-11,0.010229817797746964,1.5892500744506208e-08,1.4574019356028757e-12,0.22812548722378279,0.00010813412755268013,0.001187424922037131,0.005746854822171276,0.2057690390038691,0.10463658480044433,0.44005527322268956,2.5213867946604584e-13,0.004141368129527629
openst_spot_00011894,0.006511533223043014,1.6819710660977354e-15,0.006251198465812934,0.1615002534331561,1.693329769241148e-10,2.134567295072222e-06,0.002208486199764574,4.1553961284188325e-05,9.40507592153383e-12,0.8234848241249205,1.58459803998465e-08,1.6819710660977354e-15,1.6819710660977354e-15
openst_spot_00011906,1.5810192611776237e-15,0.871625346366124,1.5810192611776237e-15,1.5810192611776237e-15,1.5810192611776237e-15,1.5810192611776237e-15,1.5810192611776237e-15,1.5810192611776237e-15,1.5810192611776237e-15,1.5810192611776237e-15,1.5810192611776237e-15,0.1283746052760502,4.835780966662015e-08
openst_spot_00011908,2.187798023968277e-09,0.31634934545583626,1.8384330972421017e-15,9.929425449349483e-14,3.887204519854908e-06,4.802207048608125e-08,1.1045565447939002e-05,0.003788054152790112,0.0023573294655100624,1.8384330972421017e-15,0.015007162015242126,0.6624805907367309,2.5351939512938527e-06
openst_spot_00011943,0.2047863095704252,0.07579168713255767,1.9072953078009363e-15,4.0889268106086035e-08,2.3567317025846926e-10,5.307253697265774e-08,9.15574488355292e-05,0.007643018086795975,0.04120637794710071,0.0009842176864339543,1.549337443303864e-06,0.5865092651528494,0.08298592344007805
openst_spot_00012021,1.4684594142031145e-07,2.4778930140723044e-09,0.0029644550767241014,3.118722342857314e-11,1.5220187712837723e-12,2.9099052403761984e-05,3.538435543762891e-06,0.01665089432157832,5.482284131271006e-08,0.04739049167652935,1.284619300886181e-06,0.9329596824646635,3.501738712923896e-07
openst_spot_00012118,1.992214267219898e-06,0.0007143669642860776,0.018166405438602835,5.620448124675445e-13,0.02462265258254886,0.10171364204472715,0.4709377562907759,0.009312226599761947,1.8693631814725598e-05,0.05709787050731212,0.26367146715547746,0.05020078616974356,0.0035421404001200435
openst_spot_00012137,1.5851515519175655e-15,1.5851515519175655e-15,1.5851515519175655e-15,1.5851515519175655e-15,1.5851515519175655e-15,1.5851515519175655e-15,1.5851515519175655e-15,1.5851515519175655e-15,7.788027158720095e-07,0.9999992211972665,1.5851515519175655e-15,1.5851515519175655e-15,1.5851515519175655e-15
openst_spot_00012140,1.2629841231866854e-15,1.2629841231866854e-15,1.2629841231866854e-15,1.2629841231866854e-15,1.2629841231866854e-15,1.2629841231866854e-15,1.2629841231866854e-15,1.2629841231866854e-15,1.2629841231866854e-15,0.9999999999999848,1.2629841231866854e-15,1.2629841231866854e-15,1.2629841231866854e-15
openst_spot_00012166,0.04272996290026407,5.470299910076985e-11,1.925465077754895e-15,4.691063975247123e-05,6.630618498058418e-07,1.3139986600968407e-05,0.06785424873618745,0.007720257079065199,1.925465077754895e-15,0.05890308855436183,0.0007584082714102984,0.6809111394072396,0.14106218130856144
openst_spot_00012209,1.7708233147551711e-15,1.7708233147551711e-15,9.179797184630143e-12,1.7708233147551711e-15,0.3662392176256191,1.528657675530229e-12,1.7708233147551711e-15,0.0002478360164488565,2.646797509071126e-09,0.5329453114088925,0.10056763229152284,1.7708233147551711e-15,1.7708233147551711e-15
openst_spot_00012252,4.3408093814125836e-07,0.008467322681250253,0.011895668561430879,8.75768636235756e-06,0.9167504791283067,2.908044243212172e-05,8.476501020950842e-06,2.2313454132156673e-06,1.2643512646828866e-06,0.020061790878010764,0.021324227649490525,0.02145026669407766,1.7120215648194223e-15
openst_spot_00012349,0.009615531907427992,1.4420137253806342e-07,0.025459339843837695,3.0529383189336716e-07,0.0006563140183262099,0.010394762531077769,0.0067619544309205715,0.002562480831233592,0.008790400196570826,1.8402747828832213e-15,0.021081379586637104,0.8576788297865668,0.05699855737219526
openst_spot_00012362,1.5815122536287952e-09,0.002135986848415044,0.013297404830588255,9.737641322953936e-13,0.07999199446291319,0.1632223859061827,0.05393483602044877,0.05338583255492141,0.00042617111717038617,0.09150155908530731,0.43810206400915414,0.09647751415667756,0.007524249425735327
openst_spot_00012367,1.7507137816727237e-15,1.7507137816727237e-15,1.7507137816727237e-15,1.7507137816727237e-15,0.7929518816833225,1.7507137816727237e-15,1.7507137816727237e-15,2.7937930039377477e-11,0.16536324749292905,0.04165983650971617,2.1398752840676835e-11,1.7507137816727237e-15,2.5034264683154152e-05
openst_spot_00012397,0.9065784484166619,0.0925475301431087,1.9652881690880096e-10,0.0008309130482639446,1.1611317392166781e-05,1.8517595459075622e-10,3.1496604979520566e-05,1.2302751635911184e-12,2.8042363824102566e-14,1.7406110921031543e-15,8.026102223065437e-13,8.582439550663681e-11,1.7406110921031543e-15
openst_spot_00012462,4.9519828878215826e-09,1.7878856258112468e-15,1.148124959708214e-10,4.177902665776318e-12,0.0009501367349145784,0.00014093555563048562,0.000263390828585065,3.103590601729221e-07,1.7878856258112468e-15,1.7878856258112468e-15,0.9860509293026393,0.012594292148189981,1.7878856258112468e-15
openst_spot_00012485,0.021210749911979618,0.011505232953929736,0.044523555097457604,5.780164204075748e-11,0.26942610846086495,0.010970440175068586,0.0063543250892751715,0.01594732516529285,5.564748550466896e-12,0.014201575576677122,0.5630862687406488,0.042774418765419306,1.983586299001354e-14
openst_spot_00012490,1.761940768533297e-15,1.761940768533297e-15,3.2105714524639685e-15,1.761940768533297e-15,0.9999499517040443,1.2357930466648823e-11,2.878522106340639e-14,3.7899138731020256e-08,2.8534637025448913e-05,1.761940768533297e-15,2.1475747390871014e-05,1.761940768533297e-15,1.761940768533297e-15
openst_spot_00012501,0.0017060229554255752,0.0038166250600186213,2.6384835158282453e-05,0.0245730897086158,0.09499383203430824,0.0014880443894172,0.03075079842675284,0.02869955282691036,0.6664166317713736,0.13816399905602328,0.0013568307965479134,0.00800818813944655,1.7060522736493449e-15
openst_spot_00012533,1.6307583410997764e-15,2.5070285516983526e-07,1.6307583410997764e-15,1.6307583410997764e-15,6.6250996091455836e-15,1.6307583410997764e-15,1.6307583410997764e-15,7.332078871913668e-13,0.009904355334283993,1.6307583410997764e-15,7.35318137707415e-12,1.9119048603792555e-12,0.9900953939528461
openst_spot_00012597,0.11831822277332825,1.871527776873514e-15,1.2254757505817847e-09,0.004451266577233382,1.6332346910291751e-07,0.004673039615472445,0.0002809455019225748,0.0023949268993904006,0.0031932983813463284,4.578342719484741e-12,0.06334445377121582,0.8011102199144192,0.0022334620121464374
openst_spot_00012608,1.736668132415958e-11,0.0027831870095613703,3.7540608144892066e-06,2.2090855993414824e-15,0.6215118421806127,0.000978288260952292,0.0009428073910069893,0.020513080041049268,0.028722146315081052,0.03242558696020564,0.24984443621121674,0.04227487137218108,1.7994950643097805e-10
openst_spot_00012614,1.7536913190917965e-15,1.7536913190917965e-15,7.87659680774857e-06,1.7536913190917965e-15,0.9805219307298968,7.050084603040787e-08,2.0662922796393695e-12,5.275226302579896e-06,0.004019618402992262,0.015374936635061792,7.029190601772856e-05,1.7536913190917965e-15,1.7536913190917965e-15
openst_spot_00012629,0.3769724090866266,2.8759010346911117e-13,1.6645568847884827e-15,5.8947704053607064e-05,2.516734715118127e-06,5.564894121079558e-14,4.700016204133314e-09,5.242813662802353e-13,2.491964897443076e-14,0.4800715979096235,1.6645568847884827e-15,0.14289452386054055,3.5285844947593504e-12
openst_spot_00012638,0.4719243129015722,1.7418407304029742e-15,1.9923680412778024e-06,0.00028007122662661115,0.00014197539023200163,4.445013382332712e-05,0.3525012889985515,0.00022522899324914946,5.477387439501688e-12,0.1736137704026414,0.0003822035672989577,0.0008847010309643066,4.981520115483318e-09
openst_spot_00012725,5.313038930190776e-15,4.1888065331671694e-08,0.002771465872234317,1.8820002290339714e-15,0.2390295043143454,0.0368460989218634,0.3036823086199993,0.0264354272332439,1.539184776221684e-12,0.11284927766874756,0.19655170522678594,0.08183417022124369,3.192468788791712e-11
openst_spot_00012748,0.0640121265195973,1.8786271922482576e-15,2.1610683970270255e-10,1.8940539349007706e-08,0.005147173893949688,0.00010512156829128442,0.10858014141806047,0.010090040840435051,1.8786271922482576e-15,0.0842510823252946,0.001226497210392565,0.3240085549644516,0.40257924210287754
openst_spot_00012867,0.09157575556065606,1.7452298049914438e-15,6.431734347708539e-13,0.09521669497362147,8.596433286770854e-05,7.708945267329305e-06,0.25026011395253683,0.0004081558217177948,0.3900690081158576,0.17237596433860175,6.339582249340733e-07,1.7452298049914438e-15,1.7452298049914438e-15
openst_spot_00012908,0.36653892919991427,1.5607317033643574e-15,1.5607317033643574e-15,0.12236241685542958,1.5607317033643574e-15,1.5607317033643574e-15,1.5607317033643574e-15,1.5607317033643574e-15,0.1572541475759808,0.3450842050179078,1.5607317033643574e-15,4.103794270905618e-08,0.008760260312813638
openst_spot_00012968,1.7909653705801642e-15,1.7909653705801642e-15,8.348837926836557e-09,1.7909653705801642e-15,0.23482053723558843,0.0008276490844988233,0.0640261764966815,0.27828246220542935,1.0247544117084648e-09,0.12021967759886773,0.2715187933938795,0.004899180140697783,0.025405514470759158
openst_spot_00012999,2.3115667815173828e-08,1.5824919843448294e-15,1.5824919843448294e-15,0.0411009823244056,1.5824919843448294e-15,1.5824919843448294e-15,1.5824919843448294e-15,1.5824919843448294e-15,1.5824919843448294e-15,0.9588989945599107,1.5824919843448294e-15,1.5824919843448294e-15,1.5824919843448294e-15
openst_spot_00013034,0.3387696772138131,7.679366720866925e-11,1.9581723089244994e-15,3.389525623552697e-07,5.1874824027897025e-09,3.1917236544649254e-11,1.1325588180401701e-07,9.54805587322409e-06,1.9581723089244994e-15,1.9581723089244994e-15,4.774854276768535e-07,0.6608379745888207,0.000381865151421974
openst_spot_00013063,1.7479516403513183e-15,1.7479516403513183e-15,0.00031574695195301516,1.7479516403513183e-15,1.6631328768486172e-06,0.0003380589448171146,1.7417876721808247e-07,0.08272711081398598,0.18300130337553552,0.20049936462588047,0.5325917543039282,1.7479516403513183e-15,0.0005248236722484734
openst_spot_00013109,4.081061599409327e-12,0.004694612150338443,0.03623300361230749,0.02254168473512455,0.1310881502469439,0.00027457676087918063,0.08933084535551779,0.0017226086388416727,0.134150782290435,0.3455905083408469,0.23437322786468046,1.7283581634117357e-15,1.7283581634117357e-15
openst_spot_00013130,1.6848056521917895e-15,1.6848056521917895e-15,1.6848056521917895e-15,1.6848056521917895e-15,1.6848056521917895e-15,1.2005265129095279e-14,1.6848056521917895e-15,1.6848056521917895e-15,0.05677976757757769,0.9432202324223665,2.860538827526436e-14,1.6848056521917895e-15,1.6848056521917895e-15
openst_spot_00013134,5.592152461695639e-12,0.21230147608062988,1.9284110015430336e-15,1.9284110015430336e-15,1.1278573676105979e-08,3.3827055562960596e-09,3.149594391696279e-08,0.016944042810394116,0.004982430838849956,0.015035719809041516,3.739202148151358e-06,0.7507325450961152,1.9284110015430336e-15
openst_spot_00013154,0.6239966540253205,0.018569232269724914,2.557993455995749e-08,0.00017327623625661907,0.06810320326796267,6.230627521430754e-05,0.07204211525675094,0.003541146887222301,9.97229716996893e-09,0.20233125015544767,0.0034146470243158573,5.5487016046629874e-11,0.007766132994065374
openst_spot_00013188,0.008668616570452889,1.828258741736585e-15,5.218641774142234e-07,6.908636626173835e-07,0.1414673435152197,0.0010048689343493571,0.002335246041670508,0.021497879717771357,0.00014913498991139348,0.016354892142898193,0.8053443842606974,3.156110581908701e-13,0.003176421098871784
openst_spot_00013199,0.04520015688561234,1.9291167230933724e-15,0.01054622422646225,9.47594829516522e-05,5.6952984341284495e-06,0.026239284831703742,0.0015373124513750759,0.00012533306324374787,0.014255118883996552,1.9291167230933724e-15,0.08647019328938688,0.815299036390206,0.0002268851966236991
openst_spot_00013217,1.6890187960908317e-15,0.04277484562604268,0.002653759326579981,1.6890187960908317e-15,0.3363422526034848,0.0011956367285178959,0.00014985441718986544,0.02276907541106897,0.03268315750713367,0.01122012035879766,0.5502112980211423,3.700024053511154e-14,1.6890187960908317e-15
openst_spot_00013240,4.257174446685845e-07,6.8165744597188526e-15,9.67651654249563e-07,2.6514213035805744e-14,1.7957351861368072e-06,8.018883560785103e-05,0.002222661689482967,0.0259480108140002,2.238778466540224e-10,0.010200580209403258,0.03250471798423562,0.9290404970041223,1.5413495162611233e-07
openst_spot_00013283,0.561211085952629,1.396675484800226e-07,1.7391276186448336e-15,0.005389042770497755,0.043953845670805965,2.8382815788697453e-14,9.5287001717539e-08,4.3598671299531146e-11,0.13561495403917903,0.12107904766031385,1.7391276186448336e-15,0.11681864326285209,0.01593314564554171
openst_spot_00013343,2.0795499090209393e-14,0.01924024342442864,0.00012179031221799804,3.77034438533223e-13,0.14253425988043233,0.0013512451067634844,0.004705728037533339,0.007904654220544175,1.750668548091467e-15,0.024434842716172828,0.7997021538588392,5.082439551775977e-06,3.1168276257949262e-12
openst_spot_00013393,0.005671865288947129,1.6241760196627227e-15,1.6241760196627227e-15,0.14430508100920203,1.6241760196627227e-15,1.6241760196627227e-15,1.6241760196627227e-15,1.6241760196627227e-15,3.56511568203753e-07,0.8499724220717483,1.6241760196627227e-15,5.333076782320986e-10,5.0274585215281e-05
openst_spot_00013437,1.7711327794110944e-15,1.7711327794110944e-15,4.287192753902081e-08,0.0021979679785688187,0.04095112726215195,8.17518281989323e-06,3.585276514546844e-11,2.428693814679253e-06,1.0926622286937186e-05,1.7711327794110944e-15,0.9566668592132314,0.00016247213933893415,1.7711327794110944e-15
openst_spot_00013453,0.019460064190339542,1.7007855564517944e-15,0.12339190037504201,2.5226801487289584e-10,0.04382620413517267,0.01380768774708251,0.0011680544055930001,0.0014730847317247196,6.246928394322805e-05,0.014122501349982792,0.7604883530965703,0.0190077393847866,0.0031919410474931663
openst_spot_00013469,3.602730776166872e-05,1.7807848461855306e-15,3.1359365070556923e-06,7.622902939766346e-09,0.15308642704781,0.038018167856742946,0.06893381807619786,0.02713185571341497,1.4940057271872885e-10,1.811738888746539e-07,0.7033807645644553,0.009409614449354304,1.0156182673923166e-10
openst_spot_00013481,2.0289612179224207e-15,2.0289612179224207e-15,1.0990117270604491e-08,2.0289612179224207e-15,0.019086789445962364,4.702132438108117e-06,1.6573463887357152e-06,0.0005728455050802873,0.0004898547344755475,9.882607178241967e-10,0.02258304876825112,0.9339284273806495,0.023332662708370255
openst_spot_00013604,1.935033173647033e-15,1.935033173647033e-15,1.935033173647033e-15,1.935033173647033e-15,4.9534510008899764e-08,2.0100207479254388e-09,3.2174070929804686e-10,5.211576779857517e-05,1.935033173647033e-15,0.003957646304579548,0.0016270538488837578,0.9943615087335264,1.6234789306322275e-06
openst_spot_00013614,0.03202092565673778,0.0030957409712914765,5.006127302494117e-13,0.17477292948832984,1.6762174793554126e-15,4.2733160896850085e-12,7.49713557700267e-07,4.454610912358424e-12,0.0517132062808794,0.7383964478799288,4.136411585918546e-14,1.6762174793554126e-15,1.6762174793554126e-15
openst_spot_00013621,1.354715662983507e-15,1.354715662983507e-15,1.354715662983507e-15,1.354715662983507e-15,1.354715662983507e-15,1.354715662983507e-15,1.354715662983507e-15,1.354715662983507e-15,1.354715662983507e-15,0.9999999999999837,1.354715662983507e-15,1.354715662983507e-15,1.354715662983507e-15
openst_spot_00013633,0.3646345273830319,3.027478234346675e-09,0.005775635885952651,0.45287855172781427,9.366531162157586e-07,2.457745105743267e-05,0.07795487310772063,0.0001115889118025761,1.7739553298505958e-15,0.0985749149148119,4.4390320512169316e-05,1.7739553298505958e-15,6.166983816471308e-10
openst_spot_00013684,1.688636249673953e-15,2.1489864407488452e-12,0.052673645268967714,1.688636249673953e-15,2.2305556157649645e-07,3.0978547245857386e-06,1.2327269958276897e-12,0.04295059671695507,0.6225644428872992,0.15988082309015517,0.12192717112294812,1.688636249673953e-15,1.688636249673953e-15
openst_spot_00013694,9.993778144649e-09,0.002822098426168611,2.2147801269513336e-10,2.8735952780967684e-09,0.0004948398137850484,0.00022644538403960579,0.11718116901336034,0.04461352146999316,1.8213271343743005e-15,0.0030524927138809326,0.8315448647593301,1.8213271343743005e-15,6.455533058698543e-05
openst_spot_00013701,3.077802012151349e-08,1.7081751940804193e-15,0.028472472975069028,2.8225510510444437e-13,0.03817321382931606,0.00011435732517319154,8.316571273273124e-05,0.0007853724682574117,1.7081751940804193e-15,4.6903800034378676e-14,0.9202283076648692,3.1269783296725968e-15,0.012143079246226488
openst_spot_00013738,1.5588391291139406e-15,1.5588391291139406e-15,1.5588391291139406e-15,2.9374823257091154e-05,1.5588391291139406e-15,1.5588391291139406e-15,1.5588391291139406e-15,1.5588391291139406e-15,7.695368036396749e-11,0.9999706250997736,1.5588391291139406e-15,1.5588391291139406e-15,1.5588391291139406e-15
openst_spot_00013740,1.3524929083995687e-15,1.3524929083995687e-15,1.3524929083995687e-15,1.3524929083995687e-15,1.3524929083995687e-15,1.3524929083995687e-15,1.3524929083995687e-15,1.3524929083995687e-15,0.004067816227992738,0.9959321837719922,1.3524929083995687e-15,1.3524929083995687e-15,1.3524929083995687e-15
openst_spot_00013802,1.7510345170627042e-13,0.007089918651470648,0.017272936554687864,0.00175586073998825,0.0018406259910590803,0.00016117271867130005,0.0005639077164822451,0.0008242249647120986,2.1076494841846297e-12,0.002964760099961192,0.9624833311941704,1.7609741554010882e-15,0.0050432613665121985
openst_spot_00013815,1.7873703656363213e-15,1.7873703656363213e-15,0.0013676036265175195,1.7873703656363213e-15,0.19001636993058094,0.0006141192846381259,2.421806015381148e-06,4.633607958865409e-05,5.746121851611335e-12,0.004989983674549591,0.7982592235094085,0.004703942082938566,1.1223907745922493e-14
openst_spot_00013835,1.4128102816755046e-09,1.82126098327557e-15,8.109810066307485e-07,2.3933139286732303e-10,0.30780570262212287,0.02014295520269525,0.32166597842325617,0.09832217561828871,2.8978069928479392e-06,0.07153334485500003,0.16207065440672158,0.0184554751181621,3.313610333342722e-09
openst_spot_00013836,0.012152654043246877,1.7201143267435974e-15,1.174285736002874e-05,0.04436894081052026,0.14379067114624855,0.0015140062601868417,0.511353411218363,0.016660038428684288,2.126649467753561e-10,0.26799391730507927,0.0021541037591992253,5.13958443187527e-07,1.7201143267435974e-15
openst_spot_00013847,1.7751489801223636e-15,1.7751489801223636e-15,1.7751489801223636e-15,1.7751489801223636e-15,4.624047324795159e-07,2.184410843780419e-09,8.678380835880243e-10,0.0005855576270966378,0.006276185114061856,0.0037383757766478684,5.2931762263869496e-05,0.7844962556842505,0.20485022857869084
openst_spot_00013889,0.06568501043263532,4.321386835140777e-07,3.402431488631171e-11,1.7779390939294683e-08,1.4852556447999563e-05,2.0856361785018083e-06,0.014545680483637219,0.0022752560759626587,1.4148281284833487e-12,1.8489583797185355e-15,0.030478244511568848,0.8370063143011179,0.049992106048935996
openst_spot_00013921,1.796468418076798e-15,1.796468418076798e-15,4.209855118978428e-11,1.796468418076798e-15,0.020790938339031326,2.666149272465313e-09,5.2211859303048495e-14,1.604117330518158e-05,0.3393670464236253,0.44832731593636566,0.19149865541936337,1.796468418076798e-15,1.796468418076798e-15
openst_spot_00013947,1.7892035631171402e-15,1.7892035631171402e-15,2.6869503542920844e-14,1.7892035631171402e-15,0.0005502093799791677,3.1862615380398587e-06,7.746580619237559e-08,0.08202533687034054,1.7892035631171402e-15,0.07165537455620223,0.8324738682340618,0.0011040564745273876,0.012187890757510702
openst_spot_00013995,0.5622247322594802,1.9552944673273608e-15,1.440464164601429e-05,9.603872387501542e-06,0.08254830928998447,0.018845535227549573,0.26625253958313483,0.06152178192527,1.9552944673273608e-15,1.5930865312487688e-12,0.00788460990428869,0.0006984832946596943,1.9552944673273608e-15
openst_spot_00014005,0.7359009053910225,1.6754904802295607e-15,1.6754904802295607e-15,0.19206630226439764,1.6754904802295607e-15,1.8730249784785755e-13,4.668062816193596e-09,1.2711144067964172e-10,3.1327718807415947e-13,0.0720327875481639,7.327971312880605e-13,1.6754904802295607e-15,1.6754904802295607e-15
openst_spot_00014061,1.6935929948117263e-15,1.6935929948117263e-15,0.0017014497292363432,1.7967369632038547e-15,1.3157514058569762e-07,1.9329441501513165e-06,1.3065473904463147e-10,8.147390688331318e-07,9.973956139481556e-13,1.3400497855125533e-06,0.990817453160679,0.007476877670280577,1.6935929948117263e-15
openst_spot_00014070,0.0002860136566555435,0.02732195690481672,0.0002805007659073458,1.9646006399858186e-12,0.03313951643987508,0.002064038276987747,0.0015476048131532435,0.0003170178673260565,0.07952790061538736,0.030591365371172533,0.7749023720116107,0.05000894662307573,1.2766652067274068e-05
openst_spot_00014080,0.10393385541986429,1.7440318303261807e-15,0.00014092428332945084,0.0529518271412217,0.03239516836755186,0.0007791800133150274,0.5512026500530881,0.06993944893242932,0.07103301987489598,0.10673953216896746,0.0016185272119291292,1.1362323925419928e-12,0.009265866532269778
openst_spot_00014111,1.1100219298396883e-13,1.662019447442803e-15,5.920699892424576e-07,4.3551266483904684e-07,1.3975450796822667e-10,1.6866010618835326e-08,2.650640112108505e-05,1.2641007539374857e-06,0.22222189230664302,0.7777492926028704,7.631045734994042e-14,1.662019447442803e-15,1.662019447442803e-15
openst_spot_00014112,1.6562770843238357e-15,1.6562770843238357e-15,2.211977026373067e-13,1.6562770843238357e-15,4.442467279212825e-06,1.2518714756994397e-14,1.709363583492598e-14,9.838920417976279e-10,0.0642195601044605,0.9357759964436585,4.5067925808068573e-13,1.6562770843238357e-15,1.6562770843238357e-15
openst_spot_00014173,1.6660287500002814e-15,0.0024845562839216277,0.0020590470203005065,1.6660287500002814e-15,0.013005316716406775,2.7995382385510123e-05,2.096391173943743e-10,0.014456735977958579,2.7560573181775536e-12,0.20970072241665555,0.7582656259643735,2.5597778361088824e-11,1.6660287500002814e-15
openst_spot_00014179,1.7876126126538277e-15,1.7876126126538277e-15,0.08196177245795636,1.7876126126538277e-15,0.050407198336796306,4.477979076136864e-06,8.899056058906089e-11,3.968540296329574e-06,1.7876126126538277e-15,1.015981903330061e-08,0.8676225724370544,1.7876126126538277e-15,1.7876126126538277e-15
openst_spot_00014224,0.04419234034436551,1.8087374585445737e-15,5.483480437243841e-09,0.04923161491423656,6.557211094771698e-06,8.155420194792805e-05,0.029375613454024133,0.024243026566883135,0.1761350483687843,0.6483012124753048,0.009373668205462997,2.2022389791077894e-05,0.019037336384622572
openst_spot_00014240,0.021749241239831144,1.8639655698033597e-15,1.2972932966561223e-10,0.011919143587559316,0.19281637297403253,1.6040813074044294e-07,0.7734367171413785,1.0086474146609451e-08,1.8639655698033597e-15,1.8639655698033597e-15,5.769655874412048e-05,2.0657857666333884e-05,1.644805710187753e-11
openst_spot_00014252,0.026855075412645403,3.04006099440892e-08,6.5735363803324455e-15,1.843907013602374e-06,0.04161130754238491,2.9486621763468204e-06,0.009888875134582614,0.06681447008058557,3.478604388712308e-06,4.967537340094026e-12,0.00013665172569377786,0.7412416823777859,0.11344363614715917
openst_spot_00014287,3.624349340662318e-14,0.013510406040638093,0.051101527533252714,1.7564915302076864e-15,6.272926948190691e-05,0.057974067173630135,2.8192022593918117e-05,0.06285029661926102,3.7082012272182806e-11,0.015687022084892793,0.7987857592191259,1.7564915302076864e-15,1.7564915302076864e-15
openst_spot_00014349,1.5590240643993563e-15,1.5590240643993563e-15,1.5590240643993563e-15,4.222967239133402e-14,1.5590240643993563e-15,1.5590240643993563e-15,1.5590240643993563e-15,1.5590240643993563e-15,0.2110516504954893,0.7889483495044528,1.5590240643993563e-15,1.5590240643993563e-15,1.5590240643993563e-15
openst_spot_00014438,1.7628538103184203e-15,1.7628538103184203e-15,0.04398304918959192,1.7628538103184203e-15,8.698174664021405e-05,0.034223551669881294,6.976217167216936e-06,0.05418463867685922,0.09233985695874224,0.3221113225754251,0.4530584467303931,6.0531619935608e-13,5.176234689046215e-06
openst_spot_00014445,0.1341930415382566,1.7275483442586419e-15,0.022724126363158802,0.09384965729496315,0.007968656360599029,0.001283403266669403,0.4472984085794239,7.020142765102577e-05,2.7952476834941793e-12,0.2628810752070193,0.020666172871008755,1.7275483442586419e-15,0.009065257088451063
openst_spot_00014483,0.017481289997412188,5.366035649492475e-14,1.3629046179956971e-09,1.7843780546812659e-06,0.15555832788933982,1.5207456946740412e-05,0.796521272573404,0.0012281863813333473,8.960596883033054e-09,2.4121387641532963e-05,0.00039400719871819537,0.02877579143533625,9.782582026147898e-10
openst_spot_00014534,1.791458819520987e-15,0.0101705025483147,0.016579429019600165,1.791458819520987e-15,0.0016812269154365834,0.02267679286178925,2.9278507361377155e-07,0.005996783501274452,0.21508529494018908,0.3247530807423209,0.403056596685994,1.791458819520987e-15,1.791458819520987e-15
openst_spot_00014538,1.7879568662487808e-15,1.7879568662487808e-15,1.0797701355425347e-08,1.7879568662487808e-15,0.006267406064084248,0.00011602875270356063,1.2410100719966186e-06,0.11747226012927905,0.10171048547602951,0.02942026024651576,0.7443267543826955,0.0006855531409118,1.7879568662487808e-15
openst_spot_00014558,3.183592251977824e-12,1.7185562164823905e-15,1.1527417122664549e-07,0.0034296599057372793,0.0843942168581767,0.00010325951940497686,9.968909729290592e-07,0.04360661793414379,0.005441836409766371,2.663625065097596e-15,0.84872703235067,0.014296264849971362,3.7971113721819004e-12
openst_spot_00014559,1.7679975542034581e-15,0.005544224184395284,0.01819070127608962,1.7679975542034581e-15,0.07760363051224184,0.0006472175987645164,7.83916786215784e-08,0.0014243088641936385,0.03313261668589208,0.0002643785180414524,0.8631928439686958,1.7679975542034581e-15,1.7679975542034581e-15
openst_spot_00014564,0.009907865777424162,1.736163490712303e-15,0.0958699932411029,0.0004846407714537602,6.976732944883068e-06,0.46259612401615136,0.1848181747190684,0.008861239082541897,4.426702567082901e-12,0.06743429784194294,0.11826581880923002,0.051754868995605996,8.105374616228617e-12
openst_spot_00014573,1.935041055759682e-15,1.935041055759682e-15,0.022868170570689544,6.9534847343148675e-15,0.0714882341294276,5.093856385186874e-05,3.513859275641572e-07,0.0027886687956945053,1.935041055759682e-15,0.011191565574817116,7.948225221002336e-06,0.7185476250324553,0.17305649772190265
openst_spot_00014602,1.722645758743382e-15,1.722645758743382e-15,1.167195792347628e-14,1.722645758743382e-15,3.1195638029996466e-05,8.115759882549137e-09,6.1825035451762e-07,0.006401312132108365,0.4640786278611901,0.5294882035625168,3.444002012952892e-08,1.722645758743382e-15,1.722645758743382e-15
openst_spot_00014608,0.055826726724934446,1.723792430735244e-15,0.0010177127532781877,0.06643077029064952,0.1562490980388943,0.018011069048481897,0.6862591661631877,0.005027815027892645,1.4789948779289851e-13,0.0014883718525033633,0.009569534930196053,1.1546026102960129e-10,0.00011973505437192977
openst_spot_00014609,0.2013644829590694,1.7560757949071318e-15,5.357749311971754e-09,0.0610478611150405,0.08793315245041482,0.0003611230160051905,0.6295195104822243,0.009175631027593511,2.1565862214707798e-06,0.008070050823777831,0.002525548069347778,1.5273874819942876e-12,4.781110266635767e-07
openst_spot_00014612,0.050629837239464084,3.021401661042404e-09,2.059775339991061e-09,0.045076099867102884,1.766553434578261e-07,1.5089034610189069e-06,0.7638374896406783,7.278401824850023e-05,0.06711036572447825,0.06321005648316139,7.289429919775226e-08,1.0116533648999604e-05,0.010051486958937162
openst_spot_00014675,1.6943792292302617e-13,1.7219216625598794e-15,4.970558021713059e-10,1.7219216625598794e-15,0.1779560260891251,0.0001527904800254478,6.539109306556134e-07,2.132300028303177e-05,1.7219216625598794e-15,1.7219216625598794e-15,0.8218692058619332,1.6046862095468652e-10,1.7219216625598794e-15
openst_spot_00014677,6.515854570413949e-15,1.7164002201391093e-15,0.06137932687988167,1.5583760064453624e-13,0.5906564656939214,7.532395140618376e-05,0.0007294427640973905,0.03602756602242584,1.7164002201391093e-15,1.7164002201391093e-15,0.31113058709921676,1.2875888814386815e-06,1.7164002201391093e-15
openst_spot_00014682,1.733461500917954e-15,1.733461500917954e-15,1.1362876943397093e-07,1.733461500917954e-15,0.05533000938050968,1.8080423300924518e-08,6.637391779439456e-10,0.0001234473804891674,0.005838195259532137,0.025496933954188037,0.9132112816523403,1.733461500917954e-15,1.733461500917954e-15
openst_spot_00014781,1.744236195655974e-15,1.744236195655974e-15,6.262491351562654e-09,1.744236195655974e-15,0.018105343900463033,1.9023869807480183e-07,1.8271727531666064e-10,0.2577383167264871,0.0003530226941041862,0.4169487113859862,0.30685440860904384,1.744236195655974e-15,1.744236195655974e-15
openst_spot_00014784,1.803463927295682e-15,1.803463927295682e-15,1.1103561287752098e-08,1.803463927295682e-15,0.0027829309765153975,5.772494689376698e-05,3.3432924498473994e-08,0.12198496973128518,0.02429321049653496,0.011677305053721911,0.8392038142585538,1.803463927295682e-15,1.803463927295682e-15
openst_spot_00014823,0.5789294488149269,0.0034829502339287157,6.763845480294982e-08,0.0005590336795722006,0.14845203606820348,3.4706771197343684e-07,0.0027799312161001896,9.786069577242356e-08,1.7734888464043542e-11,0.010744606221207278,1.7267972862879014e-06,1.1285144121145859e-13,0.2550497543840648
openst_spot_00014854,0.1926015843366103,1.7443677946722583e-15,2.4161038614487855e-09,0.0932566860021232,0.005186581565566848,6.379247070727123e-05,0.6673397987533602,0.0025291214821975593,4.7233545466987755e-08,0.02625266793609732,2.9325721021297205e-07,7.319469072800169e-14,0.012769424546402801
openst_spot_00014974,0.09932457744395062,0.10656655677548423,0.022142470354215352,0.05674175330214465,2.0487000704481837e-10,0.0022703219270888255,0.696521696420119,0.00634792109195953,2.2179873852674735e-11,0.010084700445983967,2.00592853931675e-09,1.7760493865283405e-15,6.073499670393056e-12
openst_spot_00015022,1.7273061681284884e-15,1.7273061681284884e-15,0.04948903958122466,1.7273061681284884e-15,0.08260372187975186,0.003643995536064556,4.044231635004668e-09,0.001490617307421253,0.46592241189839045,0.054574029605155804,0.3304570300183378,0.0069190889920436914,0.004900061137373191
openst_spot_00015053,0.0051425106132111376,1.725129337482785e-15,0.02243399860314807,0.0019357330486639145,0.04555454441965263,0.4903821346698845,0.21367819941114782,0.045432480113373565,2.7618797736923722e-08,0.029123065445355666,0.03738103569273054,1.2811013591154026e-09,0.10893626908293128
openst_spot_00015078,0.1653757613158328,0.051768058175264496,4.230923667219127e-10,1.5629965694409218e-08,3.915432569861804e-14,1.2410324703317387e-08,0.4288236984035454,1.027144122757814e-07,1.0706240693524137e-06,0.07097439914496151,1.269304910266944e-11,0.0019833966654672526,0.28107348448033187
openst_spot_00015094,0.20834629873202526,0.04519925790572304,0.08320240421874578,0.16623923129316068,0.0012806648038405709,0.010588071156476253,0.4380269549588592,2.3655747168489778e-05,3.6084107525691444e-07,0.046501905732520915,5.1226988954992354e-08,2.3868594692632242e-14,0.0005911433833916429
openst_spot_00015153,3.6378421396184077e-14,0.008414056484963812,1.313287297520597e-10,3.8112813826491356e-13,8.57012405428087e-06,0.00014088314682161955,1.761311112816353e-05,0.05407342335021298,0.013899443751460624,0.19794971373493672,0.7190156109046675,0.006480605158713012,8.010129512304352e-08
openst_spot_00015181,1.9327312452736357e-15,0.05259221929048168,0.01594601777968632,1.9327312452736357e-15,0.0042105290532621275,0.00045848857332058844,2.136522816262789e-05,0.07026709752815771,5.853448235457394e-07,0.010263571202750113,0.0209512148330339,0.65467158436141,0.17061732680490763
openst_spot_00015188,0.5214409600856704,1.7246526455803266e-15,7.915802878094541e-09,0.2106021140860086,0.18184901295831313,2.3596190768761847e-05,0.023700959383118808,0.00033162440131748964,2.1608597741594886e-06,0.03899057388342139,0.0010924263941848999,1.7246526455803266e-15,0.021966563841615667
openst_spot_00015213,0.05360610512674507,2.2469298907670947e-15,5.6977098423498426e-09,0.07490045340517897,0.009403455958558784,0.00019375332649315674,0.19335288824591096,0.0011607169039008025,0.5955870102175086,0.03728939027552731,4.280312430858229e-07,0.008954282208765176,0.025551510602456085
openst_spot_00015282,1.853127529997788e-15,1.853127529997788e-15,0.007523631741814409,1.853127529997788e-15,0.004028613402719243,7.662628785383318e-08,2.2865114194888646e-08,7.039919148818432e-07,1.853127529997788e-15,1.853127529997788e-15,0.983334885875533,1.786917004506157e-12,0.005112065494820236
openst_spot_00015287,1.7350643486154279e-15,1.7350643486154279e-15,2.3903515163418597e-10,1.7350643486154279e-15,0.4035057632205044,1.4792926796092606e-06,3.923006100925352e-08,0.004433871474966847,0.03199053705188211,0.1578693691959996,0.39265965333539393,1.7350643486154279e-15,0.009539286959470072
openst_spot_00015292,0.0003477210159172088,1.7588080556323852e-15,7.333223197643101e-14,0.0005582253875009149,0.012107747613392414,0.00011251663951423367,0.0023063424644332964,0.04822344009141733,0.027632719149312052,4.6338518720772085e-10,0.8821432151101588,0.026568071460946342,6.039470346590523e-10
openst_spot_00015299,0.058971836063281775,0.0152563751053023,4.9859899914029854e-08,0.040027378568032346,0.005833228977883396,0.005521286775847946,0.3450953449374469,0.0017154427005015532,0.18196526930187412,0.16272296314991308,0.10656310778668054,6.211391201044418e-06,0.07632150538213518
openst_spot_00015301,3.5460783688064195e-07,3.2350747742666246e-11,0.01292670015875089,4.376690229795008e-10,0.013682892003638807,0.0045591917757509,0.13566262655235836,0.02099755055021457,1.9310832071384793e-15,0.04331661534001623,0.013600320709825494,0.5457354098104341,0.20951833802115216
openst_spot_00015320,0.11243359406061174,0.02065903459216566,3.436226683680765e-11,0.05452964213971295,0.000835340545286346,8.827410462491079e-05,0.52216005406337,0.028030353103926913,0.06996740992353341,0.10066571092974291,0.0006723946534550968,0.0019153694735277724,0.0880428223756802
openst_spot_00015346,0.7736382214130101,0.0006881585102034886,0.028515030369603078,0.039735107637256066,5.6514696841132765e-05,0.000140710722499477,0.14458297318444108,8.497183817719159e-09,1.8562518041289672e-15,1.8562518041289672e-15,0.012643274968954009,1.8562518041289672e-15,1.8562518041289672e-15
openst_spot_00015408,1.6915172602704468e-15,1.6915172602704468e-15,0.05130415785697148,1.6915172602704468e-15,1.1312349238520808e-05,2.6020892345940366e-08,6.113132806180735e-14,0.0012325842283383384,0.001033837922120568,4.561973943336404e-08,0.9423824211848578,0.004035614817773632,1.6915172602704468e-15
openst_spot_00015409,1.7240968348442504e-15,1.7240968348442504e-15,1.8890291086753434e-10,1.7240968348442504e-15,0.16305820163969426,6.172996232251832e-06,3.541109981306059e-10,0.3149065739187634,3.57883552309863e-06,0.1251478383539062,0.39687763201292137,1.699938720226013e-09,1.7240968348442504e-15
openst_spot_00015434,0.1554022228459796,1.7409623388226067e-15,2.290852371103048e-05,0.41675452127551227,0.0014452702544317554,0.00727114359999814,0.009535321516575282,0.000921257655586963,0.16851130526516125,0.2391369391029583,0.00015745180541879483,1.0428885583402185e-12,0.000841658153622183
openst_spot_00015437,0.004284205058530519,0.0026509206099517048,0.004650678842280882,0.08013153499967955,0.09276961156035998,0.00039730764038834604,0.018059778326184276,5.045756847867005e-08,0.12586396783052398,0.6595266022697778,2.5895234124761433e-05,1.1714496196175988e-06,0.011638275721010264
openst_spot_00015451,1.1426320640532688e-08,1.7492561257287742e-15,0.00010114049072585269,5.771880661821408e-12,0.13525567788575,0.006323482874376908,0.36633336808958566,0.034683907646858574,1.5956551490650975e-05,0.028489530335515587,0.42296018697971405,0.0005349890320956708,0.0053017486817927935
openst_spot_00015521,1.829849110458813e-15,2.9361586143845177e-12,3.5845074213437195e-13,1.829849110458813e-15,4.183104633817468e-05,0.0022815849352551074,7.308807421506252e-05,0.021901213247128525,0.042713073267013166,0.0048756277163627005,0.8715238681343078,0.056589713576019676,6.153839833039438e-14
openst_spot_00015531,7.634288352930668e-13,2.160858550047068e-12,4.1425948193288765e-06,1.7344831264406956e-15,4.801912598182827e-05,0.00014782419412843692,0.1121885776766047,0.0035708863464022373,1.4009548763863042e-07,1.7344831264406956e-15,0.8672243619251481,0.016816048038498135,1.7344831264406956e-15
openst_spot_00015558,4.6469081519986996e-11,1.7181727141315965e-15,0.0027565494471680782,4.513453120176826e-06,5.958362047195486e-07,1.9983911045551006e-05,4.725944973958718e-05,0.027384013256614492,1.867957785444728e-07,0.9635186601884356,0.006268237615418984,1.7181727141315965e-15,1.7181727141315965e-15
openst_spot_00015663,1.6553230749680193e-15,1.6553230749680193e-15,0.012794118869394001,1.6553230749680193e-15,2.340385914211939e-05,1.004889801665569e-05,8.163936357697034e-08,0.0001034465587764473,6.893829325881248e-05,0.24405830674108558,0.7247999034852155,0.00038481148936994885,0.017756940166372404
openst_spot_00015706,0.03292024710079387,0.29552798255474433,0.0673431364915938,0.0002452622228074626,6.210461509656804e-07,1.1575425947987095e-05,0.6039508715348403,3.025177276586481e-07,4.530261549364849e-12,1.1008434602106657e-09,1.6298607794671426e-14,1.817227578212364e-15,1.817227578212364e-15
openst_spot_00015712,0.6124144937796117,0.11855456926510065,0.0033100021255177536,0.03259696741740369,1.8825327848999684e-10,1.0631715342196896e-09,0.23312396214639017,1.0528959946121912e-12,1.873338830387794e-15,1.873338830387794e-15,4.013490524650702e-09,1.873338830387794e-15,1.873338830387794e-15
openst_spot_00015785,1.7696660195163389e-15,1.7696660195163389e-15,1.5232022360148894e-08,1.7696660195163389e-15,0.00027086313220847934,1.1779856502969747e-07,5.2476452406231937e-11,1.1699105405274152e-05,1.7310126289061497e-07,0.2228812512625136,0.7318696958977366,1.7696660195163389e-15,0.04496618441780207
openst_spot_00015796,0.189659583087548,1.6670713271193196e-15,0.00014093796498577634,0.11190249828184658,0.006361239695531544,0.0005361181659011187,0.0003846211238524136,7.714222324081114e-07,0.34841300812068465,0.32311030808031377,1.114048914827299e-05,1.6670713271193196e-15,0.019479773567952042
openst_spot_00015805,0.2710453189256697,0.0009956720253543787,0.009133865877899456,0.10322932165007134,1.8540723857149045e-05,0.0017658259001827326,0.154779433130458,0.00015885470830532552,0.16378430932709923,0.1413624378331083,0.14997369188882456,6.562801592701642e-11,0.003752727943541731
openst_spot_00015822,1.8119291308210145e-15,1.8119291308210145e-15,0.00019448605306601082,1.8119291308210145e-15,0.04299350420390206,0.003634968498788487,0.47194978199457305,0.09168300419025047,0.15250088440212792,0.2297506575697439,0.007292713087539143,1.8119291308210145e-15,1.8119291308210145e-15
openst_spot_00015824,3.7851411040621455e-05,0.020600787084108063,9.417846793295927e-07,0.019196299876188816,0.007387215573330291,0.14192091826774805,0.09489084699338034,0.049792889799178744,4.623277959778968e-06,0.579502533674943,0.08666509225743943,1.7344981908681653e-15,1.7344981908681653e-15
openst_spot_00015904,1.6445195069357805e-15,1.6445195069357805e-15,0.0002918050825221904,9.029203473012493e-09,1.7889339798008236e-12,1.0719093536039784e-05,6.3298300463273e-15,1.564450842389524e-09,1.4845604480380554e-11,0.6566242603619157,0.33444719819902446,6.429815469843411e-14,0.008626006652638763
openst_spot_00015915,1.7393572461164646e-15,0.001203527440588163,0.0923470223993844,2.7682765974889345e-11,0.08865579145146779,0.2265739052181378,9.403609913459936e-06,0.06729367167380207,0.28158036856160595,0.22035611799365157,0.00464731421097306,1.7393572461164646e-15,0.017332877412789455
openst_spot_00015918,0.02111094059856539,1.5790718358899746e-15,0.033065473008813476,0.0037708064899256016,1.5790718358899746e-15,1.383992940478436e-06,0.00021121380485902383,7.212362249854604e-08,0.6243537924826017,0.3174862377242685,2.797799245673177e-09,1.5790718358899746e-15,7.697659948499847e-08
openst_spot_00015935,1.7380179328349158e-15,0.011116371579079841,0.22127984922389066,1.7380179328349158e-15,0.279496293739255,0.004108302631244036,2.1575763967797402e-06,0.0020696285201350514,3.7191117841829764e-14,0.060142967308417866,0.41117584378061106,1.7380179328349158e-15,0.010608585640927077
openst_spot_00015939,1.115646309350631e-08,6.736489520170575e-14,0.035963405412037505,1.2442898126739578e-12,0.13957687042287825,0.30578809232617854,0.05633118092439977,0.23796958881565666,1.204982732011772e-09,0.06630742670430241,0.14300905334630667,0.0018847839821944194,0.013169585703288448
openst_spot_00015940,7.918711738637473e-09,2.506903845144619e-05,0.07797460377226297,2.1910266032690197e-12,0.030478174007752976,0.2937605345200047,0.3612973901416174,0.14397576200772033,8.486544731398422e-10,1.7632394680870565e-06,0.07197725944004082,0.0036413871418047466,0.016868047921319393
openst_spot_00015954,0.659493104106256,0.05344941002227733,0.08761278127571095,0.01977345737185663,3.4069032675908246e-14,0.00022087547347051552,0.17938630639701508,6.406093757337004e-05,1.81784780913533e-15,1.81784780913533e-15,4.415798625892473e-09,1.81784780913533e-15,1.81784780913533e-15
openst_spot_00016031,1.2458494163098994e-13,7.0833979654287856e-15,0.07217296231290508,1.7501685199431415e-15,2.1251617631625197e-08,0.01492350661529224,0.011211476663774585,0.22601593499433523,7.500642874917752e-09,0.0016151595067448604,0.6488715177162927,0.022212669600639657,0.0029767438376219514
openst_spot_00016061,5.663827755254879e-09,1.7491388579146528e-15,0.06045946143517532,1.7491388579146528e-15,0.14275178892503584,0.21029065924685064,0.2390845823097916,0.17470851357745137,3.575820606009925e-13,0.010261493052721735,0.13658045383632814,0.013168849116627426,0.012694192835829263
openst_spot_00016069,0.0006321202045688844,0.05450640009424433,0.0595756554536688,0.04696208405179357,0.0032370619466251162,0.1378738367288288,0.3982688562413556,0.0013349684268575144,7.044874793978546e-12,0.2976078333720021,1.1834116604601167e-06,4.014611705215618e-13,6.094872262172972e-11
openst_spot_00016149,2.6428744687122014e-15,1.7329226797724636e-15,0.09934977952105185,1.7329226797724636e-15,4.509176398638711e-05,0.01161047625183973,0.002427664077920546,0.11267803266673851,0.05071863824684695,0.25609056520737405,0.4376547131098895,7.94208493557154e-05,0.02934561830499087
openst_spot_00016150,9.874842016503588e-12,1.758972300814828e-15,0.05188465911118751,1.758972300814828e-15,0.0005644409218138406,0.0007320806630910225,2.7662358944460486e-05,0.02503673048983699,0.0016795610551678455,0.1916464791392258,0.7167106628986512,8.268066696098176e-06,0.011709455285506917
openst_spot_00016196,0.48445023786439256,0.03166086764963375,0.04251198959410578,0.2306231872678999,0.00020175386510498655,4.1660606698472466e-06,0.2105477047264284,2.33977446304891e-09,1.8334070477068777e-15,1.8334070477068777e-15,9.063198283538e-08,1.8334070477068777e-15,1.8334070477068777e-15
openst_spot_00016271,1.6972889687145174e-15,1.6972889687145174e-15,0.016019919971644907,1.6972889687145174e-15,6.517290629352173e-06,0.002133585143818452,3.3343087675279202e-09,0.12910768378202603,0.5167477786112783,0.15485600160918495,0.13737608738329918,0.0004043049843133584,0.04334811788949159
openst_spot_00016276,3.1503497692141875e-14,0.04778228223400144,2.4475150444114937e-09,1.835621110694797e-15,0.10875582145675973,5.197343603029109e-05,8.55470254334022e-06,0.08018230089187658,1.835621110694797e-15,0.026388516989944513,0.7335325826513761,0.0032979651899158104,1.835621110694797e-15
openst_spot_00016299,1.7530665029554963e-15,1.7530665029554963e-15,0.02980052102212121,1.7530665029554963e-15,0.6227243315464771,0.0016549593972839988,9.47291705654935e-05,0.0003549901813274202,0.012382996533838278,0.024119241245335703,0.2936753023384947,1.7530665029554963e-15,0.015192928564548881
openst_spot_00016301,1.592739031939063e-05,1.6164534204193147e-15,0.03245675537074751,1.0985770145539587e-10,0.9625911388559089,1.2608875841622165e-06,2.1572901299650427e-08,5.825937194613021e-06,1.6164534204193147e-15,0.004916681140841201,5.972334453735435e-06,9.135242422867032e-14,6.416400096806957e-06
openst_spot_00016407,1.6845140248653603e-15,1.6845140248653603e-15,0.0051626403488115,1.6845140248653603e-15,0.11777697389226917,0.19893779307061496,6.964668213006136e-06,0.001906956593533505,6.654828655053778e-07,0.010069739577705466,0.6661382645295784,1.8364017330240295e-09,1.6845140248653603e-15
openst_spot_00016410,0.007203644941629792,0.01877591204708971,0.007631363085942062,0.0008864257694145159,7.654859738996488e-06,0.31146589348615117,0.11646331457739133,0.12862714359205404,0.007544125396034068,0.007037546457643105,0.3943568874030387,8.83838707477763e-08,1.7331527040340318e-15
openst_spot_00016420,1.0632322142876535e-08,1.7582539795286006e-15,0.06680606660079275,2.9472165080915566e-14,0.5260233524890418,0.0273626342179464,0.00926277231005063,0.04315273297003494,2.814289989314933e-10,1.7582539795286006e-15,0.3273924243220001,6.176347590314419e-09,1.7582539795286006e-15
openst_spot_00016439,0.23124539314541026,0.06457949300480184,0.13271651127498751,0.20188748343985272,5.616788503942351e-09,0.00542353596195572,0.3641348587460816,2.5284040900032553e-08,1.2052485446780968e-05,1.7834309977948787e-15,6.410406286522358e-07,1.7834309977948787e-15,1.7834309977948787e-15
openst_spot_00016530,0.08116946328056283,1.7556650581723032e-15,0.025842144439014402,1.1927792538683243e-05,9.583417975475442e-08,0.26437771426821866,0.03616704333248356,0.01657247090825206,0.031164896961947842,0.021824036186422868,0.5049629465799975,0.00029031629057548646,0.017616944125804425
openst_spot_00016532,0.07314649461853528,3.5943491962511026e-12,0.04472743810325054,0.011091732259159427,5.608414152781065e-10,0.5656186881246955,0.22847345425414986,0.01336908867762101,1.7529854423942527e-15,0.016247090355600503,0.00017961476966343976,0.039479997622128456,0.00766640065075875
openst_spot_00016534,0.0518206440075785,1.875975149056227e-15,1.938040025611355e-09,4.332044471299965e-06,0.03749501173484036,0.3457844541048315,0.16870601636664143,0.02054249123467013,4.865759007756477e-05,0.10468930121220861,0.19864801556110062,0.007358692091453867,0.06490238211408433
openst_spot_00016558,1.109283672831268e-05,0.0577065948716233,0.03676764683150566,0.14525910159423355,2.3143045856286725e-14,0.0006259392779984505,0.3508088812718537,0.03308494752869664,2.6050585810342305e-07,0.3757355349818953,2.995801868658692e-10,1.7556184215445887e-15,1.7556184215445887e-15
openst_spot_00016676,5.208077322955818e-12,0.011938378660660564,0.03821239213273638,2.166464388178425e-13,0.25453742166984966,0.08525106238721697,0.5340982105408665,0.004285556014812528,0.023854784846118658,5.249703814699309e-06,0.04781636395857147,1.790288806245315e-15,5.800799260158614e-07
openst_spot_00016681,0.02880636988918778,0.3854694369718188,0.06714721730738062,0.19843273315841853,4.825599768639906e-14,6.331157137375361e-07,0.3201431881900494,4.2008115382441705e-07,1.9421436719445154e-14,1.2859955562059572e-09,2.1019678160150416e-13,1.8257918378663558e-15,1.8257918378663558e-15
openst_spot_00016795,0.08277868820027898,1.7103406138206332e-15,0.09469482680519886,9.164786787178419e-05,0.7798446159058885,0.023378215412728304,0.010898601145114196,1.3123653878543903e-07,1.7103406138206332e-15,1.7103406138206332e-15,0.0016298842708624226,1.7103406138206332e-15,0.006683389155511136
openst_spot_00016906,3.5301677145891305e-10,1.778573591555924e-15,0.06578522510281795,2.586191447572767e-12,0.23263995823608394,0.13151367253940408,0.22558037823711313,0.24194442659606627,4.50304430243929e-13,5.208451334100641e-14,0.1025363389324039,1.778573591555924e-15,1.778573591555924e-15
openst_spot_00016916,0.08854190705095046,0.008963094772766826,6.374019807565746e-12,1.5247905799512139e-09,0.6828916755757689,0.004538111836664233,0.21496200299649545,4.180023872317172e-05,1.79770371483208e-15,1.79770371483208e-15,6.140599745916325e-05,1.79770371483208e-15,1.79770371483208e-15
openst_spot_00016918,0.05602249294199627,1.7611854238250644e-15,0.012119683283352676,0.0003190827370854963,0.3812158517468307,0.14303902395720774,0.37648594665180096,7.998018900577582e-06,0.014085512298900779,1.809175627856203e-15,0.013914324687808562,1.7611854238250644e-15,0.002790083676110712
openst_spot_00017055,0.14351030622173946,0.07781899242426664,0.08236815437788979,0.5158525849674588,9.781380266281703e-10,0.000494317391153844,0.1452177809550162,7.0751383274855795e-06,0.0025723696597586246,0.03215840113807192,1.674817578721122e-08,1.7271807906260468e-15,1.7271807906260468e-15
openst_spot_00017289,0.01287324024563088,0.06523565482280651,0.07409395980866733,0.04245007514091594,8.569733687098239e-05,0.004999063577576272,0.6266367536632379,0.04699563954582621,0.0520868784135725,0.07443259833818174,0.00011043910671011209,1.7449712024545541e-15,1.7449712024545541e-15
openst_spot_00017528,5.8595231326155026e-08,1.7712151369201662e-15,0.000175761714813891,0.00036913307404253724,4.1618281525192864e-06,0.8311506208801899,0.08221795670065583,0.06178100987354052,0.004219514664358186,1.7712151369201662e-15,0.020081782669008154,1.7712151369201662e-15,1.7712151369201662e-15
openst_spot_00017533,0.013266669829234957,0.10293571491203715,0.0018566121423510245,0.026582945484407195,0.03256665804423119,0.2678456469869924,0.4709736056182903,0.011282898031343367,4.0124746637587115e-05,0.0717787904968531,9.668844762027137e-05,1.727257315493758e-15,0.0007736452599996631
openst_spot_00017540,1.8502399907866965e-15,0.029323403645335065,8.131664625154468e-08,1.8502399907866965e-15,0.2398905033632614,0.0011256258271414017,0.3181474086089727,0.01080083533726679,4.1785702910798556e-07,1.8502399907866965e-15,0.40071172404430316,3.659998501339413e-14,1.8502399907866965e-15
openst_spot_00017544,0.05451490127347447,0.04127426412623812,0.0001240817021058026,0.019884496834858094,0.032451025533631786,0.6183828018704709,0.07848571748257675,0.08162789585608488,0.016283235317877832,0.022743944996421628,0.034226614227103505,1.0207791543237544e-06,1.7593666405438634e-15
openst_spot_00017653,7.481381039423944e-07,0.004887233719749564,4.5245291301137246e-07,0.00030928694207378376,0.10276577481201846,0.21007787749858292,0.4512972476982874,0.044014717389230816,0.01682686239300568,0.03817364258055278,0.1316461563754286,5.130174956689437e-14,1.8034591826485233e-15
openst_spot_00017654,0.00012583213742077827,0.07923229792626292,1.4839550025749562e-05,0.007129280859206865,0.04298205287059993,0.39896896790942454,0.2791628908944555,0.10440989308693766,3.629863584606114e-12,0.08679839930129017,0.0011755454607423773,1.777029930529281e-15,1.777029930529281e-15
openst_spot_00017662,1.1035242501628286e-13,4.291177330257054e-05,9.424978216947811e-05,3.7104725030082154e-15,0.13827422216707275,0.0174637774884371,0.4210177325943099,0.055895494661745655,0.005978743003028858,4.152797947884321e-08,0.36123282700183657,1.7857019009207118e-15,1.7857019009207118e-15
openst_spot_00017718,5.006993982551666e-13,1.8575479207378732e-15,0.11032810121828407,1.5737908656684287e-12,0.0025577632138652365,0.3408828224558263,0.26700826770089353,0.2380411073186539,0.024468996371626663,0.0073554435999767164,0.007929174004220732,3.106210804557858e-08,0.0014282930524686023
openst_spot_00017769,0.023384478286207225,1.7218271010808721e-15,7.556483747838753e-07,0.09416194196607645,0.1288525313858501,0.2635495054164252,0.3833627221032222,0.016040704256015077,3.718236879214526e-13,0.02019753485821474,0.05649403769960561,6.666431876840021e-12,0.013955788372968568
openst_spot_00017786,9.776130575029283e-05,0.002229742981132812,0.0027004065252656116,4.094859047343241e-06,0.021548266587460736,0.41359808584098345,0.4529696314959867,0.03461823173993129,1.042736586659499e-05,0.02043522019443429,0.010786274086061703,1.1365519230237292e-08,0.041001845652559994
openst_spot_00017900,1.757154878037754e-15,0.0073696054746879465,0.00025955676593471955,7.031486707340071e-05,1.5174420415745163e-07,0.00013051547774974224,0.0017177626071320615,0.004347610453245767,0.000973924195435852,0.18680853935825711,0.7983220190562739,1.757154878037754e-15,1.757154878037754e-15
openst_spot_00017910,8.43458882772557e-08,0.007286307080643147,0.004839127556774321,8.949296806862669e-07,0.003500768735538192,0.07310212637317322,0.36550586457390255,0.13831113408374077,0.006025497305084813,0.0011058002578547654,0.40032239472817993,2.953764333599286e-11,1.7255805271030415e-15
openst_spot_00018018,1.7353332409049114e-15,0.005931004490498926,0.08309615065671139,1.7353332409049114e-15,0.03867705730457581,3.725346292272614e-05,1.3774029630214748e-08,0.0005526777551347767,7.614407755325933e-12,0.3369870547752704,0.5347187877732349,1.7353332409049114e-15,1.7353332409049114e-15
openst_spot_00018034,0.00048303020044318897,1.7483260408674232e-15,0.09099036327355106,0.0002733391861141573,0.0012934528783736733,0.38836469397906564,0.3729659287499613,0.005700674700916688,1.7483260408674232e-15,0.06827343996176245,0.07165340064614976,1.6764236568628473e-06,1.7483260408674232e-15
openst_spot_00018265,1.1897087136630318e-14,1.8021128980631736e-15,6.762743752633101e-10,1.0509687354595338e-06,0.08882266084131957,0.08302753124385458,0.08033322643574625,0.19397772916214023,0.04494899332851753,0.1468212287822973,0.36206757856109734,1.8021128980631736e-15,1.8021128980631736e-15
openst_spot_00018516,1.7591511946328124e-15,0.0184616877347734,0.03129192514455778,1.7591511946328124e-15,2.386012322661888e-11,0.00615161469220694,2.309169003609057e-05,0.0002111456250961277,0.4871396091553803,0.45503501391198037,0.00010094336940107146,1.7591511946328124e-15,0.0015849686527024353
openst_spot_00018629,1.785027759987561e-15,0.0315697424296489,2.3516520016130155e-08,1.785027759987561e-15,0.00013178100777993629,3.4439925974631226e-06,7.321024947366474e-08,0.0004479376918135792,0.15386622575869266,0.3053421744174534,0.5086385979752374,1.785027759987561e-15,1.785027759987561e-15
