,x,y,Cancer.cells,Fibroblast,MoMacDC
cosmx_bcc_xdonor_spot_0000000012,-193730.7776968048,-42058.8377452363,1.0,0.0,0.0
cosmx_bcc_xdonor_spot_0000000013,-193717.93483966193,-41733.92345952202,1.0,0.0,0.0
cosmx_bcc_xdonor_spot_0000000014,-193791.9681729953,-41437.54012618868,1.0,0.0,0.0
cosmx_bcc_xdonor_spot_0000000015,-193668.26817299527,-40986.79012618868,0.9333333333333332,0.0666666666666666,0.0
cosmx_bcc_xdonor_spot_0000000016,-193706.81665784374,-40701.396186794744,1.0,0.0,0.0
cosmx_bcc_xdonor_spot_0000000017,-193703.46817299526,-40334.59964999821,1.0,0.0,0.0
cosmx_bcc_xdonor_spot_0000000018,-193714.33483966198,-39929.20345952202,0.96,0.04,0.0
cosmx_bcc_xdonor_spot_0000000020,-193690.03960156668,-39227.98060237916,1.0,0.0,0.0
cosmx_bcc_xdonor_spot_0000000021,-193722.09136140108,-38907.94954647854,1.0,0.0,0.0
cosmx_bcc_xdonor_spot_0000000022,-193717.4681729953,-38667.29012618868,1.0,0.0,0.0
cosmx_bcc_xdonor_spot_0000000023,-193718.43483966193,-38169.52345952202,1.0,0.0,0.0
cosmx_bcc_xdonor_spot_0000000311,-193358.8491253762,-42078.40917380773,1.0,0.0,0.0
cosmx_bcc_xdonor_spot_0000000312,-193364.13483966194,-41800.512348410906,0.9444444444444444,0.0,0.0
cosmx_bcc_xdonor_spot_0000000313,-193312.23483966198,-41322.323459522006,0.9,0.1,0.0
cosmx_bcc_xdonor_spot_0000000314,-193360.13483966194,-41031.45679285535,1.0,0.0,0.0
cosmx_bcc_xdonor_spot_0000000315,-193383.5157920429,-40678.21869761726,1.0,0.0,0.0
cosmx_bcc_xdonor_spot_0000000316,-193359.55589229352,-40302.07082794307,1.0,0.0,0.0
cosmx_bcc_xdonor_spot_0000000317,-193370.88483966194,-40003.77345952202,1.0,0.0,0.0
cosmx_bcc_xdonor_spot_0000000318,-193353.63483966194,-39538.8377452363,1.0,0.0,0.0
cosmx_bcc_xdonor_spot_0000000319,-193371.48778083842,-39213.358753639666,1.0,0.0,0.0
cosmx_bcc_xdonor_spot_0000000320,-193380.72307495607,-38937.18228305143,1.0,0.0,0.0
cosmx_bcc_xdonor_spot_0000000321,-193373.45302148012,-38545.4416413402,1.0,0.0,0.0
cosmx_bcc_xdonor_spot_0000000322,-193376.8431729953,-38168.20679285535,0.9583333333333334,0.0416666666666666,0.0
cosmx_bcc_xdonor_spot_0000000610,-192996.63483966194,-42086.998459522016,0.9375,0.0,0.0
cosmx_bcc_xdonor_spot_0000000611,-193008.28483966194,-41749.82345952202,0.95,0.05,0.0
cosmx_bcc_xdonor_spot_0000000612,-192991.91261743972,-41377.012348410906,1.0,0.0,0.0
cosmx_bcc_xdonor_spot_0000000613,-192995.55589229352,-41002.86030162728,1.0,0.0,0.0
cosmx_bcc_xdonor_spot_0000000614,-192997.89674442384,-40673.837745236306,1.0,0.0,0.0
cosmx_bcc_xdonor_spot_0000000615,-193009.98669151386,-40296.827163225724,1.0,0.0,0.0
cosmx_bcc_xdonor_spot_0000000616,-192964.13483966194,-40005.508074906626,1.0,0.0,0.0
cosmx_bcc_xdonor_spot_0000000617,-192997.30150632863,-39602.29012618869,1.0,0.0,0.0
cosmx_bcc_xdonor_spot_0000000618,-193030.82233966194,-39256.748459522016,1.0,0.0,0.0
cosmx_bcc_xdonor_spot_0000000619,-192994.01719260312,-38867.476400698484,1.0,0.0,0.0
cosmx_bcc_xdonor_spot_0000000620,-193009.0478831402,-38540.16693778289,1.0,0.0,0.0
cosmx_bcc_xdonor_spot_0000000621,-193004.04393057106,-38250.85073224928,0.8181818181818182,0.0,0.0909090909090909
cosmx_bcc_xdonor_spot_0000000909,-192655.0478831402,-42080.90606821767,1.0,0.0,0.0
cosmx_bcc_xdonor_spot_0000000910,-192659.32233966194,-41733.998459522016,1.0,0.0,0.0
cosmx_bcc_xdonor_spot_0000000911,-192634.57928410638,-41369.4012372998,1.0,0.0,0.0
cosmx_bcc_xdonor_spot_0000000912,-192648.57928410638,-41003.734570633125,1.0,0.0,0.0
cosmx_bcc_xdonor_spot_0000000913,-192722.86817299528,-40669.25679285535,0.9333333333333332,0.0666666666666666,0.0
cosmx_bcc_xdonor_spot_0000000914,-192671.98483966192,-40312.32345952202,1.0,0.0,0.0
cosmx_bcc_xdonor_spot_0000000915,-192659.9583690737,-39964.88816540437,1.0,0.0,0.0
cosmx_bcc_xdonor_spot_0000000916,-192644.43483966193,-39596.17345952202,1.0,0.0,0.0
cosmx_bcc_xdonor_spot_0000000917,-192649.75983966197,-39267.33179285535,1.0,0.0,0.0
cosmx_bcc_xdonor_spot_0000000918,-192657.02372855082,-38917.9012372998,1.0,0.0,0.0
cosmx_bcc_xdonor_spot_0000000919,-192658.6903952175,-38534.17901507757,1.0,0.0,0.0
cosmx_bcc_xdonor_spot_0000000920,-192652.33483966193,-38201.27345952202,1.0,0.0,0.0
cosmx_bcc_xdonor_spot_0000001208,-192278.50983966194,-42087.935959522016,0.9375,0.0,0.0
cosmx_bcc_xdonor_spot_0000001209,-192299.18029420738,-41709.30527770384,1.0,0.0,0.0
cosmx_bcc_xdonor_spot_0000001210,-192315.84912537623,-41399.19488809344,1.0,0.0,0.0
cosmx_bcc_xdonor_spot_0000001213,-192302.934839662,-40222.523459522,1.0,0.0,0.0
cosmx_bcc_xdonor_spot_0000001214,-192300.7712032983,-39981.66891406747,1.0,0.0,0.0
cosmx_bcc_xdonor_spot_0000001215,-192306.66425142664,-39600.24110658084,1.0,0.0,0.0
cosmx_bcc_xdonor_spot_0000001216,-192296.46817299534,-39259.234570633125,1.0,0.0,0.0
cosmx_bcc_xdonor_spot_0000001217,-192289.01719260312,-38895.77051834555,1.0,0.0,0.0
cosmx_bcc_xdonor_spot_0000001218,-192288.38483966194,-38549.42345952202,1.0,0.0,0.0
cosmx_bcc_xdonor_spot_0000001219,-192304.86560889275,-38155.58499798356,1.0,0.0,0.0
cosmx_bcc_xdonor_spot_0000001507,-191961.44733966194,-42104.310959522016,1.0,0.0,0.0
cosmx_bcc_xdonor_spot_0000001508,-191940.46817299526,-41731.67901507757,1.0,0.0,0.0
cosmx_bcc_xdonor_spot_0000001509,-191986.49847602562,-41431.305277703825,0.7272727272727273,0.2727272727272727,0.0
cosmx_bcc_xdonor_spot_0000001512,-191877.55150632863,-40291.956792855344,1.0,0.0,0.0
cosmx_bcc_xdonor_spot_0000001513,-191952.13483966194,-39978.810959522016,1.0,0.0,0.0
cosmx_bcc_xdonor_spot_0000001514,-191936.5931729953,-39601.12345952202,0.9583333333333334,0.0,0.0416666666666666
cosmx_bcc_xdonor_spot_0000001515,-191972.9681729953,-39271.87345952201,1.0,0.0,0.0
cosmx_bcc_xdonor_spot_0000001516,-191926.68029420738,-38896.62345952202,1.0,0.0,0.0
cosmx_bcc_xdonor_spot_0000001517,-191930.63483966194,-38563.29012618869,1.0,0.0,0.0
cosmx_bcc_xdonor_spot_0000001518,-191948.32233966194,-38227.623459522016,0.9375,0.0625,0.0
cosmx_bcc_xdonor_spot_0000001519,-191929.11588701917,-37807.51227052598,1.0,0.0,0.0
cosmx_bcc_xdonor_spot_0000001520,-191945.53941643095,-37485.55932934951,1.0,0.0,0.0
cosmx_bcc_xdonor_spot_0000001521,-191946.4810830976,-37152.367662682846,1.0,0.0,0.0
cosmx_bcc_xdonor_spot_0000001522,-191953.6762585362,-36781.63301356004,1.0,0.0,0.0
cosmx_bcc_xdonor_spot_0000001523,-191934.93941643095,-36433.73827671793,1.0,0.0,0.0
cosmx_bcc_xdonor_spot_0000001524,-191955.1179878595,-36054.8736150638,1.0,0.0,0.0
cosmx_bcc_xdonor_spot_0000001525,-191895.21941643092,-35710.359329349514,1.0,0.0,0.0
cosmx_bcc_xdonor_spot_0000001526,-191927.61941643094,-35336.439329349516,1.0,0.0,0.0
cosmx_bcc_xdonor_spot_0000001527,-191946.85941643093,-34993.079329349515,0.96,0.0,0.0
cosmx_bcc_xdonor_spot_0000001528,-191942.82176937212,-34694.51227052598,0.5882352941176471,0.2352941176470588,0.0
cosmx_bcc_xdonor_spot_0000001529,-191947.6727497643,-34277.759329349516,0.9333333333333332,0.0,0.0666666666666666
cosmx_bcc_xdonor_spot_0000001530,-191962.93941643095,-33944.47182934951,1.0,0.0,0.0
cosmx_bcc_xdonor_spot_0000001806,-191610.60542789724,-42092.358753639666,1.0,0.0,0.0
cosmx_bcc_xdonor_spot_0000001807,-191577.02372855082,-41752.45679285535,1.0,0.0,0.0
cosmx_bcc_xdonor_spot_0000001808,-191597.13483966194,-41414.748459522016,1.0,0.0,0.0
cosmx_bcc_xdonor_spot_0000001809,-191504.9681729953,-41003.87345952201,1.0,0.0,0.0
cosmx_bcc_xdonor_spot_0000001810,-191571.63483966194,-40667.123459522016,1.0,0.0,0.0
cosmx_bcc_xdonor_spot_0000001811,-191587.35706188416,-40318.734570633125,1.0,0.0,0.0
cosmx_bcc_xdonor_spot_0000001812,-191549.34536597773,-39943.228722679916,1.0,0.0,0.0
cosmx_bcc_xdonor_spot_0000001813,-191552.08483966193,-39613.873459522016,1.0,0.0,0.0
cosmx_bcc_xdonor_spot_0000001814,-191597.8995455443,-39275.18228305143,1.0,0.0,0.0
cosmx_bcc_xdonor_spot_0000001815,-191590.96092661846,-38939.38432908724,1.0,0.0,0.0
cosmx_bcc_xdonor_spot_0000001816,-191595.26527444457,-38541.77563343506,1.0,0.0,0.0
cosmx_bcc_xdonor_spot_0000001817,-191590.90756693465,-38176.850732249295,1.0,0.0,0.0
cosmx_bcc_xdonor_spot_0000001818,-191576.63506860484,-37830.59411195821,1.0,0.0,0.0
cosmx_bcc_xdonor_spot_0000001819,-191592.88941643093,-37488.359329349514,1.0,0.0,0.0
cosmx_bcc_xdonor_spot_0000001820,-191594.40608309762,-37138.959329349505,1.0,0.0,0.0
cosmx_bcc_xdonor_spot_0000001821,-191582.46882819565,-36793.80638817304,1.0,0.0,0.0
cosmx_bcc_xdonor_spot_0000001822,-191583.25759824913,-36407.15932934952,1.0,0.0,0.0
cosmx_bcc_xdonor_spot_0000001823,-191563.7815216941,-36083.31722408636,1.0,0.0,0.0
cosmx_bcc_xdonor_spot_0000001824,-191600.68941643095,-35701.45932934951,0.75,0.15,0.0
cosmx_bcc_xdonor_spot_0000001825,-191575.25759824913,-35338.61387480406,0.6818181818181818,0.0454545454545454,0.0
cosmx_bcc_xdonor_spot_0000001826,-191567.25191643095,-35058.97182934951,0.6875,0.0,0.0
cosmx_bcc_xdonor_spot_0000001827,-191541.3939618855,-34616.250238440414,0.6363636363636364,0.2727272727272727,0.0
cosmx_bcc_xdonor_spot_0000001828,-191607.3679878595,-34317.19504363523,1.0,0.0,0.0
cosmx_bcc_xdonor_spot_0000001829,-191529.63172412326,-33948.39009858028,1.0,0.0,0.0
cosmx_bcc_xdonor_spot_0000002105,-191172.44733966194,-42098.123459522016,0.9375,0.0,0.0625
cosmx_bcc_xdonor_spot_0000002106,-191210.75022427735,-41743.4311518297,1.0,0.0,0.0
cosmx_bcc_xdonor_spot_0000002107,-191225.24595077304,-41356.79012618869,1.0,0.0,0.0
cosmx_bcc_xdonor_spot_0000002108,-191209.83483966193,-41033.123459522016,1.0,0.0,0.0
cosmx_bcc_xdonor_spot_0000002109,-191234.38483966194,-40677.77345952202,1.0,0.0,0.0
cosmx_bcc_xdonor_spot_0000002110,-191228.88483966194,-40295.32345952202,1.0,0.0,0.0
cosmx_bcc_xdonor_spot_0000002111,-191237.52372855082,-39956.17901507757,1.0,0.0,0.0
cosmx_bcc_xdonor_spot_0000002112,-191241.63483966194,-39594.873459522016,1.0,0.0,0.0
cosmx_bcc_xdonor_spot_0000002113,-191231.8431729953,-39242.12345952202,0.9583333333333334,0.0416666666666666,0.0
cosmx_bcc_xdonor_spot_0000002114,-191243.09136140108,-38896.03650300028,1.0,0.0,0.0
cosmx_bcc_xdonor_spot_0000002115,-191241.9769449251,-38551.4392489957,1.0,0.0,0.0
cosmx_bcc_xdonor_spot_0000002116,-191265.87397009673,-38166.21041604376,1.0,0.0,0.0
cosmx_bcc_xdonor_spot_0000002117,-191225.87236836684,-37835.57300686389,1.0,0.0,0.0
cosmx_bcc_xdonor_spot_0000002118,-191211.18941643095,-37500.22182934951,1.0,0.0,0.0
cosmx_bcc_xdonor_spot_0000002119,-191253.06441643095,-37151.03432934951,1.0,0.0,0.0
cosmx_bcc_xdonor_spot_0000002120,-191313.75759824915,-36789.341147531326,1.0,0.0,0.0
cosmx_bcc_xdonor_spot_0000002122,-191186.93941643095,-36065.65932934951,0.875,0.0625,0.0625
cosmx_bcc_xdonor_spot_0000002123,-191222.33941643094,-35732.95932934951,1.0,0.0,0.0
cosmx_bcc_xdonor_spot_0000002124,-191296.6060830976,-35360.881551571736,1.0,0.0,0.0
cosmx_bcc_xdonor_spot_0000002125,-191251.82830531982,-35037.5482182384,0.9444444444444444,0.0,0.0
cosmx_bcc_xdonor_spot_0000002126,-191237.98703547855,-34662.58790077808,1.0,0.0,0.0
cosmx_bcc_xdonor_spot_0000002127,-191240.97941643093,-34301.47932934952,1.0,0.0,0.0
cosmx_bcc_xdonor_spot_0000002128,-191226.89941643094,-33944.23932934951,1.0,0.0,0.0
cosmx_bcc_xdonor_spot_0000002404,-190876.13483966194,-42088.29993011025,1.0,0.0,0.0
cosmx_bcc_xdonor_spot_0000002405,-190902.95302148015,-41774.12345952201,1.0,0.0,0.0
cosmx_bcc_xdonor_spot_0000002406,-190879.42650632863,-41380.29012618869,1.0,0.0,0.0
cosmx_bcc_xdonor_spot_0000002407,-190874.09483966196,-41025.44345952202,1.0,0.0,0.0
cosmx_bcc_xdonor_spot_0000002408,-190875.4826657489,-40670.25389430463,1.0,0.0,0.0
cosmx_bcc_xdonor_spot_0000002409,-190877.6611554514,-40319.544512153596,1.0,0.0,0.0
cosmx_bcc_xdonor_spot_0000002410,-190875.374839662,-39973.76345952202,1.0,0.0,0.0
cosmx_bcc_xdonor_spot_0000002411,-190836.86817299528,-39611.45679285535,0.7333333333333333,0.0666666666666666,0.0
cosmx_bcc_xdonor_spot_0000002412,-190883.78000095236,-39260.38152403813,0.4193548387096774,0.032258064516129,0.0
cosmx_bcc_xdonor_spot_0000002413,-190892.48483966192,-38900.02345952202,0.7,0.0,0.0
cosmx_bcc_xdonor_spot_0000002414,-190881.63483966194,-38579.810959522016,0.9375,0.0,0.0625
cosmx_bcc_xdonor_spot_0000002415,-190809.4681729953,-38166.19012618868,1.0,0.0,0.0
cosmx_bcc_xdonor_spot_0000002416,-190866.89471772156,-37849.71289213687,1.0,0.0,0.0
cosmx_bcc_xdonor_spot_0000002417,-190857.18941643098,-37536.90932934951,1.0,0.0,0.0
cosmx_bcc_xdonor_spot_0000002418,-190841.47274976427,-37122.35932934951,1.0,0.0,0.0
cosmx_bcc_xdonor_spot_0000002419,-190833.10608309763,-36753.65932934951,1.0,0.0,0.0
cosmx_bcc_xdonor_spot_0000002420,-190867.58647525447,-36370.45344699657,1.0,0.0,0.0
cosmx_bcc_xdonor_spot_0000002421,-190864.5757800673,-36093.15932934952,1.0,0.0,0.0
cosmx_bcc_xdonor_spot_0000002422,-190858.93941643092,-35727.42019891473,1.0,0.0,0.0
cosmx_bcc_xdonor_spot_0000002423,-190839.55480104635,-35337.39009858028,0.8461538461538461,0.0769230769230769,0.0769230769230769
cosmx_bcc_xdonor_spot_0000002424,-190864.75191643095,-34989.47182934951,0.9375,0.0625,0.0
cosmx_bcc_xdonor_spot_0000002425,-190880.89593817006,-34647.68106847995,1.0,0.0,0.0
cosmx_bcc_xdonor_spot_0000002426,-190888.0060830976,-34273.125996016184,1.0,0.0,0.0
cosmx_bcc_xdonor_spot_0000002427,-190874.22513071666,-33958.492662682846,1.0,0.0,0.0
cosmx_bcc_xdonor_spot_0000002695,-190433.95776088967,-44894.68103627287,1.0,0.0,0.0
cosmx_bcc_xdonor_spot_0000002696,-190434.916094223,-44574.1532584951,1.0,0.0,0.0
cosmx_bcc_xdonor_spot_0000002697,-190421.1799831119,-44224.34770293954,1.0,0.0,0.0
cosmx_bcc_xdonor_spot_0000002698,-190421.65473058666,-43853.26689485873,1.0,0.0,0.0
cosmx_bcc_xdonor_spot_0000002699,-190412.0053799373,-43430.474687066526,1.0,0.0,0.0
cosmx_bcc_xdonor_spot_0000002700,-190416.291094223,-43146.1532584951,0.75,0.0,0.0
cosmx_bcc_xdonor_spot_0000002701,-190426.0688720008,-42798.01436960621,1.0,0.0,0.0
cosmx_bcc_xdonor_spot_0000002702,-190450.291094223,-42439.474687066526,1.0,0.0,0.0
cosmx_bcc_xdonor_spot_0000002703,-190501.65864918573,-42073.123459522016,1.0,0.0,0.0
cosmx_bcc_xdonor_spot_0000002704,-190484.8407220149,-41753.5352242279,0.9411764705882352,0.0,0.0588235294117647
cosmx_bcc_xdonor_spot_0000002705,-190521.26527444457,-41369.68867691333,1.0,0.0,0.0
cosmx_bcc_xdonor_spot_0000002706,-190520.494839662,-41022.843459522024,1.0,0.0,0.0
cosmx_bcc_xdonor_spot_0000002707,-190501.41261743972,-40694.623459522016,1.0,0.0,0.0
cosmx_bcc_xdonor_spot_0000002708,-190540.24010281984,-40332.28135425886,1.0,0.0,0.0
cosmx_bcc_xdonor_spot_0000002709,-190524.18747124088,-39950.59714373254,1.0,0.0,0.0
cosmx_bcc_xdonor_spot_0000002710,-190532.45302148012,-39601.80527770384,1.0,0.0,0.0
cosmx_bcc_xdonor_spot_0000002711,-190533.29273439877,-39226.807670048336,1.0,0.0,0.0
cosmx_bcc_xdonor_spot_0000002712,-190532.88483966194,-38885.72345952202,1.0,0.0,0.0
cosmx_bcc_xdonor_spot_0000002713,-190533.73483966192,-38562.07345952202,0.95,0.0,0.0
cosmx_bcc_xdonor_spot_0000002714,-190536.25983966197,-38165.74845952202,1.0,0.0,0.0
cosmx_bcc_xdonor_spot_0000002715,-190502.05496502205,-37826.3153362007,1.0,0.0,0.0
cosmx_bcc_xdonor_spot_0000002716,-190504.7815216941,-37474.58038198109,1.0,0.0,0.0
cosmx_bcc_xdonor_spot_0000002717,-190528.013490505,-37153.82599601618,1.0,0.0,0.0
cosmx_bcc_xdonor_spot_0000002718,-190537.46322595474,-36779.06409125427,1.0,0.0,0.0
cosmx_bcc_xdonor_spot_0000002719,-190546.21941643092,-36424.719329349515,1.0,0.0,0.0
cosmx_bcc_xdonor_spot_0000002720,-190543.14774976426,-36086.57599601618,1.0,0.0,0.0
cosmx_bcc_xdonor_spot_0000002721,-190496.93941643095,-35727.55932934951,1.0,0.0,0.0
cosmx_bcc_xdonor_spot_0000002722,-190516.63506860484,-35369.4636771756,1.0,0.0,0.0
cosmx_bcc_xdonor_spot_0000002723,-190495.7629458427,-35017.276976408335,1.0,0.0,0.0
cosmx_bcc_xdonor_spot_0000002724,-190561.06441643095,-34688.84682934951,1.0,0.0,0.0
cosmx_bcc_xdonor_spot_0000002725,-190535.21719420873,-34296.27044046062,1.0,0.0,0.0
cosmx_bcc_xdonor_spot_0000002726,-190508.2357127272,-33949.93710712729,1.0,0.0,0.0
cosmx_bcc_xdonor_spot_0000002993,-190079.51331644523,-45198.236591828434,1.0,0.0,0.0
cosmx_bcc_xdonor_spot_0000002994,-190167.18583106512,-44929.3243111267,0.8947368421052632,0.0,0.0
cosmx_bcc_xdonor_spot_0000002995,-190175.478594223,-44608.21575849511,0.9375,0.0,0.0625
cosmx_bcc_xdonor_spot_0000002996,-190180.891094223,-44212.00325849512,1.0,0.0,0.0
cosmx_bcc_xdonor_spot_0000002997,-190154.06382149574,-43856.812349404216,0.9545454545454546,0.0,0.0454545454545454
cosmx_bcc_xdonor_spot_0000002998,-190159.916094223,-43492.569925161784,1.0,0.0,0.0
cosmx_bcc_xdonor_spot_0000002999,-190176.43924237115,-43166.45881405067,1.0,0.0,0.0
cosmx_bcc_xdonor_spot_0000003000,-190165.2001851321,-42791.994167586025,1.0,0.0,0.0
cosmx_bcc_xdonor_spot_0000003001,-190152.916094223,-42422.965758495106,1.0,0.0,0.0
cosmx_bcc_xdonor_spot_0000003002,-190156.9769449251,-42070.228722679916,1.0,0.0,0.0
cosmx_bcc_xdonor_spot_0000003003,-190146.54393057103,-41739.896186794744,1.0,0.0,0.0
cosmx_bcc_xdonor_spot_0000003004,-190167.5634110905,-41394.885364283924,1.0,0.0,0.0
cosmx_bcc_xdonor_spot_0000003005,-190172.85706188416,-41030.4012372998,1.0,0.0,0.0
cosmx_bcc_xdonor_spot_0000003006,-190167.25983966194,-40699.560959522016,1.0,0.0,0.0
cosmx_bcc_xdonor_spot_0000003007,-190185.02957650405,-40300.4392489957,1.0,0.0,0.0
cosmx_bcc_xdonor_spot_0000003008,-190188.03960156668,-39959.74250714107,1.0,0.0,0.0
cosmx_bcc_xdonor_spot_0000003009,-190173.34536597773,-39603.86030162728,1.0,0.0,0.0
cosmx_bcc_xdonor_spot_0000003010,-190188.8716817672,-39262.28135425886,1.0,0.0,0.0
cosmx_bcc_xdonor_spot_0000003011,-190178.78483966194,-38908.42345952202,1.0,0.0,0.0
cosmx_bcc_xdonor_spot_0000003012,-190177.92431334616,-38542.59714373254,1.0,0.0,0.0
cosmx_bcc_xdonor_spot_0000003013,-190178.50983966194,-38208.873459522016,1.0,0.0,0.0
cosmx_bcc_xdonor_spot_0000003014,-190187.1491875925,-37831.90753585814,1.0,0.0,0.0
cosmx_bcc_xdonor_spot_0000003015,-190166.1133294744,-37476.15932934952,1.0,0.0,0.0
cosmx_bcc_xdonor_spot_0000003016,-190207.41000466625,-37152.6299175848,1.0,0.0,0.0
cosmx_bcc_xdonor_spot_0000003017,-190170.5601060861,-36784.19381210813,1.0,0.0,0.0
cosmx_bcc_xdonor_spot_0000003018,-190155.8838608754,-36433.43710712729,1.0,0.0,0.0
cosmx_bcc_xdonor_spot_0000003019,-190170.04467958884,-36049.00143461267,1.0,0.0,0.0
cosmx_bcc_xdonor_spot_0000003020,-190126.6060830976,-35712.15932934952,1.0,0.0,0.0
cosmx_bcc_xdonor_spot_0000003021,-190193.25759824913,-35332.84114753133,1.0,0.0,0.0
cosmx_bcc_xdonor_spot_0000003022,-190190.27274976426,-34993.20099601618,1.0,0.0,0.0
cosmx_bcc_xdonor_spot_0000003023,-190166.90095489245,-34664.543944734134,1.0,0.0,0.0
cosmx_bcc_xdonor_spot_0000003024,-190201.46573222041,-34285.68564513898,1.0,0.0,0.0
cosmx_bcc_xdonor_spot_0000003025,-190173.6701856617,-33956.23625242644,1.0,0.0,0.0
cosmx_bcc_xdonor_spot_0000003026,-190155.77274976435,-33750.99266268283,1.0,0.0,0.0
cosmx_bcc_xdonor_spot_0000003290,-189737.291094223,-45861.61754420939,1.0,0.0,0.0
cosmx_bcc_xdonor_spot_0000003291,-189824.291094223,-45614.25108458208,1.0,0.0,0.0
cosmx_bcc_xdonor_spot_0000003292,-189819.36801729992,-45271.941720033574,0.9615384615384616,0.0,0.0
cosmx_bcc_xdonor_spot_0000003293,-189798.251094223,-44926.22325849512,1.0,0.0,0.0
cosmx_bcc_xdonor_spot_0000003294,-189812.59109422303,-44602.95325849512,0.95,0.0,0.05
cosmx_bcc_xdonor_spot_0000003295,-189774.2196656516,-44186.33182992368,1.0,0.0,0.0
cosmx_bcc_xdonor_spot_0000003296,-189806.74563967757,-43862.40325849512,1.0,0.0,0.0
cosmx_bcc_xdonor_spot_0000003297,-189823.93395136585,-43508.22468706653,1.0,0.0,0.0
cosmx_bcc_xdonor_spot_0000003298,-189801.891094223,-43142.10325849512,1.0,0.0,0.0
cosmx_bcc_xdonor_spot_0000003299,-189791.531094223,-42776.86325849512,1.0,0.0,0.0
cosmx_bcc_xdonor_spot_0000003300,-189830.191094223,-42436.25325849511,1.0,0.0,0.0
cosmx_bcc_xdonor_spot_0000003301,-189795.13483966194,-42074.32345952202,1.0,0.0,0.0
cosmx_bcc_xdonor_spot_0000003302,-189810.1783179228,-41718.25389430463,1.0,0.0,0.0
cosmx_bcc_xdonor_spot_0000003303,-189823.63483966194,-41375.34568174424,1.0,0.0,0.0
cosmx_bcc_xdonor_spot_0000003304,-189810.90756693465,-41032.350732249295,1.0,0.0,0.0
cosmx_bcc_xdonor_spot_0000003305,-189809.38483966203,-40652.05203095059,1.0,0.0,0.0
cosmx_bcc_xdonor_spot_0000003306,-189803.9681729953,-40330.70679285535,1.0,0.0,0.0
cosmx_bcc_xdonor_spot_0000003307,-189847.49847602556,-39969.53255043111,0.9545454545454546,0.0454545454545454,0.0
cosmx_bcc_xdonor_spot_0000003308,-189816.92431334616,-39604.123459522016,1.0,0.0,0.0
cosmx_bcc_xdonor_spot_0000003309,-189792.74595077304,-39259.29012618869,1.0,0.0,0.0
cosmx_bcc_xdonor_spot_0000003310,-189795.6903952175,-38908.012348410906,1.0,0.0,0.0
cosmx_bcc_xdonor_spot_0000003311,-189832.30875270543,-38550.819111695935,1.0,0.0,0.0
cosmx_bcc_xdonor_spot_0000003312,-189825.24595077313,-38194.827163225724,1.0,0.0,0.0
cosmx_bcc_xdonor_spot_0000003313,-189858.43213952842,-37873.754546705844,1.0,0.0,0.0
cosmx_bcc_xdonor_spot_0000003314,-189816.8727497643,-37457.42599601617,1.0,0.0,0.0
cosmx_bcc_xdonor_spot_0000003315,-189832.8838608754,-37151.77044046062,1.0,0.0,0.0
cosmx_bcc_xdonor_spot_0000003316,-189833.9810830976,-36768.242662682846,1.0,0.0,0.0
cosmx_bcc_xdonor_spot_0000003317,-189807.70132119284,-36423.206948397135,1.0,0.0,0.0
cosmx_bcc_xdonor_spot_0000003318,-189787.37691643095,-36057.78432934951,1.0,0.0,0.0
cosmx_bcc_xdonor_spot_0000003319,-189808.41310064145,-35722.42248724425,1.0,0.0,0.0
cosmx_bcc_xdonor_spot_0000003320,-189793.82830531982,-35384.214884905065,1.0,0.0,0.0
cosmx_bcc_xdonor_spot_0000003321,-189810.43941643092,-35007.94504363523,1.0,0.0,0.0
cosmx_bcc_xdonor_spot_0000003322,-189839.62362695727,-34645.05406619162,1.0,0.0,0.0
cosmx_bcc_xdonor_spot_0000003323,-189822.51084500237,-34311.492662682846,1.0,0.0,0.0
cosmx_bcc_xdonor_spot_0000003324,-189807.93941643092,-33932.75192194211,1.0,0.0,0.0
cosmx_bcc_xdonor_spot_0000003325,-189821.939416431,-33757.32599601617,1.0,0.0,0.0
cosmx_bcc_xdonor_spot_0000003589,-189455.87442755632,-45932.06992516177,0.5833333333333334,0.0,0.0
cosmx_bcc_xdonor_spot_0000003590,-189446.166094223,-45614.02825849512,1.0,0.0,0.0
cosmx_bcc_xdonor_spot_0000003591,-189475.56032499223,-45266.86479695665,1.0,0.0,0.0
cosmx_bcc_xdonor_spot_0000003592,-189454.69850163042,-44932.23659182844,1.0,0.0,0.0
cosmx_bcc_xdonor_spot_0000003593,-189445.90647883838,-44574.21095080281,1.0,0.0,0.0
cosmx_bcc_xdonor_spot_0000003594,-189501.45776088967,-44233.792147384,0.9444444444444444,0.0,0.0555555555555555
cosmx_bcc_xdonor_spot_0000003595,-189475.58276088967,-43829.444925161784,1.0,0.0,0.0
cosmx_bcc_xdonor_spot_0000003596,-189474.49942755632,-43512.27825849512,1.0,0.0,0.0
cosmx_bcc_xdonor_spot_0000003597,-189463.56695629196,-43158.14463780545,1.0,0.0,0.0
cosmx_bcc_xdonor_spot_0000003598,-189453.7725757045,-42797.90325849511,1.0,0.0,0.0
cosmx_bcc_xdonor_spot_0000003599,-189450.24109422302,-42451.65325849511,1.0,0.0,0.0
cosmx_bcc_xdonor_spot_0000003612,-189403.93941643098,-37905.52296571314,1.0,0.0,0.0
cosmx_bcc_xdonor_spot_0000003613,-189452.39396188548,-37500.97751116769,1.0,0.0,0.0
cosmx_bcc_xdonor_spot_0000003614,-189465.03032552183,-37135.65932934952,1.0,0.0,0.0
cosmx_bcc_xdonor_spot_0000003615,-189460.48941643094,-36760.95932934951,1.0,0.0,0.0
cosmx_bcc_xdonor_spot_0000003616,-189453.70132119284,-36421.8736150638,1.0,0.0,0.0
cosmx_bcc_xdonor_spot_0000003617,-189476.6060830976,-36051.52969971989,1.0,0.0,0.0
cosmx_bcc_xdonor_spot_0000003618,-189465.98941643094,-35707.95932934951,1.0,0.0,0.0
cosmx_bcc_xdonor_spot_0000003619,-189467.87045091367,-35364.124846590894,1.0,0.0,0.0
cosmx_bcc_xdonor_spot_0000003620,-189464.0757800673,-35013.79569298588,0.8636363636363636,0.0,0.0
cosmx_bcc_xdonor_spot_0000003621,-189459.27274976426,-34652.90932934952,1.0,0.0,0.0
cosmx_bcc_xdonor_spot_0000003622,-189460.39774976426,-34307.95099601618,1.0,0.0,0.0
cosmx_bcc_xdonor_spot_0000003623,-189466.1666891582,-33953.204783894966,0.7272727272727273,0.0454545454545454,0.0
cosmx_bcc_xdonor_spot_0000003887,-189039.83654876848,-46282.994167586,0.1818181818181818,0.2727272727272727,0.1818181818181818
cosmx_bcc_xdonor_spot_0000003888,-189113.0688720008,-45975.90325849511,0.2222222222222222,0.5185185185185185,0.0
cosmx_bcc_xdonor_spot_0000003889,-189130.5688720008,-45658.958814050675,0.7777777777777778,0.1666666666666666,0.0
cosmx_bcc_xdonor_spot_0000003890,-189102.75263268454,-45266.90325849511,1.0,0.0,0.0
cosmx_bcc_xdonor_spot_0000003891,-189122.60927604118,-44927.448713040576,0.9545454545454546,0.0454545454545454,0.0
cosmx_bcc_xdonor_spot_0000003892,-189130.34109422303,-44551.70325849512,1.0,0.0,0.0
cosmx_bcc_xdonor_spot_0000003893,-189078.86252279443,-44227.76040135225,0.6428571428571429,0.3571428571428571,0.0
cosmx_bcc_xdonor_spot_0000003894,-189114.62442755632,-43875.65325849512,1.0,0.0,0.0
cosmx_bcc_xdonor_spot_0000003895,-189103.24942755632,-43527.15325849512,1.0,0.0,0.0
cosmx_bcc_xdonor_spot_0000003896,-189092.05299898493,-43174.855639447494,1.0,0.0,0.0
cosmx_bcc_xdonor_spot_0000003897,-189117.67204660396,-42805.99849659036,1.0,0.0,0.0
cosmx_bcc_xdonor_spot_0000003898,-189119.20413770125,-42448.0771715386,1.0,0.0,0.0
cosmx_bcc_xdonor_spot_0000003911,-189134.6785468657,-37803.37672065386,1.0,0.0,0.0
cosmx_bcc_xdonor_spot_0000003912,-189104.71719420873,-37498.214884905065,1.0,0.0,0.0
cosmx_bcc_xdonor_spot_0000003913,-189122.27274976426,-37120.32599601618,1.0,0.0,0.0
cosmx_bcc_xdonor_spot_0000003914,-189101.51084500237,-36767.39742458761,1.0,0.0,0.0
cosmx_bcc_xdonor_spot_0000003915,-189097.3322735738,-36419.230757920945,0.9642857142857144,0.0,0.0357142857142857
cosmx_bcc_xdonor_spot_0000003916,-189108.89774976426,-36053.742662682846,1.0,0.0,0.0
cosmx_bcc_xdonor_spot_0000003917,-189113.93941643092,-35709.30747749766,1.0,0.0,0.0
cosmx_bcc_xdonor_spot_0000003918,-189136.05706348977,-35375.74756464363,0.8235294117647058,0.1764705882352941,0.0
cosmx_bcc_xdonor_spot_0000003919,-189098.73941643094,-34969.30932934951,0.8,0.0,0.0
cosmx_bcc_xdonor_spot_0000003920,-189111.36046906252,-34678.31722408636,0.7894736842105263,0.2105263157894736,0.0
cosmx_bcc_xdonor_spot_0000003921,-189071.93941643092,-34291.61387480406,0.8181818181818182,0.0909090909090909,0.0
cosmx_bcc_xdonor_spot_0000003922,-189093.6762585362,-33931.15932934951,0.8947368421052632,0.1052631578947368,0.0
cosmx_bcc_xdonor_spot_0000003923,-189080.939416431,-33748.1593293495,1.0,0.0,0.0
cosmx_bcc_xdonor_spot_0000004186,-188798.55776088967,-46334.63659182844,0.0666666666666666,0.6,0.0666666666666666
cosmx_bcc_xdonor_spot_0000004187,-188758.47291240483,-46012.90325849512,1.0,0.0,0.0
cosmx_bcc_xdonor_spot_0000004188,-188764.49109422302,-45641.95325849512,1.0,0.0,0.0
cosmx_bcc_xdonor_spot_0000004189,-188759.416094223,-45258.611591828456,1.0,0.0,0.0
cosmx_bcc_xdonor_spot_0000004190,-188771.81283335344,-44919.46847588643,0.8695652173913043,0.0869565217391304,0.0
cosmx_bcc_xdonor_spot_0000004191,-188767.52186345376,-44505.74941234126,0.4615384615384615,0.2307692307692307,0.0
cosmx_bcc_xdonor_spot_0000004192,-188769.01331644523,-44188.90325849512,0.1111111111111111,0.1111111111111111,0.0
cosmx_bcc_xdonor_spot_0000004193,-188742.8717393843,-43851.45164559187,0.6451612903225806,0.1612903225806451,0.0
cosmx_bcc_xdonor_spot_0000004194,-188760.411094223,-43497.063258495116,1.0,0.0,0.0
cosmx_bcc_xdonor_spot_0000004195,-188757.32680850872,-43162.33182992368,1.0,0.0,0.0
cosmx_bcc_xdonor_spot_0000004196,-188752.451094223,-42819.74325849512,1.0,0.0,0.0
cosmx_bcc_xdonor_spot_0000004197,-188731.52186345376,-42452.74941234125,1.0,0.0,0.0
cosmx_bcc_xdonor_spot_0000004198,-188653.01233765867,-42126.43912832259,1.0,0.0,0.0
cosmx_bcc_xdonor_spot_0000004199,-188648.18658008293,-41731.39367377714,1.0,0.0,0.0
cosmx_bcc_xdonor_spot_0000004200,-188663.17259406892,-41406.78528216874,1.0,0.0,0.0
cosmx_bcc_xdonor_spot_0000004201,-188669.42900432533,-41043.43912832259,1.0,0.0,0.0
cosmx_bcc_xdonor_spot_0000004202,-188651.8734487698,-40655.716906100366,1.0,0.0,0.0
cosmx_bcc_xdonor_spot_0000004203,-188651.4802863766,-40328.016051399514,1.0,0.0,0.0
cosmx_bcc_xdonor_spot_0000004204,-188655.095670992,-39995.03912832259,1.0,0.0,0.0
cosmx_bcc_xdonor_spot_0000004205,-188668.39567099203,-39606.53912832259,1.0,0.0,0.0
cosmx_bcc_xdonor_spot_0000004206,-188669.01874791508,-39250.092974476436,1.0,0.0,0.0
cosmx_bcc_xdonor_spot_0000004207,-188670.29567099203,-38899.73912832259,1.0,0.0,0.0
cosmx_bcc_xdonor_spot_0000004208,-188671.720670992,-38541.06412832259,1.0,0.0,0.0
cosmx_bcc_xdonor_spot_0000004209,-188652.5242424206,-38204.65341403688,1.0,0.0,0.0
cosmx_bcc_xdonor_spot_0000004210,-188762.89179738332,-37836.683138873326,1.0,0.0,0.0
cosmx_bcc_xdonor_spot_0000004211,-188761.01941643094,-37489.91932934951,1.0,0.0,0.0
cosmx_bcc_xdonor_spot_0000004212,-188757.2310830976,-37149.53432934952,1.0,0.0,0.0
cosmx_bcc_xdonor_spot_0000004213,-188749.6537021452,-36781.44504363523,1.0,0.0,0.0
cosmx_bcc_xdonor_spot_0000004214,-188740.93941643092,-36446.75192194211,1.0,0.0,0.0
cosmx_bcc_xdonor_spot_0000004215,-188740.1986756902,-36074.085255275444,0.9629629629629628,0.0,0.037037037037037
cosmx_bcc_xdonor_spot_0000004216,-188715.1747105486,-35722.57109405539,0.9411764705882352,0.0588235294117647,0.0
cosmx_bcc_xdonor_spot_0000004217,-188723.40095489245,-35337.620867811056,1.0,0.0,0.0
cosmx_bcc_xdonor_spot_0000004218,-188743.1133294744,-35013.42019891473,0.7391304347826086,0.0869565217391304,0.0
cosmx_bcc_xdonor_spot_0000004219,-188743.01941643094,-34618.51932934952,0.8,0.08,0.0
cosmx_bcc_xdonor_spot_0000004220,-188735.77274976426,-34297.492662682846,1.0,0.0,0.0
cosmx_bcc_xdonor_spot_0000004221,-188749.5822735738,-33934.80218649237,0.9642857142857144,0.0357142857142857,0.0
cosmx_bcc_xdonor_spot_0000004485,-188412.47291240483,-46324.721440313275,0.0,0.6363636363636364,0.0
cosmx_bcc_xdonor_spot_0000004486,-188402.47291240483,-45983.99416758603,0.7272727272727273,0.2727272727272727,0.0
cosmx_bcc_xdonor_spot_0000004487,-188398.811094223,-45628.54325849512,0.96,0.04,0.0
cosmx_bcc_xdonor_spot_0000004488,-188429.11462363478,-45289.37384673041,1.0,0.0,0.0
cosmx_bcc_xdonor_spot_0000004489,-188397.171094223,-44927.86325849512,0.92,0.0,0.08
cosmx_bcc_xdonor_spot_0000004490,-188394.853594223,-44573.52825849511,0.9375,0.0625,0.0
cosmx_bcc_xdonor_spot_0000004491,-188387.171094223,-44217.663258495115,0.92,0.04,0.0
cosmx_bcc_xdonor_spot_0000004492,-188395.81283335344,-43838.59891066904,0.8695652173913043,0.1304347826086956,0.0
cosmx_bcc_xdonor_spot_0000004493,-188410.37805074474,-43513.85978023425,1.0,0.0,0.0
cosmx_bcc_xdonor_spot_0000004494,-188411.59109422303,-43112.15325849511,1.0,0.0,0.0
cosmx_bcc_xdonor_spot_0000004495,-188404.32955576148,-42810.71095080281,1.0,0.0,0.0
cosmx_bcc_xdonor_spot_0000004496,-188404.43742409872,-42434.67386887309,1.0,0.0,0.0
cosmx_bcc_xdonor_spot_0000004497,-188402.2742424205,-42128.11769975117,1.0,0.0,0.0
cosmx_bcc_xdonor_spot_0000004498,-188388.38138527772,-41711.462937846416,1.0,0.0,0.0
cosmx_bcc_xdonor_spot_0000004499,-188420.17900432533,-41370.73079498928,1.0,0.0,0.0
cosmx_bcc_xdonor_spot_0000004500,-188379.88733765867,-41025.35579498928,1.0,0.0,0.0
cosmx_bcc_xdonor_spot_0000004501,-188349.3099567063,-40710.22484260831,0.8571428571428571,0.0,0.0
cosmx_bcc_xdonor_spot_0000004502,-188414.4114604657,-40327.46544411208,1.0,0.0,0.0
cosmx_bcc_xdonor_spot_0000004503,-188401.5047619011,-39950.80276468625,1.0,0.0,0.0
cosmx_bcc_xdonor_spot_0000004504,-188398.18262751377,-39592.982606583486,1.0,0.0,0.0
cosmx_bcc_xdonor_spot_0000004505,-188402.255670992,-39240.37912832262,1.0,0.0,0.0
cosmx_bcc_xdonor_spot_0000004506,-188411.05720945352,-38901.516051399536,1.0,0.0,0.0
cosmx_bcc_xdonor_spot_0000004507,-188424.995670992,-38562.38912832261,1.0,0.0,0.0
cosmx_bcc_xdonor_spot_0000004508,-188382.26233765867,-38201.23079498928,1.0,0.0,0.0
cosmx_bcc_xdonor_spot_0000004509,-188398.5709953783,-37797.42248724425,1.0,0.0,0.0
cosmx_bcc_xdonor_spot_0000004510,-188400.30783748356,-37489.00143461267,1.0,0.0,0.0
cosmx_bcc_xdonor_spot_0000004511,-188401.6060830976,-37133.677847868035,1.0,0.0,0.0
cosmx_bcc_xdonor_spot_0000004512,-188402.53941643093,-36782.65932934951,1.0,0.0,0.0
cosmx_bcc_xdonor_spot_0000004513,-188403.7394164309,-36411.35932934951,1.0,0.0,0.0
cosmx_bcc_xdonor_spot_0000004514,-188403.18941643098,-36065.825996016174,1.0,0.0,0.0
cosmx_bcc_xdonor_spot_0000004515,-188400.56441643092,-35722.32599601618,1.0,0.0,0.0
cosmx_bcc_xdonor_spot_0000004516,-188413.15153764305,-35351.765389955566,1.0,0.0,0.0
cosmx_bcc_xdonor_spot_0000004517,-188412.30305279457,-34996.401753591934,0.4545454545454545,0.2424242424242424,0.0303030303030303
cosmx_bcc_xdonor_spot_0000004518,-188410.6060830976,-34664.02599601618,0.4666666666666667,0.3333333333333333,0.0666666666666666
cosmx_bcc_xdonor_spot_0000004519,-188431.41310064145,-34328.05406619162,0.7368421052631579,0.2105263157894736,0.0
cosmx_bcc_xdonor_spot_0000004520,-188447.84850734007,-33973.613874804054,0.3636363636363636,0.2727272727272727,0.0
cosmx_bcc_xdonor_spot_0000004784,-188061.891094223,-46298.703258495094,0.2,0.0,0.0
cosmx_bcc_xdonor_spot_0000004785,-188066.091094223,-45941.50325849511,0.2666666666666666,0.6,0.0
cosmx_bcc_xdonor_spot_0000004786,-188029.5016205388,-45641.64010060038,0.6842105263157895,0.1052631578947368,0.1578947368421052
cosmx_bcc_xdonor_spot_0000004787,-188042.82955576148,-45278.98018157203,0.8461538461538461,0.1538461538461538,0.0
cosmx_bcc_xdonor_spot_0000004788,-188023.44898895986,-44923.16641638985,0.7894736842105263,0.0,0.0
cosmx_bcc_xdonor_spot_0000004789,-188054.40220533413,-44557.40325849512,0.6111111111111112,0.0,0.0
cosmx_bcc_xdonor_spot_0000004790,-188028.0302246578,-44214.20760632121,1.0,0.0,0.0
cosmx_bcc_xdonor_spot_0000004791,-188041.9274578594,-43870.40325849512,1.0,0.0,0.0
cosmx_bcc_xdonor_spot_0000004792,-188049.49109422302,-43504.1032584951,0.6,0.2,0.0
cosmx_bcc_xdonor_spot_0000004793,-188070.62442755632,-43075.56992516176,0.9166666666666666,0.0833333333333333,0.0
cosmx_bcc_xdonor_spot_0000004794,-188073.58276088967,-42824.15325849512,1.0,0.0,0.0
cosmx_bcc_xdonor_spot_0000004795,-188065.33276088967,-42432.986591828456,1.0,0.0,0.0
cosmx_bcc_xdonor_spot_0000004796,-188046.94567099202,-42149.43912832261,1.0,0.0,0.0
cosmx_bcc_xdonor_spot_0000004797,-188065.7623376587,-41726.177223560706,0.9047619047619048,0.0952380952380952,0.0
cosmx_bcc_xdonor_spot_0000004798,-188024.23852813488,-41357.98674737023,1.0,0.0,0.0
cosmx_bcc_xdonor_spot_0000004799,-188041.2695840355,-41038.54782397479,0.8260869565217391,0.0434782608695652,0.0
cosmx_bcc_xdonor_spot_0000004800,-188064.40001881812,-40621.33043267044,0.8695652173913043,0.0,0.0
cosmx_bcc_xdonor_spot_0000004801,-188020.8325130973,-40343.67597042787,1.0,0.0,0.0
cosmx_bcc_xdonor_spot_0000004802,-188007.56625922731,-39947.70383420496,1.0,0.0,0.0
cosmx_bcc_xdonor_spot_0000004803,-188036.14329003965,-39614.98674737023,1.0,0.0,0.0
cosmx_bcc_xdonor_spot_0000004804,-188045.75084340572,-39269.766714529505,1.0,0.0,0.0
cosmx_bcc_xdonor_spot_0000004805,-188041.42900432533,-38905.064128322614,1.0,0.0,0.0
cosmx_bcc_xdonor_spot_0000004806,-188074.19567099202,-38558.08912832261,1.0,0.0,0.0
cosmx_bcc_xdonor_spot_0000004807,-188012.4528138491,-38174.43912832262,1.0,0.0,0.0
cosmx_bcc_xdonor_spot_0000004808,-188013.1701856617,-37846.928560118744,1.0,0.0,0.0
cosmx_bcc_xdonor_spot_0000004809,-188018.79655928808,-37492.44504363523,1.0,0.0,0.0
cosmx_bcc_xdonor_spot_0000004810,-188041.27274976426,-37142.20099601618,1.0,0.0,0.0
cosmx_bcc_xdonor_spot_0000004811,-188040.76550338746,-36812.68106847995,1.0,0.0,0.0
cosmx_bcc_xdonor_spot_0000004812,-188071.73941643097,-36418.55932934951,0.8,0.2,0.0
cosmx_bcc_xdonor_spot_0000004813,-188043.30783748356,-36060.05406619162,1.0,0.0,0.0
cosmx_bcc_xdonor_spot_0000004814,-188027.51836379935,-35725.79090829688,1.0,0.0,0.0
cosmx_bcc_xdonor_spot_0000004815,-188068.75191643095,-35357.09682934951,0.25,0.4375,0.0
cosmx_bcc_xdonor_spot_0000004816,-188025.01941643094,-35004.399329349515,0.0,0.2,0.12
cosmx_bcc_xdonor_spot_0000004817,-188055.93941643095,-34671.992662682846,0.0,0.5555555555555556,0.0
cosmx_bcc_xdonor_spot_0000004818,-188065.46573222041,-34298.4751188232,0.0,0.631578947368421,0.0
cosmx_bcc_xdonor_spot_0000005084,-187689.291094223,-45944.06992516177,0.1666666666666666,0.3333333333333333,0.0
cosmx_bcc_xdonor_spot_0000005085,-187714.64403539948,-45668.72678790688,0.2352941176470588,0.5294117647058824,0.0
cosmx_bcc_xdonor_spot_0000005086,-187699.23846264408,-45260.2190479688,0.9473684210526316,0.0526315789473684,0.0
cosmx_bcc_xdonor_spot_0000005087,-187722.14823708014,-45014.61754420939,0.4285714285714285,0.0,0.0
cosmx_bcc_xdonor_spot_0000005088,-187739.416094223,-44482.1532584951,0.25,0.0,0.0
cosmx_bcc_xdonor_spot_0000005089,-187691.291094223,-44184.153258495106,0.6785714285714286,0.0,0.0714285714285714
cosmx_bcc_xdonor_spot_0000005090,-187698.34109422303,-43868.15325849512,1.0,0.0,0.0
cosmx_bcc_xdonor_spot_0000005091,-187707.58276088967,-43487.194925161784,1.0,0.0,0.0
cosmx_bcc_xdonor_spot_0000005092,-187678.58276088967,-43167.27825849512,1.0,0.0,0.0
cosmx_bcc_xdonor_spot_0000005093,-187710.541094223,-42798.319925161784,0.9583333333333334,0.0416666666666666,0.0
cosmx_bcc_xdonor_spot_0000005094,-187691.02082395274,-42441.957312549144,1.0,0.0,0.0
cosmx_bcc_xdonor_spot_0000005095,-187673.16709956343,-42156.08198546545,0.8571428571428571,0.0714285714285714,0.0
cosmx_bcc_xdonor_spot_0000005096,-187692.15449452144,-41688.292069499075,1.0,0.0,0.0
cosmx_bcc_xdonor_spot_0000005097,-187698.970670992,-41403.98079498928,1.0,0.0,0.0
cosmx_bcc_xdonor_spot_0000005098,-187692.3061973078,-41060.88649674366,1.0,0.0,0.0
cosmx_bcc_xdonor_spot_0000005099,-187687.05567099198,-40657.09912832262,0.96,0.0,0.0
cosmx_bcc_xdonor_spot_0000005100,-187667.33376623012,-40327.93912832261,1.0,0.0,0.0
cosmx_bcc_xdonor_spot_0000005101,-187713.495670992,-39959.63912832261,1.0,0.0,0.0
cosmx_bcc_xdonor_spot_0000005102,-187710.86839826475,-39602.80276468625,1.0,0.0,0.0
cosmx_bcc_xdonor_spot_0000005103,-187695.71471861107,-39252.177223560706,1.0,0.0,0.0
cosmx_bcc_xdonor_spot_0000005104,-187703.2861471825,-38883.89150927499,1.0,0.0,0.0
cosmx_bcc_xdonor_spot_0000005105,-187719.4418248381,-38556.36220524569,1.0,0.0,0.0
cosmx_bcc_xdonor_spot_0000005106,-187678.61418951047,-38204.494683878176,1.0,0.0,0.0
cosmx_bcc_xdonor_spot_0000005384,-187332.291094223,-45581.79214738399,0.0,0.4444444444444444,0.0
cosmx_bcc_xdonor_spot_0000005385,-187338.291094223,-45260.30325849511,0.3333333333333333,0.6666666666666666,0.0
cosmx_bcc_xdonor_spot_0000005386,-187300.83654876848,-44950.63053122237,0.3636363636363636,0.0909090909090909,0.0
cosmx_bcc_xdonor_spot_0000005388,-187347.46500726647,-44202.94673675599,0.5652173913043478,0.0,0.0
cosmx_bcc_xdonor_spot_0000005389,-187335.9577608897,-43876.284210876074,1.0,0.0,0.0
cosmx_bcc_xdonor_spot_0000005390,-187343.81283335344,-43530.94673675599,0.9130434782608696,0.0,0.0869565217391304
cosmx_bcc_xdonor_spot_0000005391,-187332.10927604118,-43147.357803949664,1.0,0.0,0.0
cosmx_bcc_xdonor_spot_0000005392,-187347.48157041348,-42808.66516325702,1.0,0.0,0.0
cosmx_bcc_xdonor_spot_0000005393,-187371.1799831119,-42428.56992516176,0.3333333333333333,0.5555555555555556,0.0
cosmx_bcc_xdonor_spot_0000005394,-187332.3099567063,-42054.15341403688,0.5714285714285714,0.0714285714285714,0.0
cosmx_bcc_xdonor_spot_0000005395,-187319.44049857813,-41731.55981797778,1.0,0.0,0.0
cosmx_bcc_xdonor_spot_0000005396,-187338.5401154364,-41373.642832026315,1.0,0.0,0.0
cosmx_bcc_xdonor_spot_0000005397,-187345.095670992,-41044.645010675544,1.0,0.0,0.0
cosmx_bcc_xdonor_spot_0000005398,-187337.68826358454,-40687.71690610039,1.0,0.0,0.0
cosmx_bcc_xdonor_spot_0000005399,-187338.19090908725,-40305.55817594166,0.9047619047619048,0.0,0.0
cosmx_bcc_xdonor_spot_0000005400,-187349.0047619011,-39952.62094650443,0.5,0.0909090909090909,0.0
cosmx_bcc_xdonor_spot_0000005401,-187380.92900432536,-39588.60579498927,1.0,0.0,0.0
cosmx_bcc_xdonor_spot_0000005402,-187336.18658008293,-39245.80276468625,1.0,0.0,0.0
cosmx_bcc_xdonor_spot_0000005403,-187294.35882888676,-38855.0443914805,0.8421052631578947,0.0526315789473684,0.0
cosmx_bcc_xdonor_spot_0000005404,-187316.8623376586,-38538.77246165594,0.7,0.0333333333333333,0.0
cosmx_bcc_xdonor_spot_0000005405,-187335.00871447028,-38176.50434571392,0.9565217391304348,0.0434782608695652,0.0
cosmx_bcc_xdonor_spot_0000005684,-187029.291094223,-45246.5032584951,0.2,0.2,0.0
cosmx_bcc_xdonor_spot_0000005685,-186987.1799831119,-44896.34770293954,0.3333333333333333,0.2222222222222222,0.1111111111111111
cosmx_bcc_xdonor_spot_0000005686,-186944.87932951713,-44534.66796437747,0.2352941176470588,0.2941176470588235,0.0
cosmx_bcc_xdonor_spot_0000005687,-186994.0183669503,-44200.35780394967,0.8636363636363636,0.0909090909090909,0.0
cosmx_bcc_xdonor_spot_0000005688,-186980.691094223,-43822.10325849511,0.9333333333333332,0.0,0.0666666666666666
cosmx_bcc_xdonor_spot_0000005689,-186988.9274578594,-43507.81234940421,0.8636363636363636,0.0909090909090909,0.0454545454545454
cosmx_bcc_xdonor_spot_0000005690,-186986.7616824583,-43150.66796437746,0.8823529411764706,0.0588235294117647,0.0588235294117647
cosmx_bcc_xdonor_spot_0000005691,-186983.59109422303,-42787.60325849512,1.0,0.0,0.0
cosmx_bcc_xdonor_spot_0000005692,-186976.791094223,-42422.75325849511,1.0,0.0,0.0
cosmx_bcc_xdonor_spot_0000005693,-186956.2009341499,-42077.93912832261,0.9473684210526316,0.0526315789473684,0.0
cosmx_bcc_xdonor_spot_0000005694,-186964.095670992,-41723.93912832261,0.8571428571428571,0.1428571428571428,0.0
cosmx_bcc_xdonor_spot_0000005695,-187041.39567099203,-41372.13912832261,0.95,0.0,0.0
cosmx_bcc_xdonor_spot_0000005696,-186989.970670992,-41008.3141283226,0.9375,0.0625,0.0
cosmx_bcc_xdonor_spot_0000005697,-186986.36839826475,-40650.12094650443,0.9545454545454546,0.0454545454545454,0.0
cosmx_bcc_xdonor_spot_0000005698,-187011.595670992,-40303.8766283226,0.9375,0.0625,0.0
cosmx_bcc_xdonor_spot_0000005699,-186998.81789321423,-39990.60579498927,0.9444444444444444,0.0555555555555555,0.0
cosmx_bcc_xdonor_spot_0000005700,-186958.895670992,-39627.07246165593,0.8,0.1333333333333333,0.0
cosmx_bcc_xdonor_spot_0000005701,-187040.64112553748,-39235.48458286805,0.0,0.3636363636363636,0.0909090909090909
cosmx_bcc_xdonor_spot_0000005702,-187030.46409204465,-38873.62333884892,0.1578947368421052,0.3157894736842105,0.1052631578947368
cosmx_bcc_xdonor_spot_0000005703,-186970.09567099198,-38560.86220524569,0.3846153846153846,0.1923076923076923,0.0384615384615384
cosmx_bcc_xdonor_spot_0000005704,-186961.533170992,-38184.2516283226,0.625,0.3125,0.0
cosmx_bcc_xdonor_spot_0000005985,-186709.691094223,-44537.4032584951,0.1,0.4,0.0
cosmx_bcc_xdonor_spot_0000005986,-186666.62442755632,-44185.06992516177,0.1666666666666666,0.5,0.0
cosmx_bcc_xdonor_spot_0000005987,-186645.02442755635,-43831.63659182844,0.4,0.4,0.1333333333333333
cosmx_bcc_xdonor_spot_0000005988,-186648.5016205388,-43487.79799533722,0.5263157894736842,0.4210526315789473,0.0
cosmx_bcc_xdonor_spot_0000005989,-186623.64403539948,-43153.315023200994,0.8235294117647058,0.1764705882352941,0.0
cosmx_bcc_xdonor_spot_0000005990,-186626.571094223,-42796.343258495115,1.0,0.0,0.0
cosmx_bcc_xdonor_spot_0000005991,-186608.47627940818,-42442.34770293956,1.0,0.0,0.0
cosmx_bcc_xdonor_spot_0000005992,-186633.970670992,-42108.314128322614,0.875,0.0833333333333333,0.0
cosmx_bcc_xdonor_spot_0000005993,-186590.62900432534,-41752.005794989265,0.5333333333333333,0.2666666666666666,0.0
cosmx_bcc_xdonor_spot_0000005994,-186611.24951714586,-41412.6314360149,0.0,0.4615384615384615,0.0769230769230769
cosmx_bcc_xdonor_spot_0000005995,-186682.36839826475,-41025.57549195895,0.1818181818181818,0.3636363636363636,0.0
cosmx_bcc_xdonor_spot_0000005996,-186632.3099567063,-40714.08198546545,0.3571428571428571,0.4285714285714285,0.0
cosmx_bcc_xdonor_spot_0000005997,-186623.81789321423,-40312.71690610038,0.2222222222222222,0.7777777777777778,0.0
cosmx_bcc_xdonor_spot_0000005998,-186587.31306229637,-39950.72173701826,0.6086956521739131,0.3478260869565217,0.0
cosmx_bcc_xdonor_spot_0000005999,-186585.535670992,-39630.21912832261,0.92,0.08,0.0
cosmx_bcc_xdonor_spot_0000006000,-186596.3734487698,-39258.49468387816,1.0,0.0,0.0
cosmx_bcc_xdonor_spot_0000006001,-186624.135670992,-38868.699128322616,1.0,0.0,0.0
cosmx_bcc_xdonor_spot_0000006002,-186642.76233765858,-38557.77246165594,1.0,0.0,0.0
cosmx_bcc_xdonor_spot_0000006003,-186641.543946854,-38201.04257659848,0.9655172413793104,0.0,0.0
cosmx_bcc_xdonor_spot_0000006288,-186364.791094223,-43148.3032584951,0.0,0.4,0.1
cosmx_bcc_xdonor_spot_0000006289,-186379.65473058666,-42777.81234940419,0.0909090909090909,0.6363636363636364,0.0909090909090909
cosmx_bcc_xdonor_spot_0000006290,-186376.02442755635,-42442.636591828435,0.4,0.4,0.0
cosmx_bcc_xdonor_spot_0000006291,-186284.69567099202,-42066.40579498927,0.3333333333333333,0.4666666666666667,0.0
cosmx_bcc_xdonor_spot_0000006292,-186231.443497079,-41727.72173701826,0.8260869565217391,0.0869565217391304,0.0
cosmx_bcc_xdonor_spot_0000006293,-186206.27748917384,-41367.30276468625,1.0,0.0,0.0
cosmx_bcc_xdonor_spot_0000006294,-186217.095670992,-41032.939128322614,0.9565217391304348,0.0,0.0
cosmx_bcc_xdonor_spot_0000006295,-186259.26808478503,-40662.55981797778,0.9310344827586208,0.0344827586206896,0.0
cosmx_bcc_xdonor_spot_0000006296,-186286.30400432533,-40342.189128322614,1.0,0.0,0.0
cosmx_bcc_xdonor_spot_0000006297,-186261.49567099198,-39962.49912832261,0.96,0.0,0.0
cosmx_bcc_xdonor_spot_0000006298,-186271.05720945352,-39612.36220524569,1.0,0.0,0.0
cosmx_bcc_xdonor_spot_0000006299,-186283.19911926778,-39268.008093839846,1.0,0.0,0.0
cosmx_bcc_xdonor_spot_0000006300,-186279.23360202642,-38892.52533521916,1.0,0.0,0.0
cosmx_bcc_xdonor_spot_0000006301,-186285.30256754367,-38552.18050763296,1.0,0.0,0.0
cosmx_bcc_xdonor_spot_0000006302,-186339.495670992,-38218.83912832261,1.0,0.0,0.0
cosmx_bcc_xdonor_spot_0000006590,-185909.941824838,-42098.785282168734,1.0,0.0,0.0
cosmx_bcc_xdonor_spot_0000006591,-185906.69567099187,-41738.45341403688,1.0,0.0,0.0
cosmx_bcc_xdonor_spot_0000006592,-185920.51874791505,-41386.66989755339,0.9615384615384616,0.0,0.0
cosmx_bcc_xdonor_spot_0000006593,-185928.68187788848,-41030.008093839846,1.0,0.0,0.0
cosmx_bcc_xdonor_spot_0000006594,-185931.5242424206,-40687.12960451309,1.0,0.0,0.0
cosmx_bcc_xdonor_spot_0000006595,-185934.408170992,-40339.0016283226,0.9375,0.0,0.0625
cosmx_bcc_xdonor_spot_0000006596,-185911.845670992,-39968.3141283226,1.0,0.0,0.0
cosmx_bcc_xdonor_spot_0000006597,-185928.33096510966,-39604.9391283226,1.0,0.0,0.0
cosmx_bcc_xdonor_spot_0000006598,-185934.37567099198,-39241.21912832261,1.0,0.0,0.0
cosmx_bcc_xdonor_spot_0000006599,-185930.70678210314,-38895.272461655935,1.0,0.0,0.0
cosmx_bcc_xdonor_spot_0000006600,-185940.68826358454,-38570.605794989286,0.9629629629629628,0.0,0.0
cosmx_bcc_xdonor_spot_0000006889,-185585.99889679835,-42075.51977348389,0.935483870967742,0.032258064516129,0.0
cosmx_bcc_xdonor_spot_0000006890,-185577.36594126213,-41750.83102021448,0.972972972972973,0.0,0.027027027027027
cosmx_bcc_xdonor_spot_0000006891,-185555.93567099198,-41384.619128322614,1.0,0.0,0.0
cosmx_bcc_xdonor_spot_0000006892,-185581.14112553748,-41051.71185559534,1.0,0.0,0.0
cosmx_bcc_xdonor_spot_0000006893,-185551.47662337296,-40686.60579498928,1.0,0.0,0.0
cosmx_bcc_xdonor_spot_0000006894,-185570.74784490507,-40317.33043267044,0.9565217391304348,0.0,0.0
cosmx_bcc_xdonor_spot_0000006895,-185566.67461836044,-39976.36018095419,1.0,0.0,0.0
cosmx_bcc_xdonor_spot_0000006896,-185572.04011543645,-39603.49468387816,1.0,0.0,0.0
cosmx_bcc_xdonor_spot_0000006897,-185581.14567099203,-39244.18912832261,1.0,0.0,0.0
cosmx_bcc_xdonor_spot_0000006898,-185550.9138528102,-38878.80276468625,1.0,0.0,0.0
cosmx_bcc_xdonor_spot_0000006899,-185558.71105560736,-38534.477589861075,1.0,0.0,0.0
cosmx_bcc_xdonor_spot_0000006900,-185521.69567099202,-38341.1391283226,1.0,0.0,0.0
cosmx_bcc_xdonor_spot_0000007188,-185247.5623376587,-42044.87246165593,0.4666666666666667,0.0666666666666666,0.0
cosmx_bcc_xdonor_spot_0000007189,-185239.70093414973,-41721.46544411206,0.9473684210526316,0.0526315789473684,0.0
cosmx_bcc_xdonor_spot_0000007190,-185229.70678210296,-41400.74468387815,0.9722222222222222,0.0,0.0
cosmx_bcc_xdonor_spot_0000007191,-185217.345670992,-41039.18912832261,1.0,0.0,0.0
cosmx_bcc_xdonor_spot_0000007192,-185237.95281384917,-40680.79627117975,1.0,0.0,0.0
cosmx_bcc_xdonor_spot_0000007193,-185236.55720945352,-40322.016051399536,1.0,0.0,0.0
cosmx_bcc_xdonor_spot_0000007194,-185211.67900432533,-39963.189128322614,1.0,0.0,0.0
cosmx_bcc_xdonor_spot_0000007195,-185193.61567099197,-39635.659128322615,1.0,0.0,0.0
cosmx_bcc_xdonor_spot_0000007196,-185194.855670992,-39241.05912832262,1.0,0.0,0.0
cosmx_bcc_xdonor_spot_0000007197,-185246.595670992,-38895.689128322614,1.0,0.0,0.0
cosmx_bcc_xdonor_spot_0000007198,-185238.13914925288,-38541.2434761487,1.0,0.0,0.0
cosmx_bcc_xdonor_spot_0000007488,-184934.095670992,-41722.67246165593,0.4,0.2666666666666666,0.0
cosmx_bcc_xdonor_spot_0000007489,-184907.79132316593,-41381.54782397479,0.9130434782608696,0.0,0.0
cosmx_bcc_xdonor_spot_0000007490,-184887.2009341499,-41016.62333884892,0.9473684210526316,0.0,0.0
cosmx_bcc_xdonor_spot_0000007491,-184875.14830257097,-40652.254917796294,1.0,0.0,0.0
cosmx_bcc_xdonor_spot_0000007492,-184848.345670992,-40315.18912832261,0.95,0.0,0.05
cosmx_bcc_xdonor_spot_0000007493,-184877.307792204,-39960.120946504416,1.0,0.0,0.0
cosmx_bcc_xdonor_spot_0000007494,-184898.2320346284,-39635.8482192317,1.0,0.0,0.0
cosmx_bcc_xdonor_spot_0000007495,-184931.2009341499,-39285.36018095419,0.9473684210526316,0.0,0.0
cosmx_bcc_xdonor_spot_0000007790,-184602.995670992,-40641.63912832259,0.5,0.5,0.0
cosmx_bcc_xdonor_spot_0000007791,-184596.54011543645,-40296.050239433716,0.9444444444444444,0.0,0.0555555555555555
cosmx_bcc_xdonor_spot_0000007792,-184601.42900432536,-39985.20579498926,0.9333333333333332,0.0,0.0
cosmx_bcc_xdonor_spot_0000014378,-176592.665976964,-37123.0026264633,0.2,0.8,0.0
cosmx_bcc_xdonor_spot_0000014379,-176580.89931029733,-36778.06929312996,0.8333333333333334,0.1666666666666666,0.0
cosmx_bcc_xdonor_spot_0000014380,-176590.065976964,-36407.6026264633,0.2,0.8,0.0
cosmx_bcc_xdonor_spot_0000014673,-176414.39931029733,-38599.06929312996,0.1666666666666666,0.5,0.0
cosmx_bcc_xdonor_spot_0000014674,-176388.73264363068,-38241.735959796635,0.3333333333333333,0.5,0.0
cosmx_bcc_xdonor_spot_0000014678,-176410.253476964,-36791.840126463314,0.5625,0.3125,0.0625
cosmx_bcc_xdonor_spot_0000014679,-176400.19931029732,-36433.93595979665,0.3333333333333333,0.4666666666666667,0.0
cosmx_bcc_xdonor_spot_0000014680,-176438.665976964,-36041.8026264633,0.4,0.2,0.0
cosmx_bcc_xdonor_spot_0000014681,-176323.39931029733,-35676.235959796635,0.3333333333333333,0.5,0.0
cosmx_bcc_xdonor_spot_0000014682,-176286.8437547418,-35340.18040424108,0.2222222222222222,0.4444444444444444,0.0
cosmx_bcc_xdonor_spot_0000014683,-176283.26597696397,-35067.4026264633,0.0,0.8,0.0
cosmx_bcc_xdonor_spot_0000014977,-176009.97506787314,-36720.58444464512,0.0,0.7272727272727273,0.0
cosmx_bcc_xdonor_spot_0000014978,-175972.39931029736,-36324.513737574416,0.8888888888888888,0.1111111111111111,0.0
cosmx_bcc_xdonor_spot_0000014979,-176003.18026267836,-36061.05976932045,1.0,0.0,0.0
cosmx_bcc_xdonor_spot_0000014980,-176025.58449548253,-35734.40262646332,0.9629629629629628,0.0,0.0
cosmx_bcc_xdonor_spot_0000014981,-176003.88950637574,-35428.28497940449,0.8235294117647058,0.0588235294117647,0.0588235294117647
cosmx_bcc_xdonor_spot_0000014982,-176052.16597696402,-35050.7026264633,0.0,0.8,0.0
cosmx_bcc_xdonor_spot_0000015265,-175545.96859225997,-40680.9667566358,1.0,0.0,0.0
cosmx_bcc_xdonor_spot_0000015266,-175541.79359226,-40366.3667566358,1.0,0.0,0.0
cosmx_bcc_xdonor_spot_0000015271,-175608.56597696402,-38496.2776264633,0.875,0.125,0.0
cosmx_bcc_xdonor_spot_0000015272,-175597.49454839257,-38185.97405503474,1.0,0.0,0.0
cosmx_bcc_xdonor_spot_0000015273,-175536.23264363068,-37779.735959796635,1.0,0.0,0.0
cosmx_bcc_xdonor_spot_0000015274,-175569.18362402281,-37494.75556763978,0.9411764705882352,0.0588235294117647,0.0
cosmx_bcc_xdonor_spot_0000015275,-175617.1612150592,-37144.68834074903,0.9047619047619048,0.0952380952380952,0.0
cosmx_bcc_xdonor_spot_0000015276,-175658.44097696402,-36818.5276264633,0.375,0.625,0.0
cosmx_bcc_xdonor_spot_0000015277,-175612.95486585292,-36300.735959796635,1.0,0.0,0.0
cosmx_bcc_xdonor_spot_0000015278,-175671.2743102973,-36089.15262646332,1.0,0.0,0.0
cosmx_bcc_xdonor_spot_0000015279,-175687.23264363065,-35692.01373757442,0.8888888888888888,0.0555555555555555,0.0
cosmx_bcc_xdonor_spot_0000015280,-175658.26597696403,-35373.30262646331,0.4,0.5,0.1
cosmx_bcc_xdonor_spot_0000015281,-175611.17708807508,-35033.569293129985,1.0,0.0,0.0
cosmx_bcc_xdonor_spot_0000015515,-175700.66729448954,47824.99444150113,0.1111111111111111,0.4444444444444444,0.0
cosmx_bcc_xdonor_spot_0000015516,-175684.88096970323,48185.61837312505,0.0,0.8461538461538461,0.0
cosmx_bcc_xdonor_spot_0000015517,-175645.8304889341,48588.74096927887,0.96875,0.03125,0.0
cosmx_bcc_xdonor_spot_0000015518,-175680.68316750551,48796.77221927887,1.0,0.0,0.0
cosmx_bcc_xdonor_spot_0000015519,-175635.6474532198,49239.87936213602,1.0,0.0,0.0
cosmx_bcc_xdonor_spot_0000015520,-175656.44507226735,49577.638885945555,0.2,0.5333333333333333,0.0
cosmx_bcc_xdonor_spot_0000015521,-175660.36173893404,49914.209719278886,0.0,0.625,0.0
cosmx_bcc_xdonor_spot_0000015522,-175670.69507226732,50268.7722192789,0.1666666666666666,0.75,0.0
cosmx_bcc_xdonor_spot_0000015557,-175321.08525892664,-43124.033423302455,0.0,0.25,0.0
cosmx_bcc_xdonor_spot_0000015558,-175273.52573511712,-42664.3667566358,1.0,0.0,0.0
cosmx_bcc_xdonor_spot_0000015559,-175250.16859226,-42472.70008996913,1.0,0.0,0.0
cosmx_bcc_xdonor_spot_0000015563,-175291.0776831692,-41034.18493845399,0.9545454545454546,0.0,0.0
cosmx_bcc_xdonor_spot_0000015564,-175300.3828779744,-40691.33104235009,0.9642857142857144,0.0,0.0
cosmx_bcc_xdonor_spot_0000015565,-175269.8685922601,-40334.76675663581,0.8666666666666667,0.0666666666666666,0.0
cosmx_bcc_xdonor_spot_0000015566,-175287.83525892664,-39930.200089969134,0.0,0.3333333333333333,0.1666666666666666
cosmx_bcc_xdonor_spot_0000015567,-175390.33525892664,-39583.700089969134,0.0,1.0,0.0
cosmx_bcc_xdonor_spot_0000015568,-175361.74806920078,-39321.573930601306,0.0,0.4,0.0
cosmx_bcc_xdonor_spot_0000015570,-175293.23989000742,-38556.22871341984,1.0,0.0,0.0
cosmx_bcc_xdonor_spot_0000015571,-175313.58978648778,-38193.069293129985,1.0,0.0,0.0
cosmx_bcc_xdonor_spot_0000015572,-175300.85545064817,-37864.29736330542,1.0,0.0,0.0
cosmx_bcc_xdonor_spot_0000015573,-175360.76597696397,-37469.052626463315,1.0,0.0,0.0
cosmx_bcc_xdonor_spot_0000015574,-175350.26597696397,-37117.552626463315,1.0,0.0,0.0
cosmx_bcc_xdonor_spot_0000015575,-175312.67888018984,-36775.69294904396,1.0,0.0,0.0
cosmx_bcc_xdonor_spot_0000015576,-175264.440976964,-36430.902626463314,0.875,0.125,0.0
cosmx_bcc_xdonor_spot_0000015577,-175319.81597696396,-36083.402626463314,1.0,0.0,0.0
cosmx_bcc_xdonor_spot_0000015578,-175240.92311982115,-35749.11691217758,0.1428571428571428,0.7142857142857143,0.0
cosmx_bcc_xdonor_spot_0000015579,-175293.71597696395,-35306.60262646332,0.75,0.25,0.0
cosmx_bcc_xdonor_spot_0000015580,-175307.5446642406,-35023.97252252777,1.0,0.0,0.0
cosmx_bcc_xdonor_spot_0000015581,-175241.54293029546,-34653.596391027655,1.0,0.0,0.0
cosmx_bcc_xdonor_spot_0000015582,-175238.81924608498,-34239.521829624144,0.5,0.5,0.0
cosmx_bcc_xdonor_spot_0000015583,-175266.7835317992,-33934.53373438605,0.9523809523809524,0.0,0.0
cosmx_bcc_xdonor_spot_0000015584,-175262.95159902613,-33620.49731982022,1.0,0.0,0.0
cosmx_bcc_xdonor_spot_0000015585,-175246.78353179924,-33244.009924862235,1.0,0.0,0.0
cosmx_bcc_xdonor_spot_0000015586,-175249.06924608495,-32924.75099629081,1.0,0.0,0.0
cosmx_bcc_xdonor_spot_0000015587,-175271.26924608502,-32620.4384962908,1.0,0.0,0.0
cosmx_bcc_xdonor_spot_0000015588,-175200.06924608495,-32117.509924862235,1.0,0.0,0.0
cosmx_bcc_xdonor_spot_0000015589,-175215.61470063042,-31881.52940538171,1.0,0.0,0.0
cosmx_bcc_xdonor_spot_0000015813,-175176.111738934,47514.7722192789,0.8,0.0,0.0
cosmx_bcc_xdonor_spot_0000015814,-175241.2882095223,47774.71339574947,0.7058823529411765,0.2352941176470588,0.0
cosmx_bcc_xdonor_spot_0000015815,-175262.2026480249,48125.86312836981,0.2727272727272727,0.4545454545454545,0.0
cosmx_bcc_xdonor_spot_0000015816,-175311.68316750551,48563.02221927887,0.7142857142857143,0.1071428571428571,0.0714285714285714
cosmx_bcc_xdonor_spot_0000015817,-175296.4450722674,48859.972219278876,1.0,0.0,0.0
cosmx_bcc_xdonor_spot_0000015818,-175334.46888179122,49235.37936213602,1.0,0.0,0.0
cosmx_bcc_xdonor_spot_0000015819,-175305.33396115628,49561.32777483444,0.2222222222222222,0.6666666666666666,0.0
cosmx_bcc_xdonor_spot_0000015820,-175301.46888179117,49943.0579335646,0.0714285714285714,0.7857142857142857,0.0
cosmx_bcc_xdonor_spot_0000015821,-175272.5403103626,50282.12936213603,0.0714285714285714,0.5,0.0714285714285714
cosmx_bcc_xdonor_spot_0000015855,-174975.86859226,-43390.7667566358,0.2,0.6,0.0
cosmx_bcc_xdonor_spot_0000015856,-174962.09716368857,-43135.79532806437,0.2857142857142857,0.5714285714285714,0.0
cosmx_bcc_xdonor_spot_0000015857,-174910.7595013509,-42893.00312027216,0.0909090909090909,0.6363636363636364,0.0909090909090909
cosmx_bcc_xdonor_spot_0000015858,-175001.48677407816,-42405.184938453975,0.7272727272727273,0.1818181818181818,0.0
cosmx_bcc_xdonor_spot_0000015859,-174965.66859226,-41988.7667566358,0.0,0.8,0.0
cosmx_bcc_xdonor_spot_0000015861,-174943.26859226002,-41348.63342330246,0.0,0.5333333333333333,0.0
cosmx_bcc_xdonor_spot_0000015862,-174968.66859226,-41039.283423302455,0.5,0.4166666666666667,0.0
cosmx_bcc_xdonor_spot_0000015863,-174952.52044411196,-40650.40379367284,1.0,0.0,0.0
cosmx_bcc_xdonor_spot_0000015864,-174956.1924017839,-40379.65247092152,0.9047619047619048,0.0,0.0
cosmx_bcc_xdonor_spot_0000015865,-174982.22414781555,-39944.47786774691,0.0,0.5555555555555556,0.0
cosmx_bcc_xdonor_spot_0000015866,-174893.00192559336,-39590.03342330246,0.8666666666666667,0.1333333333333333,0.0
cosmx_bcc_xdonor_spot_0000015867,-174832.42356663864,-39286.15250548635,1.0,0.0,0.0
cosmx_bcc_xdonor_spot_0000015868,-175000.23264363068,-38901.06929312996,0.0,0.8333333333333334,0.0
cosmx_bcc_xdonor_spot_0000015869,-174955.82788172585,-38527.45024551094,0.9047619047619048,0.0952380952380952,0.0
cosmx_bcc_xdonor_spot_0000015870,-174946.7718593169,-38236.049685286845,1.0,0.0,0.0
cosmx_bcc_xdonor_spot_0000015871,-174934.21982311786,-37800.17185723254,0.9230769230769232,0.0,0.0
cosmx_bcc_xdonor_spot_0000015872,-175002.18362402281,-37486.69674411038,1.0,0.0,0.0
cosmx_bcc_xdonor_spot_0000015873,-174929.67467261612,-37116.09827863723,1.0,0.0,0.0
cosmx_bcc_xdonor_spot_0000015874,-174951.65218386057,-36790.678488532285,1.0,0.0,0.0
cosmx_bcc_xdonor_spot_0000015875,-174965.4409769641,-36425.302626463286,0.975,0.0,0.0
cosmx_bcc_xdonor_spot_0000015876,-174964.20883410686,-36132.97405503474,0.7142857142857143,0.2857142857142857,0.0
cosmx_bcc_xdonor_spot_0000015877,-174938.065976964,-35822.8026264633,0.0,0.8,0.2
cosmx_bcc_xdonor_spot_0000015878,-175003.18362402281,-35309.637920580964,0.8823529411764706,0.1176470588235294,0.0
cosmx_bcc_xdonor_spot_0000015879,-174937.29428986608,-34990.41403959025,1.0,0.0,0.0
cosmx_bcc_xdonor_spot_0000015880,-174947.33011565014,-34664.87327889951,1.0,0.0,0.0
cosmx_bcc_xdonor_spot_0000015881,-174915.1601551759,-34226.16576901808,0.9090909090909092,0.0909090909090909,0.0
cosmx_bcc_xdonor_spot_0000015882,-174930.15257941827,-33962.85516295748,1.0,0.0,0.0
cosmx_bcc_xdonor_spot_0000015883,-174918.79146830717,-33582.93849629081,1.0,0.0,0.0
cosmx_bcc_xdonor_spot_0000015884,-174929.86924608497,-33224.23849629081,1.0,0.0,0.0
cosmx_bcc_xdonor_spot_0000015885,-175038.444246085,-32947.9384962908,1.0,0.0,0.0
cosmx_bcc_xdonor_spot_0000015887,-174937.04221905806,-32163.16822602053,1.0,0.0,0.0
cosmx_bcc_xdonor_spot_0000015888,-174987.54924608496,-31895.27849629081,0.96,0.0,0.0
cosmx_bcc_xdonor_spot_0000015890,-174982.73591275167,-31107.605162957465,0.0,0.8333333333333334,0.0
cosmx_bcc_xdonor_spot_0000015891,-174912.62480164054,-30814.216274068574,0.1111111111111111,0.1111111111111111,0.0
cosmx_bcc_xdonor_spot_0000016061,-174865.34699134514,29475.78513969191,0.4285714285714285,0.4285714285714285,0.0
cosmx_bcc_xdonor_spot_0000016062,-174917.35651515468,29757.499425406208,0.7333333333333333,0.0666666666666666,0.0
cosmx_bcc_xdonor_spot_0000016063,-174928.489848488,30031.9994254062,0.6666666666666666,0.3333333333333333,0.0
cosmx_bcc_xdonor_spot_0000016065,-174903.15651515467,30830.721647628423,0.8888888888888888,0.0,0.0
cosmx_bcc_xdonor_spot_0000016066,-174883.40651515467,31187.249425406204,1.0,0.0,0.0
cosmx_bcc_xdonor_spot_0000016067,-174890.15651515467,31532.23275873954,1.0,0.0,0.0
cosmx_bcc_xdonor_spot_0000016068,-174890.54540404357,31921.166092072872,0.8888888888888888,0.0555555555555555,0.0
cosmx_bcc_xdonor_spot_0000016069,-174916.389848488,32237.099425406202,1.0,0.0,0.0
cosmx_bcc_xdonor_spot_0000016112,-174961.78915828894,47461.80447734339,0.935483870967742,0.032258064516129,0.0
cosmx_bcc_xdonor_spot_0000016113,-174958.5700722674,47750.56388594554,0.7916666666666666,0.1666666666666666,0.0
cosmx_bcc_xdonor_spot_0000016114,-174962.94507226732,48182.35555261223,0.4166666666666667,0.3333333333333333,0.0833333333333333
cosmx_bcc_xdonor_spot_0000016115,-174966.3617389341,48533.23650499316,1.0,0.0,0.0
cosmx_bcc_xdonor_spot_0000016116,-174979.45789278022,48842.964526971184,0.8846153846153846,0.1153846153846153,0.0
cosmx_bcc_xdonor_spot_0000016117,-175008.90121261828,49203.3511666473,0.7894736842105263,0.2105263157894736,0.0
cosmx_bcc_xdonor_spot_0000016118,-174946.71173893407,49548.222219278876,0.0,0.65,0.05
cosmx_bcc_xdonor_spot_0000016119,-174949.77840560075,49962.43888594555,0.5714285714285714,0.238095238095238,0.0476190476190476
cosmx_bcc_xdonor_spot_0000016120,-174942.67423893404,50289.022219278886,0.3125,0.4375,0.0
cosmx_bcc_xdonor_spot_0000016121,-174962.3974532197,50550.05793356461,0.0,0.5714285714285714,0.1428571428571428
cosmx_bcc_xdonor_spot_0000016154,-174517.66859226,-43382.3667566358,1.0,0.0,0.0
cosmx_bcc_xdonor_spot_0000016155,-174564.4332981424,-43151.60205075345,0.7058823529411765,0.1764705882352941,0.0
cosmx_bcc_xdonor_spot_0000016156,-174641.66859226,-42793.9917566358,0.0,0.375,0.0
cosmx_bcc_xdonor_spot_0000016157,-174609.8908144822,-42428.14453441357,0.0,0.8888888888888888,0.0
cosmx_bcc_xdonor_spot_0000016160,-174664.52573511712,-41399.22389949294,0.0,0.7142857142857143,0.1428571428571428
cosmx_bcc_xdonor_spot_0000016161,-174604.86859226,-41044.86675663579,0.1,0.7,0.0
cosmx_bcc_xdonor_spot_0000016162,-174629.95430654573,-40639.723899492936,0.6428571428571429,0.2857142857142857,0.0
cosmx_bcc_xdonor_spot_0000016163,-174641.08964489165,-40373.20886189896,1.0,0.0,0.0
cosmx_bcc_xdonor_spot_0000016164,-174589.62097321247,-39958.46199473104,0.7142857142857143,0.0476190476190476,0.0
cosmx_bcc_xdonor_spot_0000016165,-174597.71404680554,-39615.91221118126,1.0,0.0,0.0
cosmx_bcc_xdonor_spot_0000016166,-174606.37499739716,-39304.73701028522,1.0,0.0,0.0
cosmx_bcc_xdonor_spot_0000016167,-174663.690976964,-38825.6526264633,0.0,0.5,0.0
cosmx_bcc_xdonor_spot_0000016168,-174696.26597696397,-38565.4026264633,0.4,0.2,0.2
cosmx_bcc_xdonor_spot_0000016169,-174644.1612150592,-38160.21215027284,0.9523809523809524,0.0,0.0
cosmx_bcc_xdonor_spot_0000016170,-174594.64290004087,-37829.44108800178,1.0,0.0,0.0
cosmx_bcc_xdonor_spot_0000016171,-174588.8516912497,-37531.15262646332,1.0,0.0,0.0
cosmx_bcc_xdonor_spot_0000016172,-174608.61770110193,-37131.05779887711,1.0,0.0,0.0
cosmx_bcc_xdonor_spot_0000016173,-174639.06597696396,-36819.78357884427,0.8095238095238095,0.1428571428571428,0.0
cosmx_bcc_xdonor_spot_0000016174,-174639.06597696402,-36373.502626463305,0.5,0.3,0.0
cosmx_bcc_xdonor_spot_0000016175,-174619.23264363065,-36090.06929312996,0.0,0.6666666666666666,0.1666666666666666
cosmx_bcc_xdonor_spot_0000016176,-174504.56597696402,-35690.602626463304,0.9,0.0,0.0
cosmx_bcc_xdonor_spot_0000016177,-174551.70883410686,-35375.47405503474,0.7857142857142857,0.2142857142857142,0.0
cosmx_bcc_xdonor_spot_0000016178,-174576.8998551508,-35067.90860476788,0.6666666666666666,0.3333333333333333,0.0
cosmx_bcc_xdonor_spot_0000016179,-174580.93591275162,-34669.23849629081,0.2666666666666666,0.4,0.0
cosmx_bcc_xdonor_spot_0000016180,-174606.35496037066,-34269.009924862235,0.6428571428571429,0.2857142857142857,0.0714285714285714
cosmx_bcc_xdonor_spot_0000016181,-174649.1461691619,-33941.5538809062,0.9615384615384616,0.0384615384615384,0.0
cosmx_bcc_xdonor_spot_0000016182,-174665.6525794183,-33552.021829624144,0.8333333333333334,0.1666666666666666,0.0
cosmx_bcc_xdonor_spot_0000016183,-174636.06924608495,-33266.59234244465,0.8461538461538461,0.0769230769230769,0.0
cosmx_bcc_xdonor_spot_0000016184,-174546.86924608497,-32889.70516295748,0.6666666666666666,0.2666666666666666,0.0
cosmx_bcc_xdonor_spot_0000016185,-174528.51369052945,-32545.99405184635,0.8888888888888888,0.1111111111111111,0.0
cosmx_bcc_xdonor_spot_0000016186,-174640.269246085,-32150.8384962908,0.5,0.4,0.1
cosmx_bcc_xdonor_spot_0000016187,-174607.21210322788,-31818.581353433656,0.2857142857142857,0.7142857142857143,0.0
cosmx_bcc_xdonor_spot_0000016188,-174524.28353179924,-31442.29563914795,0.8571428571428571,0.0,0.0
cosmx_bcc_xdonor_spot_0000016189,-174588.869246085,-31096.138496290798,0.5,0.2,0.1
cosmx_bcc_xdonor_spot_0000016360,-174575.15651515467,29501.499425406208,1.0,0.0,0.0
cosmx_bcc_xdonor_spot_0000016361,-174597.7041342023,29771.535139691925,0.9285714285714286,0.0,0.0
cosmx_bcc_xdonor_spot_0000016362,-174578.43429293245,29998.110536517317,0.9444444444444444,0.0,0.0
cosmx_bcc_xdonor_spot_0000016363,-174510.68984848802,30562.099425406202,1.0,0.0,0.0
cosmx_bcc_xdonor_spot_0000016364,-174596.95138694954,30815.99942540621,1.0,0.0,0.0
cosmx_bcc_xdonor_spot_0000016365,-174578.6750336732,31169.832758739543,1.0,0.0,0.0
cosmx_bcc_xdonor_spot_0000016366,-174598.4553657294,31529.223563337244,0.896551724137931,0.0,0.0
cosmx_bcc_xdonor_spot_0000016367,-174665.15651515467,31875.94386985065,0.9444444444444444,0.0555555555555555,0.0
cosmx_bcc_xdonor_spot_0000016368,-174609.114848488,32227.874425406197,0.625,0.25,0.0
cosmx_bcc_xdonor_spot_0000016369,-174511.34699134514,32611.92799683477,1.0,0.0,0.0
cosmx_bcc_xdonor_spot_0000016370,-174553.60095959913,32905.4994254062,0.8888888888888888,0.1111111111111111,0.0
cosmx_bcc_xdonor_spot_0000016409,-174533.55618337842,46862.216663723346,1.0,0.0,0.0
cosmx_bcc_xdonor_spot_0000016410,-174592.40585658117,47090.12516045534,1.0,0.0,0.0
cosmx_bcc_xdonor_spot_0000016411,-174584.86931469166,47450.10555261221,1.0,0.0,0.0
cosmx_bcc_xdonor_spot_0000016412,-174606.17840560066,47823.17221927889,0.2666666666666666,0.5333333333333333,0.0
cosmx_bcc_xdonor_spot_0000016413,-174539.11173893398,48148.49949200617,0.3636363636363636,0.6363636363636364,0.0
cosmx_bcc_xdonor_spot_0000016414,-174572.0179889341,48512.89721927887,1.0,0.0,0.0
cosmx_bcc_xdonor_spot_0000016415,-174631.77840560063,48845.688885945565,0.5833333333333334,0.1666666666666666,0.0
cosmx_bcc_xdonor_spot_0000016416,-174565.6302574526,49246.58703409369,0.925925925925926,0.0,0.037037037037037
cosmx_bcc_xdonor_spot_0000016417,-174560.44507226735,49526.716663723324,0.7777777777777778,0.1111111111111111,0.0
cosmx_bcc_xdonor_spot_0000016418,-174585.1117389341,49939.6055526122,1.0,0.0,0.0
cosmx_bcc_xdonor_spot_0000016419,-174600.66729448957,50245.16110816777,0.6666666666666666,0.3333333333333333,0.0
cosmx_bcc_xdonor_spot_0000016425,-174486.9171538601,52437.45074055087,0.7692307692307693,0.0,0.0
cosmx_bcc_xdonor_spot_0000016428,-174571.7303406734,53447.03315813327,0.1428571428571428,0.1428571428571428,0.0
cosmx_bcc_xdonor_spot_0000016429,-174557.90176924458,53814.60458670471,0.0,0.0,0.0
cosmx_bcc_xdonor_spot_0000016430,-174589.7017692448,54148.204586704705,0.8,0.2,0.0
cosmx_bcc_xdonor_spot_0000016431,-174488.4684359115,54609.6045867047,0.1666666666666666,0.1666666666666666,0.0
cosmx_bcc_xdonor_spot_0000016432,-174545.85732480022,54829.82680892692,0.1111111111111111,0.0,0.0
cosmx_bcc_xdonor_spot_0000016435,-174540.13510257818,55970.437920038035,0.3333333333333333,0.0,0.0
cosmx_bcc_xdonor_spot_0000016453,-174242.46859225997,-43386.9667566358,1.0,0.0,0.0
cosmx_bcc_xdonor_spot_0000016454,-174205.2140468056,-43157.57887784791,1.0,0.0,0.0
cosmx_bcc_xdonor_spot_0000016455,-174174.8908144822,-42819.58897885802,0.5555555555555556,0.2222222222222222,0.0
cosmx_bcc_xdonor_spot_0000016456,-174253.12313771455,-42471.184938453975,0.3636363636363636,0.4545454545454545,0.0
cosmx_bcc_xdonor_spot_0000016457,-174208.81144940286,-42090.22389949294,0.0,0.7142857142857143,0.0
cosmx_bcc_xdonor_spot_0000016458,-174219.50192559333,-41706.53342330247,0.0,0.8333333333333334,0.0
cosmx_bcc_xdonor_spot_0000016459,-174191.26859226,-41258.7667566358,1.0,0.0,0.0
cosmx_bcc_xdonor_spot_0000016460,-174251.49467921662,-41021.97545228798,1.0,0.0,0.0
cosmx_bcc_xdonor_spot_0000016461,-174235.91859226,-40754.61675663579,0.8333333333333334,0.1666666666666666,0.0
cosmx_bcc_xdonor_spot_0000016463,-174302.4580659443,-39970.20886189896,1.0,0.0,0.0
cosmx_bcc_xdonor_spot_0000016464,-174211.4185922601,-39606.99175663581,1.0,0.0,0.0
cosmx_bcc_xdonor_spot_0000016465,-174218.64293843598,-39318.62572409267,0.625,0.125,0.0
cosmx_bcc_xdonor_spot_0000016468,-174257.8841587822,-38176.038990099674,0.0,0.7272727272727273,0.0
cosmx_bcc_xdonor_spot_0000016469,-174301.33870423675,-37809.40262646331,0.9090909090909092,0.0909090909090909,0.0
cosmx_bcc_xdonor_spot_0000016470,-174277.565976964,-37459.302626463315,1.0,0.0,0.0
cosmx_bcc_xdonor_spot_0000016471,-174265.718150877,-37176.18523515897,0.7391304347826086,0.217391304347826,0.0
cosmx_bcc_xdonor_spot_0000016472,-174259.78026267825,-36738.545483606154,0.4285714285714285,0.4285714285714285,0.0
cosmx_bcc_xdonor_spot_0000016475,-174246.33870423675,-35704.554141614826,1.0,0.0,0.0
cosmx_bcc_xdonor_spot_0000016476,-174276.1044385024,-35352.63339569409,1.0,0.0,0.0
cosmx_bcc_xdonor_spot_0000016477,-174200.90040000432,-34989.470138628036,0.9444444444444444,0.0555555555555555,0.0
cosmx_bcc_xdonor_spot_0000016478,-174228.069246085,-34707.77182962414,0.6666666666666666,0.3333333333333333,0.0
cosmx_bcc_xdonor_spot_0000016479,-174217.65545298156,-34289.921254911504,1.0,0.0,0.0
cosmx_bcc_xdonor_spot_0000016480,-174248.31924608498,-33943.10516295747,0.5,0.5,0.0
cosmx_bcc_xdonor_spot_0000016481,-174294.23591275167,-33637.77182962413,0.0,1.0,0.0
cosmx_bcc_xdonor_spot_0000016482,-174224.169246085,-33232.43849629081,0.6,0.4,0.0
cosmx_bcc_xdonor_spot_0000016483,-174257.79146830717,-32874.99405184636,0.9444444444444444,0.0555555555555555,0.0
cosmx_bcc_xdonor_spot_0000016484,-174235.36924608503,-32530.971829624148,0.9666666666666668,0.0,0.0
cosmx_bcc_xdonor_spot_0000016485,-174202.1601551759,-32110.165769018073,0.6363636363636364,0.2727272727272727,0.0
cosmx_bcc_xdonor_spot_0000016486,-174272.5520047057,-31839.19711698047,1.0,0.0,0.0
cosmx_bcc_xdonor_spot_0000016487,-174260.5429302956,-31456.359548922384,1.0,0.0,0.0
cosmx_bcc_xdonor_spot_0000016488,-174270.88742790316,-31170.165769018073,0.8181818181818182,0.0,0.0
cosmx_bcc_xdonor_spot_0000016489,-174244.469246085,-30857.638496290798,0.4,0.0,0.0
cosmx_bcc_xdonor_spot_0000016659,-174321.08984848802,29479.6994254062,1.0,0.0,0.0
cosmx_bcc_xdonor_spot_0000016660,-174234.82318182135,29739.689901596685,0.9047619047619048,0.0476190476190476,0.0
cosmx_bcc_xdonor_spot_0000016661,-174231.69818182135,30104.374425406208,0.7916666666666666,0.125,0.0
cosmx_bcc_xdonor_spot_0000016662,-174228.739848488,30480.561925406208,0.8125,0.0,0.0
cosmx_bcc_xdonor_spot_0000016663,-174300.68984848802,30782.766092072874,0.8,0.2,0.0
cosmx_bcc_xdonor_spot_0000016664,-174247.302348488,31139.936925406208,0.25,0.375,0.0
cosmx_bcc_xdonor_spot_0000016665,-174251.17405901433,31533.078372774627,0.8947368421052632,0.0526315789473684,0.0
cosmx_bcc_xdonor_spot_0000016666,-174262.65651515467,31895.416092072872,0.25,0.5,0.0
cosmx_bcc_xdonor_spot_0000016667,-174281.68984848802,32241.099425406202,0.0,0.6,0.0
cosmx_bcc_xdonor_spot_0000016668,-174282.18984848802,32635.3994254062,0.8,0.1,0.0
cosmx_bcc_xdonor_spot_0000016669,-174297.03530303345,32858.863061769836,0.8181818181818182,0.0,0.0
cosmx_bcc_xdonor_spot_0000016709,-174280.89961772197,47101.0449465516,0.8181818181818182,0.1212121212121212,0.0303030303030303
cosmx_bcc_xdonor_spot_0000016710,-174230.52199534437,47454.15683466348,0.4358974358974359,0.1025641025641025,0.0256410256410256
cosmx_bcc_xdonor_spot_0000016711,-174227.8617389341,47792.450790707444,0.4642857142857143,0.3214285714285714,0.0
cosmx_bcc_xdonor_spot_0000016712,-174211.53481585716,48158.61837312503,0.7692307692307693,0.1538461538461538,0.0
cosmx_bcc_xdonor_spot_0000016713,-174270.98130415144,48484.68526275714,0.8260869565217391,0.1739130434782608,0.0
cosmx_bcc_xdonor_spot_0000016714,-174239.3200722674,48951.81388594554,0.9166666666666666,0.0833333333333333,0.0
cosmx_bcc_xdonor_spot_0000016715,-174259.82141635346,49210.933509601455,1.0,0.0,0.0
cosmx_bcc_xdonor_spot_0000016716,-174280.91173893405,49550.32221927888,0.85,0.1,0.0
cosmx_bcc_xdonor_spot_0000016717,-174238.8617389341,49936.1055526122,0.9722222222222222,0.0277777777777777,0.0
cosmx_bcc_xdonor_spot_0000016718,-174252.3304889341,50275.89721927887,1.0,0.0,0.0
cosmx_bcc_xdonor_spot_0000016719,-174262.71173893398,50511.5722192789,0.4,0.4,0.0
cosmx_bcc_xdonor_spot_0000016723,-174215.30176924475,52112.44458670471,0.92,0.0,0.0
cosmx_bcc_xdonor_spot_0000016724,-174254.36628537395,52419.99168347889,0.935483870967742,0.032258064516129,0.0
cosmx_bcc_xdonor_spot_0000016725,-174273.02904197207,52770.96822306835,0.2727272727272727,0.3636363636363636,0.0
cosmx_bcc_xdonor_spot_0000016728,-174171.76330770642,53856.83535593547,0.8846153846153846,0.0384615384615384,0.0
cosmx_bcc_xdonor_spot_0000016729,-174178.25631469948,54144.78640488654,0.9090909090909092,0.0,0.0454545454545454
cosmx_bcc_xdonor_spot_0000016730,-174205.30176924486,54497.6045867047,0.625,0.125,0.0
cosmx_bcc_xdonor_spot_0000016731,-174247.30176924466,54867.60458670472,0.125,0.25,0.0
cosmx_bcc_xdonor_spot_0000016732,-174240.30176924454,55256.318872419004,0.2857142857142857,0.2142857142857142,0.0
cosmx_bcc_xdonor_spot_0000016733,-174231.48358742642,55561.15004125016,0.1818181818181818,0.0,0.0
cosmx_bcc_xdonor_spot_0000016734,-174229.80176924483,55932.1045867047,0.3333333333333333,0.1666666666666666,0.0
cosmx_bcc_xdonor_spot_0000016752,-173895.16859226,-43384.8667566358,1.0,0.0,0.0
cosmx_bcc_xdonor_spot_0000016753,-173948.75192559333,-43144.70008996913,0.8333333333333334,0.1666666666666666,0.0
cosmx_bcc_xdonor_spot_0000016754,-173910.54359226,-42820.3667566358,0.25,0.625,0.0
cosmx_bcc_xdonor_spot_0000016755,-173938.12313771455,-42428.821302090335,0.1818181818181818,0.2727272727272727,0.0
cosmx_bcc_xdonor_spot_0000016758,-173907.66859226004,-41318.30008996913,1.0,0.0,0.0
cosmx_bcc_xdonor_spot_0000016759,-173937.30017120743,-40956.366756635805,1.0,0.0,0.0
cosmx_bcc_xdonor_spot_0000016760,-173908.75192559333,-40752.033423302455,1.0,0.0,0.0
cosmx_bcc_xdonor_spot_0000016761,-173816.06859225998,-40241.4667566358,1.0,0.0,0.0
cosmx_bcc_xdonor_spot_0000016762,-173855.81144940286,-39933.3667566358,1.0,0.0,0.0
cosmx_bcc_xdonor_spot_0000016763,-173923.57335416484,-39612.557232826286,0.9047619047619048,0.0476190476190476,0.0
cosmx_bcc_xdonor_spot_0000016764,-173941.78780767118,-39251.97751758404,0.1,0.4,0.0
cosmx_bcc_xdonor_spot_0000016769,-173918.51042140846,-37463.95818201886,0.4444444444444444,0.1111111111111111,0.0
cosmx_bcc_xdonor_spot_0000016770,-173916.84375474177,-37131.18040424108,0.2222222222222222,0.3333333333333333,0.0
cosmx_bcc_xdonor_spot_0000016771,-173951.065976964,-36787.4026264633,0.2,0.6,0.2
cosmx_bcc_xdonor_spot_0000016774,-173929.71597696395,-35685.20262646332,0.95,0.0,0.0
cosmx_bcc_xdonor_spot_0000016775,-173948.89931029736,-35416.90262646331,1.0,0.0,0.0
cosmx_bcc_xdonor_spot_0000016776,-173977.5111478798,-34973.077264202744,1.0,0.0,0.0
cosmx_bcc_xdonor_spot_0000016777,-173886.56924608492,-34660.938496290815,0.9583333333333334,0.0,0.0
cosmx_bcc_xdonor_spot_0000016778,-173879.33240397967,-34325.96481208028,1.0,0.0,0.0
cosmx_bcc_xdonor_spot_0000016779,-173863.9153999311,-33961.36157321389,1.0,0.0,0.0
cosmx_bcc_xdonor_spot_0000016781,-173929.21210322782,-33201.08135343367,0.7857142857142857,0.2142857142857142,0.0
cosmx_bcc_xdonor_spot_0000016782,-173912.4025794183,-32884.97182962414,0.4666666666666667,0.2666666666666666,0.0
cosmx_bcc_xdonor_spot_0000016783,-173982.319246085,-32608.063496290797,0.75,0.125,0.0
cosmx_bcc_xdonor_spot_0000016784,-173951.4025794183,-32145.63849629081,0.5333333333333333,0.4,0.0
cosmx_bcc_xdonor_spot_0000016785,-173899.03799608504,-31835.094746290815,1.0,0.0,0.0
cosmx_bcc_xdonor_spot_0000016786,-173916.12806961435,-31489.614966879046,1.0,0.0,0.0
cosmx_bcc_xdonor_spot_0000016787,-173876.90257941835,-31119.271829624133,0.6666666666666666,0.0,0.0
cosmx_bcc_xdonor_spot_0000016957,-173815.989848488,29040.666092072865,0.8333333333333334,0.1666666666666666,0.0
cosmx_bcc_xdonor_spot_0000016959,-173922.15651515467,29748.166092072865,0.0,0.3333333333333333,0.0
cosmx_bcc_xdonor_spot_0000016961,-173885.489848488,30452.71371112049,0.2857142857142857,0.5714285714285714,0.0
cosmx_bcc_xdonor_spot_0000016962,-173902.68984848802,30797.3994254062,0.1,0.6,0.0
cosmx_bcc_xdonor_spot_0000016963,-173920.639848488,31207.499425406208,0.9,0.0,0.0
cosmx_bcc_xdonor_spot_0000016964,-173928.41292541107,31475.730194636973,0.6923076923076923,0.2307692307692307,0.0
cosmx_bcc_xdonor_spot_0000016965,-173853.88115283585,31871.45594714534,0.6956521739130435,0.1304347826086956,0.0
cosmx_bcc_xdonor_spot_0000016966,-173953.84699134514,32271.28513969192,0.6428571428571429,0.0714285714285714,0.0
cosmx_bcc_xdonor_spot_0000016967,-173880.82318182135,32546.166092072865,0.1666666666666666,0.8333333333333334,0.0
cosmx_bcc_xdonor_spot_0000017008,-173869.188662011,47109.002988509645,0.0769230769230769,0.1153846153846153,0.6538461538461539
cosmx_bcc_xdonor_spot_0000017009,-173866.76173893403,47468.52221927888,0.05,0.25,0.35
cosmx_bcc_xdonor_spot_0000017010,-173892.6334780645,47848.51134971366,0.9130434782608696,0.0434782608695652,0.0
cosmx_bcc_xdonor_spot_0000017011,-173893.08471190708,48158.988435495085,1.0,0.0,0.0
cosmx_bcc_xdonor_spot_0000017012,-173911.46173893404,48480.722219278876,0.65,0.3,0.05
cosmx_bcc_xdonor_spot_0000017013,-173848.51173893403,48863.82221927888,0.75,0.25,0.0
cosmx_bcc_xdonor_spot_0000017014,-173900.29031036264,49199.093647850306,0.8214285714285714,0.0714285714285714,0.0357142857142857
cosmx_bcc_xdonor_spot_0000017015,-173857.34983417214,49581.01031451697,0.1904761904761904,0.5238095238095238,0.1428571428571428
cosmx_bcc_xdonor_spot_0000017016,-173901.13951671188,49932.46666372332,1.0,0.0,0.0
cosmx_bcc_xdonor_spot_0000017017,-173878.2054889341,50233.08471927887,0.875,0.03125,0.03125
cosmx_bcc_xdonor_spot_0000017022,-173937.80176924483,52078.771253371386,0.8888888888888888,0.0555555555555555,0.0
cosmx_bcc_xdonor_spot_0000017023,-173869.17676924486,52408.2295867047,0.75,0.125,0.0
cosmx_bcc_xdonor_spot_0000017024,-173801.3017692449,52819.27125337138,1.0,0.0,0.0
cosmx_bcc_xdonor_spot_0000017025,-173829.20176924483,53081.404586704724,0.9,0.1,0.0
cosmx_bcc_xdonor_spot_0000017026,-173835.6017692447,53518.25458670473,0.95,0.05,0.0
cosmx_bcc_xdonor_spot_0000017027,-173898.90642040764,53822.67435414654,1.0,0.0,0.0
cosmx_bcc_xdonor_spot_0000017028,-173898.97744492063,54156.4153975155,1.0,0.0,0.0
cosmx_bcc_xdonor_spot_0000017029,-173885.77795972102,54556.84268194282,0.9523809523809524,0.0,0.0
cosmx_bcc_xdonor_spot_0000017030,-173863.30176924483,54839.71569781582,0.7407407407407407,0.1111111111111111,0.0
cosmx_bcc_xdonor_spot_0000017031,-173932.1017692448,55214.0045867047,0.2,0.5,0.0
cosmx_bcc_xdonor_spot_0000017032,-173917.94882806804,55621.0163514106,0.0588235294117647,0.2941176470588235,0.0
cosmx_bcc_xdonor_spot_0000017033,-173903.11995106298,55947.5136776138,0.0909090909090909,0.0,0.0
cosmx_bcc_xdonor_spot_0000017034,-173888.8017692447,56164.77125337137,0.3333333333333333,0.1666666666666666,0.0
cosmx_bcc_xdonor_spot_0000017052,-173521.79359226,-43108.6167566358,0.125,0.25,0.0
cosmx_bcc_xdonor_spot_0000017053,-173487.8908144822,-42764.47786774691,0.1111111111111111,0.6666666666666666,0.0
cosmx_bcc_xdonor_spot_0000017054,-173532.2400208314,-42501.93818520723,0.1428571428571428,0.5714285714285714,0.0
cosmx_bcc_xdonor_spot_0000017058,-173501.2185922601,-41019.26675663581,0.95,0.0,0.0
cosmx_bcc_xdonor_spot_0000017060,-173620.66859226,-40224.70008996913,1.0,0.0,0.0
cosmx_bcc_xdonor_spot_0000017061,-173594.30495589634,-40039.00312027216,0.9090909090909092,0.0909090909090909,0.0
cosmx_bcc_xdonor_spot_0000017066,-173508.92311982115,-38228.6169121776,0.9285714285714286,0.0,0.0
cosmx_bcc_xdonor_spot_0000017067,-173458.92311982115,-37847.6169121776,1.0,0.0,0.0
cosmx_bcc_xdonor_spot_0000017068,-173541.565976964,-37509.735959796635,0.6666666666666666,0.3333333333333333,0.0
cosmx_bcc_xdonor_spot_0000017073,-173464.3736692717,-35651.325703386385,0.6153846153846154,0.0769230769230769,0.0
cosmx_bcc_xdonor_spot_0000017074,-173515.38176643764,-35399.086836989634,0.8421052631578947,0.0,0.0
cosmx_bcc_xdonor_spot_0000017075,-173485.20040000434,-34968.54791640581,0.8666666666666667,0.0,0.0
cosmx_bcc_xdonor_spot_0000017076,-173522.75345661127,-34660.96481208028,0.9473684210526316,0.0,0.0
cosmx_bcc_xdonor_spot_0000017077,-173545.54924608496,-34267.398496290814,1.0,0.0,0.0
cosmx_bcc_xdonor_spot_0000017078,-173575.66015517584,-33945.574859927176,1.0,0.0,0.0
cosmx_bcc_xdonor_spot_0000017079,-173519.7359127516,-33616.962305814624,1.0,0.0,0.0
cosmx_bcc_xdonor_spot_0000017080,-173499.45386146958,-33316.66926552158,0.9230769230769232,0.0769230769230769,0.0
cosmx_bcc_xdonor_spot_0000017081,-173484.97833699407,-32840.711223563536,0.9090909090909092,0.0,0.0
cosmx_bcc_xdonor_spot_0000017082,-173429.40257941833,-32537.66071851302,1.0,0.0,0.0
cosmx_bcc_xdonor_spot_0000017084,-173609.944246085,-31720.313496290797,1.0,0.0,0.0
cosmx_bcc_xdonor_spot_0000017085,-173542.19424608504,-31483.375996290815,1.0,0.0,0.0
cosmx_bcc_xdonor_spot_0000017086,-173564.769246085,-31223.2384962908,1.0,0.0,0.0
cosmx_bcc_xdonor_spot_0000017256,-173576.789848488,29086.899425406194,1.0,0.0,0.0
cosmx_bcc_xdonor_spot_0000017257,-173531.489848488,29382.793543053267,1.0,0.0,0.0
cosmx_bcc_xdonor_spot_0000017258,-173556.06127705943,29707.999425406208,0.8571428571428571,0.0,0.0
cosmx_bcc_xdonor_spot_0000017259,-173534.13690731153,30116.85236658268,0.3529411764705882,0.1764705882352941,0.0588235294117647
cosmx_bcc_xdonor_spot_0000017260,-173507.489848488,30506.288899090418,0.9473684210526316,0.0526315789473684,0.0
cosmx_bcc_xdonor_spot_0000017261,-173534.96353269854,30843.81521487989,0.7368421052631579,0.1052631578947368,0.0
cosmx_bcc_xdonor_spot_0000017262,-173567.989848488,31236.166092072872,1.0,0.0,0.0
cosmx_bcc_xdonor_spot_0000017263,-173528.239848488,31514.311925406208,0.75,0.125,0.0625
cosmx_bcc_xdonor_spot_0000017264,-173549.85348485166,31826.044879951663,0.9090909090909092,0.0454545454545454,0.0
cosmx_bcc_xdonor_spot_0000017265,-173527.82318182135,32260.388314295087,0.0,0.8888888888888888,0.0
cosmx_bcc_xdonor_spot_0000017266,-173506.489848488,32605.35656826334,0.1428571428571428,0.7142857142857143,0.0
cosmx_bcc_xdonor_spot_0000017306,-173509.21700209193,46822.403798226245,0.3684210526315789,0.0,0.0526315789473684
cosmx_bcc_xdonor_spot_0000017307,-173559.2545960769,47119.8198383265,0.0476190476190476,0.0,0.8095238095238095
cosmx_bcc_xdonor_spot_0000017308,-173534.84507226732,47461.50555261222,0.0,0.2666666666666666,0.6
cosmx_bcc_xdonor_spot_0000017309,-173552.24217371666,47816.1635236267,0.4782608695652174,0.3478260869565217,0.1304347826086956
cosmx_bcc_xdonor_spot_0000017310,-173565.87364369596,48163.629362136024,0.8095238095238095,0.0476190476190476,0.0952380952380952
cosmx_bcc_xdonor_spot_0000017311,-173554.22285004513,48546.54999705666,0.6666666666666666,0.1666666666666666,0.1111111111111111
cosmx_bcc_xdonor_spot_0000017312,-173576.32913023842,48858.33743667018,0.9565217391304348,0.0434782608695652,0.0
cosmx_bcc_xdonor_spot_0000017313,-173515.67695632536,49236.64178449627,0.5217391304347826,0.3478260869565217,0.0434782608695652
cosmx_bcc_xdonor_spot_0000017314,-173626.299238934,49549.272219278886,0.0625,0.4375,0.125
cosmx_bcc_xdonor_spot_0000017315,-173559.06173893405,49899.12221927888,0.7,0.2,0.05
cosmx_bcc_xdonor_spot_0000017316,-173555.511738934,50240.038885945556,0.6,0.0666666666666666,0.0
cosmx_bcc_xdonor_spot_0000017317,-173567.71173893398,50535.3722192789,0.2,0.2,0.0
cosmx_bcc_xdonor_spot_0000017321,-173482.4070324026,52085.288797231035,0.9473684210526316,0.0526315789473684,0.0
cosmx_bcc_xdonor_spot_0000017322,-173539.7845278656,52444.84596601504,0.9310344827586208,0.0344827586206896,0.0
cosmx_bcc_xdonor_spot_0000017323,-173527.2372531159,52774.60458670469,1.0,0.0,0.0
cosmx_bcc_xdonor_spot_0000017324,-173535.00447194753,53106.685667785765,1.0,0.0,0.0
cosmx_bcc_xdonor_spot_0000017325,-173535.523991467,53480.426808926895,1.0,0.0,0.0
cosmx_bcc_xdonor_spot_0000017326,-173535.11426924495,53821.72958670469,0.96875,0.0,0.0
cosmx_bcc_xdonor_spot_0000017327,-173501.35176924482,54150.154586704724,1.0,0.0,0.0
cosmx_bcc_xdonor_spot_0000017328,-173520.04089967944,54578.3437171395,1.0,0.0,0.0
cosmx_bcc_xdonor_spot_0000017329,-173589.985979771,54816.76248144157,1.0,0.0,0.0
cosmx_bcc_xdonor_spot_0000017332,-173421.42676924486,55939.9795867047,0.875,0.0,0.0
cosmx_bcc_xdonor_spot_0000017352,-173195.55748114886,-42792.25564552468,0.1111111111111111,0.7777777777777778,0.0
cosmx_bcc_xdonor_spot_0000017353,-173181.26859226,-42511.86675663579,0.3,0.2,0.0
cosmx_bcc_xdonor_spot_0000017355,-173147.20705379857,-41704.78983355888,1.0,0.0,0.0
cosmx_bcc_xdonor_spot_0000017356,-173133.11303670442,-41455.70008996913,1.0,0.0,0.0
cosmx_bcc_xdonor_spot_0000017357,-173173.74266633418,-41009.81120108025,1.0,0.0,0.0
cosmx_bcc_xdonor_spot_0000017358,-173188.71207052097,-40697.49719141842,1.0,0.0,0.0
cosmx_bcc_xdonor_spot_0000017359,-173086.94131953272,-40263.91221118125,1.0,0.0,0.0
cosmx_bcc_xdonor_spot_0000017360,-173088.8908144822,-39970.92231219135,1.0,0.0,0.0
cosmx_bcc_xdonor_spot_0000017361,-173162.81144940294,-39604.414375683424,0.9523809523809524,0.0,0.0
cosmx_bcc_xdonor_spot_0000017362,-173128.53810360873,-39233.44035009418,0.9411764705882352,0.0,0.0
cosmx_bcc_xdonor_spot_0000017363,-173171.54216744014,-38928.545483606176,1.0,0.0,0.0
cosmx_bcc_xdonor_spot_0000017364,-173100.49454839254,-38623.545483606154,1.0,0.0,0.0
cosmx_bcc_xdonor_spot_0000017365,-173240.62153251955,-38145.18040424108,0.7777777777777778,0.2222222222222222,0.0
cosmx_bcc_xdonor_spot_0000017366,-173152.73264363068,-37813.4026264633,0.4444444444444444,0.2222222222222222,0.0
cosmx_bcc_xdonor_spot_0000017370,-173194.51042140846,-36383.29151535219,0.3333333333333333,0.5555555555555556,0.0
cosmx_bcc_xdonor_spot_0000017371,-173126.24779514584,-36164.12989919058,0.7272727272727273,0.0,0.0
cosmx_bcc_xdonor_spot_0000017372,-173233.21982311786,-35638.787241847924,1.0,0.0,0.0
cosmx_bcc_xdonor_spot_0000017373,-173199.33264363065,-35377.93595979665,1.0,0.0,0.0
cosmx_bcc_xdonor_spot_0000017374,-173189.06679424425,-34972.28659392017,0.0,0.75,0.125
cosmx_bcc_xdonor_spot_0000017375,-173172.194246085,-34687.4384962908,0.375,0.625,0.0
cosmx_bcc_xdonor_spot_0000017376,-173229.85496037066,-34262.1527820051,1.0,0.0,0.0
cosmx_bcc_xdonor_spot_0000017377,-173182.30734132303,-34020.67659152891,1.0,0.0,0.0
cosmx_bcc_xdonor_spot_0000017378,-173187.8060881902,-33557.912180501335,1.0,0.0,0.0
cosmx_bcc_xdonor_spot_0000017379,-173179.2359127516,-33239.438496290815,0.875,0.0,0.0
cosmx_bcc_xdonor_spot_0000017380,-173169.69424608495,-32825.87599629081,0.9375,0.0,0.0
cosmx_bcc_xdonor_spot_0000017381,-173210.35496037072,-32540.617067719384,1.0,0.0,0.0
cosmx_bcc_xdonor_spot_0000017382,-173123.88174608495,-32166.500996290808,0.9375,0.0625,0.0
cosmx_bcc_xdonor_spot_0000017383,-173076.069246085,-31900.4384962908,1.0,0.0,0.0
cosmx_bcc_xdonor_spot_0000017385,-173174.869246085,-31002.638496290798,0.4,0.0,0.0
cosmx_bcc_xdonor_spot_0000017555,-173221.989848488,29045.124425406197,0.875,0.0,0.0
cosmx_bcc_xdonor_spot_0000017557,-173161.2676262658,29765.166092072872,0.5,0.2777777777777778,0.0
cosmx_bcc_xdonor_spot_0000017558,-173193.56677156495,30077.422502329282,0.8461538461538461,0.0769230769230769,0.0
cosmx_bcc_xdonor_spot_0000017559,-173188.09854414017,30496.19507758012,1.0,0.0,0.0
cosmx_bcc_xdonor_spot_0000017560,-173210.889848488,30847.499425406208,0.4,0.4,0.0666666666666666
cosmx_bcc_xdonor_spot_0000017561,-173214.04540404357,31202.277203183978,0.6666666666666666,0.2222222222222222,0.0
cosmx_bcc_xdonor_spot_0000017562,-173183.139848488,31556.149425406205,0.7,0.25,0.0
cosmx_bcc_xdonor_spot_0000017563,-173168.15651515467,31859.01794392473,0.8888888888888888,0.074074074074074,0.0
cosmx_bcc_xdonor_spot_0000017564,-173164.06127705943,32283.499425406197,0.1428571428571428,0.7142857142857143,0.0
cosmx_bcc_xdonor_spot_0000017565,-173225.364848488,32632.624425406197,0.375,0.125,0.0
cosmx_bcc_xdonor_spot_0000017605,-173142.7655850879,46756.61837312503,0.0384615384615384,0.1538461538461538,0.2307692307692307
cosmx_bcc_xdonor_spot_0000017606,-173188.11173893407,47081.43888594554,0.0,0.0416666666666666,0.7083333333333334
cosmx_bcc_xdonor_spot_0000017607,-173184.84507226732,47449.50555261222,0.0666666666666666,0.2,0.3333333333333333
cosmx_bcc_xdonor_spot_0000017608,-173240.21173893398,47752.2722192789,0.0,0.9,0.0
cosmx_bcc_xdonor_spot_0000017609,-173215.54031036256,48209.34364785033,0.0,1.0,0.0
cosmx_bcc_xdonor_spot_0000017610,-173155.58542314457,48535.824850857825,0.0526315789473684,0.7368421052631579,0.1052631578947368
cosmx_bcc_xdonor_spot_0000017611,-173149.93316750551,48861.665076421734,1.0,0.0,0.0
cosmx_bcc_xdonor_spot_0000017612,-173179.16888179124,49217.08650499315,1.0,0.0,0.0
cosmx_bcc_xdonor_spot_0000017613,-173173.0006278229,49569.605552612215,0.2777777777777778,0.6666666666666666,0.0555555555555555
cosmx_bcc_xdonor_spot_0000017614,-173195.6117389341,49944.49444150109,1.0,0.0,0.0
cosmx_bcc_xdonor_spot_0000017615,-173162.11173893407,50278.47592298258,0.8888888888888888,0.074074074074074,0.037037037037037
cosmx_bcc_xdonor_spot_0000017616,-173197.911738934,50541.57221927889,1.0,0.0,0.0
cosmx_bcc_xdonor_spot_0000017620,-173174.78452786556,52096.67355222194,1.0,0.0,0.0
cosmx_bcc_xdonor_spot_0000017621,-173185.51229556074,52414.99932354679,0.9736842105263158,0.0,0.0
cosmx_bcc_xdonor_spot_0000017622,-173165.13034067347,52764.23315813326,1.0,0.0,0.0
cosmx_bcc_xdonor_spot_0000017623,-173179.44065813383,53095.882364482466,1.0,0.0,0.0
cosmx_bcc_xdonor_spot_0000017624,-173170.1252986566,53474.60458670469,1.0,0.0,0.0
cosmx_bcc_xdonor_spot_0000017625,-173176.13510257818,53808.993475593576,0.9722222222222222,0.0,0.0
cosmx_bcc_xdonor_spot_0000017626,-173179.2135339507,54177.692821998804,0.9705882352941176,0.0,0.0
cosmx_bcc_xdonor_spot_0000017627,-173203.64959533166,54504.99589105254,1.0,0.0,0.0
cosmx_bcc_xdonor_spot_0000017630,-173159.30176924448,55698.437920038035,1.0,0.0,0.0
cosmx_bcc_xdonor_spot_0000017631,-173197.80176924495,55908.283158133265,1.0,0.0,0.0
cosmx_bcc_xdonor_spot_0000017651,-172753.12313771455,-42766.184938453975,0.9090909090909092,0.0,0.0
cosmx_bcc_xdonor_spot_0000017652,-172767.9543065457,-42462.93818520723,0.5714285714285714,0.2857142857142857,0.0
cosmx_bcc_xdonor_spot_0000017653,-172801.00192559333,-42109.8667566358,0.1666666666666666,0.3333333333333333,0.1666666666666666
cosmx_bcc_xdonor_spot_0000017654,-172914.98438173375,-41709.99833558317,0.9473684210526316,0.0,0.0
cosmx_bcc_xdonor_spot_0000017655,-172905.16859226,-41444.566756635795,1.0,0.0,0.0
cosmx_bcc_xdonor_spot_0000017656,-172849.00192559336,-40950.3667566358,0.5333333333333333,0.2,0.0
cosmx_bcc_xdonor_spot_0000017657,-172827.09716368857,-40718.3667566358,0.7142857142857143,0.2857142857142857,0.0
cosmx_bcc_xdonor_spot_0000017658,-172823.79359226,-40280.4917566358,1.0,0.0,0.0
cosmx_bcc_xdonor_spot_0000017659,-172841.66859226004,-39939.307933106385,1.0,0.0,0.0
cosmx_bcc_xdonor_spot_0000017660,-172852.3504104419,-39651.45766572672,1.0,0.0,0.0
cosmx_bcc_xdonor_spot_0000017661,-172794.22183488408,-39255.336572749846,1.0,0.0,0.0
cosmx_bcc_xdonor_spot_0000017662,-172880.965976964,-38909.2026264633,1.0,0.0,0.0
cosmx_bcc_xdonor_spot_0000017663,-172845.39931029736,-38623.40262646331,0.8333333333333334,0.0,0.0
cosmx_bcc_xdonor_spot_0000017664,-172819.065976964,-38141.25976932044,1.0,0.0,0.0
cosmx_bcc_xdonor_spot_0000017665,-172788.6449243324,-37828.56052120016,0.8947368421052632,0.0,0.0
cosmx_bcc_xdonor_spot_0000017666,-172800.99931029734,-37538.26929312998,0.9333333333333332,0.0,0.0
cosmx_bcc_xdonor_spot_0000017667,-172871.065976964,-37113.235959796635,0.1666666666666666,0.8333333333333334,0.0
cosmx_bcc_xdonor_spot_0000017668,-172859.815976964,-36705.6526264633,0.625,0.375,0.0
cosmx_bcc_xdonor_spot_0000017669,-172826.8352077333,-36418.24878030944,1.0,0.0,0.0
cosmx_bcc_xdonor_spot_0000017670,-172851.71597696395,-36147.802626463315,0.95,0.05,0.0
cosmx_bcc_xdonor_spot_0000017671,-172809.06597696396,-35711.67535373604,0.9545454545454546,0.0454545454545454,0.0
cosmx_bcc_xdonor_spot_0000017672,-172851.85545064817,-35384.086836989634,1.0,0.0,0.0
cosmx_bcc_xdonor_spot_0000017674,-172777.71924608495,-34638.538496290814,1.0,0.0,0.0
cosmx_bcc_xdonor_spot_0000017675,-172817.01042255553,-34347.67379040846,0.8235294117647058,0.1176470588235294,0.0588235294117647
cosmx_bcc_xdonor_spot_0000017676,-172802.73591275164,-33962.271829624144,0.5,0.4166666666666667,0.0
cosmx_bcc_xdonor_spot_0000017677,-172864.66924608496,-33496.30516295748,1.0,0.0,0.0
cosmx_bcc_xdonor_spot_0000017678,-172829.76924608502,-33265.538496290814,1.0,0.0,0.0
cosmx_bcc_xdonor_spot_0000017679,-172784.38503555863,-32838.22796997502,0.9473684210526316,0.0526315789473684,0.0
cosmx_bcc_xdonor_spot_0000017680,-172836.43288244863,-32586.4384962908,1.0,0.0,0.0
cosmx_bcc_xdonor_spot_0000017681,-172852.869246085,-32126.2384962908,1.0,0.0,0.0
cosmx_bcc_xdonor_spot_0000017682,-172848.819246085,-31879.563496290797,0.875,0.125,0.0
cosmx_bcc_xdonor_spot_0000017684,-172812.64067465646,-31088.438496290797,0.5714285714285714,0.0,0.0
cosmx_bcc_xdonor_spot_0000017855,-172817.06127705943,29432.78513969191,0.2857142857142857,0.2857142857142857,0.0
cosmx_bcc_xdonor_spot_0000017856,-172819.27556277372,29739.999425406208,0.5,0.2857142857142857,0.0
cosmx_bcc_xdonor_spot_0000017857,-172821.489848488,30107.322954817973,1.0,0.0,0.0
cosmx_bcc_xdonor_spot_0000017858,-172856.31593544452,30474.06464279751,0.8695652173913043,0.0,0.0
cosmx_bcc_xdonor_spot_0000017859,-172782.75651515467,30839.63275873954,0.7333333333333333,0.2666666666666666,0.0
cosmx_bcc_xdonor_spot_0000017860,-172790.729848488,31182.97942540621,0.92,0.0,0.0
cosmx_bcc_xdonor_spot_0000017861,-172850.33195375116,31543.23626751147,1.0,0.0,0.0
cosmx_bcc_xdonor_spot_0000017862,-172804.9660389642,31892.547044453826,0.9523809523809524,0.0,0.0
cosmx_bcc_xdonor_spot_0000017863,-172799.58075757892,32220.22669813348,0.8636363636363636,0.0,0.0
cosmx_bcc_xdonor_spot_0000017864,-172835.58984848802,32553.599425406202,0.7,0.1,0.0
cosmx_bcc_xdonor_spot_0000017865,-172787.65651515467,32938.332758739525,0.0,0.8333333333333334,0.0
cosmx_bcc_xdonor_spot_0000017903,-172834.11173893398,46473.60555261223,0.0833333333333333,0.1666666666666666,0.0
cosmx_bcc_xdonor_spot_0000017904,-172856.8200722674,46741.730552612215,0.0833333333333333,0.125,0.5
cosmx_bcc_xdonor_spot_0000017905,-172842.11173893404,47104.17221927888,0.1,0.0,0.75
cosmx_bcc_xdonor_spot_0000017906,-172825.61173893398,47386.972219278905,0.1,0.4,0.3
cosmx_bcc_xdonor_spot_0000017907,-172789.02082984315,47871.36312836979,0.9090909090909092,0.0,0.0454545454545454
cosmx_bcc_xdonor_spot_0000017908,-172819.65719347956,48163.83282533948,0.9393939393939394,0.0606060606060606,0.0
cosmx_bcc_xdonor_spot_0000017909,-172831.5700722674,48487.39721927888,0.5416666666666666,0.2916666666666667,0.0416666666666666
cosmx_bcc_xdonor_spot_0000017910,-172844.2054889341,48860.45971927887,0.875,0.0,0.125
cosmx_bcc_xdonor_spot_0000017911,-172850.80739110798,49211.46787145279,0.8695652173913043,0.1304347826086956,0.0
cosmx_bcc_xdonor_spot_0000017912,-172781.1474532198,49575.52221927887,0.8214285714285714,0.0714285714285714,0.0714285714285714
cosmx_bcc_xdonor_spot_0000017913,-172836.74810257045,49938.16615867281,0.9696969696969696,0.0303030303030303,0.0
cosmx_bcc_xdonor_spot_0000017914,-172857.23673893407,50315.64721927888,0.7916666666666666,0.125,0.0
cosmx_bcc_xdonor_spot_0000017915,-172834.92992075215,50517.7722192789,1.0,0.0,0.0
cosmx_bcc_xdonor_spot_0000017919,-172841.0517692448,52123.35458670472,1.0,0.0,0.0
cosmx_bcc_xdonor_spot_0000017920,-172822.5700619278,52422.87287938761,1.0,0.0,0.0
cosmx_bcc_xdonor_spot_0000017921,-172840.8351025781,52750.47125337134,1.0,0.0,0.0
cosmx_bcc_xdonor_spot_0000017922,-172843.18748353046,53125.74744384755,1.0,0.0,0.0
cosmx_bcc_xdonor_spot_0000017923,-172819.33402730926,53474.894909285336,0.935483870967742,0.032258064516129,0.032258064516129
cosmx_bcc_xdonor_spot_0000017924,-172820.3758433189,53823.345327445444,0.9629629629629628,0.037037037037037,0.0
cosmx_bcc_xdonor_spot_0000017925,-172812.3311810094,54162.04576317528,1.0,0.0,0.0
cosmx_bcc_xdonor_spot_0000017926,-172829.43334819228,54524.55195512574,1.0,0.0,0.0
cosmx_bcc_xdonor_spot_0000017927,-172817.35440082388,54876.97300775731,1.0,0.0,0.0
cosmx_bcc_xdonor_spot_0000017928,-172766.59588689177,55257.9575278812,1.0,0.0,0.0
cosmx_bcc_xdonor_spot_0000017929,-172799.0325384756,55609.335355935465,1.0,0.0,0.0
cosmx_bcc_xdonor_spot_0000017930,-172821.13510257806,55942.39625337137,1.0,0.0,0.0
cosmx_bcc_xdonor_spot_0000017931,-172754.4630137732,56235.84113551937,1.0,0.0,0.0
cosmx_bcc_xdonor_spot_0000017932,-172686.5650879873,56659.23538354386,1.0,0.0,0.0
cosmx_bcc_xdonor_spot_0000017949,-172407.41859226,-43139.61675663579,1.0,0.0,0.0
cosmx_bcc_xdonor_spot_0000017950,-172504.26859226008,-42822.116756635805,1.0,0.0,0.0
cosmx_bcc_xdonor_spot_0000017951,-172482.02573511726,-42439.54532806437,1.0,0.0,0.0
cosmx_bcc_xdonor_spot_0000017952,-172389.00192559333,-42108.61675663579,0.9166666666666666,0.0,0.0
cosmx_bcc_xdonor_spot_0000017953,-172441.4413195328,-41688.95766572672,1.0,0.0,0.0
cosmx_bcc_xdonor_spot_0000017954,-172429.8828779743,-41446.50961377865,1.0,0.0,0.0
cosmx_bcc_xdonor_spot_0000017957,-172484.09716368868,-40360.72389949294,1.0,0.0,0.0
cosmx_bcc_xdonor_spot_0000017958,-172518.91859226,-39980.11675663579,1.0,0.0,0.0
cosmx_bcc_xdonor_spot_0000017959,-172510.66859226007,-39627.466756635804,1.0,0.0,0.0
cosmx_bcc_xdonor_spot_0000017960,-172522.330438436,-39257.81322409267,0.9375,0.0625,0.0
cosmx_bcc_xdonor_spot_0000017961,-172548.26597696397,-38896.8026264633,0.6,0.2,0.0
cosmx_bcc_xdonor_spot_0000017963,-172532.56597696402,-38121.15262646331,1.0,0.0,0.0
cosmx_bcc_xdonor_spot_0000017964,-172528.815976964,-37854.277626463314,1.0,0.0,0.0
cosmx_bcc_xdonor_spot_0000017965,-172500.23264363062,-37545.48595979665,0.9583333333333334,0.0,0.0
cosmx_bcc_xdonor_spot_0000017966,-172474.3993102973,-37139.735959796635,0.0,0.3333333333333333,0.0
cosmx_bcc_xdonor_spot_0000017968,-172524.265976964,-36412.20262646331,1.0,0.0,0.0
cosmx_bcc_xdonor_spot_0000017969,-172515.465976964,-36058.002626463305,1.0,0.0,0.0
cosmx_bcc_xdonor_spot_0000017970,-172507.3993102973,-35691.51373757442,1.0,0.0,0.0
cosmx_bcc_xdonor_spot_0000017971,-172539.51042140846,-35435.95818201886,1.0,0.0,0.0
cosmx_bcc_xdonor_spot_0000017972,-172560.81761152454,-34949.50389471039,1.0,0.0,0.0
cosmx_bcc_xdonor_spot_0000017973,-172550.944246085,-34688.4384962908,0.875,0.125,0.0
cosmx_bcc_xdonor_spot_0000017974,-172506.4025794183,-34306.23849629081,0.2,0.4,0.0
cosmx_bcc_xdonor_spot_0000017975,-172502.869246085,-34013.93849629081,0.4,0.0,0.0
cosmx_bcc_xdonor_spot_0000017976,-172413.75674608495,-33562.50099629081,0.75,0.25,0.0
cosmx_bcc_xdonor_spot_0000017977,-172458.37693839267,-33237.66926552158,0.6923076923076923,0.3076923076923077,0.0
cosmx_bcc_xdonor_spot_0000017978,-172544.23591275164,-32823.521829624144,0.9166666666666666,0.0,0.0833333333333333
cosmx_bcc_xdonor_spot_0000017979,-172493.2359127516,-32503.771829624144,1.0,0.0,0.0
cosmx_bcc_xdonor_spot_0000017980,-172483.82786677466,-32190.335048014953,0.9655172413793104,0.0,0.0
cosmx_bcc_xdonor_spot_0000017981,-172451.68829370398,-31842.200401052716,0.9047619047619048,0.0,0.0
cosmx_bcc_xdonor_spot_0000018153,-172493.08984848802,29148.8994254062,0.6,0.2,0.0
cosmx_bcc_xdonor_spot_0000018154,-172473.4184199166,29412.78513969192,0.8571428571428571,0.0,0.0
cosmx_bcc_xdonor_spot_0000018155,-172475.389848488,29770.549425406207,0.9,0.1,0.0
cosmx_bcc_xdonor_spot_0000018156,-172438.239848488,30075.166092072872,0.3333333333333333,0.5,0.0833333333333333
cosmx_bcc_xdonor_spot_0000018157,-172435.114848488,30454.124425406208,0.3125,0.6875,0.0
cosmx_bcc_xdonor_spot_0000018158,-172474.60095959913,30795.054980961766,0.925925925925926,0.037037037037037,0.0
cosmx_bcc_xdonor_spot_0000018159,-172473.9660389642,31180.547044453826,1.0,0.0,0.0
cosmx_bcc_xdonor_spot_0000018160,-172437.8427896645,31534.264131288557,0.8823529411764706,0.0588235294117647,0.0
cosmx_bcc_xdonor_spot_0000018161,-172465.3133778998,31877.73471952385,1.0,0.0,0.0
cosmx_bcc_xdonor_spot_0000018162,-172447.75907925723,32228.537886944672,1.0,0.0,0.0
cosmx_bcc_xdonor_spot_0000018163,-172447.44818182135,32596.499425406208,0.9166666666666666,0.0,0.0
cosmx_bcc_xdonor_spot_0000018164,-172477.77556277372,32853.4994254062,1.0,0.0,0.0
cosmx_bcc_xdonor_spot_0000018202,-172502.77840560063,46464.216663723346,0.1111111111111111,0.1111111111111111,0.1111111111111111
cosmx_bcc_xdonor_spot_0000018203,-172498.4450722673,46719.85555261223,0.0,0.3333333333333333,0.0833333333333333
cosmx_bcc_xdonor_spot_0000018204,-172461.23673893398,47119.7722192789,0.0,0.125,0.375
cosmx_bcc_xdonor_spot_0000018205,-172415.424238934,47490.397219278886,0.6875,0.0625,0.25
cosmx_bcc_xdonor_spot_0000018206,-172446.3929889341,47811.27221927887,1.0,0.0,0.0
cosmx_bcc_xdonor_spot_0000018207,-172520.91173893408,48157.45221927888,0.88,0.12,0.0
cosmx_bcc_xdonor_spot_0000018208,-172461.41173893405,48494.472219278876,0.75,0.25,0.0
cosmx_bcc_xdonor_spot_0000018209,-172509.11173893404,48888.915076421734,0.6190476190476191,0.2857142857142857,0.0952380952380952
cosmx_bcc_xdonor_spot_0000018210,-172461.77840560072,49204.18888594554,0.7083333333333334,0.1666666666666666,0.0833333333333333
cosmx_bcc_xdonor_spot_0000018211,-172482.4242389341,49605.77221927887,0.96875,0.0,0.03125
cosmx_bcc_xdonor_spot_0000018212,-172468.70264802498,49899.681310187974,0.5454545454545454,0.4090909090909091,0.0454545454545454
cosmx_bcc_xdonor_spot_0000018213,-172471.69068630246,50335.71958769993,0.9473684210526316,0.0526315789473684,0.0
cosmx_bcc_xdonor_spot_0000018214,-172476.02840560063,50544.35555261223,0.75,0.1666666666666666,0.0
cosmx_bcc_xdonor_spot_0000018218,-172484.26010257794,52097.89625337138,1.0,0.0,0.0
cosmx_bcc_xdonor_spot_0000018219,-172493.76122870445,52386.307289407385,1.0,0.0,0.0
cosmx_bcc_xdonor_spot_0000018220,-172472.30176924492,52764.63090249416,1.0,0.0,0.0
cosmx_bcc_xdonor_spot_0000018221,-172469.20176924486,53112.03792003803,1.0,0.0,0.0
cosmx_bcc_xdonor_spot_0000018222,-172485.30176924486,53462.33431643441,0.918918918918919,0.027027027027027,0.0
cosmx_bcc_xdonor_spot_0000018223,-172462.9427948857,53806.16868926879,0.9743589743589745,0.0,0.0
cosmx_bcc_xdonor_spot_0000018224,-172479.99621368918,54171.93792003802,1.0,0.0,0.0
cosmx_bcc_xdonor_spot_0000018225,-172473.45561539888,54535.014843114936,0.9743589743589745,0.0,0.0
cosmx_bcc_xdonor_spot_0000018226,-172474.08964803276,54905.39246549257,1.0,0.0,0.0
cosmx_bcc_xdonor_spot_0000018227,-172477.1082208578,55244.76587702727,1.0,0.0,0.0
cosmx_bcc_xdonor_spot_0000018228,-172464.5649271397,55586.55195512574,1.0,0.0,0.0
cosmx_bcc_xdonor_spot_0000018229,-172489.72112408362,55960.08845767243,1.0,0.0,0.0
cosmx_bcc_xdonor_spot_0000018230,-172465.58375854496,56301.94494883116,1.0,0.0,0.0
cosmx_bcc_xdonor_spot_0000018231,-172499.81508798737,56662.527050210505,1.0,0.0,0.0
cosmx_bcc_xdonor_spot_0000018232,-172485.06508798734,56946.01316132164,0.4444444444444444,0.4444444444444444,0.0
cosmx_bcc_xdonor_spot_0000018233,-172528.93175465398,57317.768716877195,0.2,0.6,0.0
cosmx_bcc_xdonor_spot_0000018234,-172496.231754654,57820.5687168772,0.1666666666666666,0.5,0.0
cosmx_bcc_xdonor_spot_0000018248,-172160.1130367045,-43146.25564552469,1.0,0.0,0.0
cosmx_bcc_xdonor_spot_0000018249,-172139.6685922601,-42818.32130209036,1.0,0.0,0.0
cosmx_bcc_xdonor_spot_0000018250,-172120.89586498737,-42442.50312027217,1.0,0.0,0.0
cosmx_bcc_xdonor_spot_0000018251,-172105.2892819153,-42097.43572215304,1.0,0.0,0.0
cosmx_bcc_xdonor_spot_0000018252,-172159.81144940297,-41728.33104235009,1.0,0.0,0.0
cosmx_bcc_xdonor_spot_0000018253,-172158.91859226004,-41434.8042566358,0.9375,0.0625,0.0
cosmx_bcc_xdonor_spot_0000018254,-172035.33525892664,-40937.200089969134,1.0,0.0,0.0
cosmx_bcc_xdonor_spot_0000018255,-172058.79359226004,-40687.3042566358,1.0,0.0,0.0
cosmx_bcc_xdonor_spot_0000018273,-172099.38742790313,-34263.30213265445,0.9545454545454546,0.0,0.0
cosmx_bcc_xdonor_spot_0000018274,-172074.5237915395,-34010.983950836264,0.8181818181818182,0.0909090909090909,0.0
cosmx_bcc_xdonor_spot_0000018275,-172163.66924608493,-33625.58849629081,0.95,0.0,0.0
cosmx_bcc_xdonor_spot_0000018276,-172146.9740079897,-33239.34325819557,1.0,0.0,0.0
cosmx_bcc_xdonor_spot_0000018277,-172078.069246085,-32957.27182962413,0.8333333333333334,0.0,0.0
cosmx_bcc_xdonor_spot_0000018278,-172063.569246085,-32494.605162957465,0.0,0.3333333333333333,0.0
cosmx_bcc_xdonor_spot_0000018279,-172158.569246085,-32133.688496290797,0.5,0.0,0.0
cosmx_bcc_xdonor_spot_0000018280,-172199.469246085,-31887.2384962908,1.0,0.0,0.0
cosmx_bcc_xdonor_spot_0000018452,-172054.889848488,29033.8994254062,1.0,0.0,0.0
cosmx_bcc_xdonor_spot_0000018453,-172117.489848488,29431.249425406208,0.95,0.0,0.0
cosmx_bcc_xdonor_spot_0000018454,-172141.94146139122,29753.241360890082,0.967741935483871,0.0,0.0
cosmx_bcc_xdonor_spot_0000018455,-172140.69818182135,30119.166092072875,1.0,0.0,0.0
cosmx_bcc_xdonor_spot_0000018456,-172088.04540404357,30417.94386985065,0.7777777777777778,0.0555555555555555,0.0
cosmx_bcc_xdonor_spot_0000018457,-172141.9604367233,30814.205307759148,0.8823529411764706,0.0588235294117647,0.0
cosmx_bcc_xdonor_spot_0000018458,-172118.489848488,31124.087660700323,0.8235294117647058,0.1176470588235294,0.0
cosmx_bcc_xdonor_spot_0000018459,-172109.78396613506,31557.499425406204,0.9411764705882352,0.0,0.0
cosmx_bcc_xdonor_spot_0000018460,-172115.18984848802,31906.249425406208,0.95,0.0,0.0
cosmx_bcc_xdonor_spot_0000018461,-172072.53746753564,32187.070853977635,1.0,0.0,0.0
cosmx_bcc_xdonor_spot_0000018501,-172137.46888179114,46453.486504993176,0.0,0.0,0.0
cosmx_bcc_xdonor_spot_0000018502,-172112.54031036256,46808.34364785033,0.0,0.4285714285714285,0.0
cosmx_bcc_xdonor_spot_0000018503,-172106.96888179114,47082.41507642175,0.0714285714285714,0.0,0.0714285714285714
cosmx_bcc_xdonor_spot_0000018504,-172122.06173893405,47477.32221927888,0.5,0.15,0.1
cosmx_bcc_xdonor_spot_0000018505,-172134.07948086958,47787.48189669823,0.967741935483871,0.032258064516129,0.0
cosmx_bcc_xdonor_spot_0000018506,-172109.05618337847,48193.216663723324,1.0,0.0,0.0
cosmx_bcc_xdonor_spot_0000018507,-172101.8859324825,48517.48189669823,0.967741935483871,0.0,0.032258064516129
cosmx_bcc_xdonor_spot_0000018508,-172116.51173893403,48867.37221927888,0.4,0.25,0.2
cosmx_bcc_xdonor_spot_0000018509,-172129.4450722674,49220.2907377974,0.7407407407407407,0.2592592592592592,0.0
cosmx_bcc_xdonor_spot_0000018510,-172124.59658741896,49607.19646170311,1.0,0.0,0.0
cosmx_bcc_xdonor_spot_0000018511,-172141.06173893405,49858.77221927888,0.8,0.2,0.0
cosmx_bcc_xdonor_spot_0000018512,-172145.44507226732,50314.37221927889,0.6666666666666666,0.3333333333333333,0.0
cosmx_bcc_xdonor_spot_0000018513,-172090.77840560066,50558.938885945565,0.6666666666666666,0.3333333333333333,0.0
cosmx_bcc_xdonor_spot_0000018517,-172126.4089121017,52085.78315813327,1.0,0.0,0.0
cosmx_bcc_xdonor_spot_0000018518,-172117.87752682058,52394.24095034105,0.9393939393939394,0.0,0.0303030303030303
cosmx_bcc_xdonor_spot_0000018519,-172132.36426924475,52747.47958670469,1.0,0.0,0.0
cosmx_bcc_xdonor_spot_0000018520,-172134.20499505117,53087.73361896276,1.0,0.0,0.0
cosmx_bcc_xdonor_spot_0000018521,-172107.35732480025,53489.465697815795,0.9444444444444444,0.0,0.0277777777777777
cosmx_bcc_xdonor_spot_0000018522,-172145.64387450813,53834.920376178365,0.9736842105263158,0.0,0.0263157894736842
cosmx_bcc_xdonor_spot_0000018523,-172145.80176924475,54201.13792003803,1.0,0.0,0.0
cosmx_bcc_xdonor_spot_0000018524,-172086.30176924486,54530.06887241899,0.9642857142857144,0.0,0.0
cosmx_bcc_xdonor_spot_0000018525,-172125.77235748013,54895.28105729292,1.0,0.0,0.0
cosmx_bcc_xdonor_spot_0000018526,-172123.01605495912,55243.518872418965,1.0,0.0,0.0
cosmx_bcc_xdonor_spot_0000018527,-172110.65471042134,55595.92811611645,1.0,0.0,0.0
cosmx_bcc_xdonor_spot_0000018528,-172117.1798180254,55948.385074509555,1.0,0.0,0.0
cosmx_bcc_xdonor_spot_0000018529,-172140.39060585856,56289.08113335592,0.8846153846153846,0.1153846153846153,0.0
cosmx_bcc_xdonor_spot_0000018530,-172219.01746893974,56647.99728830576,0.7857142857142857,0.1428571428571428,0.0
cosmx_bcc_xdonor_spot_0000018531,-172082.93175465398,56949.9687168772,0.4,0.6,0.0
cosmx_bcc_xdonor_spot_0000018532,-172030.8984213207,57382.5687168772,0.9166666666666666,0.0,0.0
cosmx_bcc_xdonor_spot_0000018533,-172090.5095324318,57715.73538354385,1.0,0.0,0.0
cosmx_bcc_xdonor_spot_0000018534,-172125.24899603336,58078.016992739234,1.0,0.0,0.0
cosmx_bcc_xdonor_spot_0000018535,-172158.98175465403,58377.018716877166,1.0,0.0,0.0
cosmx_bcc_xdonor_spot_0000018536,-172202.5095324318,58748.29093909939,1.0,0.0,0.0
cosmx_bcc_xdonor_spot_0000018549,-171739.95430654584,-42422.902470921515,1.0,0.0,0.0
cosmx_bcc_xdonor_spot_0000018550,-171788.3504104419,-42070.82130209036,1.0,0.0,0.0
cosmx_bcc_xdonor_spot_0000018551,-171842.86859226003,-41796.9667566358,1.0,0.0,0.0
cosmx_bcc_xdonor_spot_0000018553,-171805.98109226004,-40977.8667566358,0.9375,0.0,0.0
cosmx_bcc_xdonor_spot_0000018554,-171808.98438173375,-40682.05096716212,1.0,0.0,0.0
cosmx_bcc_xdonor_spot_0000018555,-171775.36859226,-40396.066756635795,1.0,0.0,0.0
cosmx_bcc_xdonor_spot_0000018570,-171762.269246085,-34870.138496290805,1.0,0.0,0.0
cosmx_bcc_xdonor_spot_0000018571,-171725.06924608498,-34689.36442221674,0.9629629629629628,0.037037037037037,0.0
cosmx_bcc_xdonor_spot_0000018572,-171800.29146830717,-34340.3273851797,0.9444444444444444,0.0555555555555555,0.0
cosmx_bcc_xdonor_spot_0000018573,-171765.75345661127,-33977.80691734344,0.8947368421052632,0.1052631578947368,0.0
cosmx_bcc_xdonor_spot_0000018574,-171814.79651881225,-33542.80213265444,0.7272727272727273,0.2727272727272727,0.0
cosmx_bcc_xdonor_spot_0000018575,-171779.37693839267,-33244.284650136964,0.8461538461538461,0.1538461538461538,0.0
cosmx_bcc_xdonor_spot_0000018576,-171723.26924608502,-32838.4384962908,0.4,0.4,0.0
cosmx_bcc_xdonor_spot_0000018577,-171752.92638894217,-32473.438496290797,0.2857142857142857,0.1428571428571428,0.0
cosmx_bcc_xdonor_spot_0000018751,-171877.364848488,29113.874425406197,1.0,0.0,0.0
cosmx_bcc_xdonor_spot_0000018752,-171791.07808378214,29416.675895994445,0.9705882352941176,0.0,0.0
cosmx_bcc_xdonor_spot_0000018753,-171753.96984848802,29753.69942540621,0.92,0.0,0.0
cosmx_bcc_xdonor_spot_0000018754,-171784.65651515467,30101.916092072875,0.9583333333333334,0.0,0.0
cosmx_bcc_xdonor_spot_0000018755,-171789.13270563088,30489.78513969192,0.3571428571428571,0.5,0.0
cosmx_bcc_xdonor_spot_0000018756,-171822.364848488,30827.374425406208,0.8125,0.1875,0.0
cosmx_bcc_xdonor_spot_0000018757,-171741.43721690905,31200.499425406208,0.7368421052631579,0.2631578947368421,0.0
cosmx_bcc_xdonor_spot_0000018758,-171760.052348488,31524.21817540621,1.0,0.0,0.0
cosmx_bcc_xdonor_spot_0000018759,-171814.71207071023,31906.721647628427,0.8333333333333334,0.1111111111111111,0.0
cosmx_bcc_xdonor_spot_0000018760,-171810.302348488,32216.811925406208,0.875,0.125,0.0
cosmx_bcc_xdonor_spot_0000018762,-171796.289848488,32921.699425406194,0.6,0.4,0.0
cosmx_bcc_xdonor_spot_0000018800,-171794.77840560063,46455.60555261223,0.1666666666666666,0.0,0.0
cosmx_bcc_xdonor_spot_0000018802,-171791.25459607685,47089.91507642175,0.0,0.2142857142857142,0.1428571428571428
cosmx_bcc_xdonor_spot_0000018804,-171705.3207063908,47847.67140199862,0.9,0.1,0.0
cosmx_bcc_xdonor_spot_0000018805,-171757.09084818547,48145.94263204755,1.0,0.0,0.0
cosmx_bcc_xdonor_spot_0000018806,-171771.82184126665,48494.44830526463,0.9117647058823528,0.0294117647058823,0.0588235294117647
cosmx_bcc_xdonor_spot_0000018807,-171794.50262059108,48846.660926549936,0.1666666666666666,0.3888888888888889,0.1111111111111111
cosmx_bcc_xdonor_spot_0000018808,-171755.0514807982,49211.39701495882,0.125,0.4375,0.1875
cosmx_bcc_xdonor_spot_0000018809,-171781.66928725774,49597.883148772155,0.5555555555555556,0.4444444444444444,0.0
cosmx_bcc_xdonor_spot_0000018810,-171806.3974532197,49877.34364785032,0.4285714285714285,0.5,0.0
cosmx_bcc_xdonor_spot_0000018811,-171736.99122266236,50327.39681063876,0.5,0.375,0.0
cosmx_bcc_xdonor_spot_0000018812,-171767.69806141956,50561.521946852146,1.0,0.0,0.0
cosmx_bcc_xdonor_spot_0000018814,-171600.31427542766,51332.43561682446,1.0,0.0,0.0
cosmx_bcc_xdonor_spot_0000018816,-171769.7155623483,52089.12182808401,1.0,0.0,0.0
cosmx_bcc_xdonor_spot_0000018817,-171764.301769245,52407.28200605953,1.0,0.0,0.0
cosmx_bcc_xdonor_spot_0000018818,-171776.01144666417,52772.73361896276,1.0,0.0,0.0
cosmx_bcc_xdonor_spot_0000018819,-171768.04462638777,53118.604586704685,0.9714285714285714,0.0,0.0285714285714285
cosmx_bcc_xdonor_spot_0000018820,-171741.13510257815,53465.79903114913,0.9444444444444444,0.0,0.0277777777777777
cosmx_bcc_xdonor_spot_0000018821,-171787.08225704983,53803.336294021756,1.0,0.0,0.0
cosmx_bcc_xdonor_spot_0000018822,-171774.9892692447,54165.94833670469,0.96875,0.0,0.0
cosmx_bcc_xdonor_spot_0000018823,-171762.53034067334,54504.14744384754,0.9142857142857144,0.0,0.0
cosmx_bcc_xdonor_spot_0000018824,-171760.86587180896,54881.78407388417,1.0,0.0,0.0
cosmx_bcc_xdonor_spot_0000018825,-171779.78325072632,55261.60458670469,1.0,0.0,0.0
cosmx_bcc_xdonor_spot_0000018826,-171773.1017692449,55574.65458670468,0.85,0.075,0.0
cosmx_bcc_xdonor_spot_0000018827,-171770.02904197198,55906.33185943198,0.3636363636363636,0.3636363636363636,0.0
cosmx_bcc_xdonor_spot_0000018828,-171765.239534053,56345.239369080235,0.0555555555555555,0.2222222222222222,0.0555555555555555
cosmx_bcc_xdonor_spot_0000018829,-171700.92223084453,56661.71157402003,0.9047619047619048,0.0,0.0
cosmx_bcc_xdonor_spot_0000018830,-171708.25556417785,57038.75919306765,1.0,0.0,0.0
cosmx_bcc_xdonor_spot_0000018831,-171751.0650879874,57372.56871687716,1.0,0.0,0.0
cosmx_bcc_xdonor_spot_0000018832,-171750.5836065059,57728.531679840125,1.0,0.0,0.0
cosmx_bcc_xdonor_spot_0000018833,-171744.70145162375,58077.53841384686,1.0,0.0,0.0
cosmx_bcc_xdonor_spot_0000018834,-171779.2534937845,58394.56871687716,0.9565217391304348,0.0,0.0
cosmx_bcc_xdonor_spot_0000018848,-171516.66859226,-42471.70008996913,1.0,0.0,0.0
cosmx_bcc_xdonor_spot_0000018849,-171516.22414781555,-42025.14453441357,1.0,0.0,0.0
cosmx_bcc_xdonor_spot_0000018853,-171465.86859226,-40598.1667566358,0.2,0.4,0.0
cosmx_bcc_xdonor_spot_0000018854,-171454.91859226,-40378.8667566358,0.125,0.125,0.0
cosmx_bcc_xdonor_spot_0000018870,-171435.96398292706,-34647.22796997502,1.0,0.0,0.0
cosmx_bcc_xdonor_spot_0000018871,-171405.19968086755,-34291.742844116896,1.0,0.0,0.0
cosmx_bcc_xdonor_spot_0000018872,-171417.69887571462,-33952.40145925378,1.0,0.0,0.0
cosmx_bcc_xdonor_spot_0000018873,-171509.869246085,-33471.6384962908,0.6,0.4,0.0
cosmx_bcc_xdonor_spot_0000018875,-171463.569246085,-32920.27182962413,0.8333333333333334,0.0,0.0
cosmx_bcc_xdonor_spot_0000018876,-171399.469246085,-32497.4384962908,0.4,0.2,0.2
cosmx_bcc_xdonor_spot_0000019050,-171332.64369464185,29084.884040790817,0.8461538461538461,0.1538461538461538,0.0
cosmx_bcc_xdonor_spot_0000019051,-171401.06127705943,29439.78513969191,0.4285714285714285,0.4285714285714285,0.0
cosmx_bcc_xdonor_spot_0000019052,-171487.85826954065,29779.446793827257,0.8947368421052632,0.0526315789473684,0.0
cosmx_bcc_xdonor_spot_0000019053,-171421.34170033986,30130.832758739543,0.9629629629629628,0.037037037037037,0.0
cosmx_bcc_xdonor_spot_0000019054,-171435.864848488,30364.749425406197,0.5,0.25,0.0
cosmx_bcc_xdonor_spot_0000019055,-171413.68984848802,30824.499425406208,0.5333333333333333,0.3333333333333333,0.0
cosmx_bcc_xdonor_spot_0000019056,-171423.13270563088,31191.427996834776,0.7142857142857143,0.2142857142857142,0.0
cosmx_bcc_xdonor_spot_0000019057,-171481.33600233417,31477.422502329282,0.8461538461538461,0.1538461538461538,0.0
cosmx_bcc_xdonor_spot_0000019060,-171378.65651515467,32649.9994254062,0.3333333333333333,0.1666666666666666,0.0
cosmx_bcc_xdonor_spot_0000019103,-171433.06866139255,47835.479476473585,1.0,0.0,0.0
cosmx_bcc_xdonor_spot_0000019104,-171437.50054993745,48135.44542074604,0.8823529411764706,0.0588235294117647,0.0
cosmx_bcc_xdonor_spot_0000019105,-171408.79978267412,48509.29068928823,0.6086956521739131,0.3043478260869565,0.0
cosmx_bcc_xdonor_spot_0000019106,-171387.08878523164,48890.298361922505,0.3529411764705882,0.0588235294117647,0.0588235294117647
cosmx_bcc_xdonor_spot_0000019107,-171430.10760876109,49234.8489501578,0.84,0.08,0.04
cosmx_bcc_xdonor_spot_0000019108,-171435.45530106875,49557.42279631164,0.6923076923076923,0.3076923076923077,0.0
cosmx_bcc_xdonor_spot_0000019109,-171402.2031643166,49896.38006126891,0.1666666666666666,0.5555555555555556,0.0
cosmx_bcc_xdonor_spot_0000019110,-171440.20643229046,50309.00424427545,0.5882352941176471,0.1764705882352941,0.0
cosmx_bcc_xdonor_spot_0000019111,-171434.2957569092,50580.102283491135,0.925925925925926,0.0,0.0
cosmx_bcc_xdonor_spot_0000019112,-171410.0566996701,51007.526525915375,1.0,0.0,0.0
cosmx_bcc_xdonor_spot_0000019113,-171407.40401901738,51355.05100143985,0.9487179487179488,0.0,0.0256410256410256
cosmx_bcc_xdonor_spot_0000019114,-171422.79466758453,51725.44542074604,1.0,0.0,0.0
cosmx_bcc_xdonor_spot_0000019115,-171431.3494712471,52068.592774767196,1.0,0.0,0.0
cosmx_bcc_xdonor_spot_0000019116,-171413.7211240834,52408.023941543404,1.0,0.0,0.0
cosmx_bcc_xdonor_spot_0000019117,-171390.85990877985,52763.76737740235,0.9767441860465116,0.0,0.0
cosmx_bcc_xdonor_spot_0000019118,-171409.1222820654,53108.75843285853,1.0,0.0,0.0
cosmx_bcc_xdonor_spot_0000019119,-171426.38071661338,53456.420376178365,1.0,0.0,0.0
cosmx_bcc_xdonor_spot_0000019120,-171407.76843591136,53814.93792003803,1.0,0.0,0.0
cosmx_bcc_xdonor_spot_0000019121,-171400.30176924486,54179.152973801465,0.967741935483871,0.0,0.0
cosmx_bcc_xdonor_spot_0000019122,-171429.26728648625,54529.36320739435,1.0,0.0,0.0
cosmx_bcc_xdonor_spot_0000019123,-171404.53706336248,54890.45752788116,1.0,0.0,0.0
cosmx_bcc_xdonor_spot_0000019124,-171440.82557876845,55227.080777180905,0.8095238095238095,0.1428571428571428,0.0476190476190476
cosmx_bcc_xdonor_spot_0000019125,-171423.93334819213,55576.709849862615,0.7894736842105263,0.1578947368421052,0.0
cosmx_bcc_xdonor_spot_0000019126,-171391.61755871854,55938.65721828367,0.8421052631578947,0.0526315789473684,0.0
cosmx_bcc_xdonor_spot_0000019127,-171395.3852201208,56319.078374138415,1.0,0.0,0.0
cosmx_bcc_xdonor_spot_0000019128,-171414.69727189542,56673.016992739234,1.0,0.0,0.0
cosmx_bcc_xdonor_spot_0000019129,-171412.75675465405,57018.16871687716,0.975,0.0,0.0
cosmx_bcc_xdonor_spot_0000019130,-171398.650673573,57353.298446606896,0.972972972972973,0.0,0.0
cosmx_bcc_xdonor_spot_0000019131,-171414.5953910177,57716.36417142262,1.0,0.0,0.0
cosmx_bcc_xdonor_spot_0000019132,-171390.84286576518,58038.92982798827,1.0,0.0,0.0
cosmx_bcc_xdonor_spot_0000019133,-171340.86968568855,58444.36182032543,1.0,0.0,0.0
cosmx_bcc_xdonor_spot_0000019134,-171317.3471392694,58823.41487072333,1.0,0.0,0.0
cosmx_bcc_xdonor_spot_0000019135,-171300.5650879873,59009.902050210534,1.0,0.0,0.0
cosmx_bcc_xdonor_spot_0000019161,-170984.92864532373,-37489.27713764389,0.9411764705882352,0.0,0.0588235294117647
cosmx_bcc_xdonor_spot_0000019162,-170998.35511591198,-37156.139882741925,1.0,0.0,0.0
cosmx_bcc_xdonor_spot_0000019163,-171030.70511591202,-36855.8065494086,1.0,0.0,0.0
cosmx_bcc_xdonor_spot_0000019165,-170956.67654448346,-36019.23512083716,1.0,0.0,0.0
cosmx_bcc_xdonor_spot_0000019166,-170990.10511591198,-35733.9940494086,1.0,0.0,0.0
cosmx_bcc_xdonor_spot_0000019167,-170975.2815865002,-35351.983019996835,1.0,0.0,0.0
cosmx_bcc_xdonor_spot_0000019168,-171010.09913760747,-34973.66187388896,0.8333333333333334,0.1666666666666666,0.0
cosmx_bcc_xdonor_spot_0000019169,-171031.09315930298,-34693.083865035995,1.0,0.0,0.0
cosmx_bcc_xdonor_spot_0000019170,-171086.17972053608,-34308.54834344596,1.0,0.0,0.0
cosmx_bcc_xdonor_spot_0000019171,-171034.4288839581,-33983.77506857718,1.0,0.0,0.0
cosmx_bcc_xdonor_spot_0000019174,-171174.73591275167,-32873.605162957465,1.0,0.0,0.0
cosmx_bcc_xdonor_spot_0000019349,-171055.23270563086,29083.356568263356,1.0,0.0,0.0
cosmx_bcc_xdonor_spot_0000019350,-171057.56127705943,29366.74942540621,0.6071428571428571,0.25,0.0
cosmx_bcc_xdonor_spot_0000019351,-170988.3989393971,29762.4085163153,0.6818181818181818,0.0909090909090909,0.0
cosmx_bcc_xdonor_spot_0000019352,-171060.72794372612,30111.689901596685,1.0,0.0,0.0
cosmx_bcc_xdonor_spot_0000019353,-171077.71207071023,30482.61053651731,0.3333333333333333,0.4444444444444444,0.0
cosmx_bcc_xdonor_spot_0000019354,-171000.70723979236,30831.108121058383,0.8695652173913043,0.0869565217391304,0.0
cosmx_bcc_xdonor_spot_0000019355,-171047.9184199166,31143.35656826334,0.5714285714285714,0.2857142857142857,0.0
cosmx_bcc_xdonor_spot_0000019357,-170971.34699134514,31873.78513969191,0.4285714285714285,0.4285714285714285,0.0
cosmx_bcc_xdonor_spot_0000019402,-171010.60215421562,47822.40531379416,0.9090909090909092,0.0909090909090909,0.0
cosmx_bcc_xdonor_spot_0000019403,-171038.35972997313,48181.67804106689,0.9090909090909092,0.0,0.0
cosmx_bcc_xdonor_spot_0000019404,-171062.89760876098,48518.93561682446,0.9166666666666666,0.0555555555555555,0.0
cosmx_bcc_xdonor_spot_0000019405,-171072.397608761,48854.3627001578,0.96875,0.03125,0.0
cosmx_bcc_xdonor_spot_0000019406,-171069.32618018962,49231.2689501578,1.0,0.0,0.0
cosmx_bcc_xdonor_spot_0000019407,-171062.0142754277,49591.968950157796,0.9,0.1,0.0
cosmx_bcc_xdonor_spot_0000019408,-171046.10594209444,49935.06061682446,0.75,0.2083333333333333,0.0
cosmx_bcc_xdonor_spot_0000019409,-171059.93021745674,50302.07329798389,0.6521739130434783,0.3043478260869565,0.0434782608695652
cosmx_bcc_xdonor_spot_0000019410,-171101.147608761,50654.19752158637,0.0,0.8571428571428571,0.0
cosmx_bcc_xdonor_spot_0000019411,-171075.87174669208,51022.562053606074,0.9310344827586208,0.0344827586206896,0.0
cosmx_bcc_xdonor_spot_0000019412,-171035.40567327716,51348.25282112554,0.967741935483871,0.0,0.0
cosmx_bcc_xdonor_spot_0000019413,-171039.51124512462,51711.40531379416,1.0,0.0,0.0
cosmx_bcc_xdonor_spot_0000019414,-171065.49271816036,52066.65607257916,1.0,0.0,0.0
cosmx_bcc_xdonor_spot_0000019415,-171045.30176924475,52407.811483256424,1.0,0.0,0.0
cosmx_bcc_xdonor_spot_0000019416,-171061.27545345537,52765.65721828363,1.0,0.0,0.0
cosmx_bcc_xdonor_spot_0000019417,-171055.07954702256,53120.91014226024,1.0,0.0,0.0
cosmx_bcc_xdonor_spot_0000019418,-171050.96843591167,53480.630227730326,1.0,0.0,0.0
cosmx_bcc_xdonor_spot_0000019419,-171062.33118100962,53805.01635141057,0.9705882352941176,0.0,0.0
cosmx_bcc_xdonor_spot_0000019420,-171061.36237530556,54153.21064731075,0.9393939393939394,0.0606060606060606,0.0
cosmx_bcc_xdonor_spot_0000019421,-171061.37073476196,54530.328724635736,0.9310344827586208,0.0344827586206896,0.0
cosmx_bcc_xdonor_spot_0000019422,-171097.74176924463,54869.84458670471,0.84,0.12,0.0
cosmx_bcc_xdonor_spot_0000019423,-171027.2017692449,55237.95458670471,0.9,0.0,0.0
cosmx_bcc_xdonor_spot_0000019424,-171036.81692076003,55582.11973821984,1.0,0.0,0.0
cosmx_bcc_xdonor_spot_0000019425,-171062.9194163037,55955.95752788115,1.0,0.0,0.0
cosmx_bcc_xdonor_spot_0000019426,-171045.40550830177,56300.671434334035,1.0,0.0,0.0
cosmx_bcc_xdonor_spot_0000019427,-171068.70397687628,56640.485383543826,0.9722222222222222,0.0,0.0
cosmx_bcc_xdonor_spot_0000019428,-171068.5779085002,57013.95333226178,0.9743589743589745,0.0,0.0
cosmx_bcc_xdonor_spot_0000019429,-171043.08175465406,57354.96871687716,1.0,0.0,0.0
cosmx_bcc_xdonor_spot_0000019430,-171055.95675465406,57702.868716877165,0.95,0.0,0.0
cosmx_bcc_xdonor_spot_0000019431,-171051.6275879874,58087.25621687716,0.9583333333333334,0.0,0.0
cosmx_bcc_xdonor_spot_0000019432,-171049.62364654595,58429.811960120394,0.972972972972973,0.0,0.0
cosmx_bcc_xdonor_spot_0000019433,-171046.45397687628,58779.09649465493,1.0,0.0,0.0
cosmx_bcc_xdonor_spot_0000019434,-171024.56508798737,59046.79093909939,1.0,0.0,0.0
cosmx_bcc_xdonor_spot_0000019460,-170720.00511591198,-37475.3065494086,1.0,0.0,0.0
cosmx_bcc_xdonor_spot_0000019461,-170761.46875227563,-37212.715640317685,1.0,0.0,0.0
cosmx_bcc_xdonor_spot_0000019462,-170716.355115912,-36749.1815494086,0.0,0.75,0.0
cosmx_bcc_xdonor_spot_0000019463,-170672.7717825787,-36493.639882741925,0.1666666666666666,0.6666666666666666,0.1666666666666666
cosmx_bcc_xdonor_spot_0000019464,-170728.99400480086,-36083.417660519706,1.0,0.0,0.0
cosmx_bcc_xdonor_spot_0000019465,-170723.2085641878,-35710.39275630515,1.0,0.0,0.0
cosmx_bcc_xdonor_spot_0000019466,-170668.29742360426,-35350.46039556244,0.9230769230769232,0.0,0.0
cosmx_bcc_xdonor_spot_0000019467,-170693.04261591198,-34987.2440494086,0.9375,0.0625,0.0
cosmx_bcc_xdonor_spot_0000019468,-170714.74147954833,-34657.85200395405,0.9545454545454546,0.0,0.0454545454545454
cosmx_bcc_xdonor_spot_0000019469,-170685.4128082197,-34355.72962633167,1.0,0.0,0.0
cosmx_bcc_xdonor_spot_0000019470,-170751.04629238255,-33910.92419646742,1.0,0.0,0.0
cosmx_bcc_xdonor_spot_0000019471,-170753.605115912,-33644.639882741925,1.0,0.0,0.0
cosmx_bcc_xdonor_spot_0000019645,-170657.775718316,28033.965848351494,1.0,0.0,0.0
cosmx_bcc_xdonor_spot_0000019646,-170637.19238498266,28312.236681684837,0.3333333333333333,0.5,0.0
cosmx_bcc_xdonor_spot_0000019647,-170685.400718316,28696.903348351505,0.25,0.625,0.0
cosmx_bcc_xdonor_spot_0000019648,-170687.18999366078,29074.07642015514,0.7333333333333333,0.2666666666666666,0.0
cosmx_bcc_xdonor_spot_0000019649,-170690.02272916364,29432.119688106057,0.6666666666666666,0.25,0.0
cosmx_bcc_xdonor_spot_0000019650,-170688.7024462781,29771.051764535194,1.0,0.0,0.0
cosmx_bcc_xdonor_spot_0000019651,-170697.5201998809,30042.84120635991,0.7692307692307693,0.2307692307692307,0.0
cosmx_bcc_xdonor_spot_0000019652,-170658.625718316,30466.203348351504,0.5,0.2,0.1
cosmx_bcc_xdonor_spot_0000019653,-170700.94669984689,30813.44238565949,1.0,0.0,0.0
cosmx_bcc_xdonor_spot_0000019701,-170708.49046590383,47807.08323587209,1.0,0.0,0.0
cosmx_bcc_xdonor_spot_0000019702,-170697.04416048518,48174.11377774401,0.9310344827586208,0.0344827586206896,0.0
cosmx_bcc_xdonor_spot_0000019703,-170697.33510876104,48518.7689501578,0.5,0.3125,0.0
cosmx_bcc_xdonor_spot_0000019704,-170711.5476087611,48875.7689501578,0.88,0.12,0.0
cosmx_bcc_xdonor_spot_0000019705,-170679.0761801896,49241.554664443516,1.0,0.0,0.0
cosmx_bcc_xdonor_spot_0000019706,-170708.38570399917,49572.864188253036,0.7619047619047619,0.238095238095238,0.0
cosmx_bcc_xdonor_spot_0000019707,-170689.64760876106,49933.153565542416,0.6923076923076923,0.3076923076923077,0.0
cosmx_bcc_xdonor_spot_0000019708,-170703.56427542763,50297.38006126891,1.0,0.0,0.0
cosmx_bcc_xdonor_spot_0000019709,-170725.0142754277,50628.7689501578,0.3333333333333333,0.5333333333333333,0.0
cosmx_bcc_xdonor_spot_0000019710,-170738.31427542766,51096.93561682446,1.0,0.0,0.0
cosmx_bcc_xdonor_spot_0000019711,-170712.8142754277,51329.20228349113,1.0,0.0,0.0
cosmx_bcc_xdonor_spot_0000019712,-170696.1779117913,51706.526525915375,1.0,0.0,0.0
cosmx_bcc_xdonor_spot_0000019713,-170696.2434370355,52045.7556830901,0.9696969696969696,0.0,0.0
cosmx_bcc_xdonor_spot_0000019714,-170705.4731978164,52406.77601527612,1.0,0.0,0.0
cosmx_bcc_xdonor_spot_0000019715,-170719.41605495918,52762.00458670469,0.9428571428571428,0.0571428571428571,0.0
cosmx_bcc_xdonor_spot_0000019716,-170748.76605495898,53104.747443847555,0.8571428571428571,0.1428571428571428,0.0
cosmx_bcc_xdonor_spot_0000019717,-170756.23510257815,53455.47125337138,0.6,0.4,0.0
cosmx_bcc_xdonor_spot_0000019718,-170726.84023078333,53849.29689439701,0.5384615384615384,0.2307692307692307,0.0
cosmx_bcc_xdonor_spot_0000019719,-170719.51229556062,54151.078270915255,0.4210526315789473,0.3157894736842105,0.0
cosmx_bcc_xdonor_spot_0000019720,-170651.6094615524,54576.45074055087,0.8461538461538461,0.1538461538461538,0.0
cosmx_bcc_xdonor_spot_0000019721,-170678.57100001394,54895.412279012395,0.9615384615384616,0.0,0.0
cosmx_bcc_xdonor_spot_0000019722,-170688.69462638782,55240.60458670469,1.0,0.0,0.0
cosmx_bcc_xdonor_spot_0000019723,-170728.14047892232,55585.37878025307,0.935483870967742,0.0,0.0
cosmx_bcc_xdonor_spot_0000019724,-170700.80176924492,55920.917086704685,0.96875,0.0,0.0
cosmx_bcc_xdonor_spot_0000019725,-170701.53147185792,56314.518747985516,1.0,0.0,0.0
cosmx_bcc_xdonor_spot_0000019726,-170697.4261990985,56646.37427243272,1.0,0.0,0.0
cosmx_bcc_xdonor_spot_0000019727,-170734.4261990985,56996.596494654936,0.9722222222222222,0.0,0.0
cosmx_bcc_xdonor_spot_0000019728,-170709.79425465406,57389.69371687716,0.9375,0.0,0.0
cosmx_bcc_xdonor_spot_0000019729,-170711.75675465405,57729.518716877166,0.95,0.0,0.0
cosmx_bcc_xdonor_spot_0000019730,-170703.5779085002,58065.49179380024,1.0,0.0,0.0
cosmx_bcc_xdonor_spot_0000019731,-170713.8668897892,58412.109257417695,0.945945945945946,0.0,0.0
cosmx_bcc_xdonor_spot_0000019732,-170712.05675465407,58765.91871687715,1.0,0.0,0.0
cosmx_bcc_xdonor_spot_0000019733,-170707.69008798737,59070.06871687716,1.0,0.0,0.0
cosmx_bcc_xdonor_spot_0000019763,-170400.70511591202,-35924.006549408594,1.0,0.0,0.0
cosmx_bcc_xdonor_spot_0000019764,-170385.6765444834,-35728.75893036098,1.0,0.0,0.0
cosmx_bcc_xdonor_spot_0000019765,-170365.77178257864,-35352.3065494086,1.0,0.0,0.0
cosmx_bcc_xdonor_spot_0000019766,-170416.7717825787,-35017.97321607526,0.8333333333333334,0.0,0.0
cosmx_bcc_xdonor_spot_0000019767,-170373.02178257864,-34711.97321607526,1.0,0.0,0.0
cosmx_bcc_xdonor_spot_0000019768,-170363.83238863925,-34312.17018577223,1.0,0.0,0.0
cosmx_bcc_xdonor_spot_0000019769,-170368.3273381342,-33965.36210496415,0.9444444444444444,0.0,0.0
cosmx_bcc_xdonor_spot_0000019770,-170420.74147954836,-33632.35200395405,1.0,0.0,0.0
cosmx_bcc_xdonor_spot_0000019944,-170366.525718316,28053.331919780063,1.0,0.0,0.0
cosmx_bcc_xdonor_spot_0000019945,-170319.82571831607,28335.03668168482,0.9666666666666668,0.0333333333333333,0.0
cosmx_bcc_xdonor_spot_0000019946,-170319.025718316,28630.903348351505,0.8333333333333334,0.1666666666666666,0.0
cosmx_bcc_xdonor_spot_0000019947,-170321.31738498266,29079.15334835149,1.0,0.0,0.0
cosmx_bcc_xdonor_spot_0000019948,-170352.15729726336,29390.53492729886,0.8421052631578947,0.1052631578947368,0.0
cosmx_bcc_xdonor_spot_0000019949,-170415.59714688742,29704.18906263721,0.6428571428571429,0.3571428571428571,0.0
cosmx_bcc_xdonor_spot_0000019950,-170361.95428974458,30028.61763406579,0.1428571428571428,0.7142857142857143,0.0
cosmx_bcc_xdonor_spot_0000019951,-170346.525718316,30498.986681684833,0.4166666666666667,0.25,0.0
cosmx_bcc_xdonor_spot_0000019952,-170409.525718316,30838.11763406578,0.6428571428571429,0.2142857142857142,0.0
cosmx_bcc_xdonor_spot_0000020000,-170392.74760876107,47814.968950157796,1.0,0.0,0.0
cosmx_bcc_xdonor_spot_0000020001,-170358.7904659039,48160.5189501578,0.9285714285714286,0.0,0.0
cosmx_bcc_xdonor_spot_0000020002,-170357.14760876106,48512.92279631164,1.0,0.0,0.0
cosmx_bcc_xdonor_spot_0000020003,-170349.08094209436,48887.40228349113,1.0,0.0,0.0
cosmx_bcc_xdonor_spot_0000020004,-170350.87837799184,49194.499719388565,0.8846153846153846,0.1153846153846153,0.0
cosmx_bcc_xdonor_spot_0000020005,-170350.83991645338,49561.23048861934,0.8846153846153846,0.1153846153846153,0.0
cosmx_bcc_xdonor_spot_0000020006,-170359.81427542775,49959.93561682446,0.7083333333333334,0.2916666666666667,0.0
cosmx_bcc_xdonor_spot_0000020007,-170353.9960936095,50270.13258652144,0.8181818181818182,0.1818181818181818,0.0
cosmx_bcc_xdonor_spot_0000020008,-170309.74760876107,50625.7689501578,0.45,0.45,0.0
cosmx_bcc_xdonor_spot_0000020009,-170343.18760876107,51022.0489501578,0.96,0.0,0.0
cosmx_bcc_xdonor_spot_0000020010,-170339.64760876104,51340.90228349113,1.0,0.0,0.0
cosmx_bcc_xdonor_spot_0000020011,-170346.82260876097,51704.8189501578,0.975,0.0,0.025
cosmx_bcc_xdonor_spot_0000020012,-170369.61691757615,52085.80953773956,1.0,0.0,0.0
cosmx_bcc_xdonor_spot_0000020013,-170336.6768781239,52403.70458670468,1.0,0.0,0.0
cosmx_bcc_xdonor_spot_0000020014,-170330.0786716153,52728.1045867047,0.9642857142857144,0.0,0.0
cosmx_bcc_xdonor_spot_0000020015,-170357.19234912956,53093.40458670472,0.4666666666666667,0.5333333333333333,0.0
cosmx_bcc_xdonor_spot_0000020016,-170459.70894321022,53420.60458670471,0.0,1.0,0.0
cosmx_bcc_xdonor_spot_0000020017,-170331.75083771758,53865.747443847555,0.5714285714285714,0.4285714285714285,0.0
cosmx_bcc_xdonor_spot_0000020018,-170332.50967457364,54195.33185943199,1.0,0.0,0.0
cosmx_bcc_xdonor_spot_0000020019,-170347.12568246294,54539.83792003803,1.0,0.0,0.0
cosmx_bcc_xdonor_spot_0000020020,-170358.92448680196,54869.03792003803,1.0,0.0,0.0
cosmx_bcc_xdonor_spot_0000020021,-170340.8544566249,55216.27125337135,0.9722222222222222,0.0,0.0
cosmx_bcc_xdonor_spot_0000020022,-170358.55782013532,55588.30458670469,1.0,0.0,0.0
cosmx_bcc_xdonor_spot_0000020023,-170352.63860170776,55955.83315813325,1.0,0.0,0.0
cosmx_bcc_xdonor_spot_0000020024,-170404.20058085784,56262.0840896604,1.0,0.0,0.0
cosmx_bcc_xdonor_spot_0000020025,-170439.91357283585,56640.65962596811,1.0,0.0,0.0
cosmx_bcc_xdonor_spot_0000020026,-170280.06508798737,57031.10205021052,0.9333333333333332,0.0,0.0
cosmx_bcc_xdonor_spot_0000020027,-170355.13175465405,57390.19371687716,1.0,0.0,0.0
cosmx_bcc_xdonor_spot_0000020028,-170346.1888975112,57719.940145448585,1.0,0.0,0.0
cosmx_bcc_xdonor_spot_0000020029,-170344.42740682798,58065.48176035542,1.0,0.0,0.0
cosmx_bcc_xdonor_spot_0000020030,-170350.36333360142,58407.59503266663,0.9736842105263158,0.0,0.0
cosmx_bcc_xdonor_spot_0000020031,-170349.1539768763,58776.63538354382,1.0,0.0,0.0
cosmx_bcc_xdonor_spot_0000020032,-170382.49646053638,59048.56871687717,1.0,0.0,0.0
cosmx_bcc_xdonor_spot_0000020059,-169931.905115912,-37075.006549408594,1.0,0.0,0.0
cosmx_bcc_xdonor_spot_0000020060,-169894.105115912,-36864.406549408595,0.8,0.2,0.0
cosmx_bcc_xdonor_spot_0000020062,-169910.41761591198,-36086.3065494086,0.9375,0.0625,0.0
cosmx_bcc_xdonor_spot_0000020063,-169957.7974236043,-35725.34501094706,0.4615384615384615,0.2307692307692307,0.0
cosmx_bcc_xdonor_spot_0000020064,-169932.2162270231,-35413.917660519706,0.0,0.4444444444444444,0.0
cosmx_bcc_xdonor_spot_0000020065,-169974.405115912,-35059.7065494086,0.1,0.5,0.0
cosmx_bcc_xdonor_spot_0000020066,-169976.39083019775,-34657.94940655145,0.1428571428571428,0.5714285714285714,0.0
cosmx_bcc_xdonor_spot_0000020067,-169981.54956035645,-34278.58432718637,0.3333333333333333,0.6666666666666666,0.0
cosmx_bcc_xdonor_spot_0000020068,-170065.10511591198,-33947.26109486314,1.0,0.0,0.0
cosmx_bcc_xdonor_spot_0000020069,-170002.5336873406,-33667.23512083716,0.5714285714285714,0.4285714285714285,0.0
cosmx_bcc_xdonor_spot_0000020242,-169922.3114326017,27674.331919780067,1.0,0.0,0.0
cosmx_bcc_xdonor_spot_0000020243,-169981.66364935052,27996.834382834248,0.9655172413793104,0.0,0.0
cosmx_bcc_xdonor_spot_0000020244,-169996.88055702575,28348.45173544826,1.0,0.0,0.0
cosmx_bcc_xdonor_spot_0000020245,-169989.4319683161,28701.028348351487,1.0,0.0,0.0
cosmx_bcc_xdonor_spot_0000020246,-170021.19238498266,29067.07001501816,1.0,0.0,0.0
cosmx_bcc_xdonor_spot_0000020247,-170074.05203410547,29388.53492729886,1.0,0.0,0.0
cosmx_bcc_xdonor_spot_0000020248,-170012.99238498267,29735.37001501816,0.0666666666666666,0.8,0.0666666666666666
cosmx_bcc_xdonor_spot_0000020249,-169942.19238498266,30116.17001501816,0.8666666666666667,0.0,0.0
cosmx_bcc_xdonor_spot_0000020250,-169940.85905164934,30524.570015018173,1.0,0.0,0.0
cosmx_bcc_xdonor_spot_0000020251,-170017.41460720488,30812.45890390706,0.5555555555555556,0.3333333333333333,0.0
cosmx_bcc_xdonor_spot_0000020253,-169950.98026377053,31549.67607562422,1.0,0.0,0.0
cosmx_bcc_xdonor_spot_0000020299,-169985.81427542766,47850.102283491135,0.1666666666666666,0.3333333333333333,0.0
cosmx_bcc_xdonor_spot_0000020300,-169989.43332304675,48170.44752158637,0.9642857142857144,0.0,0.0
cosmx_bcc_xdonor_spot_0000020301,-169995.36189447533,48494.2689501578,1.0,0.0,0.0
cosmx_bcc_xdonor_spot_0000020302,-170012.11903733242,48890.99752158637,1.0,0.0,0.0
cosmx_bcc_xdonor_spot_0000020303,-169994.94760876108,49170.1189501578,0.75,0.2,0.0
cosmx_bcc_xdonor_spot_0000020304,-169964.78760876108,49581.4089501578,0.72,0.2,0.0
cosmx_bcc_xdonor_spot_0000020305,-169998.2726087611,49957.977283491135,1.0,0.0,0.0
cosmx_bcc_xdonor_spot_0000020306,-169993.3014549148,50308.974078362924,0.7692307692307693,0.1025641025641025,0.0256410256410256
cosmx_bcc_xdonor_spot_0000020307,-169992.429660043,50588.7689501578,0.8974358974358975,0.1025641025641025,0.0
cosmx_bcc_xdonor_spot_0000020308,-170018.09760876108,51044.2689501578,0.75,0.15,0.0
cosmx_bcc_xdonor_spot_0000020309,-169999.3411571481,51348.25282112554,1.0,0.0,0.0
cosmx_bcc_xdonor_spot_0000020310,-169994.3142754277,51689.968950157796,1.0,0.0,0.0
cosmx_bcc_xdonor_spot_0000020311,-169981.87106158122,52060.78031653816,1.0,0.0,0.0
cosmx_bcc_xdonor_spot_0000020312,-170006.99478192916,52400.51887241897,0.9428571428571428,0.0,0.0
cosmx_bcc_xdonor_spot_0000020313,-170007.00430573866,52763.854586704714,0.25,0.3333333333333333,0.0
cosmx_bcc_xdonor_spot_0000020316,-169970.88309361745,53859.10458670472,1.0,0.0,0.0
cosmx_bcc_xdonor_spot_0000020317,-169998.56621050058,54167.633158133256,1.0,0.0,0.0
cosmx_bcc_xdonor_spot_0000020318,-170000.10079696673,54539.920376178365,1.0,0.0,0.0
cosmx_bcc_xdonor_spot_0000020319,-170005.63175671906,54878.28105729292,1.0,0.0,0.0
cosmx_bcc_xdonor_spot_0000020320,-169992.39478192915,55231.918872418966,1.0,0.0,0.0
cosmx_bcc_xdonor_spot_0000020321,-170055.837639072,55578.4795867047,1.0,0.0,0.0
cosmx_bcc_xdonor_spot_0000020323,-169914.50891752675,56336.161172151005,1.0,0.0,0.0
cosmx_bcc_xdonor_spot_0000020324,-169974.32550465406,56677.06871687716,1.0,0.0,0.0
cosmx_bcc_xdonor_spot_0000020325,-169989.0220772347,57021.859039457806,1.0,0.0,0.0
cosmx_bcc_xdonor_spot_0000020326,-170008.64604036836,57346.34014544859,1.0,0.0,0.0
cosmx_bcc_xdonor_spot_0000020327,-169994.98981917018,57700.95581365136,1.0,0.0,0.0
cosmx_bcc_xdonor_spot_0000020328,-170009.37881347758,58068.18636393599,0.9705882352941176,0.0,0.0
cosmx_bcc_xdonor_spot_0000020329,-169995.1219985565,58434.300424194225,1.0,0.0,0.0
cosmx_bcc_xdonor_spot_0000020330,-170013.89842132071,58720.860383543826,0.9166666666666666,0.0,0.0
cosmx_bcc_xdonor_spot_0000020360,-169616.8908301977,-36365.23512083716,1.0,0.0,0.0
cosmx_bcc_xdonor_spot_0000020361,-169646.5788001225,-36046.43812835596,0.9473684210526316,0.0,0.0
cosmx_bcc_xdonor_spot_0000020362,-169590.04261591198,-35742.9315494086,0.875,0.0,0.125
cosmx_bcc_xdonor_spot_0000020363,-169565.105115912,-35300.917660519706,0.6666666666666666,0.2222222222222222,0.0
cosmx_bcc_xdonor_spot_0000020364,-169606.6384492453,-35031.673216075265,0.6666666666666666,0.0666666666666666,0.0
cosmx_bcc_xdonor_spot_0000020365,-169623.67654448346,-34685.23512083716,0.4285714285714285,0.2857142857142857,0.0
cosmx_bcc_xdonor_spot_0000020366,-169695.105115912,-34345.8065494086,0.3333333333333333,0.5,0.0
cosmx_bcc_xdonor_spot_0000020367,-169671.70511591202,-33886.60654940859,1.0,0.0,0.0
cosmx_bcc_xdonor_spot_0000020368,-169624.68844924532,-33629.139882741925,0.8333333333333334,0.0,0.0
cosmx_bcc_xdonor_spot_0000020541,-169701.41460720488,27622.014459462604,0.8888888888888888,0.0555555555555555,0.0
cosmx_bcc_xdonor_spot_0000020542,-169744.98725677753,28001.21104065919,0.9230769230769232,0.0,0.0
cosmx_bcc_xdonor_spot_0000020543,-169670.338218316,28387.965848351494,0.875,0.0625,0.0
cosmx_bcc_xdonor_spot_0000020544,-169637.5997923901,28675.38482983297,1.0,0.0,0.0
cosmx_bcc_xdonor_spot_0000020545,-169702.625718316,29019.85334835149,0.9,0.05,0.0
cosmx_bcc_xdonor_spot_0000020546,-169597.838218316,29476.028348351494,0.0625,0.4375,0.0625
cosmx_bcc_xdonor_spot_0000020547,-169691.6166274069,29720.448802896954,0.8181818181818182,0.0,0.0
cosmx_bcc_xdonor_spot_0000020548,-169701.97571831598,30116.303348351492,0.95,0.05,0.0
cosmx_bcc_xdonor_spot_0000020549,-169674.44238498266,30488.320015018166,0.25,0.6666666666666666,0.0
cosmx_bcc_xdonor_spot_0000020551,-169597.8114326017,31242.189062637204,1.0,0.0,0.0
cosmx_bcc_xdonor_spot_0000020552,-169696.66857545887,31493.403348351498,1.0,0.0,0.0
cosmx_bcc_xdonor_spot_0000020598,-169651.647608761,47821.602283491135,0.0833333333333333,0.0,0.0
cosmx_bcc_xdonor_spot_0000020599,-169646.05237066583,48177.911807300654,0.8571428571428571,0.0,0.0
cosmx_bcc_xdonor_spot_0000020600,-169637.52691910585,48518.562053606074,0.9655172413793104,0.0,0.0
cosmx_bcc_xdonor_spot_0000020601,-169716.0920532055,48860.93561682446,0.8888888888888888,0.0,0.0
cosmx_bcc_xdonor_spot_0000020602,-169736.147608761,49200.18561682446,0.4166666666666667,0.3333333333333333,0.0
cosmx_bcc_xdonor_spot_0000020603,-169627.803858761,49610.1127001578,1.0,0.0,0.0
cosmx_bcc_xdonor_spot_0000020604,-169614.947608761,49932.11180730066,1.0,0.0,0.0
cosmx_bcc_xdonor_spot_0000020605,-169649.34760876102,50291.43561682446,0.8333333333333334,0.1666666666666666,0.0
cosmx_bcc_xdonor_spot_0000020606,-169654.78094209437,50656.63561682447,0.9666666666666668,0.0333333333333333,0.0
cosmx_bcc_xdonor_spot_0000020607,-169640.46903733248,50960.98323587208,0.6428571428571429,0.2857142857142857,0.0
cosmx_bcc_xdonor_spot_0000020608,-169633.56140186448,51358.18274326125,0.7586206896551724,0.1034482758620689,0.0344827586206896
cosmx_bcc_xdonor_spot_0000020609,-169651.46579057927,51702.85985924871,0.9545454545454546,0.0454545454545454,0.0
cosmx_bcc_xdonor_spot_0000020610,-169653.2102148283,52050.69561306809,0.8387096774193549,0.1290322580645161,0.0
cosmx_bcc_xdonor_spot_0000020611,-169650.9530236874,52379.527663627785,0.5384615384615384,0.3076923076923077,0.0
cosmx_bcc_xdonor_spot_0000020612,-169586.137639072,52664.4045867047,0.0,0.6,0.0
cosmx_bcc_xdonor_spot_0000020614,-169597.63175671906,53530.60458670472,0.9411764705882352,0.0,0.0
cosmx_bcc_xdonor_spot_0000020615,-169621.462639072,53830.04208670469,0.9375,0.0,0.0
cosmx_bcc_xdonor_spot_0000020616,-169661.69058024848,54170.72223376351,1.0,0.0,0.0
cosmx_bcc_xdonor_spot_0000020617,-169649.487639072,54526.35458670468,1.0,0.0,0.0
cosmx_bcc_xdonor_spot_0000020618,-169640.54352142496,54884.78105729292,0.9705882352941176,0.0,0.0
cosmx_bcc_xdonor_spot_0000020619,-169743.67097240532,55181.52125337138,1.0,0.0,0.0
cosmx_bcc_xdonor_spot_0000020621,-169598.67097240535,55985.104586704685,0.9666666666666668,0.0,0.0
cosmx_bcc_xdonor_spot_0000020622,-169643.98051675307,56309.28773867842,1.0,0.0,0.0
cosmx_bcc_xdonor_spot_0000020623,-169638.26300465406,56659.47496687716,1.0,0.0,0.0
cosmx_bcc_xdonor_spot_0000020624,-169668.19842132073,57017.368716877165,1.0,0.0,0.0
cosmx_bcc_xdonor_spot_0000020625,-169641.37881347758,57349.50989334775,1.0,0.0,0.0
cosmx_bcc_xdonor_spot_0000020626,-169647.29175465406,57711.20871687717,0.96,0.0,0.0
cosmx_bcc_xdonor_spot_0000020627,-169645.60354952587,58062.97897328742,1.0,0.0,0.0
cosmx_bcc_xdonor_spot_0000020628,-169647.8508022731,58427.25919306763,0.9523809523809524,0.0,0.0
cosmx_bcc_xdonor_spot_0000020629,-169651.29057818349,58739.95106981833,1.0,0.0,0.0
cosmx_bcc_xdonor_spot_0000020659,-169295.4384492453,-36405.04464464669,1.0,0.0,0.0
cosmx_bcc_xdonor_spot_0000020660,-169270.81099826493,-36049.394784702716,1.0,0.0,0.0
cosmx_bcc_xdonor_spot_0000020661,-169292.5788001225,-35724.43812835596,1.0,0.0,0.0
cosmx_bcc_xdonor_spot_0000020662,-169298.34041002963,-35297.21831411448,0.8823529411764706,0.0588235294117647,0.0
cosmx_bcc_xdonor_spot_0000020663,-169303.71381156414,-35030.8065494086,1.0,0.0,0.0
cosmx_bcc_xdonor_spot_0000020664,-169369.30511591202,-34714.2065494086,0.6,0.4,0.0
cosmx_bcc_xdonor_spot_0000020840,-169272.025718316,27627.736681684833,0.9166666666666666,0.0,0.0
cosmx_bcc_xdonor_spot_0000020842,-169259.825718316,28366.9033483515,0.5,0.3,0.1
cosmx_bcc_xdonor_spot_0000020843,-169272.69238498266,28692.320015018166,0.4166666666666667,0.0,0.0
cosmx_bcc_xdonor_spot_0000020844,-169250.23160066895,29048.668054233847,0.7058823529411765,0.2352941176470588,0.0
cosmx_bcc_xdonor_spot_0000020845,-169292.19238498266,29383.17001501816,0.0666666666666666,0.8,0.0666666666666666
cosmx_bcc_xdonor_spot_0000020846,-169326.09714688742,29721.331919780077,0.0,0.4285714285714285,0.0
cosmx_bcc_xdonor_spot_0000020847,-169312.6090516493,30130.820015018166,0.0,0.6666666666666666,0.0
cosmx_bcc_xdonor_spot_0000020848,-169245.87865949247,30477.726877763256,0.7058823529411765,0.1764705882352941,0.0
cosmx_bcc_xdonor_spot_0000020849,-169261.4487952391,30806.749502197643,0.9615384615384616,0.0,0.0
cosmx_bcc_xdonor_spot_0000020850,-169375.16208195235,31166.448802896954,1.0,0.0,0.0
cosmx_bcc_xdonor_spot_0000020898,-169317.0142754277,48211.7689501578,0.2666666666666666,0.0,0.0
cosmx_bcc_xdonor_spot_0000020899,-169328.3618944753,48509.69752158637,0.5714285714285714,0.0714285714285714,0.0
cosmx_bcc_xdonor_spot_0000020902,-169300.57618018962,49604.054664443516,1.0,0.0,0.0
cosmx_bcc_xdonor_spot_0000020903,-169275.6198309832,49919.13006126891,1.0,0.0,0.0
cosmx_bcc_xdonor_spot_0000020904,-169290.56140186448,50305.9413639509,0.8620689655172413,0.1379310344827586,0.0
cosmx_bcc_xdonor_spot_0000020905,-169252.62586963066,50635.7689501578,0.9565217391304348,0.0,0.0
cosmx_bcc_xdonor_spot_0000020906,-169251.0226087611,51009.477283491135,0.9583333333333334,0.0,0.0
cosmx_bcc_xdonor_spot_0000020907,-169316.14760876106,51354.602283491135,0.3888888888888889,0.4444444444444444,0.0
cosmx_bcc_xdonor_spot_0000020908,-169314.88094209434,51704.43561682446,0.4,0.4666666666666667,0.0
cosmx_bcc_xdonor_spot_0000020909,-169346.137639072,52067.8045867047,0.0,0.3,0.0
cosmx_bcc_xdonor_spot_0000020910,-169256.737639072,52464.93792003805,0.2666666666666666,0.0,0.0
cosmx_bcc_xdonor_spot_0000020911,-169153.587639072,52830.7295867047,1.0,0.0,0.0
cosmx_bcc_xdonor_spot_0000020912,-169251.337639072,53157.01199411211,1.0,0.0,0.0
cosmx_bcc_xdonor_spot_0000020913,-169280.525139072,53459.60458670469,1.0,0.0,0.0
cosmx_bcc_xdonor_spot_0000020914,-169293.962639072,53833.57333670469,1.0,0.0,0.0
cosmx_bcc_xdonor_spot_0000020915,-169274.72652796088,54177.215697815795,1.0,0.0,0.0
cosmx_bcc_xdonor_spot_0000020916,-169298.91658644043,54533.99932354679,1.0,0.0,0.0
cosmx_bcc_xdonor_spot_0000020917,-169301.2607159951,54808.75843285856,0.9230769230769232,0.0,0.0
cosmx_bcc_xdonor_spot_0000020918,-169213.25430573866,55290.854586704714,1.0,0.0,0.0
cosmx_bcc_xdonor_spot_0000020919,-169275.97097240534,55604.70458670469,0.9666666666666668,0.0,0.0
cosmx_bcc_xdonor_spot_0000020920,-169300.9182842333,55929.99168347888,1.0,0.0,0.0
cosmx_bcc_xdonor_spot_0000020921,-169292.67587300757,56283.58098813395,0.9736842105263158,0.0,0.0
cosmx_bcc_xdonor_spot_0000020922,-169289.9888975112,56643.11157402002,0.9142857142857144,0.0,0.0
cosmx_bcc_xdonor_spot_0000020923,-169273.73175465406,57005.711574020024,1.0,0.0,0.0
cosmx_bcc_xdonor_spot_0000020924,-169270.60131987144,57379.04697774674,1.0,0.0,0.0
cosmx_bcc_xdonor_spot_0000020925,-169288.58023950254,57707.41720172565,0.9696969696969696,0.0,0.0
cosmx_bcc_xdonor_spot_0000020926,-169293.95397687628,58079.87427243272,1.0,0.0,0.0
cosmx_bcc_xdonor_spot_0000020927,-169312.0953910177,58410.780838089275,1.0,0.0,0.0
cosmx_bcc_xdonor_spot_0000020928,-169387.16032608258,58688.28300259146,1.0,0.0,0.0
cosmx_bcc_xdonor_spot_0000020957,-168812.805115912,-36745.8065494086,0.2,0.3,0.2
cosmx_bcc_xdonor_spot_0000020958,-168927.65350300874,-36406.000097795695,0.8064516129032258,0.064516129032258,0.032258064516129
cosmx_bcc_xdonor_spot_0000020959,-168936.58511591196,-36034.64654940859,1.0,0.0,0.0
cosmx_bcc_xdonor_spot_0000020960,-168880.63452767668,-35708.63007882036,1.0,0.0,0.0
cosmx_bcc_xdonor_spot_0000020961,-168983.31564222777,-35354.01707572438,0.7368421052631579,0.2631578947368421,0.0
cosmx_bcc_xdonor_spot_0000020962,-168914.14083019766,-35023.877977980024,0.9642857142857144,0.0357142857142857,0.0
cosmx_bcc_xdonor_spot_0000020963,-168964.67654448346,-34605.23512083716,0.8571428571428571,0.0,0.0
cosmx_bcc_xdonor_spot_0000020965,-168943.505115912,-33993.2065494086,0.4,0.2,0.0
cosmx_bcc_xdonor_spot_0000020966,-169005.105115912,-33607.006549408594,0.6,0.0,0.0
cosmx_bcc_xdonor_spot_0000021139,-168888.30349609378,27681.570015018173,0.6666666666666666,0.2222222222222222,0.0
cosmx_bcc_xdonor_spot_0000021140,-168905.11395361013,27991.726877763256,1.0,0.0,0.0
cosmx_bcc_xdonor_spot_0000021141,-168934.10636347736,28354.87109028697,1.0,0.0,0.0
cosmx_bcc_xdonor_spot_0000021142,-168905.66208195235,28685.17607562422,1.0,0.0,0.0
cosmx_bcc_xdonor_spot_0000021143,-168934.7590516494,29045.93668168482,1.0,0.0,0.0
cosmx_bcc_xdonor_spot_0000021144,-168964.45905164935,29340.703348351493,0.9333333333333332,0.0666666666666666,0.0
cosmx_bcc_xdonor_spot_0000021145,-168927.3828611732,29802.153348351487,0.9285714285714286,0.0714285714285714,0.0
cosmx_bcc_xdonor_spot_0000021146,-168950.38778728156,30107.248175937693,1.0,0.0,0.0
cosmx_bcc_xdonor_spot_0000021147,-168951.04952783982,30505.90334835149,1.0,0.0,0.0
cosmx_bcc_xdonor_spot_0000021148,-168961.8590516493,30757.653348351498,0.9166666666666666,0.0833333333333333,0.0
cosmx_bcc_xdonor_spot_0000021149,-168916.025718316,31197.403348351505,0.3333333333333333,0.1666666666666666,0.0
cosmx_bcc_xdonor_spot_0000021150,-168943.650718316,31504.153348351505,0.0,0.75,0.0
cosmx_bcc_xdonor_spot_0000021198,-168988.147608761,48438.8939501578,0.25,0.0,0.0
cosmx_bcc_xdonor_spot_0000021201,-169014.29046590388,49652.340378729226,1.0,0.0,0.0
cosmx_bcc_xdonor_spot_0000021202,-169026.43332304672,49896.340378729226,0.9285714285714286,0.0714285714285714,0.0
cosmx_bcc_xdonor_spot_0000021203,-168957.5322241457,50333.153565542416,0.8076923076923077,0.1923076923076923,0.0
cosmx_bcc_xdonor_spot_0000021204,-168940.7692303826,50618.7689501578,1.0,0.0,0.0
cosmx_bcc_xdonor_spot_0000021205,-168930.147608761,51004.34959531909,1.0,0.0,0.0
cosmx_bcc_xdonor_spot_0000021206,-168942.897608761,51274.5189501578,0.8333333333333334,0.1666666666666666,0.0
cosmx_bcc_xdonor_spot_0000021207,-168975.747608761,51667.5689501578,0.0,0.0,0.0
cosmx_bcc_xdonor_spot_0000021208,-168842.48049621488,52132.17601527613,0.0,0.4285714285714285,0.0
cosmx_bcc_xdonor_spot_0000021209,-168990.150139072,52371.917086704714,0.125,0.25,0.0
cosmx_bcc_xdonor_spot_0000021210,-169031.837639072,52837.937920038035,1.0,0.0,0.0
cosmx_bcc_xdonor_spot_0000021211,-169000.10234495436,53083.0163514106,0.8823529411764706,0.0588235294117647,0.0
cosmx_bcc_xdonor_spot_0000021212,-168990.86395486147,53478.70984986262,1.0,0.0,0.0
cosmx_bcc_xdonor_spot_0000021213,-168932.53763907202,53822.6045867047,1.0,0.0,0.0
cosmx_bcc_xdonor_spot_0000021214,-168942.58154151103,54169.62897694858,0.975609756097561,0.0,0.0
cosmx_bcc_xdonor_spot_0000021215,-168928.59570358813,54514.894909285336,1.0,0.0,0.0
cosmx_bcc_xdonor_spot_0000021216,-168932.6534285457,54890.39406038889,0.9210526315789472,0.0,0.0
cosmx_bcc_xdonor_spot_0000021217,-168933.4967299811,55244.127313977406,1.0,0.0,0.0
cosmx_bcc_xdonor_spot_0000021218,-168940.3670508367,55598.604586704685,1.0,0.0,0.0
cosmx_bcc_xdonor_spot_0000021219,-168934.78591493407,55952.777000497794,1.0,0.0,0.0
cosmx_bcc_xdonor_spot_0000021220,-168925.7430786481,56311.27678758835,0.95,0.0,0.0
cosmx_bcc_xdonor_spot_0000021221,-168940.91032608264,56673.60443116288,1.0,0.0,0.0
cosmx_bcc_xdonor_spot_0000021222,-168927.73175465406,57012.44371687716,1.0,0.0,0.0
cosmx_bcc_xdonor_spot_0000021223,-168929.23175465406,57332.33538354383,1.0,0.0,0.0
cosmx_bcc_xdonor_spot_0000021224,-168955.55675465407,57699.16871687716,1.0,0.0,0.0
cosmx_bcc_xdonor_spot_0000021225,-169045.82266374494,58022.477807786294,0.9090909090909092,0.0,0.0
cosmx_bcc_xdonor_spot_0000021255,-168555.40511591197,-37106.506549408594,0.55,0.05,0.2
cosmx_bcc_xdonor_spot_0000021256,-168617.4687522756,-36768.079276681325,0.0,0.1363636363636363,0.6818181818181818
cosmx_bcc_xdonor_spot_0000021257,-168577.2869340938,-36417.44291304496,0.0,0.4545454545454545,0.1818181818181818
cosmx_bcc_xdonor_spot_0000021258,-168616.24797305482,-36038.99702559907,0.9047619047619048,0.0952380952380952,0.0
cosmx_bcc_xdonor_spot_0000021259,-168622.48606829293,-35739.47321607526,0.9047619047619048,0.0,0.0476190476190476
cosmx_bcc_xdonor_spot_0000021260,-168660.43844924535,-35277.139882741925,0.1666666666666666,0.8333333333333334,0.0
cosmx_bcc_xdonor_spot_0000021261,-168585.04629238255,-34983.394784702716,0.7647058823529411,0.1176470588235294,0.0
cosmx_bcc_xdonor_spot_0000021262,-168616.355115912,-34739.5565494086,0.875,0.0,0.0
cosmx_bcc_xdonor_spot_0000021439,-168636.525718316,27987.103348351495,0.9333333333333332,0.0666666666666666,0.0
cosmx_bcc_xdonor_spot_0000021440,-168593.9840516493,28322.195015018155,1.0,0.0,0.0
cosmx_bcc_xdonor_spot_0000021441,-168602.365718316,28671.38334835149,1.0,0.0,0.0
cosmx_bcc_xdonor_spot_0000021442,-168611.7400040303,29008.61763406578,0.7142857142857143,0.1428571428571428,0.0
cosmx_bcc_xdonor_spot_0000021443,-168546.91460720488,29411.514459462604,0.7777777777777778,0.1666666666666666,0.0
cosmx_bcc_xdonor_spot_0000021444,-168566.72571831598,29792.203348351504,0.1,0.6,0.0
cosmx_bcc_xdonor_spot_0000021445,-168627.88286117316,30156.26049120864,0.7857142857142857,0.0714285714285714,0.0
cosmx_bcc_xdonor_spot_0000021446,-168616.025718316,30453.903348351505,0.75,0.0,0.0
cosmx_bcc_xdonor_spot_0000021447,-168547.25299104326,30849.630621078773,0.0,0.6363636363636364,0.0
cosmx_bcc_xdonor_spot_0000021498,-168672.59205320544,48880.65783904669,0.1111111111111111,0.0,0.1111111111111111
cosmx_bcc_xdonor_spot_0000021499,-168549.23851785192,49208.7689501578,0.2727272727272727,0.0,0.0
cosmx_bcc_xdonor_spot_0000021502,-168557.8618944753,50285.554664443516,0.6428571428571429,0.2142857142857142,0.0
cosmx_bcc_xdonor_spot_0000021503,-168571.64760876095,50665.2689501578,1.0,0.0,0.0
cosmx_bcc_xdonor_spot_0000021504,-168604.0450446584,50992.640745029596,1.0,0.0,0.0
cosmx_bcc_xdonor_spot_0000021505,-168583.03649764994,51278.694876083726,0.925925925925926,0.074074074074074,0.0
cosmx_bcc_xdonor_spot_0000021506,-168581.89760876106,51679.8189501578,0.0,0.55,0.05
cosmx_bcc_xdonor_spot_0000021507,-168686.5245551541,52052.25790134772,0.0,0.2307692307692307,0.0
cosmx_bcc_xdonor_spot_0000021512,-168588.19478192917,53827.3545867047,0.9642857142857144,0.0,0.0
cosmx_bcc_xdonor_spot_0000021513,-168576.4519247863,54163.4903009904,0.9714285714285714,0.0,0.0
cosmx_bcc_xdonor_spot_0000021514,-168583.056389072,54539.29208670469,1.0,0.0,0.0
cosmx_bcc_xdonor_spot_0000021515,-168584.4519247863,54895.06172956183,1.0,0.0,0.0
cosmx_bcc_xdonor_spot_0000021516,-168578.02184959833,55220.65721828363,1.0,0.0,0.0
cosmx_bcc_xdonor_spot_0000021517,-168587.57293318966,55582.42811611645,1.0,0.0,0.0
cosmx_bcc_xdonor_spot_0000021518,-168577.3053810075,55946.18523186598,1.0,0.0,0.0
cosmx_bcc_xdonor_spot_0000021519,-168593.93333892044,56304.00145106149,0.9615384615384616,0.0,0.0
cosmx_bcc_xdonor_spot_0000021520,-168624.007616723,56653.534234118546,0.9655172413793104,0.0,0.0
cosmx_bcc_xdonor_spot_0000021521,-168607.24690616922,57030.9626562711,0.9696969696969696,0.0,0.0
cosmx_bcc_xdonor_spot_0000021522,-168619.47369013794,57353.859039457806,1.0,0.0,0.0
cosmx_bcc_xdonor_spot_0000021553,-168226.29742360426,-37461.96039556244,0.9230769230769232,0.0,0.0
cosmx_bcc_xdonor_spot_0000021554,-168215.62363443046,-37150.06580866785,1.0,0.0,0.0
cosmx_bcc_xdonor_spot_0000021555,-168231.30511591196,-36786.10654940859,0.85,0.0,0.0
cosmx_bcc_xdonor_spot_0000021556,-168212.95511591196,-36449.406549408595,0.85,0.1,0.05
cosmx_bcc_xdonor_spot_0000021557,-168131.105115912,-36080.60654940859,0.4,0.6,0.0
cosmx_bcc_xdonor_spot_0000021560,-168318.230115912,-35016.9315494086,0.625,0.125,0.0
cosmx_bcc_xdonor_spot_0000021737,-168192.30349609378,27675.014459462618,0.8888888888888888,0.0,0.0
cosmx_bcc_xdonor_spot_0000021738,-168219.07744245397,27978.730934558385,1.0,0.0,0.0
cosmx_bcc_xdonor_spot_0000021739,-168232.75648754678,28359.095656043795,0.9615384615384616,0.0384615384615384,0.0
cosmx_bcc_xdonor_spot_0000021740,-168246.025718316,28641.35334835149,1.0,0.0,0.0
cosmx_bcc_xdonor_spot_0000021741,-168193.68361305282,29117.061243088334,1.0,0.0,0.0
cosmx_bcc_xdonor_spot_0000021742,-168224.4222700402,29413.765417317005,1.0,0.0,0.0
cosmx_bcc_xdonor_spot_0000021743,-168214.525718316,29695.364886813037,0.7692307692307693,0.1538461538461538,0.0
cosmx_bcc_xdonor_spot_0000021744,-168320.275718316,30154.528348351505,0.0,0.25,0.0
cosmx_bcc_xdonor_spot_0000021745,-168298.125718316,30340.103348351502,0.2,0.2,0.0
cosmx_bcc_xdonor_spot_0000021746,-168251.06417985447,30805.364886813037,0.0769230769230769,0.1538461538461538,0.0
cosmx_bcc_xdonor_spot_0000021799,-168271.772608761,49631.3939501578,0.25,0.0,0.0
cosmx_bcc_xdonor_spot_0000021800,-168253.947608761,49884.3689501578,0.0,0.2,0.0
cosmx_bcc_xdonor_spot_0000021801,-168227.247608761,50340.468950157796,0.8,0.1,0.0
cosmx_bcc_xdonor_spot_0000021802,-168246.98971402412,50625.00579226306,0.9736842105263158,0.0,0.0
cosmx_bcc_xdonor_spot_0000021803,-168250.97519496793,50974.45860533021,0.9310344827586208,0.0,0.0
cosmx_bcc_xdonor_spot_0000021804,-168245.147608761,51308.615104003955,0.5384615384615384,0.3076923076923077,0.0769230769230769
cosmx_bcc_xdonor_spot_0000021805,-168283.96579057918,51648.22349561234,0.0,1.0,0.0
cosmx_bcc_xdonor_spot_0000021811,-168245.29002002437,53871.509348609485,0.9523809523809524,0.0,0.0
cosmx_bcc_xdonor_spot_0000021812,-168229.1861239205,54180.6651927653,0.9696969696969696,0.0,0.0
cosmx_bcc_xdonor_spot_0000021813,-168219.78208351645,54531.632364482466,1.0,0.0,0.0
cosmx_bcc_xdonor_spot_0000021814,-168211.2770330114,54885.180344280445,1.0,0.0,0.0
cosmx_bcc_xdonor_spot_0000021815,-168225.8519247863,55246.233158133255,0.9714285714285714,0.0,0.0
cosmx_bcc_xdonor_spot_0000021816,-168240.243889072,55571.760836704685,1.0,0.0,0.0
cosmx_bcc_xdonor_spot_0000021817,-168210.98469789553,55940.07517493998,1.0,0.0,0.0
cosmx_bcc_xdonor_spot_0000021818,-168155.62335335772,56157.31887241899,1.0,0.0,0.0
cosmx_bcc_xdonor_spot_0000021852,-167949.980115912,-37435.1815494086,1.0,0.0,0.0
cosmx_bcc_xdonor_spot_0000021853,-167848.53989852066,-37137.415245060765,1.0,0.0,0.0
cosmx_bcc_xdonor_spot_0000021854,-167848.45294199893,-36769.67611462599,1.0,0.0,0.0
cosmx_bcc_xdonor_spot_0000021855,-167865.58130638817,-36420.18750178955,0.9523809523809524,0.0,0.0
cosmx_bcc_xdonor_spot_0000021856,-167834.90511591203,-36084.60654940859,0.0,0.8,0.0
cosmx_bcc_xdonor_spot_0000021857,-167916.705115912,-35724.7065494086,0.1,0.1,0.0
cosmx_bcc_xdonor_spot_0000022036,-167939.925718316,27683.103348351502,1.0,0.0,0.0
cosmx_bcc_xdonor_spot_0000022037,-167910.7362446318,27991.061243088334,0.9473684210526316,0.0,0.0
cosmx_bcc_xdonor_spot_0000022038,-167934.025718316,28306.980271428412,0.9615384615384616,0.0384615384615384,0.0
cosmx_bcc_xdonor_spot_0000022039,-167880.685718316,28668.90334835149,1.0,0.0,0.0
cosmx_bcc_xdonor_spot_0000022040,-167932.525718316,29086.903348351505,0.6666666666666666,0.3333333333333333,0.0
cosmx_bcc_xdonor_spot_0000022041,-167901.68361305282,29408.798085193597,0.8947368421052632,0.0,0.0
cosmx_bcc_xdonor_spot_0000022042,-167872.525718316,29741.21104065919,0.6153846153846154,0.3846153846153846,0.0
cosmx_bcc_xdonor_spot_0000022043,-167867.25299104326,30139.585166533307,0.9545454545454546,0.0454545454545454,0.0
cosmx_bcc_xdonor_spot_0000022044,-167874.825718316,30398.503348351504,0.8,0.1,0.0
cosmx_bcc_xdonor_spot_0000022099,-167860.88094209434,49896.1689501578,0.1333333333333333,0.2,0.0
cosmx_bcc_xdonor_spot_0000022100,-167925.347608761,50398.968950157796,0.4,0.2,0.0
cosmx_bcc_xdonor_spot_0000022101,-167900.9960936095,50640.22349561234,0.9696969696969696,0.0,0.0
cosmx_bcc_xdonor_spot_0000022102,-167889.78760876108,50970.1689501578,1.0,0.0,0.0
cosmx_bcc_xdonor_spot_0000022103,-167861.447608761,51271.7689501578,0.3,0.2,0.1
cosmx_bcc_xdonor_spot_0000022108,-167876.275139072,53224.60458670472,0.9375,0.0,0.0
cosmx_bcc_xdonor_spot_0000022109,-167841.75869170358,53445.288797231,1.0,0.0,0.0
cosmx_bcc_xdonor_spot_0000022110,-167855.612639072,53828.30458670468,0.975,0.0,0.0
cosmx_bcc_xdonor_spot_0000022111,-167883.27881554258,54185.428116116454,0.9705882352941176,0.0,0.0
cosmx_bcc_xdonor_spot_0000022112,-167892.1652252789,54543.29424187711,1.0,0.0,0.0
cosmx_bcc_xdonor_spot_0000022113,-167867.46667133007,54878.44329638212,0.967741935483871,0.0,0.0
cosmx_bcc_xdonor_spot_0000022114,-167870.67097240532,55241.37381747391,0.9230769230769232,0.0,0.0
cosmx_bcc_xdonor_spot_0000022115,-167871.837639072,55599.516351410566,0.9705882352941176,0.0,0.0
cosmx_bcc_xdonor_spot_0000022116,-167884.26071599507,55942.117407217505,0.9743589743589745,0.0,0.0
cosmx_bcc_xdonor_spot_0000022117,-167900.19478192917,56171.747443847555,0.8571428571428571,0.0,0.0
cosmx_bcc_xdonor_spot_0000022152,-167547.10511591198,-37121.330358932406,1.0,0.0,0.0
cosmx_bcc_xdonor_spot_0000022153,-167496.4384492453,-36775.8065494086,1.0,0.0,0.0
cosmx_bcc_xdonor_spot_0000022154,-167564.19602500286,-36462.03382213587,1.0,0.0,0.0
cosmx_bcc_xdonor_spot_0000022338,-167475.09714688742,28735.61763406579,0.1428571428571428,0.5714285714285714,0.1428571428571428
cosmx_bcc_xdonor_spot_0000022339,-167471.7362446318,29032.640190456754,0.9473684210526316,0.0,0.0526315789473684
cosmx_bcc_xdonor_spot_0000022340,-167495.2180260083,29373.67257912073,0.6923076923076923,0.0769230769230769,0.0
cosmx_bcc_xdonor_spot_0000022341,-167522.1411029314,29791.057194505345,0.6153846153846154,0.2307692307692307,0.0
cosmx_bcc_xdonor_spot_0000022342,-167544.66857545884,30054.998586446727,0.9523809523809524,0.0476190476190476,0.0
cosmx_bcc_xdonor_spot_0000022343,-167600.69238498266,30469.57001501817,0.3333333333333333,0.1666666666666666,0.1666666666666666
cosmx_bcc_xdonor_spot_0000022398,-167551.32942694283,49979.950768339615,0.3636363636363636,0.0,0.0
cosmx_bcc_xdonor_spot_0000022401,-167523.32942694283,51012.67804106689,0.2727272727272727,0.0909090909090909,0.0
cosmx_bcc_xdonor_spot_0000022402,-167506.68607029945,51398.153565542416,0.4615384615384615,0.2307692307692307,0.0
cosmx_bcc_xdonor_spot_0000022408,-167601.29002002437,53456.12839622853,0.9047619047619048,0.0,0.0
cosmx_bcc_xdonor_spot_0000022409,-167583.24086487846,53838.63684476921,1.0,0.0,0.0
cosmx_bcc_xdonor_spot_0000022410,-167538.0519247863,54188.46172956182,1.0,0.0,0.0
cosmx_bcc_xdonor_spot_0000022411,-167512.337639072,54515.91887241897,1.0,0.0,0.0
cosmx_bcc_xdonor_spot_0000022412,-167527.837639072,54871.928116116454,1.0,0.0,0.0
cosmx_bcc_xdonor_spot_0000022413,-167522.54218452654,55235.94549579558,0.9545454545454546,0.0454545454545454,0.0
cosmx_bcc_xdonor_spot_0000022414,-167525.29218452654,55579.46822306835,0.5,0.2727272727272727,0.0909090909090909
cosmx_bcc_xdonor_spot_0000022415,-167514.337639072,55956.60458670472,0.2,0.2666666666666666,0.0
cosmx_bcc_xdonor_spot_0000022636,-167103.325718316,28380.303348351503,0.0,0.8,0.0
cosmx_bcc_xdonor_spot_0000022637,-167134.8590516493,28719.52834835149,0.9166666666666666,0.0833333333333333,0.0
cosmx_bcc_xdonor_spot_0000022638,-167183.75648754678,29055.67257912072,1.0,0.0,0.0
cosmx_bcc_xdonor_spot_0000022639,-167162.7340516493,29364.570015018155,0.9166666666666666,0.0833333333333333,0.0
cosmx_bcc_xdonor_spot_0000022640,-167174.325718316,29680.9033483515,0.2,0.3,0.0
cosmx_bcc_xdonor_spot_0000022708,-167183.48049621488,53914.53315813329,1.0,0.0,0.0
cosmx_bcc_xdonor_spot_0000022709,-167176.42097240535,54149.215697815795,0.9722222222222222,0.0,0.0
cosmx_bcc_xdonor_spot_0000022710,-167154.43287716724,54533.93792003806,0.4761904761904761,0.3333333333333333,0.0
cosmx_bcc_xdonor_spot_0000022711,-167202.2323759141,54910.49932354683,0.3684210526315789,0.4210526315789473,0.1052631578947368
cosmx_bcc_xdonor_spot_0000022712,-167155.50430573866,55213.77125337139,0.1111111111111111,0.5,0.0555555555555555
cosmx_bcc_xdonor_spot_0000022713,-167227.67097240535,55560.49347559359,0.0,0.6666666666666666,0.1111111111111111
cosmx_bcc_xdonor_spot_0000022714,-167211.90906764343,55929.89030099042,0.0,0.1428571428571428,0.0
cosmx_bcc_xdonor_spot_0000022937,-166851.525718316,29017.653348351498,0.75,0.25,0.0
cosmx_bcc_xdonor_spot_0000022938,-166871.72571831598,29387.303348351503,0.2,0.4,0.0
cosmx_bcc_xdonor_spot_0000022939,-166894.97016276044,29786.34779279595,0.2222222222222222,0.4444444444444444,0.0
cosmx_bcc_xdonor_spot_0000023002,-166710.537639072,52039.6045867047,0.0,0.6,0.0
cosmx_bcc_xdonor_spot_0000023003,-166839.237639072,52489.204586704705,0.1,0.3,0.0
cosmx_bcc_xdonor_spot_0000023009,-166862.4487501831,54614.937920038035,0.0,0.4444444444444444,0.1111111111111111
cosmx_bcc_xdonor_spot_0000023010,-166770.537639072,54916.304586704704,0.0,0.5,0.0
cosmx_bcc_xdonor_spot_0000023011,-166812.0519247863,55217.69982479995,0.0,0.238095238095238,0.0952380952380952
cosmx_bcc_xdonor_spot_0000023301,-166473.79917753354,52071.527663627785,0.2307692307692307,0.3076923076923077,0.0
cosmx_bcc_xdonor_spot_0000023302,-166458.337639072,52423.937920038035,0.0,0.2222222222222222,0.0
cosmx_bcc_xdonor_spot_0000023304,-166387.837639072,53099.0045867047,0.4,0.2,0.0
cosmx_bcc_xdonor_spot_0000023305,-166381.587639072,53373.2295867047,0.125,0.5,0.0
cosmx_bcc_xdonor_spot_0000023307,-166417.937639072,54285.0045867047,0.2,0.4,0.0
cosmx_bcc_xdonor_spot_0000023308,-166407.60430573867,54561.137920038054,0.0,0.4,0.0666666666666666
cosmx_bcc_xdonor_spot_0000023309,-166469.97400270836,54885.78640488654,0.0,0.2272727272727272,0.0
cosmx_bcc_xdonor_spot_0000023310,-166445.27097240536,55195.33792003805,0.0,0.0666666666666666,0.0
cosmx_bcc_xdonor_spot_0000023311,-166472.67097240532,55567.27125337137,0.0,0.5,0.0
cosmx_bcc_xdonor_spot_0000023600,-166220.337639072,52070.89030099042,0.1428571428571428,0.1428571428571428,0.2857142857142857
cosmx_bcc_xdonor_spot_0000023601,-166235.50430573866,52402.27125337137,0.1666666666666666,0.1666666666666666,0.0
cosmx_bcc_xdonor_spot_0000023602,-166206.137639072,52758.9045867047,0.4,0.0,0.1
cosmx_bcc_xdonor_spot_0000023606,-166225.337639072,54164.17601527613,0.0,0.1428571428571428,0.0
cosmx_bcc_xdonor_spot_0000023607,-166203.737639072,54525.304586704704,0.0,0.5,0.0
cosmx_bcc_xdonor_spot_0000023608,-166229.837639072,54925.6045867047,0.0,0.3333333333333333,0.0
cosmx_bcc_xdonor_spot_0000058635,-124413.71461759467,-35368.58139195146,0.1666666666666666,0.0,0.0
cosmx_bcc_xdonor_spot_0000058636,-124335.347950928,-35014.4147252848,0.3,0.0,0.0
cosmx_bcc_xdonor_spot_0000058936,-123941.547950928,-34676.5397252848,0.125,0.0,0.0
cosmx_bcc_xdonor_spot_0000058937,-123904.24795092801,-34329.8147252848,0.1,0.3,0.3
cosmx_bcc_xdonor_spot_0000058938,-123936.047950928,-33911.70043957051,0.0,0.1428571428571428,0.0
cosmx_bcc_xdonor_spot_0000059231,-123534.88128426134,-35995.08139195146,1.0,0.0,0.0
cosmx_bcc_xdonor_spot_0000059232,-123536.32067820075,-35744.4147252848,0.9090909090909092,0.0909090909090909,0.0
cosmx_bcc_xdonor_spot_0000059233,-123645.63128426136,-35354.58139195146,0.0,0.4166666666666667,0.0833333333333333
cosmx_bcc_xdonor_spot_0000059234,-123643.66699854711,-34994.033772903844,0.0476190476190476,0.238095238095238,0.1428571428571428
cosmx_bcc_xdonor_spot_0000059235,-123628.46900355963,-34643.36209370585,0.0526315789473684,0.3684210526315789,0.2105263157894736
cosmx_bcc_xdonor_spot_0000059236,-123611.99795092805,-34293.7647252848,0.5,0.05,0.05
cosmx_bcc_xdonor_spot_0000059237,-123654.59340547347,-33976.05108892116,0.2727272727272727,0.2727272727272727,0.0
cosmx_bcc_xdonor_spot_0000059239,-123677.71461759467,-33201.19250306257,0.4444444444444444,0.2222222222222222,0.0
cosmx_bcc_xdonor_spot_0000059240,-123653.047950928,-32880.4147252848,0.0,0.2857142857142857,0.0
cosmx_bcc_xdonor_spot_0000059529,-123210.90509378514,-36401.84329671336,0.0,0.8571428571428571,0.1428571428571428
cosmx_bcc_xdonor_spot_0000059530,-123259.86276574287,-36033.63694750702,0.925925925925926,0.0,0.0
cosmx_bcc_xdonor_spot_0000059531,-123293.39080807094,-35701.729010999086,0.9428571428571428,0.0,0.0
cosmx_bcc_xdonor_spot_0000059532,-123255.80657161772,-35362.311277008936,0.8275862068965517,0.0,0.0
cosmx_bcc_xdonor_spot_0000059533,-123245.93683981696,-35002.52583639591,0.6296296296296297,0.2222222222222222,0.074074074074074
cosmx_bcc_xdonor_spot_0000059534,-123286.19795092805,-34631.5147252848,0.1,0.25,0.45
cosmx_bcc_xdonor_spot_0000059535,-123300.86045092804,-34324.1647252848,0.4375,0.3125,0.0625
cosmx_bcc_xdonor_spot_0000059536,-123217.13886001892,-33957.232907102974,0.8181818181818182,0.0909090909090909,0.0
cosmx_bcc_xdonor_spot_0000059537,-123249.40089210452,-33615.591195873036,0.8235294117647058,0.1764705882352941,0.0
cosmx_bcc_xdonor_spot_0000059538,-123250.64795092803,-33227.94805861813,0.8,0.0666666666666666,0.0
cosmx_bcc_xdonor_spot_0000059539,-123299.49239537244,-32876.52583639591,0.0,0.6666666666666666,0.0
cosmx_bcc_xdonor_spot_0000059827,-122848.24795092801,-36697.8147252848,0.0,0.2,0.2
cosmx_bcc_xdonor_spot_0000059828,-122961.422950928,-36447.1647252848,0.0,0.5,0.125
cosmx_bcc_xdonor_spot_0000059829,-122929.43504770227,-36077.09214463964,0.935483870967742,0.0,0.0
cosmx_bcc_xdonor_spot_0000059830,-122907.80552668565,-35720.62684649692,1.0,0.0,0.0
cosmx_bcc_xdonor_spot_0000059831,-122920.56310244322,-35367.92987679995,1.0,0.0,0.0
cosmx_bcc_xdonor_spot_0000059832,-122948.07652235664,-35004.12901099908,0.9714285714285714,0.0,0.0
cosmx_bcc_xdonor_spot_0000059833,-122926.8812842614,-34668.64805861813,0.4,0.3666666666666666,0.1
cosmx_bcc_xdonor_spot_0000059834,-122941.09340547351,-34293.27836164843,0.3636363636363636,0.5454545454545454,0.0454545454545454
cosmx_bcc_xdonor_spot_0000059835,-122932.14795092805,-33923.364725284795,0.95,0.0,0.0
cosmx_bcc_xdonor_spot_0000059836,-122906.91158729169,-33583.05108892116,0.9090909090909092,0.0,0.0
cosmx_bcc_xdonor_spot_0000059837,-122933.79795092806,-33236.5147252848,0.7,0.0,0.0
cosmx_bcc_xdonor_spot_0000059838,-122879.08795092806,-32879.7747252848,0.4,0.2,0.2
cosmx_bcc_xdonor_spot_0000059839,-122841.59844129613,-32608.919209013235,0.0,0.125,0.75
cosmx_bcc_xdonor_spot_0000059841,-122963.451873873,-31845.825595112292,0.0,0.0,0.125
cosmx_bcc_xdonor_spot_0000059842,-122840.11854053965,-31578.950595112296,0.0,0.0,0.0
cosmx_bcc_xdonor_spot_0000060126,-122653.04795092801,-36673.614725284795,0.0,0.0,0.4
cosmx_bcc_xdonor_spot_0000060127,-122586.71461759467,-36423.4147252848,0.0,0.5555555555555556,0.0
cosmx_bcc_xdonor_spot_0000060128,-122545.20924125065,-36031.44698334931,1.0,0.0,0.0
cosmx_bcc_xdonor_spot_0000060129,-122580.24795092808,-35709.9397252848,1.0,0.0,0.0
cosmx_bcc_xdonor_spot_0000060130,-122553.44795092806,-35374.648058618135,0.9666666666666668,0.0,0.0333333333333333
cosmx_bcc_xdonor_spot_0000060131,-122562.72442151631,-35016.00296057892,0.9411764705882352,0.0,0.0294117647058823
cosmx_bcc_xdonor_spot_0000060132,-122527.65906203917,-34627.08139195146,0.2222222222222222,0.2222222222222222,0.4444444444444444
cosmx_bcc_xdonor_spot_0000060133,-122568.41461759474,-34306.71472528479,0.6333333333333333,0.0,0.1666666666666666
cosmx_bcc_xdonor_spot_0000060134,-122571.11937949949,-33956.62901099908,0.25,0.4642857142857143,0.1071428571428571
cosmx_bcc_xdonor_spot_0000060135,-122559.96795092807,-33584.934725284795,0.68,0.12,0.08
cosmx_bcc_xdonor_spot_0000060136,-122537.43925527588,-33235.4147252848,0.782608695652174,0.0,0.0434782608695652
cosmx_bcc_xdonor_spot_0000060137,-122562.04795092807,-32864.449208043414,0.2413793103448276,0.0689655172413793,0.3793103448275862
cosmx_bcc_xdonor_spot_0000060138,-122585.24991240044,-32530.4882157541,0.1111111111111111,0.2222222222222222,0.3888888888888889
cosmx_bcc_xdonor_spot_0000060139,-122588.6871679906,-32172.862359818173,0.4705882352941176,0.2352941176470588,0.1764705882352941
cosmx_bcc_xdonor_spot_0000060140,-122614.151873873,-31840.65059511229,0.1,0.8,0.0
cosmx_bcc_xdonor_spot_0000060141,-122566.06725848836,-31483.373672035366,0.0,0.2307692307692307,0.0
cosmx_bcc_xdonor_spot_0000060425,-122186.8661327462,-36689.05108892116,0.0909090909090909,0.5454545454545454,0.0
cosmx_bcc_xdonor_spot_0000060426,-122202.100582507,-36362.25683054796,0.6842105263157895,0.0526315789473684,0.0526315789473684
cosmx_bcc_xdonor_spot_0000060427,-122227.6806039893,-36076.680031407246,0.979591836734694,0.0,0.0
cosmx_bcc_xdonor_spot_0000060428,-122274.56310244322,-35740.596543466614,0.9393939393939394,0.0606060606060606,0.0
cosmx_bcc_xdonor_spot_0000060429,-122253.30721018733,-35361.19250306257,0.9629629629629628,0.0,0.037037037037037
cosmx_bcc_xdonor_spot_0000060430,-122242.04795092806,-35027.86927073934,0.8181818181818182,0.0909090909090909,0.0909090909090909
cosmx_bcc_xdonor_spot_0000060431,-122207.22186397154,-34657.80602963262,0.391304347826087,0.2608695652173913,0.3478260869565217
cosmx_bcc_xdonor_spot_0000060432,-122249.66699854711,-34294.986153856225,0.3333333333333333,0.2857142857142857,0.2857142857142857
cosmx_bcc_xdonor_spot_0000060433,-122225.44795092806,-33950.48139195146,0.8,0.0333333333333333,0.0
cosmx_bcc_xdonor_spot_0000060434,-122208.52795092807,-33605.6947252848,0.56,0.4,0.04
cosmx_bcc_xdonor_spot_0000060435,-122184.64795092803,-33247.94805861813,0.0666666666666666,0.6666666666666666,0.1333333333333333
cosmx_bcc_xdonor_spot_0000060436,-122236.86613274623,-32890.596543466614,0.4090909090909091,0.1363636363636363,0.2272727272727272
cosmx_bcc_xdonor_spot_0000060437,-122230.56641561109,-32549.556165622398,0.7083333333333334,0.1666666666666666,0.0833333333333333
cosmx_bcc_xdonor_spot_0000060438,-122194.8685405396,-32146.783928445624,1.0,0.0,0.0
cosmx_bcc_xdonor_spot_0000060439,-122186.97818966242,-31833.87164774387,0.7368421052631579,0.0,0.0
cosmx_bcc_xdonor_spot_0000060440,-122230.25187387296,-31451.383928445623,0.0666666666666666,0.3333333333333333,0.2
cosmx_bcc_xdonor_spot_0000060441,-122117.701873873,-31127.325595112292,0.0,0.0,0.0
cosmx_bcc_xdonor_spot_0000060445,-122176.30901673014,-29601.307737969437,0.8571428571428571,0.0,0.0
cosmx_bcc_xdonor_spot_0000060446,-122189.63369205479,-29286.905140566836,0.2727272727272727,0.0,0.0
cosmx_bcc_xdonor_spot_0000060724,-121847.98912739863,-36703.591195873036,0.1176470588235294,0.4705882352941176,0.1176470588235294
cosmx_bcc_xdonor_spot_0000060725,-121850.07825395837,-36433.323816193886,0.5151515151515151,0.1818181818181818,0.0606060606060606
cosmx_bcc_xdonor_spot_0000060726,-121855.76795092806,-36070.3747252848,0.76,0.08,0.04
cosmx_bcc_xdonor_spot_0000060727,-121820.04795092807,-35713.34065121072,0.9629629629629628,0.0,0.037037037037037
cosmx_bcc_xdonor_spot_0000060728,-121858.98545092807,-35356.9147252848,1.0,0.0,0.0
cosmx_bcc_xdonor_spot_0000060729,-121860.4272612729,-35004.48369080204,1.0,0.0,0.0
cosmx_bcc_xdonor_spot_0000060730,-121847.90509378522,-34675.80758242765,0.9642857142857144,0.0357142857142857,0.0
cosmx_bcc_xdonor_spot_0000060731,-121867.43925527588,-34248.719073110886,1.0,0.0,0.0
cosmx_bcc_xdonor_spot_0000060732,-121879.74025862037,-33944.1070329771,1.0,0.0,0.0
cosmx_bcc_xdonor_spot_0000060733,-121931.9710278511,-33637.03010990018,0.9230769230769232,0.0769230769230769,0.0
cosmx_bcc_xdonor_spot_0000060734,-121827.14472512162,-33228.253434962215,1.0,0.0,0.0
cosmx_bcc_xdonor_spot_0000060735,-121878.43256631264,-32885.49164836172,0.3846153846153846,0.3076923076923077,0.1538461538461538
cosmx_bcc_xdonor_spot_0000060736,-121882.98026190166,-32534.17101085447,1.0,0.0,0.0
cosmx_bcc_xdonor_spot_0000060737,-121856.13187387293,-32176.21059511229,1.0,0.0,0.0
cosmx_bcc_xdonor_spot_0000060738,-121836.68996911103,-31845.92678558848,0.9523809523809524,0.0,0.0
cosmx_bcc_xdonor_spot_0000060739,-121889.28520720631,-31497.283928445624,0.4166666666666667,0.0,0.0
cosmx_bcc_xdonor_spot_0000060740,-121848.95187387297,-31103.736309398002,0.2142857142857142,0.0,0.0714285714285714
cosmx_bcc_xdonor_spot_0000060741,-121871.78520720631,-30767.283928445624,0.0833333333333333,0.4166666666666667,0.0
cosmx_bcc_xdonor_spot_0000060742,-121798.45187387298,-30407.650595112296,0.0,0.0,0.0
cosmx_bcc_xdonor_spot_0000061023,-121503.63618622217,-36676.23825469656,0.9411764705882352,0.0588235294117647,0.0
cosmx_bcc_xdonor_spot_0000061024,-121528.01764789777,-36412.384422254494,1.0,0.0,0.0
cosmx_bcc_xdonor_spot_0000061025,-121491.4923953725,-36069.02583639591,0.8333333333333334,0.0,0.0
cosmx_bcc_xdonor_spot_0000061026,-121522.4995638313,-35711.76956399447,1.0,0.0,0.0
cosmx_bcc_xdonor_spot_0000061027,-121515.8812842614,-35358.114725284795,0.9666666666666668,0.0,0.0
cosmx_bcc_xdonor_spot_0000061028,-121517.29795092807,-35007.09329671336,1.0,0.0,0.0
cosmx_bcc_xdonor_spot_0000061029,-121521.08795092806,-34654.6947252848,0.96,0.0,0.0
cosmx_bcc_xdonor_spot_0000061030,-121524.36795092806,-34303.85472528479,1.0,0.0,0.0
cosmx_bcc_xdonor_spot_0000061031,-121516.64795092806,-33932.254725284794,1.0,0.0,0.0
cosmx_bcc_xdonor_spot_0000061032,-121507.47652235662,-33606.70043957051,0.9047619047619048,0.0952380952380952,0.0
cosmx_bcc_xdonor_spot_0000061033,-121541.62859608936,-33249.44698334931,1.0,0.0,0.0
cosmx_bcc_xdonor_spot_0000061034,-121519.66333554342,-32944.26087913095,0.6153846153846154,0.3076923076923077,0.0769230769230769
cosmx_bcc_xdonor_spot_0000061035,-121482.44222009277,-32539.240352506233,1.0,0.0,0.0
cosmx_bcc_xdonor_spot_0000061036,-121519.79802771908,-32180.835210496905,0.9615384615384616,0.0,0.0
cosmx_bcc_xdonor_spot_0000061037,-121512.75187387294,-31804.30059511229,1.0,0.0,0.0
cosmx_bcc_xdonor_spot_0000061038,-121485.92246210824,-31448.332948053467,0.9411764705882352,0.0,0.0
cosmx_bcc_xdonor_spot_0000061039,-121508.91854053963,-31126.383928445623,0.8,0.0,0.0666666666666666
cosmx_bcc_xdonor_spot_0000061040,-121478.56952093178,-30789.921183347582,0.0,0.5882352941176471,0.4117647058823529
cosmx_bcc_xdonor_spot_0000061041,-121504.67409609522,-30379.783928445624,0.3333333333333333,0.2222222222222222,0.3333333333333333
cosmx_bcc_xdonor_spot_0000061042,-121476.7375881587,-30099.164880826578,0.0,0.0,0.0
cosmx_bcc_xdonor_spot_0000061046,-121530.85187387299,-28600.450595112296,0.6,0.2,0.0
cosmx_bcc_xdonor_spot_0000061322,-121182.31110882279,-36700.309462126905,1.0,0.0,0.0
cosmx_bcc_xdonor_spot_0000061323,-121140.17295092807,-36416.1022252848,0.84375,0.0625,0.0
cosmx_bcc_xdonor_spot_0000061324,-121154.49239537251,-36087.67398454405,0.8518518518518519,0.074074074074074,0.0
cosmx_bcc_xdonor_spot_0000061325,-121124.77872015884,-35699.6070329771,1.0,0.0,0.0
cosmx_bcc_xdonor_spot_0000061326,-121162.43256631268,-35357.83780220787,1.0,0.0,0.0
cosmx_bcc_xdonor_spot_0000061327,-121150.82572870584,-34995.859169729236,1.0,0.0,0.0
cosmx_bcc_xdonor_spot_0000061328,-121166.69311221839,-34677.4147252848,1.0,0.0,0.0
cosmx_bcc_xdonor_spot_0000061329,-121147.78128426141,-34290.21472528479,1.0,0.0,0.0
cosmx_bcc_xdonor_spot_0000061330,-121154.44795092805,-33941.8147252848,1.0,0.0,0.0
cosmx_bcc_xdonor_spot_0000061331,-121126.45704183714,-33619.960179830254,0.9545454545454546,0.0454545454545454,0.0
cosmx_bcc_xdonor_spot_0000061332,-121179.7562842614,-33240.49805861813,1.0,0.0,0.0
cosmx_bcc_xdonor_spot_0000061333,-121149.69500975158,-32881.708842931854,0.5882352941176471,0.1764705882352941,0.0588235294117647
cosmx_bcc_xdonor_spot_0000061334,-121162.74350726345,-32520.635051520374,0.9333333333333332,0.0,0.0333333333333333
cosmx_bcc_xdonor_spot_0000061335,-121138.1791466002,-32184.85968602138,0.9545454545454546,0.0,0.0
cosmx_bcc_xdonor_spot_0000061336,-121160.97361300337,-31822.32016032968,1.0,0.0,0.0
cosmx_bcc_xdonor_spot_0000061337,-121178.01437387295,-31525.01309511229,1.0,0.0,0.0
cosmx_bcc_xdonor_spot_0000061338,-121133.41341233447,-31098.104441266136,0.0384615384615384,0.5384615384615384,0.2307692307692307
cosmx_bcc_xdonor_spot_0000061339,-121156.15187387292,-30766.083928445623,0.0,0.3333333333333333,0.3666666666666666
cosmx_bcc_xdonor_spot_0000061340,-121162.63369205476,-30417.632413294108,0.0,0.4090909090909091,0.5454545454545454
cosmx_bcc_xdonor_spot_0000061341,-121171.95187387297,-30053.307737969433,0.0,0.0714285714285714,0.2857142857142857
cosmx_bcc_xdonor_spot_0000061342,-121090.11854053965,-29730.61726177896,0.0,0.0,0.0
cosmx_bcc_xdonor_spot_0000061346,-121108.05187387299,-28372.850595112297,0.6,0.0,0.0
cosmx_bcc_xdonor_spot_0000061621,-120782.54795092803,-36715.84329671336,1.0,0.0,0.0
cosmx_bcc_xdonor_spot_0000061622,-120793.12487400499,-36426.222417592486,0.9615384615384616,0.0,0.0
cosmx_bcc_xdonor_spot_0000061623,-120810.43683981696,-36051.27583639591,1.0,0.0,0.0
cosmx_bcc_xdonor_spot_0000061624,-120789.91001989358,-35731.00093218135,0.9310344827586208,0.0,0.0344827586206896
cosmx_bcc_xdonor_spot_0000061625,-120811.0193794995,-35353.92901099908,0.9428571428571428,0.0,0.0571428571428571
cosmx_bcc_xdonor_spot_0000061626,-120796.47652235664,-35000.09329671336,1.0,0.0,0.0
cosmx_bcc_xdonor_spot_0000061627,-120746.54795092807,-34665.45318682326,0.9230769230769232,0.0,0.0384615384615384
cosmx_bcc_xdonor_spot_0000061628,-120805.33961759473,-34293.49805861813,0.9583333333333334,0.0,0.0
cosmx_bcc_xdonor_spot_0000061629,-120788.38128426138,-33938.271868141936,1.0,0.0,0.0
cosmx_bcc_xdonor_spot_0000061630,-120805.51461759473,-33593.848058618125,1.0,0.0,0.0
cosmx_bcc_xdonor_spot_0000061631,-120795.89795092805,-33244.6647252848,1.0,0.0,0.0
cosmx_bcc_xdonor_spot_0000061632,-120778.33961759473,-32873.45639195146,0.5833333333333334,0.2083333333333333,0.125
cosmx_bcc_xdonor_spot_0000061633,-120812.16559878083,-32522.93541941604,0.8076923076923077,0.0,0.1153846153846153
cosmx_bcc_xdonor_spot_0000061634,-120811.69187387293,-32180.29059511229,1.0,0.0,0.0
cosmx_bcc_xdonor_spot_0000061635,-120793.53883039467,-31819.885377720984,0.6956521739130435,0.0434782608695652,0.1304347826086956
cosmx_bcc_xdonor_spot_0000061636,-120801.84317822076,-31471.798421199248,0.217391304347826,0.4347826086956521,0.1304347826086956
cosmx_bcc_xdonor_spot_0000061637,-120818.31551023657,-31154.268776930472,0.0909090909090909,0.2727272727272727,0.4545454545454545
cosmx_bcc_xdonor_spot_0000061638,-120860.95187387294,-30748.5415042032,0.0454545454545454,0.4090909090909091,0.4090909090909091
cosmx_bcc_xdonor_spot_0000061639,-120799.84317822076,-30400.841899460116,0.0869565217391304,0.4347826086956521,0.3478260869565217
cosmx_bcc_xdonor_spot_0000061640,-120808.02330244436,-30068.414880826575,0.0,0.1071428571428571,0.25
cosmx_bcc_xdonor_spot_0000061641,-120821.9134123345,-29752.912133573827,0.0,0.0769230769230769,0.3076923076923077
cosmx_bcc_xdonor_spot_0000061644,-120793.05187387299,-28635.450595112296,0.6,0.0,0.0
cosmx_bcc_xdonor_spot_0000061645,-120862.25187387299,-28369.850595112297,0.4,0.0,0.0
cosmx_bcc_xdonor_spot_0000061920,-120513.4694728242,-36673.8147252848,1.0,0.0,0.0
cosmx_bcc_xdonor_spot_0000061921,-120476.7732346981,-36409.849507893494,1.0,0.0,0.0
cosmx_bcc_xdonor_spot_0000061922,-120456.0429822083,-36067.62901099908,1.0,0.0,0.0
cosmx_bcc_xdonor_spot_0000061923,-120427.03916493607,-35729.20639195146,1.0,0.0,0.0
cosmx_bcc_xdonor_spot_0000061924,-120443.15523780485,-35341.59991046998,1.0,0.0,0.0
cosmx_bcc_xdonor_spot_0000061925,-120461.72975643724,-35000.45820354566,1.0,0.0,0.0
cosmx_bcc_xdonor_spot_0000061926,-120464.55998818803,-34671.22954009961,1.0,0.0,0.0
cosmx_bcc_xdonor_spot_0000061927,-120442.53184442279,-34292.0056343757,1.0,0.0,0.0
cosmx_bcc_xdonor_spot_0000061928,-120448.58083160274,-33938.99805861813,1.0,0.0,0.0
cosmx_bcc_xdonor_spot_0000061929,-120450.97664678955,-33576.9147252848,1.0,0.0,0.0
cosmx_bcc_xdonor_spot_0000061930,-120442.59808158268,-33235.254725284794,1.0,0.0,0.0
cosmx_bcc_xdonor_spot_0000061931,-120457.38193035028,-32871.28429050219,0.3478260869565217,0.1739130434782608,0.0869565217391304
cosmx_bcc_xdonor_spot_0000061932,-120443.28939374577,-32540.354357512868,0.6538461538461539,0.2692307692307692,0.0769230769230769
cosmx_bcc_xdonor_spot_0000061933,-120474.95187387295,-32153.38809511229,0.75,0.0625,0.0
cosmx_bcc_xdonor_spot_0000061934,-120458.76766334663,-31813.240068796502,0.5263157894736842,0.1052631578947368,0.2631578947368421
cosmx_bcc_xdonor_spot_0000061935,-120454.66926517729,-31479.189725547072,0.782608695652174,0.1739130434782608,0.0434782608695652
cosmx_bcc_xdonor_spot_0000061936,-120440.74599152,-31145.156477465232,0.7058823529411765,0.0,0.1176470588235294
cosmx_bcc_xdonor_spot_0000061937,-120473.03082124137,-30764.766384585975,0.8421052631578947,0.0,0.0
cosmx_bcc_xdonor_spot_0000061938,-120473.45187387295,-30377.617261778956,0.3888888888888889,0.0,0.3333333333333333
cosmx_bcc_xdonor_spot_0000061939,-120462.3685405396,-30043.283928445624,0.0416666666666666,0.125,0.3333333333333333
cosmx_bcc_xdonor_spot_0000061940,-120486.83648925758,-29692.681364343058,0.0,0.0769230769230769,0.0769230769230769
cosmx_bcc_xdonor_spot_0000061941,-120367.5629849841,-29413.895039556737,0.0,0.0,0.0
cosmx_bcc_xdonor_spot_0000062219,-120075.80604297717,-36710.9147252848,1.0,0.0,0.0
cosmx_bcc_xdonor_spot_0000062220,-120093.8915130627,-36471.29934066941,0.9615384615384616,0.0,0.0384615384615384
cosmx_bcc_xdonor_spot_0000062221,-120057.19493186606,-36063.58139195146,0.9444444444444444,0.0,0.0
cosmx_bcc_xdonor_spot_0000062222,-120084.66715408833,-35706.08139195146,1.0,0.0,0.0
cosmx_bcc_xdonor_spot_0000062223,-120103.18726903088,-35360.5871390779,1.0,0.0,0.0
cosmx_bcc_xdonor_spot_0000062224,-120083.083820755,-35024.26087913095,0.8846153846153846,0.0,0.0769230769230769
cosmx_bcc_xdonor_spot_0000062225,-120091.49291166407,-34644.823816193886,1.0,0.0,0.0
cosmx_bcc_xdonor_spot_0000062226,-120102.35048742169,-34279.21472528479,0.9666666666666668,0.0,0.0333333333333333
cosmx_bcc_xdonor_spot_0000062227,-120091.583820755,-33931.33780220787,0.9615384615384616,0.0,0.0384615384615384
cosmx_bcc_xdonor_spot_0000062228,-120103.95338597237,-33560.371247023926,1.0,0.0,0.0
cosmx_bcc_xdonor_spot_0000062229,-120094.11953504072,-33228.986153856225,0.7857142857142857,0.1071428571428571,0.0357142857142857
cosmx_bcc_xdonor_spot_0000062230,-120104.05048742169,-32913.0147252848,0.3333333333333333,0.5,0.0333333333333333
cosmx_bcc_xdonor_spot_0000062231,-120074.99484399408,-32557.742918334323,1.0,0.0,0.0
cosmx_bcc_xdonor_spot_0000062232,-120127.22965165072,-32187.283928445624,1.0,0.0,0.0
cosmx_bcc_xdonor_spot_0000062233,-120113.27005569116,-31802.177867839564,0.9090909090909092,0.0909090909090909,0.0
cosmx_bcc_xdonor_spot_0000062234,-120086.95187387295,-31473.283928445624,0.9444444444444444,0.0555555555555555,0.0
cosmx_bcc_xdonor_spot_0000062235,-120113.6185405396,-31105.07559511229,0.875,0.0416666666666666,0.0416666666666666
cosmx_bcc_xdonor_spot_0000062236,-120100.24134755715,-30762.555858270185,0.8421052631578947,0.0526315789473684,0.0
cosmx_bcc_xdonor_spot_0000062237,-120082.78520720628,-30390.672817334515,0.2222222222222222,0.5,0.2222222222222222
cosmx_bcc_xdonor_spot_0000062238,-120100.71503176769,-30093.345331954395,0.0,0.1578947368421052,0.5789473684210527
cosmx_bcc_xdonor_spot_0000062239,-120125.63369205479,-29720.996049657744,0.0,0.1818181818181818,0.0909090909090909
cosmx_bcc_xdonor_spot_0000062240,-120116.701873873,-29345.825595112292,0.0,0.375,0.125
cosmx_bcc_xdonor_spot_0000062518,-119737.97270964383,-36702.52583639591,1.0,0.0,0.0
cosmx_bcc_xdonor_spot_0000062519,-119741.9367619315,-36423.091195873036,1.0,0.0,0.0
cosmx_bcc_xdonor_spot_0000062520,-119749.39632075495,-36098.6022252848,0.9375,0.0,0.0625
cosmx_bcc_xdonor_spot_0000062521,-119725.20382075499,-35702.4547252848,0.92,0.08,0.0
cosmx_bcc_xdonor_spot_0000062522,-119775.6552493264,-35379.31948718956,0.9523809523809524,0.0,0.0476190476190476
cosmx_bcc_xdonor_spot_0000062523,-119745.31715408835,-35011.84805861813,1.0,0.0,0.0
cosmx_bcc_xdonor_spot_0000062524,-119693.13382075497,-34647.46472528479,0.85,0.05,0.1
cosmx_bcc_xdonor_spot_0000062525,-119728.59810646932,-34312.38615385623,0.9428571428571428,0.0571428571428571,0.0
cosmx_bcc_xdonor_spot_0000062526,-119739.1364523339,-33942.625251600584,0.8947368421052632,0.1052631578947368,0.0
cosmx_bcc_xdonor_spot_0000062527,-119746.69920537039,-33585.76087913095,0.9230769230769232,0.0384615384615384,0.0384615384615384
cosmx_bcc_xdonor_spot_0000062528,-119768.80795868605,-33246.035414939965,0.3448275862068966,0.2068965517241379,0.1034482758620689
cosmx_bcc_xdonor_spot_0000062529,-119744.02826519939,-32834.58139195146,0.6111111111111112,0.2777777777777778,0.1111111111111111
cosmx_bcc_xdonor_spot_0000062530,-119745.96639518294,-32529.57065428161,1.0,0.0,0.0
cosmx_bcc_xdonor_spot_0000062531,-119768.11854053962,-32156.050595112287,0.8666666666666667,0.0666666666666666,0.0
cosmx_bcc_xdonor_spot_0000062532,-119743.65187387294,-31825.05059511229,1.0,0.0,0.0
cosmx_bcc_xdonor_spot_0000062533,-119735.50450545189,-31462.71375300703,0.6842105263157895,0.3157894736842105,0.0
cosmx_bcc_xdonor_spot_0000062534,-119756.02879694986,-31106.296748958444,0.5769230769230769,0.2307692307692307,0.1923076923076923
cosmx_bcc_xdonor_spot_0000062535,-119748.90187387294,-30769.50059511229,0.6,0.15,0.2
cosmx_bcc_xdonor_spot_0000062536,-119718.95187387292,-30405.017261778954,0.0,0.4,0.4666666666666667
cosmx_bcc_xdonor_spot_0000062537,-119739.45187387295,-30091.5094186417,0.0588235294117647,0.5294117647058824,0.1764705882352941
cosmx_bcc_xdonor_spot_0000062538,-119740.80481504941,-29689.80353628876,0.1176470588235294,0.2352941176470588,0.0588235294117647
cosmx_bcc_xdonor_spot_0000062540,-119733.451873873,-28956.164880826578,0.0,0.1428571428571428,0.0
cosmx_bcc_xdonor_spot_0000062817,-119422.51239218353,-36710.12901099908,0.9285714285714286,0.0,0.0
cosmx_bcc_xdonor_spot_0000062818,-119387.18059494857,-36421.76956399447,1.0,0.0,0.0
cosmx_bcc_xdonor_spot_0000062819,-119384.60233927352,-36072.266577136645,1.0,0.0,0.0
cosmx_bcc_xdonor_spot_0000062820,-119375.36953504069,-35687.93853480861,0.9523809523809524,0.0476190476190476,0.0
cosmx_bcc_xdonor_spot_0000062821,-119395.2451110776,-35358.57601560738,1.0,0.0,0.0
cosmx_bcc_xdonor_spot_0000062822,-119381.15278627226,-35019.449208043414,0.9310344827586208,0.0,0.0689655172413793
cosmx_bcc_xdonor_spot_0000062823,-119368.94096361216,-34671.55758242765,1.0,0.0,0.0
cosmx_bcc_xdonor_spot_0000062824,-119406.93382075496,-34251.364725284795,0.7,0.1,0.15
cosmx_bcc_xdonor_spot_0000062825,-119392.08382075498,-33964.732907102974,1.0,0.0,0.0
cosmx_bcc_xdonor_spot_0000062826,-119408.02826519939,-33588.19250306257,0.3888888888888889,0.2222222222222222,0.3333333333333333
cosmx_bcc_xdonor_spot_0000062827,-119385.49291166407,-33240.05108892116,0.0,0.4545454545454545,0.5454545454545454
cosmx_bcc_xdonor_spot_0000062828,-119387.08382075495,-32862.65001940244,0.7647058823529411,0.1764705882352941,0.0588235294117647
cosmx_bcc_xdonor_spot_0000062829,-119398.3162753558,-32508.38474833374,1.0,0.0,0.0
cosmx_bcc_xdonor_spot_0000062830,-119399.45187387295,-32151.672817334515,0.9444444444444444,0.0555555555555555,0.0
cosmx_bcc_xdonor_spot_0000062831,-119406.22965165072,-31831.006150667847,0.8333333333333334,0.0,0.0
cosmx_bcc_xdonor_spot_0000062832,-119361.13608439926,-31459.71375300703,0.3684210526315789,0.0,0.3157894736842105
cosmx_bcc_xdonor_spot_0000062833,-119381.29562387292,-31107.38809511229,0.0,0.5,0.3125
cosmx_bcc_xdonor_spot_0000062834,-119382.86566697637,-30765.933353732977,0.0,0.2068965517241379,0.5862068965517241
cosmx_bcc_xdonor_spot_0000062835,-119381.87122871164,-30412.25704672519,0.0,0.2903225806451613,0.1612903225806451
cosmx_bcc_xdonor_spot_0000062836,-119379.95187387295,-30054.950595112292,0.2222222222222222,0.2222222222222222,0.2222222222222222
cosmx_bcc_xdonor_spot_0000062837,-119371.8090167301,-29690.307737969433,0.2142857142857142,0.0714285714285714,0.1428571428571428
cosmx_bcc_xdonor_spot_0000062838,-119378.32687387295,-29335.57559511229,0.25,0.0625,0.0
cosmx_bcc_xdonor_spot_0000062839,-119276.28520720633,-29052.61726177896,0.1666666666666666,0.0,0.1666666666666666
cosmx_bcc_xdonor_spot_0000062840,-119379.59473101585,-28743.879166540864,0.0,0.0,0.0
cosmx_bcc_xdonor_spot_0000063117,-119057.02499722554,-36363.12060763774,0.9411764705882352,0.0,0.0588235294117647
cosmx_bcc_xdonor_spot_0000063118,-119034.96260863381,-36057.4450283151,1.0,0.0,0.0
cosmx_bcc_xdonor_spot_0000063119,-119081.26563893679,-35737.77836164843,0.9545454545454546,0.0454545454545454,0.0
cosmx_bcc_xdonor_spot_0000063120,-119037.08382075498,-35372.14199801207,0.5454545454545454,0.3636363636363636,0.0
cosmx_bcc_xdonor_spot_0000063121,-119048.20146781378,-34999.47354881421,0.5882352941176471,0.2941176470588235,0.0
cosmx_bcc_xdonor_spot_0000063122,-119021.61953504072,-34648.736153856225,0.6785714285714286,0.0714285714285714,0.0357142857142857
cosmx_bcc_xdonor_spot_0000063123,-119015.49291166407,-34300.86927073934,0.5,0.3636363636363636,0.0909090909090909
cosmx_bcc_xdonor_spot_0000063124,-118999.6490381463,-33948.4147252848,0.6956521739130435,0.217391304347826,0.0
cosmx_bcc_xdonor_spot_0000063125,-119043.29215408833,-33594.7897252848,0.0833333333333333,0.4166666666666667,0.375
cosmx_bcc_xdonor_spot_0000063126,-119045.08382075501,-33241.30361417368,0.0,0.3333333333333333,0.6666666666666666
cosmx_bcc_xdonor_spot_0000063127,-119011.95048742162,-32907.48139195146,0.2,0.1333333333333333,0.6666666666666666
cosmx_bcc_xdonor_spot_0000063128,-119045.26196907747,-32533.738972897485,0.8461538461538461,0.0,0.1538461538461538
cosmx_bcc_xdonor_spot_0000063129,-119042.26980878701,-32187.05059511229,0.8,0.0,0.05
cosmx_bcc_xdonor_spot_0000063130,-119030.15730878703,-31838.95059511229,0.4375,0.0,0.0
cosmx_bcc_xdonor_spot_0000063131,-119035.41812115091,-31456.60848984913,0.3157894736842105,0.0526315789473684,0.1052631578947368
cosmx_bcc_xdonor_spot_0000063132,-119032.18967971904,-31123.82559511229,0.0,0.34375,0.5
cosmx_bcc_xdonor_spot_0000063133,-119039.12227533202,-30760.565979727675,0.0,0.4230769230769231,0.2692307692307692
cosmx_bcc_xdonor_spot_0000063134,-119032.08657301111,-30413.873672035366,0.0,0.2692307692307692,0.2307692307692307
cosmx_bcc_xdonor_spot_0000063135,-119091.45984494587,-30074.450595112292,0.0,0.2222222222222222,0.4444444444444444
cosmx_bcc_xdonor_spot_0000063136,-119015.90955065128,-29703.13809511229,0.0,0.0,0.0
cosmx_bcc_xdonor_spot_0000063137,-119031.0686131261,-29328.78392844562,0.2,0.0,0.0666666666666666
cosmx_bcc_xdonor_spot_0000063138,-119051.29017321397,-28995.274124524054,0.2941176470588235,0.0,0.0
cosmx_bcc_xdonor_spot_0000063139,-119020.97429251549,-28657.075595112292,0.0,0.0,0.0
cosmx_bcc_xdonor_spot_0000063415,-118703.283820755,-36679.8147252848,0.6,0.4,0.0
cosmx_bcc_xdonor_spot_0000063416,-118691.36953504072,-36442.45043957051,0.8214285714285714,0.1071428571428571,0.0357142857142857
cosmx_bcc_xdonor_spot_0000063417,-118641.8933445645,-36081.22424909432,0.9523809523809524,0.0,0.0476190476190476
cosmx_bcc_xdonor_spot_0000063418,-118630.77132075495,-35740.4772252848,0.9375,0.0625,0.0
cosmx_bcc_xdonor_spot_0000063419,-118679.54535921654,-35336.99164836172,0.9615384615384616,0.0,0.0
cosmx_bcc_xdonor_spot_0000063420,-118732.56208162455,-35004.80602963262,0.8695652173913043,0.1304347826086956,0.0
cosmx_bcc_xdonor_spot_0000063421,-118686.08382075498,-34615.960179830254,0.8636363636363636,0.0909090909090909,0.0
cosmx_bcc_xdonor_spot_0000063422,-118690.25773379847,-34310.4147252848,1.0,0.0,0.0
cosmx_bcc_xdonor_spot_0000063423,-118666.47667789787,-33941.59329671336,1.0,0.0,0.0
cosmx_bcc_xdonor_spot_0000063424,-118659.87692420329,-33598.51817356066,0.896551724137931,0.1034482758620689,0.0
cosmx_bcc_xdonor_spot_0000063425,-118681.043820755,-33216.334725284796,0.44,0.12,0.44
cosmx_bcc_xdonor_spot_0000063426,-118672.61715408835,-32920.31472528479,0.0,0.2333333333333333,0.6
cosmx_bcc_xdonor_spot_0000063428,-118680.82107703433,-32167.57559511229,0.5,0.3333333333333333,0.125
cosmx_bcc_xdonor_spot_0000063429,-118648.05917227243,-31817.87916654086,0.238095238095238,0.4285714285714285,0.1428571428571428
cosmx_bcc_xdonor_spot_0000063430,-118690.63774370102,-31466.700595112292,0.1,0.25,0.2
cosmx_bcc_xdonor_spot_0000063431,-118708.76047097374,-31129.132413294108,0.0454545454545454,0.6363636363636364,0.3181818181818182
cosmx_bcc_xdonor_spot_0000063432,-118713.64563843787,-30752.661121428082,0.0,0.6842105263157895,0.2105263157894736
cosmx_bcc_xdonor_spot_0000063433,-118702.42107703436,-30470.583928445623,0.0,0.4666666666666667,0.2666666666666666
cosmx_bcc_xdonor_spot_0000063434,-118670.90441036767,-30020.20059511229,0.1666666666666666,0.1666666666666666,0.5
cosmx_bcc_xdonor_spot_0000063435,-118677.48774370101,-29696.736309398002,0.0,0.1428571428571428,0.2142857142857142
cosmx_bcc_xdonor_spot_0000063436,-118709.98774370099,-29386.950595112292,0.0,0.125,0.125
cosmx_bcc_xdonor_spot_0000063437,-118717.23774370099,-28948.575595112292,0.0,0.125,0.0
cosmx_bcc_xdonor_spot_0000063438,-118691.48774370099,-28630.283928445628,0.1666666666666666,0.0,0.0
cosmx_bcc_xdonor_spot_0000063439,-118743.687743701,-28360.450595112296,0.0,0.0,0.0
cosmx_bcc_xdonor_spot_0000063714,-118311.68382075499,-36647.614725284795,0.6,0.4,0.0
cosmx_bcc_xdonor_spot_0000063715,-118305.708820755,-36423.37305861813,0.8333333333333334,0.1666666666666666,0.0
cosmx_bcc_xdonor_spot_0000063716,-118297.76803128127,-36105.67788317953,0.8947368421052632,0.1052631578947368,0.0
cosmx_bcc_xdonor_spot_0000063717,-118312.27132075503,-35680.2584752848,1.0,0.0,0.0
cosmx_bcc_xdonor_spot_0000063718,-118290.82295118977,-35379.63211658914,1.0,0.0,0.0
cosmx_bcc_xdonor_spot_0000063719,-118265.63382075497,-34981.71472528479,0.85,0.15,0.0
cosmx_bcc_xdonor_spot_0000063720,-118345.75048742164,-34651.89091576099,0.9523809523809524,0.0476190476190476,0.0
cosmx_bcc_xdonor_spot_0000063721,-118327.84572551688,-34291.12901099908,1.0,0.0,0.0
cosmx_bcc_xdonor_spot_0000063722,-118340.05048742169,-33947.614725284795,0.9666666666666668,0.0,0.0
cosmx_bcc_xdonor_spot_0000063723,-118351.56001123117,-33621.033772903844,0.9047619047619048,0.0952380952380952,0.0
cosmx_bcc_xdonor_spot_0000063724,-118443.1949318661,-33280.63694750702,0.4444444444444444,0.2222222222222222,0.3333333333333333
cosmx_bcc_xdonor_spot_0000063726,-118306.0453899334,-32569.8290732158,0.0,0.4,0.6
cosmx_bcc_xdonor_spot_0000063727,-118387.21501642828,-32161.814231475928,0.0,0.3636363636363636,0.3636363636363636
cosmx_bcc_xdonor_spot_0000063728,-118366.67292888615,-31797.08022474192,0.0,0.5555555555555556,0.1481481481481481
cosmx_bcc_xdonor_spot_0000063729,-118358.15441036767,-31478.35535701705,0.0,0.8095238095238095,0.1904761904761904
cosmx_bcc_xdonor_spot_0000063730,-118331.48774370101,-31156.75059511229,0.0,0.75,0.25
cosmx_bcc_xdonor_spot_0000063731,-118332.86869608196,-30791.069642731338,0.0,0.6190476190476191,0.2857142857142857
cosmx_bcc_xdonor_spot_0000063732,-118296.66421428927,-30389.45059511229,0.2352941176470588,0.2352941176470588,0.2941176470588235
cosmx_bcc_xdonor_spot_0000063733,-118287.7954360087,-30059.065979727675,0.3076923076923077,0.3846153846153846,0.2307692307692307
cosmx_bcc_xdonor_spot_0000063734,-118297.48774370101,-29714.117261778956,0.0,0.4285714285714285,0.1428571428571428
cosmx_bcc_xdonor_spot_0000063735,-118284.61274370099,-29383.825595112292,0.0,0.125,0.25
cosmx_bcc_xdonor_spot_0000063736,-118304.87235908562,-28984.45059511229,0.0769230769230769,0.0,0.0
cosmx_bcc_xdonor_spot_0000063737,-118308.62107703436,-28655.050595112287,0.0666666666666666,0.0666666666666666,0.0666666666666666
cosmx_bcc_xdonor_spot_0000063738,-118322.72813599538,-28339.757769077773,0.2,0.1,0.0
cosmx_bcc_xdonor_spot_0000063739,-118206.35637183966,-27922.653131606363,0.0,0.0,0.0
cosmx_bcc_xdonor_spot_0000063810,-118216.02072730099,-2894.64862473724,0.0,0.0,0.0
cosmx_bcc_xdonor_spot_0000063819,-118269.62138112499,348.115505435271,0.0,0.0,0.0
cosmx_bcc_xdonor_spot_0000064013,-117951.76808033937,-36727.609942641124,0.6,0.2666666666666666,0.0
cosmx_bcc_xdonor_spot_0000064014,-117974.99291166407,-36438.096543466614,0.6818181818181818,0.1363636363636363,0.0454545454545454
cosmx_bcc_xdonor_spot_0000064015,-117949.82456149574,-36079.155466025535,0.8888888888888888,0.037037037037037,0.074074074074074
cosmx_bcc_xdonor_spot_0000064016,-117981.41715408828,-35664.52583639591,0.9444444444444444,0.0555555555555555,0.0
cosmx_bcc_xdonor_spot_0000064017,-117967.37414333566,-35369.83408012351,1.0,0.0,0.0
cosmx_bcc_xdonor_spot_0000064018,-117950.45048742168,-35028.34805861813,1.0,0.0,0.0
cosmx_bcc_xdonor_spot_0000064019,-117932.38382075497,-34627.8147252848,0.95,0.0,0.05
cosmx_bcc_xdonor_spot_0000064020,-117959.83382075501,-34281.486153856225,0.9642857142857144,0.0,0.0357142857142857
cosmx_bcc_xdonor_spot_0000064021,-118014.61323251965,-33984.4147252848,0.9411764705882352,0.0,0.0588235294117647
cosmx_bcc_xdonor_spot_0000064022,-117962.38382075497,-33604.2647252848,0.1,0.3,0.15
cosmx_bcc_xdonor_spot_0000064024,-117967.51239218356,-32789.12901099908,0.0,0.4285714285714285,0.4285714285714285
cosmx_bcc_xdonor_spot_0000064026,-117945.687743701,-32170.850595112297,0.0,0.8,0.2
cosmx_bcc_xdonor_spot_0000064027,-118013.71851293178,-31867.373672035366,0.0769230769230769,0.6923076923076923,0.2307692307692307
cosmx_bcc_xdonor_spot_0000064028,-118008.48774370101,-31458.296748958444,0.0,0.5384615384615384,0.1538461538461538
cosmx_bcc_xdonor_spot_0000064029,-118001.80353317471,-31117.92427932282,0.0,0.8947368421052632,0.0526315789473684
cosmx_bcc_xdonor_spot_0000064030,-117910.2020294153,-30819.022023683716,0.0,0.9285714285714286,0.0714285714285714
cosmx_bcc_xdonor_spot_0000064031,-117993.61274370099,-30435.075595112292,0.0,1.0,0.0
cosmx_bcc_xdonor_spot_0000064032,-117994.77345798674,-30024.87916654086,0.2142857142857142,0.2857142857142857,0.2857142857142857
cosmx_bcc_xdonor_spot_0000064033,-117961.23774370101,-29702.117261778956,0.25,0.0,0.1666666666666666
cosmx_bcc_xdonor_spot_0000064034,-117950.63060084384,-29338.307737969437,0.0,0.2857142857142857,0.2857142857142857
cosmx_bcc_xdonor_spot_0000064035,-117986.48774370099,-28968.700595112292,0.0,0.75,0.25
cosmx_bcc_xdonor_spot_0000064036,-118026.48774370099,-28697.450595112292,0.1428571428571428,0.7142857142857143,0.0
cosmx_bcc_xdonor_spot_0000064038,-117972.41697790027,-27937.304646757882,0.0,0.0,0.0
cosmx_bcc_xdonor_spot_0000064039,-117981.05334153664,-27554.031919485155,0.0,0.0,0.0
cosmx_bcc_xdonor_spot_0000064040,-117946.57859406188,-27257.819798273027,0.3333333333333333,0.0,0.0
cosmx_bcc_xdonor_spot_0000064041,-117957.252205173,-26866.548964939706,0.625,0.0,0.0625
cosmx_bcc_xdonor_spot_0000064042,-117921.889705173,-26544.886464939696,0.8,0.0,0.0
cosmx_bcc_xdonor_spot_0000064043,-117909.089705173,-26151.286464939698,0.6,0.2,0.0
cosmx_bcc_xdonor_spot_0000064044,-117975.939705173,-25842.611464939695,0.5,0.125,0.125
cosmx_bcc_xdonor_spot_0000064108,-117957.72072730098,-3030.248624737236,0.125,0.0,0.0
cosmx_bcc_xdonor_spot_0000064109,-117980.51104988172,-2803.764753769495,0.4193548387096774,0.064516129032258,0.0
cosmx_bcc_xdonor_spot_0000064110,-118004.77628285655,-2551.5819580705697,0.5555555555555556,0.0,0.0
cosmx_bcc_xdonor_spot_0000064114,-117900.33183841211,-1013.3597358483489,0.0,0.0,0.0
cosmx_bcc_xdonor_spot_0000064115,-117927.37110869831,-666.3528821366067,0.0,0.0,0.5
cosmx_bcc_xdonor_spot_0000064116,-117958.9785239821,-367.6416374218719,0.0,0.0714285714285714,0.4285714285714285
cosmx_bcc_xdonor_spot_0000064117,-118014.1928096964,23.0726482924139,0.0714285714285714,0.0714285714285714,0.2142857142857142
cosmx_bcc_xdonor_spot_0000064118,-118011.98501748861,379.0791417989074,0.0,0.1818181818181818,0.0909090909090909
cosmx_bcc_xdonor_spot_0000064119,-117981.76423826783,717.5726482924138,0.0,0.1428571428571428,0.0
cosmx_bcc_xdonor_spot_0000064120,-117917.87138112498,1101.46550543527,0.0,0.0,0.125
cosmx_bcc_xdonor_spot_0000064121,-117922.53804779163,1474.21550543527,0.0,0.1666666666666666,0.25
cosmx_bcc_xdonor_spot_0000064122,-117950.7752272788,1787.792428512193,0.0,0.3076923076923077,0.2307692307692307
cosmx_bcc_xdonor_spot_0000064123,-117967.68804779163,2164.71550543527,0.0,0.2666666666666666,0.1333333333333333
cosmx_bcc_xdonor_spot_0000064124,-117968.87138112496,2522.3821721019367,0.0833333333333333,0.0,0.0
cosmx_bcc_xdonor_spot_0000064125,-117915.17693668052,2879.9377276574924,0.1111111111111111,0.0,0.1111111111111111
cosmx_bcc_xdonor_spot_0000064126,-117889.62138112499,3202.0488387686037,0.0,0.0,0.0
cosmx_bcc_xdonor_spot_0000064307,-117589.54910097136,-38542.71218879063,0.1666666666666666,0.1666666666666666,0.0
cosmx_bcc_xdonor_spot_0000064308,-117584.59812057922,-38171.731796633765,0.9411764705882352,0.0588235294117647,0.0
cosmx_bcc_xdonor_spot_0000064309,-117635.21576763796,-37836.27171260015,0.9285714285714286,0.0,0.0714285714285714
cosmx_bcc_xdonor_spot_0000064310,-117609.71576763797,-37528.263470841914,1.0,0.0,0.0
cosmx_bcc_xdonor_spot_0000064311,-117583.04910097137,-37154.978855457295,0.6,0.3333333333333333,0.0
cosmx_bcc_xdonor_spot_0000064312,-117615.23016948503,-36776.99270424397,0.8888888888888888,0.1111111111111111,0.0
cosmx_bcc_xdonor_spot_0000064313,-117621.47270964392,-36426.97028084035,0.9444444444444444,0.0555555555555555,0.0
cosmx_bcc_xdonor_spot_0000064314,-117659.58382075498,-36074.687452557526,0.0454545454545454,0.6363636363636364,0.0454545454545454
cosmx_bcc_xdonor_spot_0000064315,-117576.6552493264,-35727.986153856225,0.8095238095238095,0.1904761904761904,0.0
cosmx_bcc_xdonor_spot_0000064316,-117626.083820755,-35367.99805861813,0.9583333333333334,0.0416666666666666,0.0
cosmx_bcc_xdonor_spot_0000064317,-117633.13382075497,-35041.46472528479,1.0,0.0,0.0
cosmx_bcc_xdonor_spot_0000064318,-117643.66715408833,-34633.5397252848,0.9166666666666666,0.0,0.0416666666666666
cosmx_bcc_xdonor_spot_0000064319,-117619.81715408835,-34308.44805861813,0.9666666666666668,0.0,0.0333333333333333
cosmx_bcc_xdonor_spot_0000064320,-117619.08382075497,-33935.70043957051,0.0,0.7142857142857143,0.2142857142857142
cosmx_bcc_xdonor_spot_0000064321,-117595.86159853278,-33632.63694750702,0.0,0.6666666666666666,0.2222222222222222
cosmx_bcc_xdonor_spot_0000064322,-117565.26029134319,-33216.708842931854,0.0,0.4705882352941176,0.4117647058823529
cosmx_bcc_xdonor_spot_0000064323,-117576.29810646924,-32896.271868141936,0.0714285714285714,0.2857142857142857,0.1428571428571428
cosmx_bcc_xdonor_spot_0000064324,-117591.89978773189,-32546.430098068005,0.0,0.0,0.6428571428571429
cosmx_bcc_xdonor_spot_0000064325,-117571.88774370102,-32212.050595112287,0.0,0.8,0.2
cosmx_bcc_xdonor_spot_0000064326,-117645.60539075985,-31823.03883040641,0.2352941176470588,0.1764705882352941,0.1764705882352941
cosmx_bcc_xdonor_spot_0000064327,-117613.58774370099,-31478.65059511229,0.1,0.0,0.0
cosmx_bcc_xdonor_spot_0000064328,-117634.20996592326,-31101.72837289007,0.0,0.6666666666666666,0.1111111111111111
cosmx_bcc_xdonor_spot_0000064329,-117636.67292888615,-30788.895039556734,0.0,0.7777777777777778,0.2222222222222222
cosmx_bcc_xdonor_spot_0000064330,-117623.55024370103,-30427.57559511229,0.0,0.5,0.1875
cosmx_bcc_xdonor_spot_0000064331,-117616.48774370101,-30025.033928445624,0.0833333333333333,0.5833333333333334,0.25
cosmx_bcc_xdonor_spot_0000064332,-117620.3544103677,-29671.45059511229,0.0666666666666666,0.4,0.4666666666666667
cosmx_bcc_xdonor_spot_0000064333,-117623.06669106944,-29351.87164774387,0.0,0.4210526315789473,0.4736842105263157
cosmx_bcc_xdonor_spot_0000064334,-117602.9163151296,-28955.664880826575,0.0,0.1428571428571428,0.0714285714285714
cosmx_bcc_xdonor_spot_0000064335,-117595.25697447025,-28660.912133573827,0.0769230769230769,0.2307692307692307,0.0
cosmx_bcc_xdonor_spot_0000064336,-117569.15550007432,-28275.35941168307,0.3333333333333333,0.0,0.1111111111111111
cosmx_bcc_xdonor_spot_0000064337,-117638.689705173,-27965.923964939706,0.1875,0.0,0.0
cosmx_bcc_xdonor_spot_0000064338,-117606.314705173,-27579.611464939695,0.0,0.0,0.0
cosmx_bcc_xdonor_spot_0000064339,-117636.35637183966,-27264.819798273027,0.0,0.0,0.0
cosmx_bcc_xdonor_spot_0000064340,-117596.564705173,-26792.861464939695,0.0,0.0,0.125
cosmx_bcc_xdonor_spot_0000064341,-117635.35637183966,-26557.153131606367,0.1666666666666666,0.0,0.1666666666666666
cosmx_bcc_xdonor_spot_0000064342,-117622.05334153664,-26161.213737666967,0.1818181818181818,0.0,0.0
cosmx_bcc_xdonor_spot_0000064343,-117626.57859406188,-25825.93090938414,0.0,0.0,0.0
cosmx_bcc_xdonor_spot_0000064344,-117586.489705173,-25432.886464939696,0.0,0.2,0.0
cosmx_bcc_xdonor_spot_0000064407,-117583.72072730098,-3046.37362473724,0.375,0.0,0.0
cosmx_bcc_xdonor_spot_0000064408,-117715.85709093735,-2840.430442919056,0.3636363636363636,0.0,0.0
cosmx_bcc_xdonor_spot_0000064409,-117531.79215587242,-2443.820053308664,0.7142857142857143,0.0,0.1428571428571428
cosmx_bcc_xdonor_spot_0000064411,-117563.59572730098,-1722.7486247372362,0.0,0.0,0.125
cosmx_bcc_xdonor_spot_0000064412,-117595.1337707793,-1390.9007986502816,0.0,0.3043478260869565,0.217391304347826
cosmx_bcc_xdonor_spot_0000064413,-117619.30072730106,-1033.7286247372358,0.0,0.48,0.52
cosmx_bcc_xdonor_spot_0000064414,-117625.92105421302,-663.857468741891,0.0,0.3181818181818182,0.4090909090909091
cosmx_bcc_xdonor_spot_0000064415,-117662.91549877202,-345.57861221178786,0.0,0.1764705882352941,0.4705882352941176
cosmx_bcc_xdonor_spot_0000064416,-117608.86138112497,37.555505435271044,0.0,0.28,0.68
cosmx_bcc_xdonor_spot_0000064417,-117611.62138112498,358.452347540534,0.0,0.2631578947368421,0.6842105263157895
cosmx_bcc_xdonor_spot_0000064418,-117590.67401270392,762.3470843826395,0.0,0.3684210526315789,0.4210526315789473
cosmx_bcc_xdonor_spot_0000064419,-117620.46753497112,1081.5616592814238,0.0384615384615384,0.1153846153846153,0.6923076923076923
cosmx_bcc_xdonor_spot_0000064420,-117611.93956294315,1450.806414526179,0.0,0.0454545454545454,0.7272727272727273
cosmx_bcc_xdonor_spot_0000064421,-117617.23676574035,1806.792428512193,0.0,0.1538461538461538,0.3846153846153846
cosmx_bcc_xdonor_spot_0000064422,-117579.78804779163,2145.6321721019367,0.0416666666666666,0.2916666666666667,0.4583333333333333
cosmx_bcc_xdonor_spot_0000064423,-117583.99638112496,2524.15300543527,0.125,0.0,0.0
cosmx_bcc_xdonor_spot_0000064424,-117593.68388112496,2865.96550543527,0.25,0.0,0.0
cosmx_bcc_xdonor_spot_0000064425,-117617.38328588687,3201.0964578162225,0.4761904761904761,0.1428571428571428,0.0476190476190476
cosmx_bcc_xdonor_spot_0000064426,-117576.20746902468,3531.7766854845613,0.4285714285714285,0.2142857142857142,0.0714285714285714
cosmx_bcc_xdonor_spot_0000064427,-117537.99411734541,3938.5367784649325,0.0,0.0,0.0
cosmx_bcc_xdonor_spot_0000064428,-117523.58935544065,4273.17963560779,0.0,0.0,0.0
cosmx_bcc_xdonor_spot_0000064429,-117546.29768877398,4622.80463560779,0.125,0.0,0.0
cosmx_bcc_xdonor_spot_0000064430,-117486.422688774,4964.47963560779,0.4,0.0,0.0
cosmx_bcc_xdonor_spot_0000064605,-117235.11576763801,-38848.978855457295,0.0,0.2,0.0
cosmx_bcc_xdonor_spot_0000064606,-117275.71576763803,-38612.601077679516,0.0,0.2222222222222222,0.1111111111111111
cosmx_bcc_xdonor_spot_0000064607,-117278.34539726759,-38167.489966568406,1.0,0.0,0.0
cosmx_bcc_xdonor_spot_0000064608,-117281.16404350003,-37845.68920028488,1.0,0.0,0.0
cosmx_bcc_xdonor_spot_0000064609,-117286.48996118634,-37487.572403844395,0.935483870967742,0.0,0.064516129032258
cosmx_bcc_xdonor_spot_0000064610,-117283.12485854709,-37192.242491820936,0.9545454545454546,0.0,0.0
cosmx_bcc_xdonor_spot_0000064611,-117353.51669193822,-36751.51387978674,0.7777777777777778,0.0,0.1111111111111111
cosmx_bcc_xdonor_spot_0000064612,-117317.87329443917,-36453.4147252848,0.7894736842105263,0.2105263157894736,0.0
cosmx_bcc_xdonor_spot_0000064613,-117244.16715408833,-36061.20639195146,0.7916666666666666,0.1666666666666666,0.0
cosmx_bcc_xdonor_spot_0000064614,-117290.32624499746,-35698.35411922419,0.9393939393939394,0.0,0.0303030303030303
cosmx_bcc_xdonor_spot_0000064615,-117258.643820755,-35405.53472528479,0.68,0.2,0.08
cosmx_bcc_xdonor_spot_0000064616,-117253.67205604906,-35013.767666461266,0.1764705882352941,0.7647058823529411,0.0588235294117647
cosmx_bcc_xdonor_spot_0000064617,-117257.72667789782,-34653.62901099908,0.0714285714285714,0.7857142857142857,0.0
cosmx_bcc_xdonor_spot_0000064618,-117232.8933445645,-34310.84329671337,0.1428571428571428,0.4761904761904761,0.1428571428571428
cosmx_bcc_xdonor_spot_0000064619,-117270.031189176,-33966.99367265322,0.0,0.4210526315789473,0.2105263157894736
cosmx_bcc_xdonor_spot_0000064620,-117284.68382075496,-33599.48139195146,0.0,0.4666666666666667,0.0666666666666666
cosmx_bcc_xdonor_spot_0000064621,-117285.35048742163,-33219.74805861813,0.0,0.6666666666666666,0.2
cosmx_bcc_xdonor_spot_0000064622,-117265.36953504068,-32884.70043957051,0.0,0.7857142857142857,0.0714285714285714
cosmx_bcc_xdonor_spot_0000064623,-117281.43825658386,-32522.528752337294,0.0,0.3809523809523809,0.3809523809523809
cosmx_bcc_xdonor_spot_0000064624,-117251.38774370102,-32155.90059511229,0.0,0.4,0.3
cosmx_bcc_xdonor_spot_0000064625,-117223.82107703434,-31816.069642731338,0.1428571428571428,0.1904761904761904,0.238095238095238
cosmx_bcc_xdonor_spot_0000064626,-117259.09643935318,-31480.754942938376,0.0,0.6086956521739131,0.1739130434782608
cosmx_bcc_xdonor_spot_0000064627,-117294.82107703431,-31079.22837289007,0.0,0.6666666666666666,0.3333333333333333
cosmx_bcc_xdonor_spot_0000064628,-117280.8406848775,-30771.86235981817,0.0,0.5294117647058824,0.1764705882352941
cosmx_bcc_xdonor_spot_0000064629,-117250.30592551919,-30418.45059511229,0.0,0.0909090909090909,0.0
cosmx_bcc_xdonor_spot_0000064630,-117287.25697447025,-30065.065979727675,0.0,0.4615384615384615,0.1538461538461538
cosmx_bcc_xdonor_spot_0000064631,-117261.48774370103,-29706.250595112288,0.0,0.6,0.4
cosmx_bcc_xdonor_spot_0000064632,-117245.08774370102,-29357.117261778956,0.0666666666666666,0.4,0.4666666666666667
cosmx_bcc_xdonor_spot_0000064633,-117253.33389754717,-28999.681364343058,0.0769230769230769,0.0769230769230769,0.0
cosmx_bcc_xdonor_spot_0000064634,-117271.387743701,-28626.35059511229,0.0,0.0,0.0
cosmx_bcc_xdonor_spot_0000064635,-117290.39545648608,-28262.669725686916,0.1333333333333333,0.0,0.0
cosmx_bcc_xdonor_spot_0000064636,-117272.45893594224,-27958.794157247394,0.0,0.0,0.0
cosmx_bcc_xdonor_spot_0000064637,-117233.46748295077,-27599.375353828582,0.0,0.0,0.0
cosmx_bcc_xdonor_spot_0000064638,-117200.68970517299,-27218.086464939697,0.0,0.0,0.0
cosmx_bcc_xdonor_spot_0000064639,-117287.889705173,-26914.686464939696,0.0,0.0,0.0
cosmx_bcc_xdonor_spot_0000064640,-117316.52303850633,-26568.31979827303,0.0,0.0,0.0
cosmx_bcc_xdonor_spot_0000064641,-117256.289705173,-26134.086464939697,0.0,0.0,0.0
cosmx_bcc_xdonor_spot_0000064642,-117273.13414961744,-25794.597576050804,0.0,0.0,0.0
cosmx_bcc_xdonor_spot_0000064706,-117168.12981821009,-3108.4304429190565,0.3636363636363636,0.0,0.0909090909090909
cosmx_bcc_xdonor_spot_0000064707,-117198.98263206294,-2802.7248152134284,0.4285714285714285,0.0476190476190476,0.0476190476190476
cosmx_bcc_xdonor_spot_0000064708,-117204.36358444384,-2475.5343390229527,0.1428571428571428,0.0,0.0
cosmx_bcc_xdonor_spot_0000064709,-117223.37457345483,-2095.4793939680076,0.0769230769230769,0.3076923076923077,0.0769230769230769
cosmx_bcc_xdonor_spot_0000064710,-117262.07787015813,-1779.1771961658085,0.0714285714285714,0.2142857142857142,0.2857142857142857
cosmx_bcc_xdonor_spot_0000064711,-117242.88739396769,-1355.629577118192,0.0,0.0952380952380952,0.7619047619047619
cosmx_bcc_xdonor_spot_0000064712,-117259.58436366468,-1037.3849883736,0.0,0.2727272727272727,0.6818181818181818
cosmx_bcc_xdonor_spot_0000064713,-117242.75849291707,-687.8881968546548,0.0,0.46875,0.53125
cosmx_bcc_xdonor_spot_0000064714,-117259.51027001385,-323.8770871573216,0.0,0.1111111111111111,0.7407407407407407
cosmx_bcc_xdonor_spot_0000064715,-117285.10138112497,1.5955054352710318,0.0,0.2,0.44
cosmx_bcc_xdonor_spot_0000064716,-117279.5779028641,405.3676793483145,0.0,0.217391304347826,0.5217391304347826
cosmx_bcc_xdonor_spot_0000064717,-117253.2047144583,755.7988387686045,0.0,0.1666666666666666,0.5833333333333334
cosmx_bcc_xdonor_spot_0000064718,-117269.99175149534,1088.71550543527,0.0,0.3703703703703703,0.5185185185185185
cosmx_bcc_xdonor_spot_0000064719,-117275.32138112496,1446.8155054352699,0.0,0.1,0.5
cosmx_bcc_xdonor_spot_0000064720,-117316.78804779163,1758.0488387686034,0.0,0.0,0.75
cosmx_bcc_xdonor_spot_0000064721,-117292.12138112498,2143.56550543527,0.1,0.2,0.5
cosmx_bcc_xdonor_spot_0000064722,-117258.57592657952,2510.124596344361,0.5454545454545454,0.0,0.0
cosmx_bcc_xdonor_spot_0000064723,-117257.81368881727,2861.177043896809,0.7307692307692307,0.0,0.0769230769230769
cosmx_bcc_xdonor_spot_0000064724,-117264.10138112497,3206.715505435271,0.84,0.0,0.0
cosmx_bcc_xdonor_spot_0000064725,-117247.53731897647,3579.2387912774916,0.9230769230769232,0.0,0.0
cosmx_bcc_xdonor_spot_0000064726,-117263.50268877397,3954.6796356077875,0.48,0.36,0.12
cosmx_bcc_xdonor_spot_0000064727,-117233.3810221073,4261.0129689411215,0.8333333333333334,0.0416666666666666,0.0
cosmx_bcc_xdonor_spot_0000064728,-117221.522688774,4602.37963560779,0.6,0.0,0.1
cosmx_bcc_xdonor_spot_0000064729,-117245.48518877402,4974.36713560779,0.1875,0.25,0.1875
cosmx_bcc_xdonor_spot_0000064730,-117172.62268877399,5267.279635607791,0.0,0.2,0.0
cosmx_bcc_xdonor_spot_0000064904,-116881.58243430471,-38913.91218879063,0.1333333333333333,0.4666666666666667,0.0
cosmx_bcc_xdonor_spot_0000064905,-116929.94653686881,-38534.14808622653,0.0,0.6153846153846154,0.1538461538461538
cosmx_bcc_xdonor_spot_0000064906,-116913.52826763804,-38200.8788554573,0.5625,0.1875,0.0
cosmx_bcc_xdonor_spot_0000064907,-116959.71576763802,-37827.978855457295,0.8,0.2,0.0
cosmx_bcc_xdonor_spot_0000064908,-116856.84076763803,-37426.6288554573,0.375,0.5,0.0
cosmx_bcc_xdonor_spot_0000064911,-116887.08382075495,-36362.748058618134,0.9444444444444444,0.0,0.0
cosmx_bcc_xdonor_spot_0000064912,-116909.69096361216,-36076.771868141936,0.7857142857142857,0.2142857142857142,0.0
cosmx_bcc_xdonor_spot_0000064913,-116947.60763027878,-35759.986153856225,0.9047619047619048,0.0476190476190476,0.0
cosmx_bcc_xdonor_spot_0000064914,-116905.81715408829,-35347.08139195146,0.0666666666666666,0.7333333333333333,0.1333333333333333
cosmx_bcc_xdonor_spot_0000064915,-116889.08382075495,-35022.3522252848,0.4375,0.5625,0.0
cosmx_bcc_xdonor_spot_0000064916,-116930.50487338654,-34661.99367265322,0.8421052631578947,0.1052631578947368,0.0526315789473684
cosmx_bcc_xdonor_spot_0000064917,-116925.43676193141,-34290.4147252848,0.0,0.7647058823529411,0.1764705882352941
cosmx_bcc_xdonor_spot_0000064918,-116961.23766690881,-33950.03010990018,0.0,0.9230769230769232,0.0769230769230769
cosmx_bcc_xdonor_spot_0000064919,-116876.48382075499,-33601.7347252848,0.72,0.2,0.04
cosmx_bcc_xdonor_spot_0000064920,-116918.20146781378,-33237.82648999068,0.0588235294117647,0.5882352941176471,0.2352941176470588
cosmx_bcc_xdonor_spot_0000064921,-116956.083820755,-32908.55758242765,0.0,0.5714285714285714,0.2857142857142857
cosmx_bcc_xdonor_spot_0000064922,-116924.52617452259,-32511.836247181298,0.2,0.2,0.2
cosmx_bcc_xdonor_spot_0000064923,-116892.98774370101,-32189.367261778956,0.0833333333333333,0.5,0.1666666666666666
cosmx_bcc_xdonor_spot_0000064924,-116936.79209152708,-31824.53755163403,0.1304347826086956,0.2608695652173913,0.217391304347826
cosmx_bcc_xdonor_spot_0000064925,-116887.38774370102,-31510.50059511229,0.05,0.55,0.05
cosmx_bcc_xdonor_spot_0000064926,-116900.3700966422,-31143.568242171114,0.0,0.6470588235294118,0.0588235294117647
cosmx_bcc_xdonor_spot_0000064927,-116929.95441036769,-30756.78392844562,0.0,0.4,0.4
cosmx_bcc_xdonor_spot_0000064928,-116914.09885481215,-30396.895039556737,0.0555555555555555,0.5,0.4444444444444444
cosmx_bcc_xdonor_spot_0000064929,-116893.52774370098,-30069.930595112288,0.04,0.6,0.24
cosmx_bcc_xdonor_spot_0000064930,-116883.30592551919,-29692.086958748652,0.0,0.7727272727272727,0.2272727272727272
cosmx_bcc_xdonor_spot_0000064931,-116890.73774370101,-29368.95059511229,0.0,0.75,0.0833333333333333
cosmx_bcc_xdonor_spot_0000064932,-116914.7954360087,-29001.373672035366,0.0,0.0,0.0
cosmx_bcc_xdonor_spot_0000064933,-116895.387743701,-28632.05059511229,0.0,0.0,0.0
cosmx_bcc_xdonor_spot_0000064934,-116931.57189431433,-28295.54887420705,0.0,0.0,0.0
cosmx_bcc_xdonor_spot_0000064935,-116829.11827660157,-27975.486464939695,0.1428571428571428,0.1428571428571428,0.2857142857142857
cosmx_bcc_xdonor_spot_0000064936,-116880.60637183966,-27549.569798273034,0.0,0.0,0.0
cosmx_bcc_xdonor_spot_0000064937,-116919.22303850633,-27201.953131606373,0.0,0.0,0.0
cosmx_bcc_xdonor_spot_0000064938,-116929.189705173,-26873.12932208256,0.0,0.0,0.0
cosmx_bcc_xdonor_spot_0000064939,-116850.689705173,-26538.486464939695,0.0,0.0,0.0
cosmx_bcc_xdonor_spot_0000064940,-116912.14425062755,-26177.304646757875,0.0,0.0,0.0
cosmx_bcc_xdonor_spot_0000064941,-116924.689705173,-25802.629322082554,0.2857142857142857,0.1428571428571428,0.1428571428571428
cosmx_bcc_xdonor_spot_0000064942,-116881.064705173,-25459.028131606367,1.0,0.0,0.0
cosmx_bcc_xdonor_spot_0000064943,-116900.95057473822,-25137.312551896226,1.0,0.0,0.0
cosmx_bcc_xdonor_spot_0000065005,-116905.37862203785,-3140.8275721056593,0.3684210526315789,0.0526315789473684,0.0
cosmx_bcc_xdonor_spot_0000065006,-116935.98995807022,-2829.710163198776,0.1538461538461538,0.0,0.0
cosmx_bcc_xdonor_spot_0000065007,-116915.2976503779,-2399.3255478141577,0.0,0.1538461538461538,0.2307692307692307
cosmx_bcc_xdonor_spot_0000065008,-116894.60167968197,-2069.2010056896183,0.0,0.4285714285714285,0.4761904761904761
cosmx_bcc_xdonor_spot_0000065009,-116865.39719788922,-1761.7780365019444,0.0,0.4117647058823529,0.4705882352941176
cosmx_bcc_xdonor_spot_0000065010,-116945.04681425756,-1381.2486247372385,0.0,0.4347826086956521,0.5652173913043478
cosmx_bcc_xdonor_spot_0000065011,-116913.03890911922,-1040.3849883736013,0.0,0.6363636363636364,0.3636363636363636
cosmx_bcc_xdonor_spot_0000065012,-116915.24826750174,-688.1723896666642,0.0,0.4090909090909091,0.5454545454545454
cosmx_bcc_xdonor_spot_0000065013,-116904.65709541067,-351.1416374218719,0.0,0.1428571428571428,0.7142857142857143
cosmx_bcc_xdonor_spot_0000065014,-116874.67138112496,34.915505435271044,0.0,0.5,0.45
cosmx_bcc_xdonor_spot_0000065015,-116889.39915890274,375.9006906204562,0.037037037037037,0.2592592592592592,0.6666666666666666
cosmx_bcc_xdonor_spot_0000065016,-116911.77138112497,718.3155054352712,0.5,0.1,0.4
cosmx_bcc_xdonor_spot_0000065017,-116923.18138112496,1051.79550543527,0.68,0.04,0.24
cosmx_bcc_xdonor_spot_0000065018,-116899.26138112496,1445.7955054352701,0.0,0.24,0.48
cosmx_bcc_xdonor_spot_0000065019,-116909.05888112496,1752.77800543527,0.0,0.0625,0.375
cosmx_bcc_xdonor_spot_0000065020,-116898.12138112498,2154.771060990826,0.1666666666666666,0.2777777777777778,0.3888888888888889
cosmx_bcc_xdonor_spot_0000065021,-116923.26423826782,2528.4655054352706,0.7142857142857143,0.0714285714285714,0.0714285714285714
cosmx_bcc_xdonor_spot_0000065022,-116897.62138112496,2855.1555054352707,0.88,0.0,0.0
cosmx_bcc_xdonor_spot_0000065023,-116906.48501748861,3193.71550543527,0.9545454545454546,0.0,0.0
cosmx_bcc_xdonor_spot_0000065024,-116927.62194966803,3567.352083771149,0.782608695652174,0.0434782608695652,0.0869565217391304
cosmx_bcc_xdonor_spot_0000065025,-116895.58268877397,3931.6396356077876,0.88,0.08,0.0
cosmx_bcc_xdonor_spot_0000065026,-116925.60126020251,4260.572492750644,0.9642857142857144,0.0,0.0
cosmx_bcc_xdonor_spot_0000065027,-116919.022688774,4623.779635607789,1.0,0.0,0.0
cosmx_bcc_xdonor_spot_0000065028,-116892.29768877396,4980.63796894112,0.9583333333333334,0.0,0.0
cosmx_bcc_xdonor_spot_0000065029,-116887.522688774,5338.129635607787,0.5,0.2,0.0
cosmx_bcc_xdonor_spot_0000065030,-116874.11499646632,5641.910404838559,0.0,0.0,0.0
cosmx_bcc_xdonor_spot_0000065202,-116496.04910097136,-39194.04552212396,0.1666666666666666,0.1666666666666666,0.0
cosmx_bcc_xdonor_spot_0000065203,-116530.315767638,-38853.578855457294,0.2,0.8,0.0
cosmx_bcc_xdonor_spot_0000065204,-116607.04910097136,-38479.21218879063,0.0,1.0,0.0
cosmx_bcc_xdonor_spot_0000065205,-116647.71576763802,-38196.3788554573,0.0,0.5,0.0
cosmx_bcc_xdonor_spot_0000065206,-116606.71576763804,-37844.2538554573,0.0625,0.6875,0.0625
cosmx_bcc_xdonor_spot_0000065207,-116586.34076763803,-37507.2538554573,0.375,0.375,0.0
cosmx_bcc_xdonor_spot_0000065208,-116565.71576763803,-37146.5038554573,0.25,0.5,0.0
cosmx_bcc_xdonor_spot_0000065209,-116507.36680747574,-36752.78075782792,0.625,0.3125,0.0
cosmx_bcc_xdonor_spot_0000065210,-116514.3191148726,-36397.00296057892,1.0,0.0,0.0
cosmx_bcc_xdonor_spot_0000065211,-116546.00048742165,-36091.70639195146,0.7916666666666666,0.1666666666666666,0.0
cosmx_bcc_xdonor_spot_0000065212,-116546.87329443917,-35715.888409495325,0.0526315789473684,0.7368421052631579,0.1052631578947368
cosmx_bcc_xdonor_spot_0000065213,-116583.88382075496,-35298.881391951465,0.7333333333333333,0.2666666666666666,0.0
cosmx_bcc_xdonor_spot_0000065214,-116567.64264428444,-35007.88531352009,0.9705882352941176,0.0294117647058823,0.0
cosmx_bcc_xdonor_spot_0000065215,-116560.31458998573,-34667.1070329771,0.1538461538461538,0.4615384615384615,0.0769230769230769
cosmx_bcc_xdonor_spot_0000065216,-116594.49558546083,-34280.29707822597,0.2352941176470588,0.7647058823529411,0.0
cosmx_bcc_xdonor_spot_0000065217,-116537.33382075495,-33937.9772252848,0.3125,0.6875,0.0
cosmx_bcc_xdonor_spot_0000065218,-116558.3801170513,-33598.22954009961,0.1481481481481481,0.3333333333333333,0.1111111111111111
cosmx_bcc_xdonor_spot_0000065219,-116583.72018439135,-33231.5056343757,0.0909090909090909,0.6363636363636364,0.0
cosmx_bcc_xdonor_spot_0000065220,-116545.08382075495,-32897.0147252848,0.0,0.3333333333333333,0.4666666666666667
cosmx_bcc_xdonor_spot_0000065221,-116537.57532494122,-32508.660860725347,0.2222222222222222,0.4444444444444444,0.1111111111111111
cosmx_bcc_xdonor_spot_0000065222,-116505.02620523948,-32115.373672035366,0.0,0.6153846153846154,0.2307692307692307
cosmx_bcc_xdonor_spot_0000065223,-116569.36274370099,-31847.95059511229,0.0833333333333333,0.25,0.2083333333333333
cosmx_bcc_xdonor_spot_0000065224,-116527.98774370099,-31468.117261778956,0.0416666666666666,0.375,0.125
cosmx_bcc_xdonor_spot_0000065225,-116564.94607703433,-31094.07559511229,0.0416666666666666,0.125,0.125
cosmx_bcc_xdonor_spot_0000065226,-116542.87663258992,-30748.83948400118,0.0,0.6666666666666666,0.0
cosmx_bcc_xdonor_spot_0000065227,-116520.34488655813,-30436.164880826578,0.0,0.4285714285714285,0.4285714285714285
cosmx_bcc_xdonor_spot_0000065228,-116560.11274370099,-30027.867261778956,0.0,0.5416666666666666,0.375
cosmx_bcc_xdonor_spot_0000065229,-116554.64563843787,-29706.08217405966,0.0,0.8947368421052632,0.0526315789473684
cosmx_bcc_xdonor_spot_0000065230,-116557.66421428927,-29362.56824217111,0.0588235294117647,0.8235294117647058,0.0588235294117647
cosmx_bcc_xdonor_spot_0000065231,-116544.65441036767,-28974.867261778956,0.0833333333333333,0.5833333333333334,0.0
cosmx_bcc_xdonor_spot_0000065232,-116535.28774370103,-28630.117261778956,0.4,0.1333333333333333,0.0
cosmx_bcc_xdonor_spot_0000065233,-116518.02695965176,-28297.387468122837,0.1538461538461538,0.7692307692307693,0.0
cosmx_bcc_xdonor_spot_0000065234,-116553.02303850633,-27930.236464939702,0.75,0.0833333333333333,0.0833333333333333
cosmx_bcc_xdonor_spot_0000065235,-116533.74852870242,-27589.780582586765,0.1176470588235294,0.3529411764705882,0.3529411764705882
cosmx_bcc_xdonor_spot_0000065236,-116509.74526072855,-27258.59757605082,0.1111111111111111,0.2222222222222222,0.2777777777777778
cosmx_bcc_xdonor_spot_0000065237,-116548.064705173,-26875.861464939706,0.0,0.3125,0.375
cosmx_bcc_xdonor_spot_0000065238,-116558.4039908873,-26559.12932208256,0.0714285714285714,0.4285714285714285,0.5
cosmx_bcc_xdonor_spot_0000065239,-116526.689705173,-26134.486464939695,0.25,0.125,0.125
cosmx_bcc_xdonor_spot_0000065240,-116535.127205173,-25756.548964939702,0.75,0.1875,0.0
cosmx_bcc_xdonor_spot_0000065241,-116550.07065755395,-25462.153131606374,1.0,0.0,0.0
cosmx_bcc_xdonor_spot_0000065242,-116533.72418793163,-25097.86577528452,1.0,0.0,0.0
cosmx_bcc_xdonor_spot_0000065243,-116475.539705173,-24764.936464939707,1.0,0.0,0.0
cosmx_bcc_xdonor_spot_0000065244,-116459.48970517301,-24382.75313160637,1.0,0.0,0.0
cosmx_bcc_xdonor_spot_0000065245,-116498.289705173,-24137.686464939696,1.0,0.0,0.0
cosmx_bcc_xdonor_spot_0000065304,-116553.82072730099,-3070.8486247372357,0.0,0.0,0.0
cosmx_bcc_xdonor_spot_0000065305,-116553.72072730098,-2803.998624737238,0.0,0.4375,0.125
cosmx_bcc_xdonor_spot_0000065306,-116533.2795508304,-2420.2486247372367,0.0,0.4117647058823529,0.1176470588235294
cosmx_bcc_xdonor_spot_0000065307,-116540.79215587249,-2102.462910451524,0.0,0.4285714285714285,0.3571428571428571
cosmx_bcc_xdonor_spot_0000065308,-116542.79967466943,-1720.1433615793437,0.0,0.5263157894736842,0.3684210526315789
cosmx_bcc_xdonor_spot_0000065309,-116575.74453682483,-1380.5819580705725,0.0,0.1428571428571428,0.2857142857142857
cosmx_bcc_xdonor_spot_0000065310,-116569.41303499337,-1036.0947785833896,0.0,0.2307692307692307,0.7307692307692307
cosmx_bcc_xdonor_spot_0000065311,-116567.83917659265,-684.1723896666643,0.0,0.0454545454545454,0.5909090909090909
cosmx_bcc_xdonor_spot_0000065312,-116555.75931215944,-341.80173594403936,0.0,0.2068965517241379,0.7241379310344828
cosmx_bcc_xdonor_spot_0000065313,-116544.49094634235,22.758983696140614,0.0,0.4782608695652174,0.5217391304347826
cosmx_bcc_xdonor_spot_0000065314,-116582.92572895106,394.06333152222743,0.0869565217391304,0.4782608695652174,0.4347826086956521
cosmx_bcc_xdonor_spot_0000065315,-116573.47138112497,736.0155054352712,0.35,0.2,0.45
cosmx_bcc_xdonor_spot_0000065316,-116567.30319930679,1076.21550543527,0.6818181818181818,0.0454545454545454,0.2272727272727272
cosmx_bcc_xdonor_spot_0000065317,-116554.53442460323,1426.7589836961397,0.0,0.2608695652173913,0.5652173913043478
cosmx_bcc_xdonor_spot_0000065318,-116577.85667524261,1779.3037407293875,0.0588235294117647,0.1176470588235294,0.7647058823529411
cosmx_bcc_xdonor_spot_0000065319,-116583.93388112496,2163.15300543527,0.0625,0.25,0.5
cosmx_bcc_xdonor_spot_0000065320,-116582.62138112496,2494.65300543527,0.0,0.4375,0.4375
cosmx_bcc_xdonor_spot_0000065321,-116572.57376207734,2880.572648292413,0.3333333333333333,0.2857142857142857,0.3809523809523809
cosmx_bcc_xdonor_spot_0000065322,-116587.62138112496,3214.71550543527,0.6666666666666666,0.1666666666666666,0.0833333333333333
cosmx_bcc_xdonor_spot_0000065323,-116538.00911063256,3587.601374873589,0.9032258064516128,0.064516129032258,0.032258064516129
cosmx_bcc_xdonor_spot_0000065324,-116547.33697448821,3907.8224927506435,1.0,0.0,0.0
cosmx_bcc_xdonor_spot_0000065325,-116564.46115031242,4268.910404838557,1.0,0.0,0.0
cosmx_bcc_xdonor_spot_0000065326,-116552.06268877396,4623.519635607788,1.0,0.0,0.0
cosmx_bcc_xdonor_spot_0000065327,-116535.3810221073,4992.721302274454,1.0,0.0,0.0
cosmx_bcc_xdonor_spot_0000065328,-116542.35126020251,5335.5724927506435,0.9285714285714286,0.0,0.0714285714285714
cosmx_bcc_xdonor_spot_0000065329,-116550.36018877402,5665.367135607788,0.5,0.125,0.0625
cosmx_bcc_xdonor_spot_0000065330,-116514.87723422855,6084.861453789609,0.0,0.0909090909090909,0.0
cosmx_bcc_xdonor_spot_0000065331,-116487.75602210732,6352.67963560779,0.0,0.0,0.0
cosmx_bcc_xdonor_spot_0000065504,-116216.54910097136,-38188.21218879063,0.0,0.6666666666666666,0.0
cosmx_bcc_xdonor_spot_0000065505,-116152.38243430469,-37840.54552212396,0.3333333333333333,0.6666666666666666,0.0
cosmx_bcc_xdonor_spot_0000065506,-116176.85862478089,-37492.23599831444,0.1428571428571428,0.4285714285714285,0.0
cosmx_bcc_xdonor_spot_0000065507,-116130.94653686881,-37122.99424007268,0.8461538461538461,0.1538461538461538,0.0
cosmx_bcc_xdonor_spot_0000065508,-116198.50102137077,-36783.790928579176,1.0,0.0,0.0
cosmx_bcc_xdonor_spot_0000065509,-116219.24627153903,-36429.596543466614,0.9545454545454546,0.0,0.0454545454545454
cosmx_bcc_xdonor_spot_0000065510,-116187.27251661744,-36085.53472528479,1.0,0.0,0.0
cosmx_bcc_xdonor_spot_0000065511,-116186.00260116725,-35675.248058618134,0.1111111111111111,0.7777777777777778,0.0555555555555555
cosmx_bcc_xdonor_spot_0000065512,-116171.67770685452,-35358.3522252848,0.0,0.6875,0.125
cosmx_bcc_xdonor_spot_0000065513,-116195.02738979267,-35009.33139195146,0.0833333333333333,0.3333333333333333,0.25
cosmx_bcc_xdonor_spot_0000065514,-116144.36670143066,-34644.83139195146,0.0,0.75,0.0833333333333333
cosmx_bcc_xdonor_spot_0000065515,-116217.95756677655,-34296.95318682326,0.0,1.0,0.0
cosmx_bcc_xdonor_spot_0000065516,-116210.53319167187,-33960.204198969004,0.3157894736842105,0.5263157894736842,0.0526315789473684
cosmx_bcc_xdonor_spot_0000065517,-116205.49861563082,-33590.248058618134,0.6111111111111112,0.1666666666666666,0.1111111111111111
cosmx_bcc_xdonor_spot_0000065518,-116150.99993353432,-33200.4147252848,0.9411764705882352,0.0,0.0
cosmx_bcc_xdonor_spot_0000065519,-116170.20508754703,-32895.28429050219,1.0,0.0,0.0
cosmx_bcc_xdonor_spot_0000065520,-116159.7780318839,-32538.780193653445,1.0,0.0,0.0
cosmx_bcc_xdonor_spot_0000065521,-116190.6544103677,-32189.0617062234,0.6666666666666666,0.1666666666666666,0.0555555555555555
cosmx_bcc_xdonor_spot_0000065522,-116213.16956188282,-31823.35968602138,0.0454545454545454,0.2727272727272727,0.1818181818181818
cosmx_bcc_xdonor_spot_0000065523,-116194.52941036766,-31462.533928445624,0.0,0.25,0.3333333333333333
cosmx_bcc_xdonor_spot_0000065524,-116206.53536274863,-31125.164880826575,0.0952380952380952,0.5714285714285714,0.1428571428571428
cosmx_bcc_xdonor_spot_0000065525,-116174.15441036769,-30766.717261778955,0.0,0.3333333333333333,0.4666666666666667
cosmx_bcc_xdonor_spot_0000065526,-116184.95833193633,-30369.097653935816,0.0,0.2352941176470588,0.4117647058823529
cosmx_bcc_xdonor_spot_0000065527,-116234.66165674447,-30053.928855981856,0.0,0.6521739130434783,0.2608695652173913
cosmx_bcc_xdonor_spot_0000065528,-116206.63060084383,-29686.022023683716,0.0,0.6428571428571429,0.3571428571428571
cosmx_bcc_xdonor_spot_0000065529,-116208.88774370102,-29358.10059511229,0.05,0.95,0.0
cosmx_bcc_xdonor_spot_0000065530,-116219.96142791155,-28994.345331954395,0.1052631578947368,0.6842105263157895,0.2105263157894736
cosmx_bcc_xdonor_spot_0000065531,-116255.98774370101,-28645.783928445624,0.0,0.8333333333333334,0.1666666666666666
cosmx_bcc_xdonor_spot_0000065532,-116238.82216674101,-28263.470522794185,0.0,1.0,0.0
cosmx_bcc_xdonor_spot_0000065533,-116221.089705173,-27938.9864649397,0.1,0.9,0.0
cosmx_bcc_xdonor_spot_0000065534,-116156.14425062755,-27554.304646757882,0.0,0.8181818181818182,0.0909090909090909
cosmx_bcc_xdonor_spot_0000065535,-116189.439705173,-27241.486464939695,0.125,0.75,0.125
cosmx_bcc_xdonor_spot_0000065536,-116220.21911693772,-26875.192347292646,0.0,0.6470588235294118,0.2941176470588235
cosmx_bcc_xdonor_spot_0000065537,-116208.22303850633,-26590.953131606373,0.0,0.6666666666666666,0.3333333333333333
cosmx_bcc_xdonor_spot_0000065538,-116130.46748295079,-26127.486464939695,0.2222222222222222,0.0,0.0
cosmx_bcc_xdonor_spot_0000065539,-116210.02303850633,-25808.619798273034,0.7333333333333333,0.0,0.0
cosmx_bcc_xdonor_spot_0000065540,-116188.40399088728,-25421.962655415897,0.9523809523809524,0.0,0.0476190476190476
cosmx_bcc_xdonor_spot_0000065541,-116227.009705173,-25102.0864649397,1.0,0.0,0.0
cosmx_bcc_xdonor_spot_0000065542,-116207.98970517301,-24750.719798273025,1.0,0.0,0.0
cosmx_bcc_xdonor_spot_0000065543,-116224.10637183966,-24395.778131606367,1.0,0.0,0.0
cosmx_bcc_xdonor_spot_0000065544,-116157.7806142639,-24110.66828312151,1.0,0.0,0.0
cosmx_bcc_xdonor_spot_0000065603,-116196.920727301,-3099.948624737238,0.0,0.0,0.0
cosmx_bcc_xdonor_spot_0000065604,-116210.99850507877,-2804.748624737238,0.0,0.4444444444444444,0.1111111111111111
cosmx_bcc_xdonor_spot_0000065605,-116227.970727301,-2415.198624737238,0.0,0.2,0.45
cosmx_bcc_xdonor_spot_0000065606,-116202.66900316313,-2126.1796592199944,0.0,0.2413793103448276,0.6896551724137931
cosmx_bcc_xdonor_spot_0000065607,-116204.70348592175,-1722.9037971510318,0.0,0.1034482758620689,0.3103448275862069
cosmx_bcc_xdonor_spot_0000065608,-116163.22072730101,-1403.56680655542,0.0909090909090909,0.0454545454545454,0.0909090909090909
cosmx_bcc_xdonor_spot_0000065609,-116212.87589971485,-1035.3865557717188,0.0,0.1034482758620689,0.7241379310344828
cosmx_bcc_xdonor_spot_0000065610,-116187.67289395705,-681.932562061584,0.0,0.2592592592592592,0.6296296296296297
cosmx_bcc_xdonor_spot_0000065611,-116217.83190744076,-332.60028403841324,0.0,0.5263157894736842,0.3684210526315789
cosmx_bcc_xdonor_spot_0000065612,-116191.03047203406,35.94277816254378,0.0909090909090909,0.2272727272727272,0.6818181818181818
cosmx_bcc_xdonor_spot_0000065613,-116218.78804779163,375.8405054352709,0.0,0.4583333333333333,0.4583333333333333
cosmx_bcc_xdonor_spot_0000065614,-116203.9898021776,727.9260317510607,0.0,0.2631578947368421,0.6842105263157895
cosmx_bcc_xdonor_spot_0000065615,-116180.68804779163,1091.5155054352701,0.1333333333333333,0.0666666666666666,0.6
cosmx_bcc_xdonor_spot_0000065616,-116210.54730705089,1435.3080980278626,0.8518518518518519,0.074074074074074,0.074074074074074
cosmx_bcc_xdonor_spot_0000065617,-116204.57376207734,1768.9059816257463,0.6190476190476191,0.1428571428571428,0.1904761904761904
cosmx_bcc_xdonor_spot_0000065618,-116211.1928096964,2144.358362578127,0.0,0.2142857142857142,0.7142857142857143
cosmx_bcc_xdonor_spot_0000065619,-116185.15984266343,2481.3308900506545,0.0,0.1538461538461538,0.4615384615384615
cosmx_bcc_xdonor_spot_0000065620,-116204.53047203406,2870.124596344361,0.0454545454545454,0.7272727272727273,0.1363636363636363
cosmx_bcc_xdonor_spot_0000065621,-116196.07138112497,3239.1155054352703,0.0,0.75,0.2
cosmx_bcc_xdonor_spot_0000065622,-116203.43870161613,3579.9059038548644,0.7916666666666666,0.1666666666666666,0.0416666666666666
cosmx_bcc_xdonor_spot_0000065623,-116202.72571907696,3923.164484092635,1.0,0.0,0.0
cosmx_bcc_xdonor_spot_0000065624,-116205.55312355659,4280.2883312599615,1.0,0.0,0.0
cosmx_bcc_xdonor_spot_0000065625,-116181.48935544062,4624.31296894112,1.0,0.0,0.0
cosmx_bcc_xdonor_spot_0000065626,-116201.90417025544,5012.346302274453,1.0,0.0,0.0
cosmx_bcc_xdonor_spot_0000065627,-116218.90753725878,5330.22509015324,1.0,0.0,0.0
cosmx_bcc_xdonor_spot_0000065628,-116188.60787395913,5661.568524496675,0.9629629629629628,0.0,0.0
cosmx_bcc_xdonor_spot_0000065629,-116205.12268877399,6030.279635607787,0.3,0.4,0.1
cosmx_bcc_xdonor_spot_0000065630,-116211.472688774,6419.079635607787,0.0,0.25,0.15
cosmx_bcc_xdonor_spot_0000065631,-116177.08935544064,6693.67963560779,0.0,0.0,0.0
cosmx_bcc_xdonor_spot_0000065799,-115864.71576763802,-39473.578855457294,0.0,0.6,0.0
cosmx_bcc_xdonor_spot_0000065801,-115756.40807533034,-38887.763470841914,0.7692307692307693,0.0,0.0
cosmx_bcc_xdonor_spot_0000065802,-115759.4300533523,-38508.23599831444,0.8571428571428571,0.0,0.0
cosmx_bcc_xdonor_spot_0000065803,-115766.59076763803,-38152.6288554573,1.0,0.0,0.0
cosmx_bcc_xdonor_spot_0000065804,-115783.30400293216,-37828.967090751416,1.0,0.0,0.0
cosmx_bcc_xdonor_spot_0000065805,-115808.91576763804,-37514.7788554573,0.5333333333333333,0.3333333333333333,0.0
cosmx_bcc_xdonor_spot_0000065806,-115853.1491009713,-37117.3788554573,1.0,0.0,0.0
cosmx_bcc_xdonor_spot_0000065807,-115876.54594277102,-36772.45633146299,1.0,0.0,0.0
cosmx_bcc_xdonor_spot_0000065808,-115841.64746836084,-36423.94250306257,1.0,0.0,0.0
cosmx_bcc_xdonor_spot_0000065809,-115863.3248187882,-36058.90190477198,1.0,0.0,0.0
cosmx_bcc_xdonor_spot_0000065810,-115846.11969058303,-35785.5397252848,0.75,0.25,0.0
cosmx_bcc_xdonor_spot_0000065811,-115894.47683344016,-35340.55758242765,0.1428571428571428,0.8571428571428571,0.0
cosmx_bcc_xdonor_spot_0000065812,-115865.70792587716,-34993.65001940244,0.0,0.3529411764705882,0.0
cosmx_bcc_xdonor_spot_0000065813,-115852.82557293598,-34695.4147252848,0.0,0.1764705882352941,0.1176470588235294
cosmx_bcc_xdonor_spot_0000065814,-115834.57802391639,-34266.2897252848,0.875,0.125,0.0
cosmx_bcc_xdonor_spot_0000065815,-115847.08265354602,-33948.89620676628,1.0,0.0,0.0
cosmx_bcc_xdonor_spot_0000065816,-115843.63820910157,-33589.97028084035,0.925925925925926,0.0,0.074074074074074
cosmx_bcc_xdonor_spot_0000065817,-115846.1567276201,-33244.155466025535,1.0,0.0,0.0
cosmx_bcc_xdonor_spot_0000065818,-115863.6752461386,-32888.08139195146,0.9629629629629628,0.0,0.0
cosmx_bcc_xdonor_spot_0000065819,-115855.5093497226,-32518.842060374143,1.0,0.0,0.0
cosmx_bcc_xdonor_spot_0000065820,-115854.77345798668,-32179.343452255147,0.6428571428571429,0.25,0.0357142857142857
cosmx_bcc_xdonor_spot_0000065821,-115851.12410733737,-31795.132413294108,0.0,0.6818181818181818,0.0454545454545454
cosmx_bcc_xdonor_spot_0000065822,-115841.86869608196,-31461.593452255147,0.0,0.8095238095238095,0.0952380952380952
cosmx_bcc_xdonor_spot_0000065823,-115869.30024370103,-31116.45059511229,0.0,0.375,0.375
cosmx_bcc_xdonor_spot_0000065824,-115818.55024370103,-30744.76309511229,0.0,0.375,0.5
cosmx_bcc_xdonor_spot_0000065825,-115837.58774370099,-30445.85059511229,0.1,0.4,0.3
cosmx_bcc_xdonor_spot_0000065826,-115851.31127311279,-30050.274124524054,0.0588235294117647,0.4117647058823529,0.4705882352941176
cosmx_bcc_xdonor_spot_0000065827,-115841.27345798674,-29702.45059511229,0.0,0.2857142857142857,0.6428571428571429
cosmx_bcc_xdonor_spot_0000065828,-115790.7099659232,-29335.450595112292,0.1111111111111111,0.5555555555555556,0.3333333333333333
cosmx_bcc_xdonor_spot_0000065829,-115904.48774370101,-28958.093452255147,0.0,0.7857142857142857,0.0
cosmx_bcc_xdonor_spot_0000065830,-115847.32107703434,-28587.533928445624,0.0,0.9166666666666666,0.0833333333333333
cosmx_bcc_xdonor_spot_0000065831,-115826.36276997131,-28222.84355867842,0.0,0.7894736842105263,0.1052631578947368
cosmx_bcc_xdonor_spot_0000065832,-115829.34187908605,-27899.790812765783,0.0,0.7391304347826086,0.2608695652173913
cosmx_bcc_xdonor_spot_0000065833,-115831.92499929066,-27623.368817880884,0.0588235294117647,0.7647058823529411,0.1764705882352941
cosmx_bcc_xdonor_spot_0000065834,-115839.33256231586,-27199.486464939702,0.0714285714285714,0.3571428571428571,0.4285714285714285
cosmx_bcc_xdonor_spot_0000065835,-115896.83256231586,-26880.057893511133,0.0,0.6190476190476191,0.3333333333333333
cosmx_bcc_xdonor_spot_0000065836,-115816.189705173,-26534.403131606367,0.0,0.8333333333333334,0.0833333333333333
cosmx_bcc_xdonor_spot_0000065837,-115824.989705173,-26205.186464939696,0.1,0.4,0.1
cosmx_bcc_xdonor_spot_0000065838,-115846.42303850634,-25775.153131606367,0.5333333333333333,0.0,0.0
cosmx_bcc_xdonor_spot_0000065839,-115865.21911693772,-25446.66293552794,1.0,0.0,0.0
cosmx_bcc_xdonor_spot_0000065840,-115870.689705173,-25116.486464939702,1.0,0.0,0.0
cosmx_bcc_xdonor_spot_0000065841,-115844.64803850633,-24749.903131606367,1.0,0.0,0.0
cosmx_bcc_xdonor_spot_0000065842,-115840.68970517299,-24399.24836970161,1.0,0.0,0.0
cosmx_bcc_xdonor_spot_0000065843,-115854.439705173,-24095.403131606363,1.0,0.0,0.0
cosmx_bcc_xdonor_spot_0000065902,-115888.920727301,-3061.8486247372375,0.0,0.0,0.0
cosmx_bcc_xdonor_spot_0000065903,-115856.51484494805,-2788.601565913709,0.0588235294117647,0.0588235294117647,0.0
cosmx_bcc_xdonor_spot_0000065904,-115868.68739396766,-2449.248624737237,0.2666666666666666,0.0,0.0
cosmx_bcc_xdonor_spot_0000065905,-115870.370727301,-2090.398624737237,0.8,0.0,0.15
cosmx_bcc_xdonor_spot_0000065906,-115833.72072730103,-1758.040291403905,0.5416666666666666,0.3333333333333333,0.0
cosmx_bcc_xdonor_spot_0000065907,-115847.60167968196,-1392.7248152134296,0.8571428571428571,0.0,0.0476190476190476
cosmx_bcc_xdonor_spot_0000065908,-115838.22072730101,-1021.2051464763653,0.1304347826086956,0.1304347826086956,0.2608695652173913
cosmx_bcc_xdonor_spot_0000065909,-115842.7937220472,-677.6723896666643,0.0,0.3181818181818182,0.4545454545454545
cosmx_bcc_xdonor_spot_0000065910,-115850.77289627648,-314.25419153442596,0.0,0.2424242424242424,0.2727272727272727
cosmx_bcc_xdonor_spot_0000065911,-115829.49638112496,26.590505435271055,0.6666666666666666,0.0416666666666666,0.25
cosmx_bcc_xdonor_spot_0000065912,-115827.03804779163,373.2571721019376,0.875,0.0,0.0833333333333333
cosmx_bcc_xdonor_spot_0000065913,-115858.05616373367,719.5850706526625,0.391304347826087,0.4347826086956521,0.0869565217391304
cosmx_bcc_xdonor_spot_0000065914,-115827.20032849339,1089.294452803691,0.8421052631578947,0.1578947368421052,0.0
cosmx_bcc_xdonor_spot_0000065915,-115844.09757160116,1473.905981625746,1.0,0.0,0.0
cosmx_bcc_xdonor_spot_0000065916,-115837.79529416845,1802.324201087444,1.0,0.0,0.0
cosmx_bcc_xdonor_spot_0000065917,-115834.0126854728,2163.5415923917917,1.0,0.0,0.0
cosmx_bcc_xdonor_spot_0000065918,-115804.09757160116,2499.334553054318,1.0,0.0,0.0
cosmx_bcc_xdonor_spot_0000065919,-115880.2510107546,2861.3451350649007,0.4814814814814814,0.2222222222222222,0.1481481481481481
cosmx_bcc_xdonor_spot_0000065920,-115848.25774476133,3215.760959980725,0.0,0.5,0.3636363636363636
cosmx_bcc_xdonor_spot_0000065921,-115849.53859264537,3568.242226340488,0.4166666666666667,0.25,0.1666666666666666
cosmx_bcc_xdonor_spot_0000065922,-115857.87723422848,3911.6190295471806,0.9090909090909092,0.0,0.0303030303030303
cosmx_bcc_xdonor_spot_0000065923,-115862.1196584709,4272.679635607787,0.9696969696969696,0.0,0.0
cosmx_bcc_xdonor_spot_0000065924,-115833.1813094636,4618.576187331925,0.9655172413793104,0.0,0.0
cosmx_bcc_xdonor_spot_0000065925,-115840.72268877394,4988.7129689411195,1.0,0.0,0.0
cosmx_bcc_xdonor_spot_0000065926,-115857.5655459168,5336.179635607786,1.0,0.0,0.0
cosmx_bcc_xdonor_spot_0000065927,-115854.55905241035,5699.452362880515,0.9090909090909092,0.0454545454545454,0.0454545454545454
cosmx_bcc_xdonor_spot_0000065928,-115831.14491099624,6027.90185783001,0.6111111111111112,0.3333333333333333,0.0555555555555555
cosmx_bcc_xdonor_spot_0000065929,-115829.772688774,6388.529635607787,0.35,0.4,0.1
cosmx_bcc_xdonor_spot_0000065930,-115845.30504171518,6769.032576784259,0.0,0.5294117647058824,0.1764705882352941
cosmx_bcc_xdonor_spot_0000065931,-115812.35126020257,7077.251064179218,0.0714285714285714,0.0,0.0
cosmx_bcc_xdonor_spot_0000066099,-115466.5619214842,-39227.301932380375,0.4615384615384615,0.1538461538461538,0.0
cosmx_bcc_xdonor_spot_0000066100,-115500.4491009713,-38891.7788554573,1.0,0.0,0.0
cosmx_bcc_xdonor_spot_0000066101,-115526.33115225338,-38557.14808622653,1.0,0.0,0.0
cosmx_bcc_xdonor_spot_0000066102,-115502.0014819237,-38192.77171260015,1.0,0.0,0.0
cosmx_bcc_xdonor_spot_0000066103,-115481.42544505732,-37810.86272642504,1.0,0.0,0.0
cosmx_bcc_xdonor_spot_0000066104,-115518.48849491075,-37527.10612818457,0.8636363636363636,0.1363636363636363,0.0
cosmx_bcc_xdonor_spot_0000066105,-115503.84076763804,-37100.5663554573,0.8125,0.1875,0.0
cosmx_bcc_xdonor_spot_0000066106,-115482.91076492175,-36796.74099951195,0.7931034482758621,0.2068965517241379,0.0
cosmx_bcc_xdonor_spot_0000066107,-115451.70792587716,-36429.53237234362,0.8823529411764706,0.1176470588235294,0.0
cosmx_bcc_xdonor_spot_0000066108,-115524.01442742515,-36065.467356863744,0.631578947368421,0.3684210526315789,0.0
cosmx_bcc_xdonor_spot_0000066109,-115469.61969058301,-35693.58139195146,0.5833333333333334,0.25,0.0
cosmx_bcc_xdonor_spot_0000066110,-115471.50064296399,-35363.65282052289,0.9047619047619048,0.0,0.0
cosmx_bcc_xdonor_spot_0000066111,-115517.75605421937,-35055.4147252848,0.3636363636363636,0.5454545454545454,0.0
cosmx_bcc_xdonor_spot_0000066112,-115496.95302391637,-34660.4147252848,0.1666666666666666,0.6666666666666666,0.0555555555555555
cosmx_bcc_xdonor_spot_0000066113,-115495.76674940658,-34286.17943116715,1.0,0.0,0.0
cosmx_bcc_xdonor_spot_0000066114,-115487.86043132379,-33954.37768824776,1.0,0.0,0.0
cosmx_bcc_xdonor_spot_0000066115,-115472.35778582114,-33602.60520147527,1.0,0.0,0.0
cosmx_bcc_xdonor_spot_0000066116,-115513.66135724972,-33223.08139195146,1.0,0.0,0.0
cosmx_bcc_xdonor_spot_0000066117,-115504.25762161754,-32888.27679425031,1.0,0.0,0.0
cosmx_bcc_xdonor_spot_0000066118,-115503.56580032907,-32533.234812388193,0.96,0.0,0.04
cosmx_bcc_xdonor_spot_0000066119,-115505.64158985483,-32178.412133573827,1.0,0.0,0.0
cosmx_bcc_xdonor_spot_0000066120,-115503.48774370099,-31818.70059511229,0.25,0.375,0.125
cosmx_bcc_xdonor_spot_0000066121,-115504.26552147881,-31467.450595112292,0.1111111111111111,0.4444444444444444,0.0555555555555555
cosmx_bcc_xdonor_spot_0000066122,-115507.20996592326,-31109.22837289007,0.0,0.3333333333333333,0.3333333333333333
cosmx_bcc_xdonor_spot_0000066123,-115497.57865279191,-30772.996049657744,0.0,0.4545454545454545,0.5
cosmx_bcc_xdonor_spot_0000066124,-115487.58298179625,-30408.54583320753,0.0,0.1904761904761904,0.6190476190476191
cosmx_bcc_xdonor_spot_0000066125,-115503.17195422733,-30041.29270037545,0.0526315789473684,0.2105263157894736,0.2631578947368421
cosmx_bcc_xdonor_spot_0000066126,-115506.98774370103,-29702.95059511229,0.0625,0.4375,0.0
cosmx_bcc_xdonor_spot_0000066127,-115486.27721738524,-29334.71375300703,0.0,0.3684210526315789,0.4210526315789473
cosmx_bcc_xdonor_spot_0000066128,-115480.3544103677,-29019.98392844562,0.0,0.8666666666666667,0.1333333333333333
cosmx_bcc_xdonor_spot_0000066129,-115453.04329925659,-28669.506150667843,0.0,0.3888888888888889,0.2777777777777778
cosmx_bcc_xdonor_spot_0000066130,-115526.53584095088,-28268.646055609162,0.0,0.8235294117647058,0.0588235294117647
cosmx_bcc_xdonor_spot_0000066131,-115529.73515971845,-27943.66828312152,0.0454545454545454,0.4545454545454545,0.4090909090909091
cosmx_bcc_xdonor_spot_0000066132,-115499.26113374443,-27578.81979827304,0.0,0.6666666666666666,0.3333333333333333
cosmx_bcc_xdonor_spot_0000066133,-115501.30081628411,-27235.542020495264,0.0555555555555555,0.3333333333333333,0.3888888888888889
cosmx_bcc_xdonor_spot_0000066134,-115509.589705173,-26827.78646493971,0.0,0.55,0.2
cosmx_bcc_xdonor_spot_0000066135,-115484.59446707775,-26512.77217922542,0.0,0.6666666666666666,0.2857142857142857
cosmx_bcc_xdonor_spot_0000066136,-115462.15124363454,-26152.178772632007,0.0769230769230769,0.3846153846153846,0.0
cosmx_bcc_xdonor_spot_0000066137,-115508.47541945871,-25797.9864649397,0.2142857142857142,0.0,0.0
cosmx_bcc_xdonor_spot_0000066138,-115432.54684803015,-25494.486464939695,1.0,0.0,0.0
cosmx_bcc_xdonor_spot_0000066139,-115511.73515971845,-25097.94101039425,1.0,0.0,0.0
cosmx_bcc_xdonor_spot_0000066140,-115492.37152335481,-24779.895555848794,1.0,0.0,0.0
cosmx_bcc_xdonor_spot_0000066141,-115475.42883560779,-24391.74733450492,0.9565217391304348,0.0,0.0434782608695652
cosmx_bcc_xdonor_spot_0000066142,-115490.98382282007,-24117.133523763234,1.0,0.0,0.0
cosmx_bcc_xdonor_spot_0000066201,-115469.88739396766,-3023.9152914039028,0.3333333333333333,0.0,0.0
cosmx_bcc_xdonor_spot_0000066202,-115501.37862203782,-2773.5117826319756,0.2105263157894736,0.0,0.0
cosmx_bcc_xdonor_spot_0000066203,-115488.0902925184,-2463.205146476369,0.9565217391304348,0.0,0.0
cosmx_bcc_xdonor_spot_0000066204,-115502.51702359735,-2091.4708469594607,0.925925925925926,0.0,0.074074074074074
cosmx_bcc_xdonor_spot_0000066205,-115491.720727301,-1754.8986247372384,1.0,0.0,0.0
cosmx_bcc_xdonor_spot_0000066206,-115516.08436366465,-1395.8395338281482,0.9090909090909092,0.0454545454545454,0.0454545454545454
cosmx_bcc_xdonor_spot_0000066207,-115481.00644158677,-1028.4986247372358,0.9285714285714286,0.0357142857142857,0.0
cosmx_bcc_xdonor_spot_0000066208,-115493.71199302319,-668.4954628249588,0.0,0.4545454545454545,0.1818181818181818
cosmx_bcc_xdonor_spot_0000066209,-115513.10413974566,-337.1810462888669,0.2758620689655172,0.4482758620689655,0.1724137931034483
cosmx_bcc_xdonor_spot_0000066210,-115478.17693668052,28.53032025008587,1.0,0.0,0.0
cosmx_bcc_xdonor_spot_0000066211,-115485.4785239821,384.23931495908033,1.0,0.0,0.0
cosmx_bcc_xdonor_spot_0000066212,-115473.5797144583,742.7571721019377,0.9166666666666666,0.0833333333333333,0.0
cosmx_bcc_xdonor_spot_0000066213,-115489.23249223607,1117.4932832130478,0.8888888888888888,0.1111111111111111,0.0
cosmx_bcc_xdonor_spot_0000066214,-115502.42783273787,1452.5864731772056,0.935483870967742,0.0,0.0
cosmx_bcc_xdonor_spot_0000066215,-115463.37138112498,1816.06550543527,1.0,0.0,0.0
cosmx_bcc_xdonor_spot_0000066216,-115502.24042874401,2161.1916959114606,1.0,0.0,0.0
cosmx_bcc_xdonor_spot_0000066217,-115492.20471445829,2514.2988387686055,1.0,0.0,0.0
cosmx_bcc_xdonor_spot_0000066218,-115458.7547144583,2856.5821721019383,1.0,0.0,0.0
cosmx_bcc_xdonor_spot_0000066219,-115489.46753497112,3221.8693515891164,0.3846153846153846,0.0,0.1538461538461538
cosmx_bcc_xdonor_spot_0000066220,-115508.23011340841,3607.2554183318834,0.72,0.04,0.2
cosmx_bcc_xdonor_spot_0000066221,-115519.78632513757,3909.8917568199076,1.0,0.0,0.0
cosmx_bcc_xdonor_spot_0000066222,-115493.45602210728,4284.012968941121,0.9333333333333332,0.0,0.0333333333333333
cosmx_bcc_xdonor_spot_0000066223,-115506.75602210726,4625.485191163341,1.0,0.0,0.0
cosmx_bcc_xdonor_spot_0000066224,-115486.26139845136,4981.9377001239145,0.967741935483871,0.0,0.0
cosmx_bcc_xdonor_spot_0000066225,-115485.79305914433,5329.864820792972,0.6666666666666666,0.2222222222222222,0.037037037037037
cosmx_bcc_xdonor_spot_0000066226,-115487.92268877401,5728.90185783001,0.8333333333333334,0.1111111111111111,0.0555555555555555
cosmx_bcc_xdonor_spot_0000066227,-115499.98935544062,6049.5463022744525,1.0,0.0,0.0
cosmx_bcc_xdonor_spot_0000066228,-115483.24411734538,6404.3224927506435,1.0,0.0,0.0
cosmx_bcc_xdonor_spot_0000066229,-115486.31742561611,6786.048056660419,0.1052631578947368,0.6842105263157895,0.2105263157894736
cosmx_bcc_xdonor_spot_0000066230,-115540.75602210732,7136.012968941123,0.0,0.1666666666666666,0.0
cosmx_bcc_xdonor_spot_0000066231,-115489.58935544065,7375.346302274457,0.0,0.0,0.1666666666666666
cosmx_bcc_xdonor_spot_0000066397,-115179.71576763803,-39606.5038554573,0.5,0.125,0.0
cosmx_bcc_xdonor_spot_0000066399,-115149.19724911946,-38879.082559161,0.9629629629629628,0.037037037037037,0.0
cosmx_bcc_xdonor_spot_0000066400,-115116.71576763799,-38536.64808622653,1.0,0.0,0.0
cosmx_bcc_xdonor_spot_0000066401,-115171.65694410854,-38206.99650251612,0.9705882352941176,0.0294117647058823,0.0
cosmx_bcc_xdonor_spot_0000066402,-115166.81100573327,-37810.04552212396,0.9523809523809524,0.0476190476190476,0.0
cosmx_bcc_xdonor_spot_0000066403,-115189.64910097138,-37558.7788554573,0.8666666666666667,0.0666666666666666,0.0
cosmx_bcc_xdonor_spot_0000066404,-115140.99162970694,-37130.24092442281,1.0,0.0,0.0
cosmx_bcc_xdonor_spot_0000066405,-115145.60042819384,-36767.31172006171,1.0,0.0,0.0
cosmx_bcc_xdonor_spot_0000066406,-115158.43003541064,-36438.82851838825,1.0,0.0,0.0
cosmx_bcc_xdonor_spot_0000066407,-115123.90916426724,-36118.94104107427,1.0,0.0,0.0
cosmx_bcc_xdonor_spot_0000066408,-115163.31969058303,-35677.2147252848,0.7333333333333333,0.1333333333333333,0.0
cosmx_bcc_xdonor_spot_0000066409,-115151.19376465713,-35371.562873432944,1.0,0.0,0.0
cosmx_bcc_xdonor_spot_0000066410,-115156.15969058305,-35020.81472528479,0.92,0.04,0.0
cosmx_bcc_xdonor_spot_0000066411,-115123.06413502748,-34635.47028084035,0.5555555555555556,0.3888888888888889,0.0
cosmx_bcc_xdonor_spot_0000066412,-115139.46751667,-34314.58863832827,1.0,0.0,0.0
cosmx_bcc_xdonor_spot_0000066413,-115139.39969058306,-33937.17472528479,1.0,0.0,0.0
cosmx_bcc_xdonor_spot_0000066414,-115134.58122904459,-33582.645494515564,1.0,0.0,0.0
cosmx_bcc_xdonor_spot_0000066415,-115163.57423603759,-33229.096543466614,1.0,0.0,0.0
cosmx_bcc_xdonor_spot_0000066416,-115134.54826201161,-32886.509963380035,1.0,0.0,0.0
cosmx_bcc_xdonor_spot_0000066417,-115134.3621660129,-32520.435649350835,1.0,0.0,0.0
cosmx_bcc_xdonor_spot_0000066418,-115137.61274370096,-32183.07559511229,1.0,0.0,0.0
cosmx_bcc_xdonor_spot_0000066419,-115167.82107703436,-31822.45059511229,0.2,0.2666666666666666,0.0666666666666666
cosmx_bcc_xdonor_spot_0000066420,-115128.52774370098,-31469.85059511229,0.0,0.28,0.24
cosmx_bcc_xdonor_spot_0000066421,-115165.33774370102,-31108.65059511229,0.0,0.55,0.25
cosmx_bcc_xdonor_spot_0000066422,-115192.7954360087,-30757.75828741998,0.0,0.6153846153846154,0.1538461538461538
cosmx_bcc_xdonor_spot_0000066423,-115124.17195422733,-30423.450595112292,0.0526315789473684,0.2631578947368421,0.2105263157894736
cosmx_bcc_xdonor_spot_0000066424,-115131.80024370103,-30082.51309511229,0.0,0.3125,0.125
cosmx_bcc_xdonor_spot_0000066425,-115126.17524370103,-29703.07559511229,0.0625,0.125,0.125
cosmx_bcc_xdonor_spot_0000066426,-115138.82107703433,-29355.158928445624,0.0416666666666666,0.2083333333333333,0.0833333333333333
cosmx_bcc_xdonor_spot_0000066427,-115150.12774370098,-29006.81059511229,0.0,0.48,0.36
cosmx_bcc_xdonor_spot_0000066428,-115149.40774370098,-28657.090595112288,0.0,0.32,0.08
cosmx_bcc_xdonor_spot_0000066429,-115169.08849092844,-28302.369021713206,0.0,0.6666666666666666,0.1428571428571428
cosmx_bcc_xdonor_spot_0000066430,-115124.42303850634,-27946.419798273037,0.0666666666666666,0.6666666666666666,0.1333333333333333
cosmx_bcc_xdonor_spot_0000066431,-115135.68970517299,-27546.91503636828,0.0,0.7142857142857143,0.2857142857142857
cosmx_bcc_xdonor_spot_0000066432,-115157.689705173,-27282.60411199853,0.0588235294117647,0.4705882352941176,0.4705882352941176
cosmx_bcc_xdonor_spot_0000066433,-115152.96748295079,-26872.153131606374,0.0,0.5,0.5
cosmx_bcc_xdonor_spot_0000066434,-115130.689705173,-26514.804646757886,0.0,0.4090909090909091,0.2727272727272727
cosmx_bcc_xdonor_spot_0000066435,-115131.26865254142,-26169.907517571282,0.0526315789473684,0.7368421052631579,0.0
cosmx_bcc_xdonor_spot_0000066436,-115131.889705173,-25799.986464939695,0.0,0.0,0.0
cosmx_bcc_xdonor_spot_0000066437,-115140.77666169473,-25448.83429102666,0.8260869565217391,0.0,0.0
cosmx_bcc_xdonor_spot_0000066438,-115137.86827660157,-25076.09360779684,1.0,0.0,0.0
cosmx_bcc_xdonor_spot_0000066439,-115123.809705173,-24746.8864649397,1.0,0.0,0.0
cosmx_bcc_xdonor_spot_0000066440,-115171.89803850633,-24394.111464939702,0.9166666666666666,0.0,0.0833333333333333
cosmx_bcc_xdonor_spot_0000066441,-115154.45893594224,-24122.10184955508,0.9230769230769232,0.0,0.0
cosmx_bcc_xdonor_spot_0000066500,-115108.55406063431,-3173.8597358483507,0.3888888888888889,0.0,0.0
cosmx_bcc_xdonor_spot_0000066501,-115127.17906063436,-2789.4569580705725,0.9166666666666666,0.0,0.0416666666666666
cosmx_bcc_xdonor_spot_0000066502,-115138.43501301533,-2443.748624737237,1.0,0.0,0.0
cosmx_bcc_xdonor_spot_0000066503,-115147.39719788931,-2091.925095325473,1.0,0.0,0.0
cosmx_bcc_xdonor_spot_0000066504,-115132.92906063436,-1748.9986247372372,1.0,0.0,0.0
cosmx_bcc_xdonor_spot_0000066505,-115134.33183841215,-1394.4338099224221,1.0,0.0,0.0
cosmx_bcc_xdonor_spot_0000066506,-115146.11546414318,-1036.9854668425003,0.9736842105263158,0.0,0.0263157894736842
cosmx_bcc_xdonor_spot_0000066507,-115118.37335732918,-700.6432418143755,0.0,0.3809523809523809,0.4285714285714285
cosmx_bcc_xdonor_spot_0000066508,-115140.3941083977,-313.1026763829109,0.8636363636363636,0.0,0.0454545454545454
cosmx_bcc_xdonor_spot_0000066509,-115127.18138112496,27.955505435271057,0.92,0.0,0.04
cosmx_bcc_xdonor_spot_0000066510,-115141.3906118942,371.8693515891172,1.0,0.0,0.0
cosmx_bcc_xdonor_spot_0000066511,-115122.50599650959,759.6770438968093,1.0,0.0,0.0
cosmx_bcc_xdonor_spot_0000066512,-115133.02138112497,1087.3955054352698,1.0,0.0,0.0
cosmx_bcc_xdonor_spot_0000066513,-115137.24042874401,1455.620267340032,1.0,0.0,0.0
cosmx_bcc_xdonor_spot_0000066514,-115142.42138112496,1811.75550543527,1.0,0.0,0.0
cosmx_bcc_xdonor_spot_0000066515,-115142.5779028641,2142.411157609183,1.0,0.0,0.0
cosmx_bcc_xdonor_spot_0000066516,-115152.29995255354,2494.71550543527,0.9642857142857144,0.0,0.0
cosmx_bcc_xdonor_spot_0000066517,-115132.87138112496,2869.6440768638427,1.0,0.0,0.0
cosmx_bcc_xdonor_spot_0000066518,-115143.99638112496,3199.7571721019376,0.5833333333333334,0.125,0.25
cosmx_bcc_xdonor_spot_0000066519,-115161.66823908982,3597.1577293743194,0.3846153846153846,0.0769230769230769,0.3846153846153846
cosmx_bcc_xdonor_spot_0000066520,-115151.79305914433,3925.8648207929723,0.8148148148148148,0.0,0.074074074074074
cosmx_bcc_xdonor_spot_0000066521,-115158.08935544059,4282.528120456272,0.9393939393939394,0.0,0.0303030303030303
cosmx_bcc_xdonor_spot_0000066522,-115167.0298316311,4648.108207036358,0.9285714285714286,0.0,0.0
cosmx_bcc_xdonor_spot_0000066523,-115140.14491099614,4984.790746718896,0.9444444444444444,0.0,0.0
cosmx_bcc_xdonor_spot_0000066524,-115124.672688774,5322.129635607787,0.55,0.25,0.2
cosmx_bcc_xdonor_spot_0000066525,-115148.3155459168,5691.8224927506435,0.9285714285714286,0.0357142857142857,0.0357142857142857
cosmx_bcc_xdonor_spot_0000066526,-115128.1499615012,6046.255393183543,1.0,0.0,0.0
cosmx_bcc_xdonor_spot_0000066527,-115146.68935544061,6398.646302274453,1.0,0.0,0.0
cosmx_bcc_xdonor_spot_0000066528,-115127.6449109962,6744.124080052235,0.1111111111111111,0.5555555555555556,0.2222222222222222
cosmx_bcc_xdonor_spot_0000066529,-115119.08935544065,7046.42963560779,0.0,0.5833333333333334,0.3333333333333333
cosmx_bcc_xdonor_spot_0000066697,-114819.82687874914,-39255.601077679516,0.3333333333333333,0.3333333333333333,0.0
cosmx_bcc_xdonor_spot_0000066698,-114802.61576763804,-38919.1788554573,0.1,0.4,0.0
cosmx_bcc_xdonor_spot_0000066699,-114746.53394945622,-38482.3788554573,1.0,0.0,0.0
cosmx_bcc_xdonor_spot_0000066700,-114730.07940400168,-38179.46976454821,1.0,0.0,0.0
cosmx_bcc_xdonor_spot_0000066701,-114722.04910097137,-37779.21218879063,0.75,0.25,0.0
cosmx_bcc_xdonor_spot_0000066702,-114747.88243430469,-37541.8788554573,0.5,0.3333333333333333,0.0
cosmx_bcc_xdonor_spot_0000066703,-114824.50148192375,-37100.52171260015,0.9285714285714286,0.0714285714285714,0.0
cosmx_bcc_xdonor_spot_0000066704,-114893.29272911052,-36798.02179037104,1.0,0.0,0.0
cosmx_bcc_xdonor_spot_0000066705,-114834.41135724972,-36401.2897252848,1.0,0.0,0.0
cosmx_bcc_xdonor_spot_0000066706,-114826.48332694663,-36075.232907102974,1.0,0.0,0.0
cosmx_bcc_xdonor_spot_0000066707,-114792.11969058299,-35717.12901099908,0.5714285714285714,0.2857142857142857,0.0
cosmx_bcc_xdonor_spot_0000066708,-114803.2863572497,-35354.4147252848,0.9444444444444444,0.0,0.0
cosmx_bcc_xdonor_spot_0000066709,-114826.96584442917,-35017.56857143864,0.8461538461538461,0.0769230769230769,0.0
cosmx_bcc_xdonor_spot_0000066710,-114802.21969058304,-34623.5147252848,0.6,0.2,0.0
cosmx_bcc_xdonor_spot_0000066711,-114788.23969058305,-34319.53472528479,1.0,0.0,0.0
cosmx_bcc_xdonor_spot_0000066712,-114799.03969058306,-33953.574725284794,0.96,0.0,0.04
cosmx_bcc_xdonor_spot_0000066713,-114785.29360362653,-33585.15385571958,1.0,0.0,0.0
cosmx_bcc_xdonor_spot_0000066714,-114800.16969058305,-33274.614725284795,1.0,0.0,0.0
cosmx_bcc_xdonor_spot_0000066715,-114879.00857947188,-32838.85916972924,1.0,0.0,0.0
cosmx_bcc_xdonor_spot_0000066716,-114844.54063000393,-32560.88730061633,0.7692307692307693,0.0769230769230769,0.0
cosmx_bcc_xdonor_spot_0000066717,-114874.73774370101,-32180.70059511229,0.8333333333333334,0.1666666666666666,0.0
cosmx_bcc_xdonor_spot_0000066718,-114870.34488655813,-31815.307737969437,0.0,0.2857142857142857,0.1428571428571428
cosmx_bcc_xdonor_spot_0000066719,-114862.37663258988,-31486.672817334515,0.0,0.3333333333333333,0.4444444444444444
cosmx_bcc_xdonor_spot_0000066720,-114883.82107703433,-31079.783928445628,0.1666666666666666,0.3333333333333333,0.3333333333333333
cosmx_bcc_xdonor_spot_0000066723,-114896.86274370099,-30044.200595112292,0.0,0.625,0.125
cosmx_bcc_xdonor_spot_0000066724,-114889.78774370099,-29656.85059511229,0.2,0.3,0.1
cosmx_bcc_xdonor_spot_0000066725,-114887.94928216256,-29362.142902804597,0.3846153846153846,0.2307692307692307,0.0
cosmx_bcc_xdonor_spot_0000066726,-114888.71851293178,-28979.527518189214,0.2307692307692307,0.0,0.0
cosmx_bcc_xdonor_spot_0000066727,-114857.07107703434,-28643.533928445624,0.1666666666666666,0.1666666666666666,0.0
cosmx_bcc_xdonor_spot_0000066728,-114810.64931287861,-28210.879290974215,0.0,0.8,0.2
cosmx_bcc_xdonor_spot_0000066729,-114797.37391569931,-27925.01278072918,0.1052631578947368,0.631578947368421,0.0526315789473684
cosmx_bcc_xdonor_spot_0000066730,-114753.47541945871,-27573.77217922542,0.0714285714285714,0.2142857142857142,0.5714285714285714
cosmx_bcc_xdonor_spot_0000066731,-114759.939705173,-27224.736464939702,0.0,0.75,0.25
cosmx_bcc_xdonor_spot_0000066732,-114799.26113374443,-26865.77217922542,0.0,0.6428571428571429,0.2142857142857142
cosmx_bcc_xdonor_spot_0000066733,-114822.689705173,-26505.051682331006,0.0,0.6521739130434783,0.3478260869565217
cosmx_bcc_xdonor_spot_0000066734,-114784.35637183968,-26169.8864649397,0.0,0.8666666666666667,0.0
cosmx_bcc_xdonor_spot_0000066735,-114831.289705173,-25831.586464939694,0.2,0.3,0.1
cosmx_bcc_xdonor_spot_0000066736,-114802.63414961746,-25431.65313160637,0.6666666666666666,0.0555555555555555,0.1111111111111111
cosmx_bcc_xdonor_spot_0000066737,-114777.27591206956,-25103.555430456934,1.0,0.0,0.0
cosmx_bcc_xdonor_spot_0000066738,-114785.26662824993,-24733.871080324312,1.0,0.0,0.0
cosmx_bcc_xdonor_spot_0000066739,-114797.51579212952,-24398.70385624405,1.0,0.0,0.0
cosmx_bcc_xdonor_spot_0000066740,-114794.95637183967,-24099.353131606367,1.0,0.0,0.0
cosmx_bcc_xdonor_spot_0000066797,-114750.620727301,-3776.84862473724,0.2,0.0,0.0
cosmx_bcc_xdonor_spot_0000066798,-114773.28546916523,-3512.3111247372362,0.25,0.0625,0.0
cosmx_bcc_xdonor_spot_0000066799,-114814.57366847746,-3145.542742384297,0.2941176470588235,0.0,0.0
cosmx_bcc_xdonor_spot_0000066800,-114808.79215587243,-2798.581958070573,0.7619047619047619,0.0,0.0
cosmx_bcc_xdonor_spot_0000066801,-114792.31163639193,-2438.15771564633,0.9545454545454546,0.0,0.0
cosmx_bcc_xdonor_spot_0000066802,-114827.25776433808,-2105.8412173298325,0.9629629629629628,0.0,0.0
cosmx_bcc_xdonor_spot_0000066803,-114798.670727301,-1749.1986247372388,0.95,0.0,0.05
cosmx_bcc_xdonor_spot_0000066804,-114802.97072730103,-1403.9569580705727,1.0,0.0,0.0
cosmx_bcc_xdonor_spot_0000066805,-114805.52841960873,-1032.825547814159,1.0,0.0,0.0
cosmx_bcc_xdonor_spot_0000066806,-114791.52105421298,-674.2165596509819,0.25,0.55,0.2
cosmx_bcc_xdonor_spot_0000066807,-114784.35215035573,-325.3998791801137,0.6923076923076923,0.2692307692307692,0.0384615384615384
cosmx_bcc_xdonor_spot_0000066808,-114781.34865385224,17.033687253452857,0.8636363636363636,0.0,0.0454545454545454
cosmx_bcc_xdonor_spot_0000066809,-114796.90138112496,377.23550543527097,1.0,0.0,0.0
cosmx_bcc_xdonor_spot_0000066810,-114784.3621218657,719.6043943241598,1.0,0.0,0.0
cosmx_bcc_xdonor_spot_0000066811,-114801.1928096964,1087.6440768638413,1.0,0.0,0.0
cosmx_bcc_xdonor_spot_0000066812,-114789.6928096964,1450.6797911495557,1.0,0.0,0.0
cosmx_bcc_xdonor_spot_0000066813,-114782.07138112497,1777.5155054352701,0.95,0.0,0.0
cosmx_bcc_xdonor_spot_0000066814,-114817.8941083977,2139.4427781625427,1.0,0.0,0.0
cosmx_bcc_xdonor_spot_0000066815,-114792.10413974566,2499.2672295732013,1.0,0.0,0.0
cosmx_bcc_xdonor_spot_0000066816,-114794.73676574035,2869.6001208198863,0.5,0.3076923076923077,0.1153846153846153
cosmx_bcc_xdonor_spot_0000066817,-114796.00847789916,3203.457440919143,0.0,0.3225806451612903,0.6451612903225806
cosmx_bcc_xdonor_spot_0000066818,-114765.7947622222,3582.6066614306214,0.0,0.1818181818181818,0.7727272727272727
cosmx_bcc_xdonor_spot_0000066819,-114745.20046655179,3913.3463022744563,0.0,0.1111111111111111,0.7777777777777778
cosmx_bcc_xdonor_spot_0000066820,-114780.53379988506,4269.457413385565,0.3333333333333333,0.2222222222222222,0.3703703703703703
cosmx_bcc_xdonor_spot_0000066821,-114753.8344534799,4604.150223843084,0.2352941176470588,0.0588235294117647,0.5294117647058824
cosmx_bcc_xdonor_spot_0000066822,-114780.75602210726,4978.497817425968,0.9090909090909092,0.0,0.0606060606060606
cosmx_bcc_xdonor_spot_0000066823,-114793.54268877396,5341.119635607786,0.6,0.08,0.2
cosmx_bcc_xdonor_spot_0000066824,-114803.70393877394,5694.898385607786,1.0,0.0,0.0
cosmx_bcc_xdonor_spot_0000066825,-114795.49411734538,6057.9653498935,1.0,0.0,0.0
cosmx_bcc_xdonor_spot_0000066826,-114792.59510256705,6374.88653215951,0.9310344827586208,0.0,0.0
cosmx_bcc_xdonor_spot_0000066827,-114754.05905241035,6682.497817425973,0.0,0.8181818181818182,0.0909090909090909
cosmx_bcc_xdonor_spot_0000066998,-114416.54185459453,-38524.63972502251,1.0,0.0,0.0
cosmx_bcc_xdonor_spot_0000066999,-114412.83115225338,-38196.3788554573,1.0,0.0,0.0
cosmx_bcc_xdonor_spot_0000067000,-114447.71576763796,-37826.44337158633,1.0,0.0,0.0
cosmx_bcc_xdonor_spot_0000067001,-114397.86961379189,-37536.0711631496,1.0,0.0,0.0
cosmx_bcc_xdonor_spot_0000067002,-114361.29471500647,-37141.2735922994,1.0,0.0,0.0
cosmx_bcc_xdonor_spot_0000067003,-114376.76625800613,-36863.75833918573,0.875,0.125,0.0
cosmx_bcc_xdonor_spot_0000067004,-114356.119690583,-36516.21472528479,0.0,1.0,0.0
cosmx_bcc_xdonor_spot_0000067005,-114425.39555265201,-36039.9319666641,1.0,0.0,0.0
cosmx_bcc_xdonor_spot_0000067006,-114412.36969058304,-35725.49805861813,1.0,0.0,0.0
cosmx_bcc_xdonor_spot_0000067007,-114458.39241785574,-35338.5056343757,0.1818181818181818,0.6363636363636364,0.0909090909090909
cosmx_bcc_xdonor_spot_0000067008,-114438.49469058303,-34936.9147252848,1.0,0.0,0.0
cosmx_bcc_xdonor_spot_0000067009,-114440.58397629733,-34659.84329671336,1.0,0.0,0.0
cosmx_bcc_xdonor_spot_0000067010,-114461.29616117127,-34276.47354881421,0.8235294117647058,0.0588235294117647,0.1176470588235294
cosmx_bcc_xdonor_spot_0000067011,-114411.31016677352,-33957.033772903844,1.0,0.0,0.0
cosmx_bcc_xdonor_spot_0000067012,-114426.88635724972,-33597.08139195146,1.0,0.0,0.0
cosmx_bcc_xdonor_spot_0000067013,-114426.67141472099,-33225.82851838824,1.0,0.0,0.0
cosmx_bcc_xdonor_spot_0000067014,-114395.619690583,-32961.4147252848,1.0,0.0,0.0
cosmx_bcc_xdonor_spot_0000067027,-114407.35637183966,-28163.486464939695,0.0,0.6666666666666666,0.0
cosmx_bcc_xdonor_spot_0000067028,-114433.48970517301,-27923.21979827304,0.0,0.8,0.0666666666666666
cosmx_bcc_xdonor_spot_0000067029,-114430.95286306774,-27596.854885992336,0.0,0.8421052631578947,0.0
cosmx_bcc_xdonor_spot_0000067030,-114419.30875279204,-27247.486464939706,0.0,0.6666666666666666,0.1904761904761904
cosmx_bcc_xdonor_spot_0000067031,-114423.21144430344,-26873.79081276579,0.0,0.6956521739130435,0.1739130434782608
cosmx_bcc_xdonor_spot_0000067032,-114405.289705173,-26494.386464939696,0.0,0.5,0.5
cosmx_bcc_xdonor_spot_0000067033,-114420.76113374443,-26153.05789351113,0.0,0.5714285714285714,0.4285714285714285
cosmx_bcc_xdonor_spot_0000067034,-114449.814705173,-25802.798964939702,0.0,0.5625,0.3125
cosmx_bcc_xdonor_spot_0000067035,-114463.564705173,-25446.986464939702,0.4375,0.375,0.1875
cosmx_bcc_xdonor_spot_0000067036,-114440.93294841624,-25085.08105953428,1.0,0.0,0.0
cosmx_bcc_xdonor_spot_0000067037,-114441.97541945871,-24739.857893511118,1.0,0.0,0.0
cosmx_bcc_xdonor_spot_0000067038,-114422.90182638513,-24389.122828576055,1.0,0.0,0.0
cosmx_bcc_xdonor_spot_0000067039,-114460.589705173,-24140.886464939693,1.0,0.0,0.0
cosmx_bcc_xdonor_spot_0000067097,-114463.85659712902,-3405.2486247372362,0.7,0.0,0.0
cosmx_bcc_xdonor_spot_0000067098,-114452.506597129,-3174.165291403904,0.8333333333333334,0.0,0.0
cosmx_bcc_xdonor_spot_0000067099,-114459.21114258356,-2804.1577156463286,0.7727272727272727,0.0,0.0
cosmx_bcc_xdonor_spot_0000067100,-114415.506597129,-2476.9986247372367,0.9166666666666666,0.0,0.0833333333333333
cosmx_bcc_xdonor_spot_0000067101,-114396.39945427187,-2180.9629104515225,0.8571428571428571,0.1428571428571428,0.0
cosmx_bcc_xdonor_spot_0000067103,-114379.08993046235,-1400.5819580705702,0.6666666666666666,0.0,0.0
cosmx_bcc_xdonor_spot_0000067105,-114508.95185530715,-611.8266882167751,0.0909090909090909,0.8181818181818182,0.0
cosmx_bcc_xdonor_spot_0000067106,-114507.62138112496,-334.471994564729,0.625,0.0625,0.0
cosmx_bcc_xdonor_spot_0000067107,-114515.62138112496,38.18609367056514,0.8823529411764706,0.0588235294117647,0.0
cosmx_bcc_xdonor_spot_0000067108,-114498.62138112496,388.18609367056496,1.0,0.0,0.0
cosmx_bcc_xdonor_spot_0000067109,-114506.04995255354,717.3583625781282,0.9285714285714286,0.0714285714285714,0.0
cosmx_bcc_xdonor_spot_0000067110,-114516.62138112496,1107.2869340066986,0.9285714285714286,0.0714285714285714,0.0
cosmx_bcc_xdonor_spot_0000067111,-114490.44491053672,1444.6566819058582,0.9411764705882352,0.0588235294117647,0.0
cosmx_bcc_xdonor_spot_0000067112,-114508.95471445829,1803.51550543527,1.0,0.0,0.0
cosmx_bcc_xdonor_spot_0000067113,-114501.3547144583,2159.51550543527,1.0,0.0,0.0
cosmx_bcc_xdonor_spot_0000067114,-114505.62138112496,2483.21550543527,1.0,0.0,0.0
cosmx_bcc_xdonor_spot_0000067115,-114506.42138112496,2867.71550543527,0.0666666666666666,0.4666666666666667,0.4666666666666667
cosmx_bcc_xdonor_spot_0000067116,-114507.88804779162,3233.0488387686037,0.0,0.1333333333333333,0.8666666666666667
cosmx_bcc_xdonor_spot_0000067117,-114454.37203494945,3584.44757052153,0.0,0.2,0.75
cosmx_bcc_xdonor_spot_0000067118,-114434.73303360153,3931.127911469856,0.0,0.1379310344827586,0.8275862068965517
cosmx_bcc_xdonor_spot_0000067119,-114419.04768877401,4282.24213560779,0.0,0.0,0.9375
cosmx_bcc_xdonor_spot_0000067120,-114417.48720490297,4626.808667865851,0.4838709677419355,0.0,0.4838709677419355
cosmx_bcc_xdonor_spot_0000067121,-114411.49165429118,4975.3692907802,0.5517241379310345,0.0689655172413793,0.3103448275862069
cosmx_bcc_xdonor_spot_0000067122,-114434.48935544062,5352.346302274453,0.2666666666666666,0.1666666666666666,0.5333333333333333
cosmx_bcc_xdonor_spot_0000067123,-114444.2893554406,5690.3796356077855,0.9666666666666668,0.0,0.0333333333333333
cosmx_bcc_xdonor_spot_0000067124,-114427.1300058471,6063.508903900468,0.926829268292683,0.0,0.048780487804878
cosmx_bcc_xdonor_spot_0000067125,-114430.551721032,6383.421571091657,0.4516129032258064,0.1612903225806451,0.3225806451612903
cosmx_bcc_xdonor_spot_0000067126,-114436.47532035295,6712.784898765683,0.0,0.3157894736842105,0.6842105263157895
cosmx_bcc_xdonor_spot_0000067297,-114107.88243430469,-38456.3788554573,0.5,0.1666666666666666,0.1666666666666666
cosmx_bcc_xdonor_spot_0000067298,-114130.09076763803,-38126.3788554573,1.0,0.0,0.0
cosmx_bcc_xdonor_spot_0000067299,-114076.5778366035,-37838.10299338833,1.0,0.0,0.0
cosmx_bcc_xdonor_spot_0000067300,-114070.59812057922,-37490.79062016318,0.9411764705882352,0.0,0.0
cosmx_bcc_xdonor_spot_0000067301,-114115.41141981192,-37116.98755110947,1.0,0.0,0.0
cosmx_bcc_xdonor_spot_0000067302,-114161.51707528632,-36831.890812066464,0.8333333333333334,0.1666666666666666,0.0
cosmx_bcc_xdonor_spot_0000067303,-114027.84696331028,-36467.14199801207,0.1818181818181818,0.6363636363636364,0.0909090909090909
cosmx_bcc_xdonor_spot_0000067304,-114099.90916426724,-36042.467356863744,1.0,0.0,0.0
cosmx_bcc_xdonor_spot_0000067305,-114101.61969058306,-35748.49164836172,1.0,0.0,0.0
cosmx_bcc_xdonor_spot_0000067307,-114060.66135724972,-34961.24805861813,1.0,0.0,0.0
cosmx_bcc_xdonor_spot_0000067308,-114073.85498470071,-34645.06178410833,1.0,0.0,0.0
cosmx_bcc_xdonor_spot_0000067309,-114114.74469058299,-34364.7897252848,0.75,0.25,0.0
cosmx_bcc_xdonor_spot_0000067310,-114138.93219058303,-33918.7272252848,1.0,0.0,0.0
cosmx_bcc_xdonor_spot_0000067311,-114121.78635724972,-33584.74805861813,0.9047619047619048,0.0,0.0
cosmx_bcc_xdonor_spot_0000067312,-114125.01442742515,-33245.046304232164,0.7894736842105263,0.1052631578947368,0.0
cosmx_bcc_xdonor_spot_0000067313,-114071.69111915445,-32920.62901099908,0.3571428571428571,0.3571428571428571,0.0
cosmx_bcc_xdonor_spot_0000067314,-114084.3419128052,-32628.414725284798,0.0,0.4444444444444444,0.2222222222222222
cosmx_bcc_xdonor_spot_0000067326,-113981.05093726143,-28218.418781213164,0.0,0.1111111111111111,0.0
cosmx_bcc_xdonor_spot_0000067327,-114129.89448781674,-27906.379623919915,0.0666666666666666,0.6,0.2666666666666666
cosmx_bcc_xdonor_spot_0000067328,-114072.16593712712,-27548.80611623346,0.1333333333333333,0.5333333333333333,0.1333333333333333
cosmx_bcc_xdonor_spot_0000067329,-114069.13194129795,-27208.562157264125,0.0952380952380952,0.2857142857142857,0.2857142857142857
cosmx_bcc_xdonor_spot_0000067330,-114078.03499511567,-26876.05269572356,0.0833333333333333,0.4166666666666667,0.0833333333333333
cosmx_bcc_xdonor_spot_0000067331,-114060.03499511565,-26520.830473501344,0.0,0.3333333333333333,0.5555555555555556
cosmx_bcc_xdonor_spot_0000067332,-114071.94867263,-26182.161138027597,0.0,0.5,0.375
cosmx_bcc_xdonor_spot_0000067333,-114132.09329215581,-25837.506334174865,0.0,0.55,0.4
cosmx_bcc_xdonor_spot_0000067334,-114069.69739156471,-25479.171899015037,0.2857142857142857,0.5714285714285714,0.1428571428571428
cosmx_bcc_xdonor_spot_0000067335,-114206.064705173,-25044.986464939695,1.0,0.0,0.0
cosmx_bcc_xdonor_spot_0000067336,-114091.0168791386,-24732.68620341003,1.0,0.0,0.0
cosmx_bcc_xdonor_spot_0000067337,-114114.43039516552,-24401.75597330282,1.0,0.0,0.0
cosmx_bcc_xdonor_spot_0000067338,-114141.24526072857,-24151.04202049525,1.0,0.0,0.0
cosmx_bcc_xdonor_spot_0000067396,-113997.88159712902,-3458.24862473724,0.25,0.125,0.0
cosmx_bcc_xdonor_spot_0000067397,-114036.08993046235,-3189.3319580705684,0.25,0.0833333333333333,0.0
cosmx_bcc_xdonor_spot_0000067399,-114113.85659712902,-2406.348624737235,0.8,0.0,0.0
cosmx_bcc_xdonor_spot_0000067401,-114084.10275097516,-1683.2486247372362,0.9230769230769232,0.0,0.0
cosmx_bcc_xdonor_spot_0000067402,-114105.50659712902,-1387.24862473724,1.0,0.0,0.0
cosmx_bcc_xdonor_spot_0000067403,-114054.43841531083,-1006.8849883735992,0.7272727272727273,0.0,0.0
cosmx_bcc_xdonor_spot_0000067416,-114118.83935544065,3692.92963560779,0.0,0.0,0.75
cosmx_bcc_xdonor_spot_0000067417,-114051.222688774,3956.579635607789,0.0,0.25,0.75
cosmx_bcc_xdonor_spot_0000067418,-114076.75602210728,4297.21296894112,0.0333333333333333,0.4333333333333333,0.4666666666666667
cosmx_bcc_xdonor_spot_0000067419,-114083.00333393522,4642.034474317464,0.4193548387096774,0.1935483870967742,0.3870967741935484
cosmx_bcc_xdonor_spot_0000067420,-114077.00333393522,4970.873183994882,0.4193548387096774,0.0967741935483871,0.4838709677419355
cosmx_bcc_xdonor_spot_0000067421,-114037.79305914433,5342.642598570749,1.0,0.0,0.0
cosmx_bcc_xdonor_spot_0000067422,-114082.61623716104,5687.22802270456,1.0,0.0,0.0
cosmx_bcc_xdonor_spot_0000067423,-114104.92268877395,6044.3224927506435,0.5357142857142857,0.0357142857142857,0.4285714285714285
cosmx_bcc_xdonor_spot_0000067424,-114115.92268877398,6442.861453789606,0.0,0.1818181818181818,0.7272727272727273
cosmx_bcc_xdonor_spot_0000067425,-114074.01528136655,6760.124080052231,0.037037037037037,0.4814814814814814,0.1481481481481481
cosmx_bcc_xdonor_spot_0000067426,-114052.972688774,7118.9296356077875,0.9,0.0,0.0
cosmx_bcc_xdonor_spot_0000067427,-114162.12268877398,7415.179635607788,1.0,0.0,0.0
cosmx_bcc_xdonor_spot_0000067596,-113741.04910097136,-38581.8788554573,0.3333333333333333,0.5,0.0
cosmx_bcc_xdonor_spot_0000067598,-113779.11576763804,-37822.3788554573,0.7333333333333333,0.2666666666666666,0.0
cosmx_bcc_xdonor_spot_0000067599,-113783.78719620947,-37427.8788554573,0.8571428571428571,0.1428571428571428,0.0
cosmx_bcc_xdonor_spot_0000067600,-113789.51576763803,-37184.7788554573,0.9,0.0,0.1
cosmx_bcc_xdonor_spot_0000067601,-113715.99513383159,-36740.02694055575,1.0,0.0,0.0
cosmx_bcc_xdonor_spot_0000067602,-113668.68219058303,-36480.5397252848,0.8125,0.125,0.0
cosmx_bcc_xdonor_spot_0000067603,-113688.2308016941,-36032.97028084035,0.3333333333333333,0.5555555555555556,0.1111111111111111
cosmx_bcc_xdonor_spot_0000067604,-113677.78635724966,-35713.08139195146,0.1666666666666666,0.6666666666666666,0.1666666666666666
cosmx_bcc_xdonor_spot_0000067605,-113714.71969058299,-35410.8147252848,0.0,0.8,0.0
cosmx_bcc_xdonor_spot_0000067606,-113746.86969058306,-34978.271868141936,1.0,0.0,0.0
cosmx_bcc_xdonor_spot_0000067607,-113715.08743251854,-34649.76956399447,1.0,0.0,0.0
cosmx_bcc_xdonor_spot_0000067608,-113767.319690583,-34322.614725284795,0.4,0.6,0.0
cosmx_bcc_xdonor_spot_0000067609,-113772.83397629728,-33932.70043957051,0.2857142857142857,0.4285714285714285,0.0
cosmx_bcc_xdonor_spot_0000067611,-113730.119690583,-33229.323816193886,0.0,0.5454545454545454,0.1818181818181818
cosmx_bcc_xdonor_spot_0000067612,-113729.27353673686,-32927.49164836172,0.0,0.3846153846153846,0.0769230769230769
cosmx_bcc_xdonor_spot_0000067613,-113717.119690583,-32631.614725284802,0.0,0.6,0.2
cosmx_bcc_xdonor_spot_0000067624,-113724.79700357243,-28656.32801443416,0.2142857142857142,0.6428571428571429,0.0714285714285714
cosmx_bcc_xdonor_spot_0000067625,-113724.80890833434,-28278.518490624632,0.1666666666666666,0.3333333333333333,0.0
cosmx_bcc_xdonor_spot_0000067626,-113695.025575001,-27880.4851572913,0.1,0.6,0.1
cosmx_bcc_xdonor_spot_0000067627,-113711.39224166767,-27591.2851572913,0.0666666666666666,0.3333333333333333,0.0666666666666666
cosmx_bcc_xdonor_spot_0000067628,-113710.91076018618,-27208.98145358761,0.1111111111111111,0.5555555555555556,0.1481481481481481
cosmx_bcc_xdonor_spot_0000067629,-113718.39224166767,-26876.06015729131,0.0833333333333333,0.3333333333333333,0.125
cosmx_bcc_xdonor_spot_0000067630,-113715.11446388988,-26530.518490624632,0.1111111111111111,0.2222222222222222,0.4444444444444444
cosmx_bcc_xdonor_spot_0000067631,-113717.100575001,-26137.591407291322,0.0,0.375,0.25
cosmx_bcc_xdonor_spot_0000067632,-113698.99830227373,-25823.45788456403,0.0,0.5909090909090909,0.2272727272727272
cosmx_bcc_xdonor_spot_0000067633,-113756.28113055654,-25413.129601735745,0.0,0.6666666666666666,0.2777777777777778
cosmx_bcc_xdonor_spot_0000067694,-113738.41044328285,-3822.8640093526215,0.7692307692307693,0.0,0.0
cosmx_bcc_xdonor_spot_0000067695,-113734.21114258356,-3511.612261100876,0.5454545454545454,0.0909090909090909,0.0
cosmx_bcc_xdonor_spot_0000067696,-113723.82802570044,-3183.058148546762,0.3333333333333333,0.0476190476190476,0.0
cosmx_bcc_xdonor_spot_0000067697,-113695.006597129,-2877.8319580705715,0.4166666666666667,0.0833333333333333,0.0
cosmx_bcc_xdonor_spot_0000067701,-113702.82802570044,-1411.8200533086658,0.8571428571428571,0.0,0.0
cosmx_bcc_xdonor_spot_0000067702,-113700.98386985628,-1018.6122611008731,0.9090909090909092,0.0,0.0
cosmx_bcc_xdonor_spot_0000067703,-113747.656597129,-756.6486247372352,1.0,0.0,0.0
cosmx_bcc_xdonor_spot_0000067706,-113619.67468528,506.96090191881,1.0,0.0,0.0
cosmx_bcc_xdonor_spot_0000067707,-113635.01218528,724.27340191881,1.0,0.0,0.0
cosmx_bcc_xdonor_spot_0000067708,-113628.9837761891,1100.5972655551736,0.8181818181818182,0.1818181818181818,0.0
cosmx_bcc_xdonor_spot_0000067709,-113628.50325670857,1472.8180447759528,0.1428571428571428,0.7142857142857143,0.1428571428571428
cosmx_bcc_xdonor_spot_0000067710,-113636.69006989538,1801.8070557649637,0.0,0.6923076923076923,0.3076923076923077
cosmx_bcc_xdonor_spot_0000067711,-113636.69968528,2154.83590191881,0.0,0.0,1.0
cosmx_bcc_xdonor_spot_0000067712,-113609.17468528,2501.56090191881,0.0,0.1,0.9
cosmx_bcc_xdonor_spot_0000067713,-113617.62013982545,2860.779083736992,0.0,0.0909090909090909,0.9090909090909092
cosmx_bcc_xdonor_spot_0000067714,-113612.40801861332,3161.96090191881,0.0,0.1111111111111111,0.7777777777777778
cosmx_bcc_xdonor_spot_0000067715,-113627.51912972443,3545.738679696588,0.2222222222222222,0.2222222222222222,0.5555555555555556
cosmx_bcc_xdonor_spot_0000067716,-113614.67468528,3932.5609019188096,0.8,0.1,0.0
cosmx_bcc_xdonor_spot_0000067717,-113629.64611385143,4303.960901918808,1.0,0.0,0.0
cosmx_bcc_xdonor_spot_0000067718,-113646.19968528,4575.96090191881,0.875,0.0,0.0
cosmx_bcc_xdonor_spot_0000067900,-113416.91969058299,-36679.71472528479,0.8,0.1,0.0
cosmx_bcc_xdonor_spot_0000067901,-113397.88159534495,-36431.509963380035,0.8095238095238095,0.0952380952380952,0.0
cosmx_bcc_xdonor_spot_0000067902,-113366.81969058304,-36089.7647252848,0.0,0.65,0.25
cosmx_bcc_xdonor_spot_0000067903,-113325.41969058305,-35750.21472528479,0.05,0.75,0.1
cosmx_bcc_xdonor_spot_0000067905,-113368.11969058299,-34977.12901099908,0.5714285714285714,0.4285714285714285,0.0
cosmx_bcc_xdonor_spot_0000067906,-113449.00857947188,-34679.52583639591,0.6666666666666666,0.1111111111111111,0.0
cosmx_bcc_xdonor_spot_0000067908,-113321.38635724969,-33938.48139195146,0.0,0.4666666666666667,0.2
cosmx_bcc_xdonor_spot_0000067910,-113420.54826201157,-33303.4147252848,0.1428571428571428,0.2857142857142857,0.2857142857142857
cosmx_bcc_xdonor_spot_0000067912,-113328.61969058299,-32637.581391951466,0.3333333333333333,0.0,0.1666666666666666
cosmx_bcc_xdonor_spot_0000067923,-113420.08921136464,-28569.048793654936,0.0,0.6363636363636364,0.0
cosmx_bcc_xdonor_spot_0000067924,-113382.96086911864,-28305.39103964424,0.0588235294117647,0.8235294117647058,0.0588235294117647
cosmx_bcc_xdonor_spot_0000067925,-113338.975575001,-27952.9351572913,0.0625,0.5,0.25
cosmx_bcc_xdonor_spot_0000067926,-113382.7843985304,-27592.09692199718,0.0588235294117647,0.2941176470588235,0.1764705882352941
cosmx_bcc_xdonor_spot_0000067927,-113371.2907923923,-27199.206896421743,0.0869565217391304,0.5217391304347826,0.1304347826086956
cosmx_bcc_xdonor_spot_0000067928,-113367.64224166767,-26861.226823957975,0.2083333333333333,0.5,0.125
cosmx_bcc_xdonor_spot_0000067929,-113363.49830227373,-26520.866975473124,0.0454545454545454,0.5909090909090909,0.2272727272727272
cosmx_bcc_xdonor_spot_0000067930,-113404.44779722321,-26167.29626840241,0.1111111111111111,0.4444444444444444,0.2222222222222222
cosmx_bcc_xdonor_spot_0000067931,-113378.54375681918,-25804.048793654943,0.0454545454545454,0.4090909090909091,0.5454545454545454
cosmx_bcc_xdonor_spot_0000067932,-113414.600575001,-25389.9351572913,0.0,0.75,0.25
cosmx_bcc_xdonor_spot_0000067933,-113351.850575001,-25115.8101572913,0.0,0.875,0.125
cosmx_bcc_xdonor_spot_0000067992,-113463.92326379567,-4296.24862473724,0.8333333333333334,0.0,0.0
cosmx_bcc_xdonor_spot_0000067993,-113399.79505866746,-3836.940932429548,0.7692307692307693,0.0,0.0
cosmx_bcc_xdonor_spot_0000067994,-113369.25659712903,-3505.6652914039046,0.5833333333333334,0.0416666666666666,0.0
cosmx_bcc_xdonor_spot_0000067995,-113370.81215268454,-3143.859735848349,0.3888888888888889,0.0555555555555555,0.0
cosmx_bcc_xdonor_spot_0000067996,-113351.21956009201,-2832.2856617742764,0.7407407407407407,0.074074074074074,0.0
cosmx_bcc_xdonor_spot_0000068000,-113456.756597129,-1312.0819580705718,0.8333333333333334,0.0,0.0
cosmx_bcc_xdonor_spot_0000068001,-113371.04231141471,-1006.6771961658069,0.7142857142857143,0.0,0.0
cosmx_bcc_xdonor_spot_0000068005,-113380.57468528001,501.36090191881004,0.8,0.1,0.0
cosmx_bcc_xdonor_spot_0000068006,-113392.6833809322,736.7869888753318,0.5217391304347826,0.3478260869565217,0.0
cosmx_bcc_xdonor_spot_0000068007,-113358.5508757562,1082.3894733473815,0.0,0.6666666666666666,0.2857142857142857
cosmx_bcc_xdonor_spot_0000068008,-113384.92468528,1435.56090191881,0.0,0.7,0.3
cosmx_bcc_xdonor_spot_0000068009,-113353.17994843789,1796.2240598135468,0.0,0.1578947368421052,0.8421052631578947
cosmx_bcc_xdonor_spot_0000068010,-113441.54527351528,2134.019725448222,0.0,0.0,1.0
cosmx_bcc_xdonor_spot_0000068012,-113416.07468528,2900.9609019188088,0.0,0.2105263157894736,0.7894736842105263
cosmx_bcc_xdonor_spot_0000068013,-113336.40801861337,3225.502568585475,0.0,0.2916666666666667,0.6666666666666666
cosmx_bcc_xdonor_spot_0000068014,-113347.89611385149,3555.175187633093,0.0,0.2857142857142857,0.6428571428571429
cosmx_bcc_xdonor_spot_0000068015,-113367.07468528002,3953.0043801796774,0.7391304347826086,0.0,0.1739130434782608
cosmx_bcc_xdonor_spot_0000068016,-113369.28301861337,4270.210901918807,0.875,0.0,0.125
cosmx_bcc_xdonor_spot_0000068017,-113368.53622374154,4556.960901918808,0.4615384615384615,0.4615384615384615,0.0769230769230769
cosmx_bcc_xdonor_spot_0000068200,-113065.71969058299,-36343.4147252848,0.2,0.8,0.0
cosmx_bcc_xdonor_spot_0000068201,-113045.39241785574,-35979.14199801207,0.0,0.3636363636363636,0.4545454545454545
cosmx_bcc_xdonor_spot_0000068202,-113039.95302391639,-35730.20639195146,0.0,0.3333333333333333,0.4166666666666667
cosmx_bcc_xdonor_spot_0000068203,-113040.95302391637,-35354.80361417369,0.0555555555555555,0.3333333333333333,0.0
cosmx_bcc_xdonor_spot_0000068204,-112977.71969058299,-35052.9147252848,0.0,0.6,0.0
cosmx_bcc_xdonor_spot_0000068205,-113089.54826201157,-34627.986153856225,0.0,0.2857142857142857,0.1428571428571428
cosmx_bcc_xdonor_spot_0000068206,-113002.11969058301,-34303.74805861813,0.4166666666666667,0.0833333333333333,0.1666666666666666
cosmx_bcc_xdonor_spot_0000068207,-113054.11969058301,-34007.84329671336,0.0,0.2142857142857142,0.0714285714285714
cosmx_bcc_xdonor_spot_0000068222,-113010.92557500099,-28647.618490624634,0.1333333333333333,0.4,0.0666666666666666
cosmx_bcc_xdonor_spot_0000068223,-113021.66675147158,-28259.332216114828,0.0588235294117647,0.8235294117647058,0.0588235294117647
cosmx_bcc_xdonor_spot_0000068224,-113022.26724166767,-27913.768490624643,0.0416666666666666,0.125,0.2083333333333333
cosmx_bcc_xdonor_spot_0000068225,-113000.92557500099,-27570.68515729131,0.2,0.08,0.2
cosmx_bcc_xdonor_spot_0000068226,-113012.76724166767,-27226.393490624643,0.0416666666666666,0.375,0.25
cosmx_bcc_xdonor_spot_0000068227,-113020.65414642957,-26857.6494430056,0.0357142857142857,0.6785714285714286,0.0
cosmx_bcc_xdonor_spot_0000068228,-113038.14224166767,-26499.768490624643,0.0,0.4583333333333333,0.0416666666666666
cosmx_bcc_xdonor_spot_0000068229,-113011.225575001,-26194.1851572913,0.0,0.4375,0.3125
cosmx_bcc_xdonor_spot_0000068230,-113061.05890833432,-25842.351823957968,0.1333333333333333,0.4,0.3333333333333333
cosmx_bcc_xdonor_spot_0000068231,-113004.725575001,-25492.351823957968,0.0,0.7777777777777778,0.2222222222222222
cosmx_bcc_xdonor_spot_0000068232,-113015.125575001,-25086.4851572913,0.0,0.6,0.4
cosmx_bcc_xdonor_spot_0000068292,-113114.456597129,-3822.0486247372355,0.4,0.2,0.0
cosmx_bcc_xdonor_spot_0000068293,-113055.36770824013,-3512.359735848349,1.0,0.0,0.0
cosmx_bcc_xdonor_spot_0000068294,-113013.87198174439,-3138.0947785833905,0.9230769230769232,0.0,0.0
cosmx_bcc_xdonor_spot_0000068295,-113028.92326379564,-2791.304180292792,0.8333333333333334,0.0,0.0
cosmx_bcc_xdonor_spot_0000068296,-113074.35659712902,-2501.5486247372387,0.7,0.1,0.0
cosmx_bcc_xdonor_spot_0000068300,-113148.056597129,-998.248624737236,1.0,0.0,0.0
cosmx_bcc_xdonor_spot_0000068304,-112994.67468528,507.96090191881,1.0,0.0,0.0
cosmx_bcc_xdonor_spot_0000068305,-113036.13024083554,695.2386796965878,0.7777777777777778,0.1666666666666666,0.0
cosmx_bcc_xdonor_spot_0000068306,-113043.63990267133,1082.7000323535926,0.0,0.4782608695652174,0.3478260869565217
cosmx_bcc_xdonor_spot_0000068307,-113026.55616676154,1446.6275685854762,0.0,0.5185185185185185,0.4814814814814814
cosmx_bcc_xdonor_spot_0000068308,-112978.25650346182,1772.051811009719,0.0,0.0,1.0
cosmx_bcc_xdonor_spot_0000068311,-113002.40801861332,2908.0275685854763,0.0,0.0,1.0
cosmx_bcc_xdonor_spot_0000068312,-113013.62013982548,3232.2790837369903,0.0,0.3636363636363636,0.6363636363636364
cosmx_bcc_xdonor_spot_0000068313,-112995.67468528004,3587.040901918808,0.0,0.24,0.64
cosmx_bcc_xdonor_spot_0000068314,-113044.30195800729,3925.1881746460804,0.5909090909090909,0.1363636363636363,0.2272727272727272
cosmx_bcc_xdonor_spot_0000068315,-113035.74135194666,4238.827568585475,0.8666666666666667,0.1333333333333333,0.0
cosmx_bcc_xdonor_spot_0000068316,-112988.51218528,4578.710901918808,0.375,0.375,0.1875
cosmx_bcc_xdonor_spot_0000068500,-112683.4054048687,-36016.12901099908,0.0,0.5714285714285714,0.1428571428571428
cosmx_bcc_xdonor_spot_0000068501,-112691.76254772588,-35712.9147252848,0.1428571428571428,0.6428571428571429,0.0
cosmx_bcc_xdonor_spot_0000068502,-112677.28635724966,-35354.74805861813,0.1666666666666666,0.5,0.0
cosmx_bcc_xdonor_spot_0000068503,-112609.8339762973,-34969.4147252848,0.0714285714285714,0.6428571428571429,0.0
cosmx_bcc_xdonor_spot_0000068504,-112611.49469058303,-34628.9147252848,0.0625,0.1875,0.3125
cosmx_bcc_xdonor_spot_0000068505,-112661.619690583,-34305.5147252848,0.1,0.3,0.2
cosmx_bcc_xdonor_spot_0000068506,-112595.78635724967,-33874.83139195146,0.0,0.0833333333333333,0.0
cosmx_bcc_xdonor_spot_0000068507,-112716.64910234774,-33603.12060763774,0.0588235294117647,0.0588235294117647,0.4117647058823529
cosmx_bcc_xdonor_spot_0000068508,-112667.61969058299,-33220.9147252848,0.0,0.3333333333333333,0.0
cosmx_bcc_xdonor_spot_0000068509,-112637.49469058299,-32869.1647252848,0.0,0.0,0.125
cosmx_bcc_xdonor_spot_0000068521,-112665.15414642957,-28599.399443005586,0.0,0.7142857142857143,0.1428571428571428
cosmx_bcc_xdonor_spot_0000068522,-112669.14224166767,-28298.018490624632,0.1666666666666666,0.25,0.3333333333333333
cosmx_bcc_xdonor_spot_0000068523,-112652.225575001,-27903.6226572913,0.0625,0.625,0.125
cosmx_bcc_xdonor_spot_0000068524,-112677.36843214385,-27578.970871577032,0.1428571428571428,0.1071428571428571,0.1428571428571428
cosmx_bcc_xdonor_spot_0000068525,-112663.40739318282,-27217.866975473124,0.0454545454545454,0.1818181818181818,0.3636363636363636
cosmx_bcc_xdonor_spot_0000068526,-112665.92557500099,-26841.48515729132,0.2,0.2333333333333333,0.1333333333333333
cosmx_bcc_xdonor_spot_0000068527,-112669.975575001,-26536.226823957975,0.0416666666666666,0.1666666666666666,0.4583333333333333
cosmx_bcc_xdonor_spot_0000068528,-112670.30452236942,-26180.89568360709,0.2105263157894736,0.3157894736842105,0.3684210526315789
cosmx_bcc_xdonor_spot_0000068529,-112674.86843214385,-25813.82801443416,0.1428571428571428,0.7142857142857143,0.0
cosmx_bcc_xdonor_spot_0000068530,-112675.825575001,-25466.7351572913,0.0,0.55,0.4
cosmx_bcc_xdonor_spot_0000068590,-112619.08993046235,-4137.915291403907,0.6666666666666666,0.0,0.0
cosmx_bcc_xdonor_spot_0000068591,-112613.11373998616,-3903.2486247372385,0.7142857142857143,0.0,0.0
cosmx_bcc_xdonor_spot_0000068597,-112683.36770824013,-1723.581958070571,0.6666666666666666,0.0,0.0
cosmx_bcc_xdonor_spot_0000068598,-112685.506597129,-1409.4152914039068,0.9166666666666666,0.0,0.0
cosmx_bcc_xdonor_spot_0000068599,-112656.08993046235,-1123.58195807057,0.8333333333333334,0.0,0.0
cosmx_bcc_xdonor_spot_0000068603,-112704.07468528,490.3894733473815,1.0,0.0,0.0
cosmx_bcc_xdonor_spot_0000068604,-112655.07468528005,736.1090500669582,1.0,0.0,0.0
cosmx_bcc_xdonor_spot_0000068605,-112763.82468528,1132.08590191881,0.0,0.0,0.75
cosmx_bcc_xdonor_spot_0000068606,-112700.71104891636,1519.051811009719,0.0,0.0909090909090909,0.9090909090909092
cosmx_bcc_xdonor_spot_0000068607,-112613.14135194666,1766.96090191881,0.0,0.0,1.0
cosmx_bcc_xdonor_spot_0000068609,-112630.3823775877,2590.9609019188097,0.0,0.0769230769230769,0.9230769230769232
cosmx_bcc_xdonor_spot_0000068610,-112648.1181635409,2847.395684527504,0.0,0.0434782608695652,0.9130434782608696
cosmx_bcc_xdonor_spot_0000068611,-112655.7988232111,3203.616074332601,0.0,0.1724137931034483,0.8275862068965517
cosmx_bcc_xdonor_spot_0000068612,-112658.81152738526,3514.8030071819667,0.0,0.3684210526315789,0.631578947368421
cosmx_bcc_xdonor_spot_0000068613,-112672.75650346185,3934.3245382824443,0.0,0.2272727272727272,0.5
cosmx_bcc_xdonor_spot_0000068614,-112670.54135194674,4263.027568585474,0.0,0.5,0.3333333333333333
cosmx_bcc_xdonor_spot_0000068615,-112682.39047475367,4544.645112445124,0.0,0.2105263157894736,0.5789473684210527
cosmx_bcc_xdonor_spot_0000068800,-112390.78635724966,-35682.9147252848,0.0,0.6666666666666666,0.0
cosmx_bcc_xdonor_spot_0000068801,-112330.61969058303,-35376.9147252848,0.125,0.4375,0.0
cosmx_bcc_xdonor_spot_0000068802,-112299.75969058304,-35012.53472528479,0.12,0.24,0.08
cosmx_bcc_xdonor_spot_0000068803,-112326.43548005672,-34654.99367265322,0.0526315789473684,0.2631578947368421,0.2105263157894736
cosmx_bcc_xdonor_spot_0000068804,-112325.97683344019,-34328.79567766575,0.1428571428571428,0.0,0.1428571428571428
cosmx_bcc_xdonor_spot_0000068805,-112361.56413502742,-33973.08139195146,0.0,0.5555555555555556,0.0
cosmx_bcc_xdonor_spot_0000068806,-112360.11969058299,-33533.55758242765,0.2857142857142857,0.0,0.0
cosmx_bcc_xdonor_spot_0000068820,-112273.05890833432,-28592.351823957968,0.1111111111111111,0.3333333333333333,0.0
cosmx_bcc_xdonor_spot_0000068821,-112357.725575001,-28255.6851572913,0.0,0.375,0.125
cosmx_bcc_xdonor_spot_0000068822,-112310.59514021839,-27898.989505117395,0.1304347826086956,0.4782608695652174,0.0434782608695652
cosmx_bcc_xdonor_spot_0000068823,-112313.95284772827,-27563.321520927668,0.1818181818181818,0.0454545454545454,0.2272727272727272
cosmx_bcc_xdonor_spot_0000068824,-112287.605575001,-27216.085157291312,0.0,0.32,0.24
cosmx_bcc_xdonor_spot_0000068825,-112293.39224166767,-26872.018490624647,0.037037037037037,0.2592592592592592,0.2962962962962963
cosmx_bcc_xdonor_spot_0000068826,-112274.82081309624,-26515.87563348178,0.0952380952380952,0.1904761904761904,0.3333333333333333
cosmx_bcc_xdonor_spot_0000068827,-112298.25189079047,-26186.737788870247,0.0,0.7368421052631579,0.1578947368421052
cosmx_bcc_xdonor_spot_0000068828,-112342.08921136464,-25849.77606638221,0.0909090909090909,0.4545454545454545,0.3636363636363636
cosmx_bcc_xdonor_spot_0000068829,-112301.28113055654,-25485.907379513523,0.0,0.6666666666666666,0.3333333333333333
cosmx_bcc_xdonor_spot_0000068830,-112305.72557500101,-25076.7851572913,0.0,0.5,0.5
cosmx_bcc_xdonor_spot_0000068831,-112317.86843214385,-24848.256585862728,0.1428571428571428,0.1428571428571428,0.4285714285714285
cosmx_bcc_xdonor_spot_0000068902,-112258.07468528001,507.36090191881004,0.6,0.2,0.0
cosmx_bcc_xdonor_spot_0000068903,-112343.34135194666,757.4275685854767,0.7333333333333333,0.0666666666666666,0.2
cosmx_bcc_xdonor_spot_0000068904,-112293.21754242285,1118.1037590616672,0.7142857142857143,0.0,0.2857142857142857
cosmx_bcc_xdonor_spot_0000068905,-112331.3603995657,1437.8180447759528,0.2142857142857142,0.0,0.7857142857142857
cosmx_bcc_xdonor_spot_0000068906,-112309.62468528,1787.9109019188097,0.5,0.1,0.4
cosmx_bcc_xdonor_spot_0000068907,-112289.31278051811,2145.722806680714,0.5238095238095238,0.0476190476190476,0.3333333333333333
cosmx_bcc_xdonor_spot_0000068908,-112310.96754242292,2494.5323304902367,0.5714285714285714,0.1428571428571428,0.25
cosmx_bcc_xdonor_spot_0000068909,-112320.25115586832,2871.2550195658664,0.6764705882352942,0.088235294117647,0.2352941176470588
cosmx_bcc_xdonor_spot_0000068910,-112325.31468528004,3209.680901918808,0.48,0.2,0.12
cosmx_bcc_xdonor_spot_0000068911,-112309.98377618911,3585.5972655551714,0.0454545454545454,0.3181818181818182,0.2272727272727272
cosmx_bcc_xdonor_spot_0000068912,-112315.03622374158,3917.6532096111155,0.0384615384615384,0.2692307692307692,0.3461538461538461
cosmx_bcc_xdonor_spot_0000068913,-112328.53301861337,4290.460901918807,0.0,0.3333333333333333,0.5833333333333334
cosmx_bcc_xdonor_spot_0000068914,-112346.64611385143,4590.389473347382,0.4285714285714285,0.1428571428571428,0.2857142857142857
cosmx_bcc_xdonor_spot_0000069101,-112095.91969058299,-34950.4147252848,0.0,0.4,0.6
cosmx_bcc_xdonor_spot_0000069102,-112092.61969058299,-34639.7897252848,0.0,0.0,0.375
cosmx_bcc_xdonor_spot_0000069119,-111968.475575001,-28638.8101572913,0.25,0.5,0.0
cosmx_bcc_xdonor_spot_0000069120,-111926.225575001,-28236.8101572913,0.375,0.25,0.0
cosmx_bcc_xdonor_spot_0000069121,-111925.66675147158,-27886.626333761888,0.1176470588235294,0.1176470588235294,0.3529411764705882
cosmx_bcc_xdonor_spot_0000069122,-111964.506825001,-27571.028907291322,0.125,0.125,0.21875
cosmx_bcc_xdonor_spot_0000069123,-111933.82902327686,-27221.27136418787,0.0689655172413793,0.1034482758620689,0.2068965517241379
cosmx_bcc_xdonor_spot_0000069124,-111926.36193863736,-26861.503339109488,0.0,0.2272727272727272,0.4090909090909091
cosmx_bcc_xdonor_spot_0000069125,-111955.50335277877,-26477.425898032056,0.0,0.4074074074074074,0.4444444444444444
cosmx_bcc_xdonor_spot_0000069126,-111943.22557500101,-26161.7851572913,0.0,0.4,0.3
cosmx_bcc_xdonor_spot_0000069127,-111948.038075001,-25809.6851572913,0.0625,0.75,0.0625
cosmx_bcc_xdonor_spot_0000069128,-111954.50335277877,-25476.907379513523,0.0,0.6666666666666666,0.2222222222222222
cosmx_bcc_xdonor_spot_0000069129,-111962.038075001,-25038.8101572913,0.0625,0.625,0.3125
cosmx_bcc_xdonor_spot_0000069130,-111922.55890833434,-24860.518490624632,0.0,0.3333333333333333,0.5
cosmx_bcc_xdonor_spot_0000069196,-112043.92326379567,-1376.7486247372383,1.0,0.0,0.0
cosmx_bcc_xdonor_spot_0000069201,-111992.67468528,498.86090191881004,1.0,0.0,0.0
cosmx_bcc_xdonor_spot_0000069202,-111956.90077223655,711.7435106144623,0.6086956521739131,0.3043478260869565,0.0869565217391304
cosmx_bcc_xdonor_spot_0000069203,-111947.81152738526,1102.697744024073,0.3684210526315789,0.3157894736842105,0.1052631578947368
cosmx_bcc_xdonor_spot_0000069204,-111925.9837761891,1462.5972655551736,0.6363636363636364,0.2727272727272727,0.0909090909090909
cosmx_bcc_xdonor_spot_0000069205,-111913.40801861334,1825.6275685854764,0.3333333333333333,0.5,0.1666666666666666
cosmx_bcc_xdonor_spot_0000069206,-111949.45930066462,2204.4993634572716,0.6153846153846154,0.3846153846153846,0.0
cosmx_bcc_xdonor_spot_0000069207,-111982.74135194668,2530.6275685854753,0.9047619047619048,0.0,0.0952380952380952
cosmx_bcc_xdonor_spot_0000069208,-111980.69006989544,2862.037824995731,1.0,0.0,0.0
cosmx_bcc_xdonor_spot_0000069209,-111991.87468528,3203.4109019188086,0.85,0.15,0.0
cosmx_bcc_xdonor_spot_0000069210,-111928.44135194673,3558.827568585474,0.7666666666666667,0.0666666666666666,0.0333333333333333
cosmx_bcc_xdonor_spot_0000069211,-112017.07468528,3864.7942352521422,0.0,0.1666666666666666,0.25
cosmx_bcc_xdonor_spot_0000069212,-112036.14135194666,4269.7609019188085,0.1333333333333333,0.2,0.6
cosmx_bcc_xdonor_spot_0000069213,-111901.62013982545,4576.415447373354,1.0,0.0,0.0
cosmx_bcc_xdonor_spot_0000069418,-111564.45284772827,-28629.594248200392,0.0909090909090909,0.5454545454545454,0.0
cosmx_bcc_xdonor_spot_0000069419,-111646.0112892867,-28289.399443005586,0.1428571428571428,0.4285714285714285,0.1428571428571428
cosmx_bcc_xdonor_spot_0000069420,-111593.90204558923,-27887.155745526594,0.1764705882352941,0.2941176470588235,0.2352941176470588
cosmx_bcc_xdonor_spot_0000069421,-111639.10652738195,-27575.637538243685,0.0476190476190476,0.2857142857142857,0.1904761904761904
cosmx_bcc_xdonor_spot_0000069422,-111604.87372314914,-27221.462935069092,0.074074074074074,0.2962962962962963,0.2592592592592592
cosmx_bcc_xdonor_spot_0000069423,-111620.79009113002,-26887.910963742932,0.032258064516129,0.2903225806451613,0.1935483870967742
cosmx_bcc_xdonor_spot_0000069424,-111630.42122717491,-26514.946026856524,0.0434782608695652,0.6521739130434783,0.1739130434782608
cosmx_bcc_xdonor_spot_0000069425,-111625.565575001,-26170.20515729131,0.04,0.32,0.24
cosmx_bcc_xdonor_spot_0000069426,-111602.59224166766,-25817.218490624633,0.0666666666666666,0.5333333333333333,0.0
cosmx_bcc_xdonor_spot_0000069427,-111525.15414642957,-25496.970871577014,0.0,0.7142857142857143,0.1428571428571428
cosmx_bcc_xdonor_spot_0000069428,-111595.65890833433,-25089.0851572913,0.0,0.1333333333333333,0.8
cosmx_bcc_xdonor_spot_0000069500,-111642.21754242285,500.1037590616672,0.8571428571428571,0.1428571428571428,0.0
cosmx_bcc_xdonor_spot_0000069501,-111642.62013982548,726.5972655551736,0.9090909090909092,0.0909090909090909,0.0
cosmx_bcc_xdonor_spot_0000069502,-111591.70626422735,1092.1714282345995,0.4210526315789473,0.3684210526315789,0.0
cosmx_bcc_xdonor_spot_0000069503,-111594.78056763293,1416.7256078011628,0.0588235294117647,0.5882352941176471,0.0
cosmx_bcc_xdonor_spot_0000069504,-111554.00801861333,1862.8275685854765,0.8666666666666667,0.0666666666666666,0.0
cosmx_bcc_xdonor_spot_0000069505,-111639.57468528,2175.183124141032,0.8888888888888888,0.1111111111111111,0.0
cosmx_bcc_xdonor_spot_0000069506,-111593.91468528005,2483.160901918808,1.0,0.0,0.0
cosmx_bcc_xdonor_spot_0000069507,-111547.67468528,2836.0109019188085,0.75,0.15,0.0
cosmx_bcc_xdonor_spot_0000069508,-111612.45930066466,3267.153209611116,1.0,0.0,0.0
cosmx_bcc_xdonor_spot_0000069509,-111595.0746852801,3569.9314901541015,1.0,0.0,0.0
cosmx_bcc_xdonor_spot_0000069717,-111272.475575001,-28623.601823957968,0.0833333333333333,0.4166666666666667,0.1666666666666666
cosmx_bcc_xdonor_spot_0000069718,-111213.86843214385,-28308.399443005586,0.2857142857142857,0.2857142857142857,0.2857142857142857
cosmx_bcc_xdonor_spot_0000069719,-111282.525575001,-27913.4851572913,0.2,0.0,0.0
cosmx_bcc_xdonor_spot_0000069720,-111218.93986071528,-27551.470871577014,0.1428571428571428,0.3571428571428571,0.0
cosmx_bcc_xdonor_spot_0000069721,-111276.43986071528,-27201.6851572913,0.0714285714285714,0.2857142857142857,0.5
cosmx_bcc_xdonor_spot_0000069722,-111244.625575001,-26861.0851572913,0.0,0.5,0.2
cosmx_bcc_xdonor_spot_0000069723,-111270.93986071528,-26529.1851572913,0.0,0.5714285714285714,0.2857142857142857
cosmx_bcc_xdonor_spot_0000069724,-111239.325575001,-26200.418490624634,0.0666666666666666,0.6,0.1333333333333333
cosmx_bcc_xdonor_spot_0000069725,-111249.49028088334,-25841.626333761888,0.0,0.7647058823529411,0.1176470588235294
cosmx_bcc_xdonor_spot_0000069726,-111247.89224166767,-25450.268490624632,0.0833333333333333,0.5833333333333334,0.3333333333333333
cosmx_bcc_xdonor_spot_0000069727,-111256.30452236942,-25099.527262554457,0.1578947368421052,0.2631578947368421,0.2105263157894736
cosmx_bcc_xdonor_spot_0000069785,-111284.97088284329,-4648.677196165811,1.0,0.0,0.0
cosmx_bcc_xdonor_spot_0000069799,-111265.24135194666,488.96090191881007,0.8333333333333334,0.1666666666666666,0.0
cosmx_bcc_xdonor_spot_0000069800,-111225.02706623239,744.1037590616672,0.9523809523809524,0.0476190476190476,0.0
cosmx_bcc_xdonor_spot_0000069801,-111250.32468528004,1103.71090191881,1.0,0.0,0.0
cosmx_bcc_xdonor_spot_0000069802,-111207.32468528001,1426.31090191881,0.8,0.2,0.0
cosmx_bcc_xdonor_spot_0000069803,-111281.82468528,1865.8775685854764,0.9166666666666666,0.0833333333333333,0.0
cosmx_bcc_xdonor_spot_0000069804,-111248.24859832351,2142.9174236579393,0.9565217391304348,0.0434782608695652,0.0
cosmx_bcc_xdonor_spot_0000069805,-111249.69373289906,2532.294235252142,0.9523809523809524,0.0,0.0476190476190476
cosmx_bcc_xdonor_spot_0000069806,-111262.03301861337,2855.127568585475,0.7916666666666666,0.1666666666666666,0.0
cosmx_bcc_xdonor_spot_0000069807,-111246.25650346185,3230.0972655551723,0.9090909090909092,0.0909090909090909,0.0
cosmx_bcc_xdonor_spot_0000069808,-111256.38503010766,3562.2022812291525,1.0,0.0,0.0
cosmx_bcc_xdonor_spot_0000069809,-111232.36880292714,3920.843254859984,1.0,0.0,0.0
cosmx_bcc_xdonor_spot_0000069810,-111251.07468528,4234.7386796965875,0.6666666666666666,0.3333333333333333,0.0
cosmx_bcc_xdonor_spot_0000069811,-111237.57468528,4602.794235252143,0.1666666666666666,0.6666666666666666,0.1666666666666666
cosmx_bcc_xdonor_spot_0000070016,-110910.163075001,-28624.3726572913,0.375,0.3125,0.0625
cosmx_bcc_xdonor_spot_0000070017,-110881.11019038562,-28253.531311137453,0.0769230769230769,0.3076923076923077,0.0769230769230769
cosmx_bcc_xdonor_spot_0000070018,-110856.29700357243,-27953.970871577014,0.1428571428571428,0.5714285714285714,0.0
cosmx_bcc_xdonor_spot_0000070019,-110874.26403653946,-27561.91592652207,0.0769230769230769,0.5384615384615384,0.0
cosmx_bcc_xdonor_spot_0000070020,-110908.36193863736,-27202.230611836756,0.1818181818181818,0.3636363636363636,0.0
cosmx_bcc_xdonor_spot_0000070021,-110879.5112892867,-26851.399443005586,0.0714285714285714,0.5,0.0714285714285714
cosmx_bcc_xdonor_spot_0000070022,-110963.22557500101,-26549.7851572913,0.0,0.7,0.2
cosmx_bcc_xdonor_spot_0000070023,-110829.05890833432,-26198.129601735745,0.0,1.0,0.0
cosmx_bcc_xdonor_spot_0000070024,-110927.725575001,-25792.9351572913,0.0,0.9166666666666666,0.0833333333333333
cosmx_bcc_xdonor_spot_0000070025,-110907.18390833434,-25453.851823957975,0.0416666666666666,0.7083333333333334,0.0833333333333333
cosmx_bcc_xdonor_spot_0000070026,-110934.825575001,-25108.7851572913,0.0,0.8,0.1
cosmx_bcc_xdonor_spot_0000070084,-110911.62023349265,-4571.884988373605,0.7272727272727273,0.0,0.0
cosmx_bcc_xdonor_spot_0000070098,-110920.77468528,511.56090191881003,1.0,0.0,0.0
cosmx_bcc_xdonor_spot_0000070099,-110889.33394453932,742.9238648817729,1.0,0.0,0.0
cosmx_bcc_xdonor_spot_0000070100,-110904.99468528005,1080.28090191881,1.0,0.0,0.0
cosmx_bcc_xdonor_spot_0000070101,-110895.85729397569,1446.8304671362014,1.0,0.0,0.0
cosmx_bcc_xdonor_spot_0000070102,-110828.8641589642,1782.7503756030205,0.9473684210526316,0.0526315789473684,0.0
cosmx_bcc_xdonor_spot_0000070103,-110907.19233233882,2197.196196036457,0.6470588235294118,0.2941176470588235,0.0
cosmx_bcc_xdonor_spot_0000070104,-110882.12468528,2517.1609019188086,1.0,0.0,0.0
cosmx_bcc_xdonor_spot_0000070105,-110887.6629205741,2847.1373725070443,0.9411764705882352,0.0,0.0588235294117647
cosmx_bcc_xdonor_spot_0000070106,-110920.76218528008,3226.898401918808,0.96875,0.03125,0.0
cosmx_bcc_xdonor_spot_0000070107,-110905.61039956578,3573.4966162045216,0.9642857142857144,0.0,0.0
cosmx_bcc_xdonor_spot_0000070108,-110891.69537493524,3912.8574536429455,0.9310344827586208,0.0,0.0689655172413793
cosmx_bcc_xdonor_spot_0000070109,-110903.82468528007,4258.889473347379,0.8928571428571429,0.0,0.1071428571428571
cosmx_bcc_xdonor_spot_0000070110,-110902.74135194668,4588.579949537855,0.9047619047619048,0.0952380952380952,0.0
cosmx_bcc_xdonor_spot_0000070315,-110532.39224166767,-28680.018490624632,0.3333333333333333,0.3333333333333333,0.0
cosmx_bcc_xdonor_spot_0000070316,-110570.725575001,-28264.6226572913,0.125,0.5,0.0625
cosmx_bcc_xdonor_spot_0000070317,-110497.350575001,-27940.6226572913,0.0625,0.3125,0.0
cosmx_bcc_xdonor_spot_0000070318,-110492.29700357243,-27561.6851572913,0.0,0.7142857142857143,0.0
cosmx_bcc_xdonor_spot_0000070319,-110570.475575001,-27182.6851572913,0.125,0.5,0.125
cosmx_bcc_xdonor_spot_0000070320,-110567.475575001,-26895.6851572913,0.1666666666666666,0.4166666666666667,0.0833333333333333
cosmx_bcc_xdonor_spot_0000070321,-110538.725575001,-26517.351823957968,0.0666666666666666,0.4666666666666667,0.0666666666666666
cosmx_bcc_xdonor_spot_0000070322,-110500.79700357243,-26129.04230014844,0.1428571428571428,0.3571428571428571,0.2857142857142857
cosmx_bcc_xdonor_spot_0000070323,-110562.95284772827,-25808.094248200396,0.0,0.6818181818181818,0.1818181818181818
cosmx_bcc_xdonor_spot_0000070324,-110533.36843214385,-25441.399443005586,0.0,0.7857142857142857,0.1428571428571428
cosmx_bcc_xdonor_spot_0000070325,-110540.600575001,-25162.3101572913,0.25,0.375,0.0
cosmx_bcc_xdonor_spot_0000070397,-110576.90801861334,514.96090191881,1.0,0.0,0.0
cosmx_bcc_xdonor_spot_0000070398,-110562.90801861337,730.7942352521433,0.9166666666666666,0.0,0.0
cosmx_bcc_xdonor_spot_0000070399,-110539.53897099434,1118.1037590616672,1.0,0.0,0.0
cosmx_bcc_xdonor_spot_0000070400,-110542.47468528,1437.96090191881,1.0,0.0,0.0
cosmx_bcc_xdonor_spot_0000070401,-110511.75650346185,1796.0063564642637,1.0,0.0,0.0
cosmx_bcc_xdonor_spot_0000070402,-110552.59468528004,2157.240901918809,0.76,0.2,0.0
cosmx_bcc_xdonor_spot_0000070403,-110539.75889580631,2482.592480866177,0.6842105263157895,0.1578947368421052,0.0
cosmx_bcc_xdonor_spot_0000070404,-110529.57468528007,2861.760901918808,1.0,0.0,0.0
cosmx_bcc_xdonor_spot_0000070405,-110515.82468528004,3191.377568585475,0.625,0.3333333333333333,0.0
cosmx_bcc_xdonor_spot_0000070406,-110535.49404011879,3578.5092890155815,0.967741935483871,0.032258064516129,0.0
cosmx_bcc_xdonor_spot_0000070407,-110522.85246305788,3911.7942352521413,1.0,0.0,0.0
cosmx_bcc_xdonor_spot_0000070408,-110531.44611385152,4281.132330490238,1.0,0.0,0.0
cosmx_bcc_xdonor_spot_0000070409,-110519.38237758774,4593.230132688039,0.9615384615384616,0.0,0.0384615384615384
cosmx_bcc_xdonor_spot_0000070614,-110204.8366861121,-28597.79626840241,0.1111111111111111,0.4444444444444444,0.0
cosmx_bcc_xdonor_spot_0000070615,-110199.43986071528,-28249.256585862728,0.2857142857142857,0.2857142857142857,0.0
cosmx_bcc_xdonor_spot_0000070616,-110167.725575001,-27963.0601572913,0.0625,0.3125,0.0
cosmx_bcc_xdonor_spot_0000070617,-110166.55890833434,-27485.1851572913,0.1666666666666666,0.5,0.1666666666666666
cosmx_bcc_xdonor_spot_0000070618,-110108.6346659101,-27238.230611836756,0.0,0.8181818181818182,0.0
cosmx_bcc_xdonor_spot_0000070619,-110201.225575001,-26794.018490624632,0.0,0.3333333333333333,0.0
cosmx_bcc_xdonor_spot_0000070620,-110179.36843214385,-26531.32801443416,0.0,0.5,0.0714285714285714
cosmx_bcc_xdonor_spot_0000070621,-110179.538075001,-26120.2476572913,0.0,0.375,0.5
cosmx_bcc_xdonor_spot_0000070622,-110170.61446388988,-25819.72219432835,0.0,0.8888888888888888,0.1111111111111111
cosmx_bcc_xdonor_spot_0000070623,-110168.525575001,-25422.218490624633,0.0,0.8666666666666667,0.0666666666666666
cosmx_bcc_xdonor_spot_0000070624,-110201.225575001,-25134.32801443416,0.0,0.7857142857142857,0.2142857142857142
cosmx_bcc_xdonor_spot_0000070625,-110111.58271785814,-24738.970871577014,0.0,0.1428571428571428,0.7142857142857143
cosmx_bcc_xdonor_spot_0000070697,-110170.34135194666,786.2275685854767,0.7333333333333333,0.0,0.0
cosmx_bcc_xdonor_spot_0000070698,-110182.34741255274,1139.0972655551736,0.8636363636363636,0.0,0.1363636363636363
cosmx_bcc_xdonor_spot_0000070699,-110181.77468528008,1439.3275685854758,1.0,0.0,0.0
cosmx_bcc_xdonor_spot_0000070700,-110199.99468528005,1800.6809019188088,1.0,0.0,0.0
cosmx_bcc_xdonor_spot_0000070701,-110182.29690750228,2139.664605622512,1.0,0.0,0.0
cosmx_bcc_xdonor_spot_0000070702,-110176.72468528,2481.360901918809,0.85,0.1,0.0
cosmx_bcc_xdonor_spot_0000070703,-110203.78056763293,2877.019725448221,0.9411764705882352,0.0,0.0588235294117647
cosmx_bcc_xdonor_spot_0000070704,-110186.00946788881,3209.3739453970697,0.9347826086956522,0.0434782608695652,0.0217391304347826
cosmx_bcc_xdonor_spot_0000070705,-110224.98377618911,3614.0972655551714,0.8636363636363636,0.0909090909090909,0.0454545454545454
cosmx_bcc_xdonor_spot_0000070706,-110200.97712430448,3921.3999263090536,0.951219512195122,0.048780487804878,0.0
cosmx_bcc_xdonor_spot_0000070707,-110207.85846906388,4273.23117218908,1.0,0.0,0.0
cosmx_bcc_xdonor_spot_0000070708,-110185.28301861337,4583.044235252141,1.0,0.0,0.0
cosmx_bcc_xdonor_spot_0000070913,-109863.225575001,-28591.518490624632,0.0,0.0,0.0
cosmx_bcc_xdonor_spot_0000070914,-109885.725575001,-28286.79626840241,0.1111111111111111,0.4444444444444444,0.0
cosmx_bcc_xdonor_spot_0000070915,-109865.925575001,-27884.2851572913,0.4,0.4,0.0
cosmx_bcc_xdonor_spot_0000070916,-109874.25498676569,-27604.626333761888,0.1176470588235294,0.3529411764705882,0.0588235294117647
cosmx_bcc_xdonor_spot_0000070917,-109888.14224166767,-27250.6851572913,0.0833333333333333,0.25,0.0
cosmx_bcc_xdonor_spot_0000070918,-109850.64865192407,-26889.839003445148,0.0769230769230769,0.1538461538461538,0.0
cosmx_bcc_xdonor_spot_0000070922,-109871.038075001,-25427.5601572913,0.0625,0.5625,0.125
cosmx_bcc_xdonor_spot_0000070923,-109833.18012045555,-25137.6851572913,0.0909090909090909,0.7272727272727273,0.1818181818181818
cosmx_bcc_xdonor_spot_0000070924,-109928.925575001,-24769.8851572913,0.0,0.2,0.6
cosmx_bcc_xdonor_spot_0000070995,-109799.57468528,511.2942352521434,0.8333333333333334,0.0,0.0
cosmx_bcc_xdonor_spot_0000070996,-109813.79690750221,740.9053463632545,0.9444444444444444,0.0,0.0555555555555555
cosmx_bcc_xdonor_spot_0000070997,-109843.16559437093,1100.1427201006281,1.0,0.0,0.0
cosmx_bcc_xdonor_spot_0000070998,-109822.93182813721,1426.568044775952,1.0,0.0,0.0
cosmx_bcc_xdonor_spot_0000070999,-109831.68074588614,1787.5972655551718,1.0,0.0,0.0
cosmx_bcc_xdonor_spot_0000071000,-109842.30195800729,2168.551811009718,1.0,0.0,0.0
cosmx_bcc_xdonor_spot_0000071001,-109830.74135194674,2520.3942352521412,1.0,0.0,0.0
cosmx_bcc_xdonor_spot_0000071002,-109833.6536326484,2839.1714282345984,0.9473684210526316,0.0526315789473684,0.0
cosmx_bcc_xdonor_spot_0000071003,-109830.61754242294,3232.703759061665,1.0,0.0,0.0
cosmx_bcc_xdonor_spot_0000071004,-109854.07468528,3499.46090191881,0.375,0.625,0.0
cosmx_bcc_xdonor_spot_0000071005,-109854.77468528,3969.010901918808,0.8,0.2,0.0
cosmx_bcc_xdonor_spot_0000071006,-109849.01016915105,4275.154450305905,0.967741935483871,0.032258064516129,0.0
cosmx_bcc_xdonor_spot_0000071007,-109837.6536326484,4574.013533497756,0.8947368421052632,0.1052631578947368,0.0
cosmx_bcc_xdonor_spot_0000071294,-109567.57468528,500.71090191881007,1.0,0.0,0.0
cosmx_bcc_xdonor_spot_0000071295,-109554.3823775877,709.7301326880407,1.0,0.0,0.0
cosmx_bcc_xdonor_spot_0000071296,-109543.21754242285,1087.6751876330957,0.9285714285714286,0.0,0.0
cosmx_bcc_xdonor_spot_0000071297,-109521.82468528,1442.21090191881,0.9166666666666666,0.0833333333333333,0.0
cosmx_bcc_xdonor_spot_0000071298,-109535.85246305777,1786.6275685854766,1.0,0.0,0.0
cosmx_bcc_xdonor_spot_0000071299,-109550.47468527999,2161.0275685854767,1.0,0.0,0.0
cosmx_bcc_xdonor_spot_0000071300,-109557.9694221221,2502.381954550388,1.0,0.0,0.0
cosmx_bcc_xdonor_spot_0000071301,-109546.21754242286,2839.770425728332,1.0,0.0,0.0
cosmx_bcc_xdonor_spot_0000071302,-109544.62013982545,3191.779083736992,0.6363636363636364,0.3636363636363636,0.0
cosmx_bcc_xdonor_spot_0000071303,-109554.78897099428,3591.818044775953,0.0,0.8571428571428571,0.1428571428571428
cosmx_bcc_xdonor_spot_0000071305,-109548.07468528,4298.653209611117,0.0,0.6923076923076923,0.0769230769230769
cosmx_bcc_xdonor_spot_0000071306,-109553.67468528,4620.36090191881,0.0,1.0,0.0
